gcf_id,Category
NRPS_gcf_1,NRPS
NRPS_gcf_10,NRPS
NRPS_gcf_100,NRPS
NRPS_gcf_1000,NRPS
NRPS_gcf_1001,NRPS
NRPS_gcf_1002,NRPS
NRPS_gcf_1003,NRPS
NRPS_gcf_1004,NRPS
NRPS_gcf_1005,NRPS
NRPS_gcf_1006,NRPS
NRPS_gcf_1007,NRPS
NRPS_gcf_1008,NRPS
NRPS_gcf_1009,NRPS
NRPS_gcf_101,NRPS
NRPS_gcf_1010,NRPS
NRPS_gcf_1011,NRPS
NRPS_gcf_1012,NRPS
NRPS_gcf_1013,NRPS
NRPS_gcf_1014,NRPS
NRPS_gcf_1015,NRPS
NRPS_gcf_1016,NRPS
NRPS_gcf_1017,NRPS
NRPS_gcf_1018,NRPS
NRPS_gcf_1019,NRPS
NRPS_gcf_102,NRPS
NRPS_gcf_1020,NRPS
NRPS_gcf_1021,NRPS
NRPS_gcf_1022,NRPS
NRPS_gcf_1023,NRPS
NRPS_gcf_1024,NRPS
NRPS_gcf_1025,NRPS
NRPS_gcf_1026,NRPS
NRPS_gcf_1027,NRPS
NRPS_gcf_1028,NRPS
NRPS_gcf_1029,NRPS
NRPS_gcf_103,NRPS
NRPS_gcf_1030,NRPS
NRPS_gcf_1031,NRPS
NRPS_gcf_1032,NRPS
NRPS_gcf_1033,NRPS
NRPS_gcf_1034,NRPS
NRPS_gcf_1035,NRPS
NRPS_gcf_1036,NRPS
NRPS_gcf_1037,NRPS
NRPS_gcf_1038,NRPS
NRPS_gcf_1039,NRPS
NRPS_gcf_104,NRPS
NRPS_gcf_1040,NRPS
NRPS_gcf_1041,NRPS
NRPS_gcf_1042,NRPS
NRPS_gcf_1043,NRPS
NRPS_gcf_1044,NRPS
NRPS_gcf_1045,NRPS
NRPS_gcf_1046,NRPS
NRPS_gcf_1047,NRPS
NRPS_gcf_1048,NRPS
NRPS_gcf_1049,NRPS
NRPS_gcf_105,NRPS
NRPS_gcf_1050,NRPS
NRPS_gcf_1051,NRPS
NRPS_gcf_1052,NRPS
NRPS_gcf_1053,NRPS
NRPS_gcf_1054,NRPS
NRPS_gcf_1055,NRPS
NRPS_gcf_1056,NRPS
NRPS_gcf_1057,NRPS
NRPS_gcf_1058,NRPS
NRPS_gcf_1059,NRPS
NRPS_gcf_106,NRPS
NRPS_gcf_1060,NRPS
NRPS_gcf_1061,NRPS
NRPS_gcf_1062,NRPS
NRPS_gcf_1063,NRPS
NRPS_gcf_1064,NRPS
NRPS_gcf_1065,NRPS
NRPS_gcf_1066,NRPS
NRPS_gcf_1067,NRPS
NRPS_gcf_1068,NRPS
NRPS_gcf_1069,NRPS
NRPS_gcf_107,NRPS
NRPS_gcf_1070,NRPS
NRPS_gcf_1071,NRPS
NRPS_gcf_1072,NRPS
NRPS_gcf_1073,NRPS
NRPS_gcf_1074,NRPS
NRPS_gcf_1075,NRPS
NRPS_gcf_1076,NRPS
NRPS_gcf_1077,NRPS
NRPS_gcf_1078,NRPS
NRPS_gcf_1079,NRPS
NRPS_gcf_108,NRPS
NRPS_gcf_1080,NRPS
NRPS_gcf_1081,NRPS
NRPS_gcf_1082,NRPS
NRPS_gcf_1083,NRPS
NRPS_gcf_1084,NRPS
NRPS_gcf_1085,NRPS
NRPS_gcf_1086,NRPS
NRPS_gcf_1087,NRPS
NRPS_gcf_1088,NRPS
NRPS_gcf_1089,NRPS
NRPS_gcf_109,NRPS
NRPS_gcf_1090,NRPS
NRPS_gcf_1091,NRPS
NRPS_gcf_1092,NRPS
NRPS_gcf_1093,NRPS
NRPS_gcf_1094,NRPS
NRPS_gcf_1095,NRPS
NRPS_gcf_1096,NRPS
NRPS_gcf_1097,NRPS
NRPS_gcf_1098,NRPS
NRPS_gcf_1099,NRPS
NRPS_gcf_11,NRPS
NRPS_gcf_110,NRPS
NRPS_gcf_1100,NRPS
NRPS_gcf_1101,NRPS
NRPS_gcf_1102,NRPS
NRPS_gcf_1103,NRPS
NRPS_gcf_1104,NRPS
NRPS_gcf_1105,NRPS
NRPS_gcf_1106,NRPS
NRPS_gcf_1107,NRPS
NRPS_gcf_1108,NRPS
NRPS_gcf_1109,NRPS
NRPS_gcf_111,NRPS
NRPS_gcf_1110,NRPS
NRPS_gcf_1111,NRPS
NRPS_gcf_1112,NRPS
NRPS_gcf_1113,NRPS
NRPS_gcf_1114,NRPS
NRPS_gcf_1115,NRPS
NRPS_gcf_1116,NRPS
NRPS_gcf_1117,NRPS
NRPS_gcf_1118,NRPS
NRPS_gcf_1119,NRPS
NRPS_gcf_112,NRPS
NRPS_gcf_1120,NRPS
NRPS_gcf_1121,NRPS
NRPS_gcf_1122,NRPS
NRPS_gcf_1123,NRPS
NRPS_gcf_1124,NRPS
NRPS_gcf_1125,NRPS
NRPS_gcf_1126,NRPS
NRPS_gcf_1127,NRPS
NRPS_gcf_1128,NRPS
NRPS_gcf_1129,NRPS
NRPS_gcf_113,NRPS
NRPS_gcf_1130,NRPS
NRPS_gcf_1131,NRPS
NRPS_gcf_1132,NRPS
NRPS_gcf_1133,NRPS
NRPS_gcf_1134,NRPS
NRPS_gcf_1135,NRPS
NRPS_gcf_1136,NRPS
NRPS_gcf_1137,NRPS
NRPS_gcf_1138,NRPS
NRPS_gcf_1139,NRPS
NRPS_gcf_114,NRPS
NRPS_gcf_1140,NRPS
NRPS_gcf_1141,NRPS
NRPS_gcf_1142,NRPS
NRPS_gcf_1143,NRPS
NRPS_gcf_1144,NRPS
NRPS_gcf_1145,NRPS
NRPS_gcf_1146,NRPS
NRPS_gcf_1147,NRPS
NRPS_gcf_1148,NRPS
NRPS_gcf_1149,NRPS
NRPS_gcf_115,NRPS
NRPS_gcf_1150,NRPS
NRPS_gcf_1151,NRPS
NRPS_gcf_1152,NRPS
NRPS_gcf_1153,NRPS
NRPS_gcf_1154,NRPS
NRPS_gcf_1155,NRPS
NRPS_gcf_1156,NRPS
NRPS_gcf_1157,NRPS
NRPS_gcf_1158,NRPS
NRPS_gcf_1159,NRPS
NRPS_gcf_116,NRPS
NRPS_gcf_1160,NRPS
NRPS_gcf_1161,NRPS
NRPS_gcf_1162,NRPS
NRPS_gcf_1163,NRPS
NRPS_gcf_1164,NRPS
NRPS_gcf_1165,NRPS
NRPS_gcf_1166,NRPS
NRPS_gcf_1167,NRPS
NRPS_gcf_1168,NRPS
NRPS_gcf_1169,NRPS
NRPS_gcf_117,NRPS
NRPS_gcf_1170,NRPS
NRPS_gcf_1171,NRPS
NRPS_gcf_1172,NRPS
NRPS_gcf_1173,NRPS
NRPS_gcf_1174,NRPS
NRPS_gcf_1175,NRPS
NRPS_gcf_1176,NRPS
NRPS_gcf_1177,NRPS
NRPS_gcf_1178,NRPS
NRPS_gcf_1179,NRPS
NRPS_gcf_118,NRPS
NRPS_gcf_1180,NRPS
NRPS_gcf_1181,NRPS
NRPS_gcf_1182,NRPS
NRPS_gcf_1183,NRPS
NRPS_gcf_1184,NRPS
NRPS_gcf_1185,NRPS
NRPS_gcf_1186,NRPS
NRPS_gcf_1187,NRPS
NRPS_gcf_1188,NRPS
NRPS_gcf_1189,NRPS
NRPS_gcf_119,NRPS
NRPS_gcf_1190,NRPS
NRPS_gcf_1191,NRPS
NRPS_gcf_1192,NRPS
NRPS_gcf_1193,NRPS
NRPS_gcf_1194,NRPS
NRPS_gcf_1195,NRPS
NRPS_gcf_1196,NRPS
NRPS_gcf_1197,NRPS
NRPS_gcf_1198,NRPS
NRPS_gcf_1199,NRPS
NRPS_gcf_12,NRPS
NRPS_gcf_120,NRPS
NRPS_gcf_1200,NRPS
NRPS_gcf_1201,NRPS
NRPS_gcf_1202,NRPS
NRPS_gcf_1203,NRPS
NRPS_gcf_1204,NRPS
NRPS_gcf_1205,NRPS
NRPS_gcf_1206,NRPS
NRPS_gcf_1207,NRPS
NRPS_gcf_1208,NRPS
NRPS_gcf_1209,NRPS
NRPS_gcf_121,NRPS
NRPS_gcf_1210,NRPS
NRPS_gcf_1211,NRPS
NRPS_gcf_1212,NRPS
NRPS_gcf_1213,NRPS
NRPS_gcf_1214,NRPS
NRPS_gcf_1215,NRPS
NRPS_gcf_1216,NRPS
NRPS_gcf_1217,NRPS
NRPS_gcf_1218,NRPS
NRPS_gcf_1219,NRPS
NRPS_gcf_122,NRPS
NRPS_gcf_1220,NRPS
NRPS_gcf_1221,NRPS
NRPS_gcf_1222,NRPS
NRPS_gcf_1223,NRPS
NRPS_gcf_1224,NRPS
NRPS_gcf_1225,NRPS
NRPS_gcf_1226,NRPS
NRPS_gcf_1227,NRPS
NRPS_gcf_1228,NRPS
NRPS_gcf_1229,NRPS
NRPS_gcf_123,NRPS
NRPS_gcf_1230,NRPS
NRPS_gcf_1231,NRPS
NRPS_gcf_1232,NRPS
NRPS_gcf_1233,NRPS
NRPS_gcf_1234,NRPS
NRPS_gcf_1235,NRPS
NRPS_gcf_1236,NRPS
NRPS_gcf_1237,NRPS
NRPS_gcf_1238,NRPS
NRPS_gcf_1239,NRPS
NRPS_gcf_124,NRPS
NRPS_gcf_1240,NRPS
NRPS_gcf_1241,NRPS
NRPS_gcf_1242,NRPS
NRPS_gcf_1243,NRPS
NRPS_gcf_1244,NRPS
NRPS_gcf_1245,NRPS
NRPS_gcf_1246,NRPS
NRPS_gcf_1247,NRPS
NRPS_gcf_1248,NRPS
NRPS_gcf_1249,NRPS
NRPS_gcf_125,NRPS
NRPS_gcf_1250,NRPS
NRPS_gcf_1251,NRPS
NRPS_gcf_1252,NRPS
NRPS_gcf_1253,NRPS
NRPS_gcf_1254,NRPS
NRPS_gcf_1255,NRPS
NRPS_gcf_1256,NRPS
NRPS_gcf_1257,NRPS
NRPS_gcf_1258,NRPS
NRPS_gcf_1259,NRPS
NRPS_gcf_126,NRPS
NRPS_gcf_1260,NRPS
NRPS_gcf_1261,NRPS
NRPS_gcf_1262,NRPS
NRPS_gcf_1263,NRPS
NRPS_gcf_1264,NRPS
NRPS_gcf_1265,NRPS
NRPS_gcf_1266,NRPS
NRPS_gcf_1267,NRPS
NRPS_gcf_1268,NRPS
NRPS_gcf_1269,NRPS
NRPS_gcf_127,NRPS
NRPS_gcf_1270,NRPS
NRPS_gcf_1271,NRPS
NRPS_gcf_1272,NRPS
NRPS_gcf_1273,NRPS
NRPS_gcf_1274,NRPS
NRPS_gcf_1275,NRPS
NRPS_gcf_1276,NRPS
NRPS_gcf_1277,NRPS
NRPS_gcf_1278,NRPS
NRPS_gcf_1279,NRPS
NRPS_gcf_128,NRPS
NRPS_gcf_1280,NRPS
NRPS_gcf_1281,NRPS
NRPS_gcf_1282,NRPS
NRPS_gcf_1283,NRPS
NRPS_gcf_1284,NRPS
NRPS_gcf_1285,NRPS
NRPS_gcf_1286,NRPS
NRPS_gcf_1287,NRPS
NRPS_gcf_1288,NRPS
NRPS_gcf_1289,NRPS
NRPS_gcf_129,NRPS
NRPS_gcf_1290,NRPS
NRPS_gcf_1291,NRPS
NRPS_gcf_1292,NRPS
NRPS_gcf_1293,NRPS
NRPS_gcf_1294,NRPS
NRPS_gcf_1295,NRPS
NRPS_gcf_1296,NRPS
NRPS_gcf_1297,NRPS
NRPS_gcf_1298,NRPS
NRPS_gcf_1299,NRPS
NRPS_gcf_13,NRPS
NRPS_gcf_130,NRPS
NRPS_gcf_1300,NRPS
NRPS_gcf_1301,NRPS
NRPS_gcf_1302,NRPS
NRPS_gcf_1303,NRPS
NRPS_gcf_1304,NRPS
NRPS_gcf_1305,NRPS
NRPS_gcf_1306,NRPS
NRPS_gcf_1307,NRPS
NRPS_gcf_1308,NRPS
NRPS_gcf_1309,NRPS
NRPS_gcf_131,NRPS
NRPS_gcf_1310,NRPS
NRPS_gcf_1311,NRPS
NRPS_gcf_1312,NRPS
NRPS_gcf_1313,NRPS
NRPS_gcf_1314,NRPS
NRPS_gcf_1315,NRPS
NRPS_gcf_1316,NRPS
NRPS_gcf_1317,NRPS
NRPS_gcf_1318,NRPS
NRPS_gcf_1319,NRPS
NRPS_gcf_132,NRPS
NRPS_gcf_1320,NRPS
NRPS_gcf_1321,NRPS
NRPS_gcf_1322,NRPS
NRPS_gcf_1323,NRPS
NRPS_gcf_1324,NRPS
NRPS_gcf_1325,NRPS
NRPS_gcf_1326,NRPS
NRPS_gcf_1327,NRPS
NRPS_gcf_1328,NRPS
NRPS_gcf_1329,NRPS
NRPS_gcf_133,NRPS
NRPS_gcf_1330,NRPS
NRPS_gcf_1331,NRPS
NRPS_gcf_1332,NRPS
NRPS_gcf_1333,NRPS
NRPS_gcf_1334,NRPS
NRPS_gcf_1335,NRPS
NRPS_gcf_1336,NRPS
NRPS_gcf_1337,NRPS
NRPS_gcf_1338,NRPS
NRPS_gcf_1339,NRPS
NRPS_gcf_134,NRPS
NRPS_gcf_1340,NRPS
NRPS_gcf_1341,NRPS
NRPS_gcf_1342,NRPS
NRPS_gcf_1343,NRPS
NRPS_gcf_1344,NRPS
NRPS_gcf_1345,NRPS
NRPS_gcf_1346,NRPS
NRPS_gcf_1347,NRPS
NRPS_gcf_1348,NRPS
NRPS_gcf_1349,NRPS
NRPS_gcf_135,NRPS
NRPS_gcf_1350,NRPS
NRPS_gcf_1351,NRPS
NRPS_gcf_1352,NRPS
NRPS_gcf_1353,NRPS
NRPS_gcf_1354,NRPS
NRPS_gcf_1355,NRPS
NRPS_gcf_1356,NRPS
NRPS_gcf_1357,NRPS
NRPS_gcf_1358,NRPS
NRPS_gcf_1359,NRPS
NRPS_gcf_136,NRPS
NRPS_gcf_1360,NRPS
NRPS_gcf_1361,NRPS
NRPS_gcf_1362,NRPS
NRPS_gcf_1363,NRPS
NRPS_gcf_1364,NRPS
NRPS_gcf_1365,NRPS
NRPS_gcf_1366,NRPS
NRPS_gcf_1367,NRPS
NRPS_gcf_1368,NRPS
NRPS_gcf_1369,NRPS
NRPS_gcf_137,NRPS
NRPS_gcf_1370,NRPS
NRPS_gcf_1371,NRPS
NRPS_gcf_1372,NRPS
NRPS_gcf_1373,NRPS
NRPS_gcf_1374,NRPS
NRPS_gcf_1375,NRPS
NRPS_gcf_1376,NRPS
NRPS_gcf_1377,NRPS
NRPS_gcf_1378,NRPS
NRPS_gcf_1379,NRPS
NRPS_gcf_138,NRPS
NRPS_gcf_1380,NRPS
NRPS_gcf_1381,NRPS
NRPS_gcf_1382,NRPS
NRPS_gcf_1383,NRPS
NRPS_gcf_1384,NRPS
NRPS_gcf_1385,NRPS
NRPS_gcf_1386,NRPS
NRPS_gcf_1387,NRPS
NRPS_gcf_1388,NRPS
NRPS_gcf_1389,NRPS
NRPS_gcf_139,NRPS
NRPS_gcf_1390,NRPS
NRPS_gcf_1391,NRPS
NRPS_gcf_1392,NRPS
NRPS_gcf_1393,NRPS
NRPS_gcf_1394,NRPS
NRPS_gcf_1395,NRPS
NRPS_gcf_1396,NRPS
NRPS_gcf_1397,NRPS
NRPS_gcf_1398,NRPS
NRPS_gcf_1399,NRPS
NRPS_gcf_14,NRPS
NRPS_gcf_140,NRPS
NRPS_gcf_1400,NRPS
NRPS_gcf_1401,NRPS
NRPS_gcf_1402,NRPS
NRPS_gcf_1403,NRPS
NRPS_gcf_1404,NRPS
NRPS_gcf_1405,NRPS
NRPS_gcf_1406,NRPS
NRPS_gcf_1407,NRPS
NRPS_gcf_1408,NRPS
NRPS_gcf_1409,NRPS
NRPS_gcf_141,NRPS
NRPS_gcf_1410,NRPS
NRPS_gcf_1411,NRPS
NRPS_gcf_1412,NRPS
NRPS_gcf_1413,NRPS
NRPS_gcf_1414,NRPS
NRPS_gcf_1415,NRPS
NRPS_gcf_1416,NRPS
NRPS_gcf_1417,NRPS
NRPS_gcf_1418,NRPS
NRPS_gcf_1419,NRPS
NRPS_gcf_142,NRPS
NRPS_gcf_1420,NRPS
NRPS_gcf_1421,NRPS
NRPS_gcf_1422,NRPS
NRPS_gcf_1423,NRPS
NRPS_gcf_1424,NRPS
NRPS_gcf_1425,NRPS
NRPS_gcf_1426,NRPS
NRPS_gcf_1427,NRPS
NRPS_gcf_1428,NRPS
NRPS_gcf_1429,NRPS
NRPS_gcf_143,NRPS
NRPS_gcf_1430,NRPS
NRPS_gcf_1431,NRPS
NRPS_gcf_1432,NRPS
NRPS_gcf_1433,NRPS
NRPS_gcf_1434,NRPS
NRPS_gcf_1435,NRPS
NRPS_gcf_1436,NRPS
NRPS_gcf_1437,NRPS
NRPS_gcf_1438,NRPS
NRPS_gcf_1439,NRPS
NRPS_gcf_144,NRPS
NRPS_gcf_1440,NRPS
NRPS_gcf_1441,NRPS
NRPS_gcf_1442,NRPS
NRPS_gcf_1443,NRPS
NRPS_gcf_1444,NRPS
NRPS_gcf_1445,NRPS
NRPS_gcf_1446,NRPS
NRPS_gcf_1447,NRPS
NRPS_gcf_1448,NRPS
NRPS_gcf_1449,NRPS
NRPS_gcf_145,NRPS
NRPS_gcf_1450,NRPS
NRPS_gcf_1451,NRPS
NRPS_gcf_1452,NRPS
NRPS_gcf_1453,NRPS
NRPS_gcf_1454,NRPS
NRPS_gcf_1455,NRPS
NRPS_gcf_1456,NRPS
NRPS_gcf_1457,NRPS
NRPS_gcf_1458,NRPS
NRPS_gcf_1459,NRPS
NRPS_gcf_146,NRPS
NRPS_gcf_1460,NRPS
NRPS_gcf_1461,NRPS
NRPS_gcf_1462,NRPS
NRPS_gcf_1463,NRPS
NRPS_gcf_1464,NRPS
NRPS_gcf_1465,NRPS
NRPS_gcf_1466,NRPS
NRPS_gcf_1467,NRPS
NRPS_gcf_1468,NRPS
NRPS_gcf_1469,NRPS
NRPS_gcf_147,NRPS
NRPS_gcf_1470,NRPS
NRPS_gcf_1471,NRPS
NRPS_gcf_1472,NRPS
NRPS_gcf_1473,NRPS
NRPS_gcf_1474,NRPS
NRPS_gcf_1475,NRPS
NRPS_gcf_1476,NRPS
NRPS_gcf_1477,NRPS
NRPS_gcf_1478,NRPS
NRPS_gcf_1479,NRPS
NRPS_gcf_148,NRPS
NRPS_gcf_1480,NRPS
NRPS_gcf_1481,NRPS
NRPS_gcf_1482,NRPS
NRPS_gcf_1483,NRPS
NRPS_gcf_1484,NRPS
NRPS_gcf_1485,NRPS
NRPS_gcf_1486,NRPS
NRPS_gcf_1487,NRPS
NRPS_gcf_1488,NRPS
NRPS_gcf_1489,NRPS
NRPS_gcf_149,NRPS
NRPS_gcf_1490,NRPS
NRPS_gcf_1491,NRPS
NRPS_gcf_1492,NRPS
NRPS_gcf_1493,NRPS
NRPS_gcf_1494,NRPS
NRPS_gcf_1495,NRPS
NRPS_gcf_1496,NRPS
NRPS_gcf_1497,NRPS
NRPS_gcf_1498,NRPS
NRPS_gcf_1499,NRPS
NRPS_gcf_15,NRPS
NRPS_gcf_150,NRPS
NRPS_gcf_1500,NRPS
NRPS_gcf_1501,NRPS
NRPS_gcf_1502,NRPS
NRPS_gcf_1503,NRPS
NRPS_gcf_1504,NRPS
NRPS_gcf_1505,NRPS
NRPS_gcf_1506,NRPS
NRPS_gcf_1507,NRPS
NRPS_gcf_1508,NRPS
NRPS_gcf_1509,NRPS
NRPS_gcf_151,NRPS
NRPS_gcf_1510,NRPS
NRPS_gcf_1511,NRPS
NRPS_gcf_1512,NRPS
NRPS_gcf_1513,NRPS
NRPS_gcf_1514,NRPS
NRPS_gcf_1515,NRPS
NRPS_gcf_1516,NRPS
NRPS_gcf_1517,NRPS
NRPS_gcf_1518,NRPS
NRPS_gcf_1519,NRPS
NRPS_gcf_152,NRPS
NRPS_gcf_1520,NRPS
NRPS_gcf_1521,NRPS
NRPS_gcf_1522,NRPS
NRPS_gcf_1523,NRPS
NRPS_gcf_1524,NRPS
NRPS_gcf_1525,NRPS
NRPS_gcf_1526,NRPS
NRPS_gcf_1527,NRPS
NRPS_gcf_1528,NRPS
NRPS_gcf_1529,NRPS
NRPS_gcf_153,NRPS
NRPS_gcf_1530,NRPS
NRPS_gcf_1531,NRPS
NRPS_gcf_1532,NRPS
NRPS_gcf_1533,NRPS
NRPS_gcf_1534,NRPS
NRPS_gcf_1535,NRPS
NRPS_gcf_1536,NRPS
NRPS_gcf_1537,NRPS
NRPS_gcf_1538,NRPS
NRPS_gcf_1539,NRPS
NRPS_gcf_154,NRPS
NRPS_gcf_1540,NRPS
NRPS_gcf_1541,NRPS
NRPS_gcf_1542,NRPS
NRPS_gcf_1543,NRPS
NRPS_gcf_1544,NRPS
NRPS_gcf_1545,NRPS
NRPS_gcf_1546,NRPS
NRPS_gcf_1547,NRPS
NRPS_gcf_1548,NRPS
NRPS_gcf_1549,NRPS
NRPS_gcf_155,NRPS
NRPS_gcf_1550,NRPS
NRPS_gcf_1551,NRPS
NRPS_gcf_1552,NRPS
NRPS_gcf_1553,NRPS
NRPS_gcf_1554,NRPS
NRPS_gcf_1555,NRPS
NRPS_gcf_1556,NRPS
NRPS_gcf_1557,NRPS
NRPS_gcf_1558,NRPS
NRPS_gcf_1559,NRPS
NRPS_gcf_156,NRPS
NRPS_gcf_1560,NRPS
NRPS_gcf_1561,NRPS
NRPS_gcf_1562,NRPS
NRPS_gcf_1563,NRPS
NRPS_gcf_1564,NRPS
NRPS_gcf_1565,NRPS
NRPS_gcf_1566,NRPS
NRPS_gcf_1567,NRPS
NRPS_gcf_1568,NRPS
NRPS_gcf_1569,NRPS
NRPS_gcf_157,NRPS
NRPS_gcf_1570,NRPS
NRPS_gcf_1571,NRPS
NRPS_gcf_1572,NRPS
NRPS_gcf_1573,NRPS
NRPS_gcf_1574,NRPS
NRPS_gcf_1575,NRPS
NRPS_gcf_1576,NRPS
NRPS_gcf_1577,NRPS
NRPS_gcf_1578,NRPS
NRPS_gcf_1579,NRPS
NRPS_gcf_158,NRPS
NRPS_gcf_1580,NRPS
NRPS_gcf_1581,NRPS
NRPS_gcf_1582,NRPS
NRPS_gcf_1583,NRPS
NRPS_gcf_1584,NRPS
NRPS_gcf_1585,NRPS
NRPS_gcf_1586,NRPS
NRPS_gcf_1587,NRPS
NRPS_gcf_1588,NRPS
NRPS_gcf_1589,NRPS
NRPS_gcf_159,NRPS
NRPS_gcf_1590,NRPS
NRPS_gcf_1591,NRPS
NRPS_gcf_1592,NRPS
NRPS_gcf_1593,NRPS
NRPS_gcf_1594,NRPS
NRPS_gcf_1595,NRPS
NRPS_gcf_1596,NRPS
NRPS_gcf_1597,NRPS
NRPS_gcf_1598,NRPS
NRPS_gcf_1599,NRPS
NRPS_gcf_16,NRPS
NRPS_gcf_160,NRPS
NRPS_gcf_1600,NRPS
NRPS_gcf_1601,NRPS
NRPS_gcf_1602,NRPS
NRPS_gcf_1603,NRPS
NRPS_gcf_1604,NRPS
NRPS_gcf_1605,NRPS
NRPS_gcf_1606,NRPS
NRPS_gcf_1607,NRPS
NRPS_gcf_1608,NRPS
NRPS_gcf_1609,NRPS
NRPS_gcf_161,NRPS
NRPS_gcf_1610,NRPS
NRPS_gcf_1611,NRPS
NRPS_gcf_1612,NRPS
NRPS_gcf_1613,NRPS
NRPS_gcf_1614,NRPS
NRPS_gcf_1615,NRPS
NRPS_gcf_1616,NRPS
NRPS_gcf_1617,NRPS
NRPS_gcf_1618,NRPS
NRPS_gcf_1619,NRPS
NRPS_gcf_162,NRPS
NRPS_gcf_1620,NRPS
NRPS_gcf_1621,NRPS
NRPS_gcf_1622,NRPS
NRPS_gcf_1623,NRPS
NRPS_gcf_1624,NRPS
NRPS_gcf_1625,NRPS
NRPS_gcf_1626,NRPS
NRPS_gcf_1627,NRPS
NRPS_gcf_1628,NRPS
NRPS_gcf_1629,NRPS
NRPS_gcf_163,NRPS
NRPS_gcf_1630,NRPS
NRPS_gcf_1631,NRPS
NRPS_gcf_1632,NRPS
NRPS_gcf_1633,NRPS
NRPS_gcf_1634,NRPS
NRPS_gcf_1635,NRPS
NRPS_gcf_1636,NRPS
NRPS_gcf_1637,NRPS
NRPS_gcf_1638,NRPS
NRPS_gcf_1639,NRPS
NRPS_gcf_164,NRPS
NRPS_gcf_1640,NRPS
NRPS_gcf_1641,NRPS
NRPS_gcf_1642,NRPS
NRPS_gcf_1643,NRPS
NRPS_gcf_1644,NRPS
NRPS_gcf_1645,NRPS
NRPS_gcf_1646,NRPS
NRPS_gcf_1647,NRPS
NRPS_gcf_1648,NRPS
NRPS_gcf_1649,NRPS
NRPS_gcf_165,NRPS
NRPS_gcf_1650,NRPS
NRPS_gcf_1651,NRPS
NRPS_gcf_1652,NRPS
NRPS_gcf_1653,NRPS
NRPS_gcf_1654,NRPS
NRPS_gcf_1655,NRPS
NRPS_gcf_1656,NRPS
NRPS_gcf_1657,NRPS
NRPS_gcf_1658,NRPS
NRPS_gcf_1659,NRPS
NRPS_gcf_166,NRPS
NRPS_gcf_1660,NRPS
NRPS_gcf_1661,NRPS
NRPS_gcf_1662,NRPS
NRPS_gcf_1663,NRPS
NRPS_gcf_1664,NRPS
NRPS_gcf_1665,NRPS
NRPS_gcf_1666,NRPS
NRPS_gcf_1667,NRPS
NRPS_gcf_1668,NRPS
NRPS_gcf_1669,NRPS
NRPS_gcf_167,NRPS
NRPS_gcf_1670,NRPS
NRPS_gcf_1671,NRPS
NRPS_gcf_1672,NRPS
NRPS_gcf_1673,NRPS
NRPS_gcf_1674,NRPS
NRPS_gcf_1675,NRPS
NRPS_gcf_1676,NRPS
NRPS_gcf_1677,NRPS
NRPS_gcf_1678,NRPS
NRPS_gcf_1679,NRPS
NRPS_gcf_168,NRPS
NRPS_gcf_1680,NRPS
NRPS_gcf_1681,NRPS
NRPS_gcf_1682,NRPS
NRPS_gcf_1683,NRPS
NRPS_gcf_1684,NRPS
NRPS_gcf_1685,NRPS
NRPS_gcf_1686,NRPS
NRPS_gcf_1687,NRPS
NRPS_gcf_1688,NRPS
NRPS_gcf_1689,NRPS
NRPS_gcf_169,NRPS
NRPS_gcf_1690,NRPS
NRPS_gcf_1691,NRPS
NRPS_gcf_1692,NRPS
NRPS_gcf_1693,NRPS
NRPS_gcf_1694,NRPS
NRPS_gcf_1695,NRPS
NRPS_gcf_1696,NRPS
NRPS_gcf_1697,NRPS
NRPS_gcf_1698,NRPS
NRPS_gcf_1699,NRPS
NRPS_gcf_17,NRPS
NRPS_gcf_170,NRPS
NRPS_gcf_1700,NRPS
NRPS_gcf_1701,NRPS
NRPS_gcf_1702,NRPS
NRPS_gcf_1703,NRPS
NRPS_gcf_1704,NRPS
NRPS_gcf_1705,NRPS
NRPS_gcf_1706,NRPS
NRPS_gcf_1707,NRPS
NRPS_gcf_1708,NRPS
NRPS_gcf_1709,NRPS
NRPS_gcf_171,NRPS
NRPS_gcf_1710,NRPS
NRPS_gcf_1711,NRPS
NRPS_gcf_1712,NRPS
NRPS_gcf_1713,NRPS
NRPS_gcf_1714,NRPS
NRPS_gcf_1715,NRPS
NRPS_gcf_1716,NRPS
NRPS_gcf_1717,NRPS
NRPS_gcf_1718,NRPS
NRPS_gcf_1719,NRPS
NRPS_gcf_172,NRPS
NRPS_gcf_1720,NRPS
NRPS_gcf_1721,NRPS
NRPS_gcf_1722,NRPS
NRPS_gcf_1723,NRPS
NRPS_gcf_1724,NRPS
NRPS_gcf_1725,NRPS
NRPS_gcf_1726,NRPS
NRPS_gcf_1727,NRPS
NRPS_gcf_1728,NRPS
NRPS_gcf_1729,NRPS
NRPS_gcf_173,NRPS
NRPS_gcf_1730,NRPS
NRPS_gcf_1731,NRPS
NRPS_gcf_1732,NRPS
NRPS_gcf_1733,NRPS
NRPS_gcf_1734,NRPS
NRPS_gcf_1735,NRPS
NRPS_gcf_1736,NRPS
NRPS_gcf_1737,NRPS
NRPS_gcf_1738,NRPS
NRPS_gcf_1739,NRPS
NRPS_gcf_174,NRPS
NRPS_gcf_1740,NRPS
NRPS_gcf_1741,NRPS
NRPS_gcf_1742,NRPS
NRPS_gcf_1743,NRPS
NRPS_gcf_1744,NRPS
NRPS_gcf_1745,NRPS
NRPS_gcf_1746,NRPS
NRPS_gcf_1747,NRPS
NRPS_gcf_1748,NRPS
NRPS_gcf_1749,NRPS
NRPS_gcf_175,NRPS
NRPS_gcf_1750,NRPS
NRPS_gcf_1751,NRPS
NRPS_gcf_1752,NRPS
NRPS_gcf_1753,NRPS
NRPS_gcf_1754,NRPS
NRPS_gcf_1755,NRPS
NRPS_gcf_1756,NRPS
NRPS_gcf_1757,NRPS
NRPS_gcf_1758,NRPS
NRPS_gcf_1759,NRPS
NRPS_gcf_176,NRPS
NRPS_gcf_1760,NRPS
NRPS_gcf_1761,NRPS
NRPS_gcf_1762,NRPS
NRPS_gcf_1763,NRPS
NRPS_gcf_1764,NRPS
NRPS_gcf_1765,NRPS
NRPS_gcf_1766,NRPS
NRPS_gcf_1767,NRPS
NRPS_gcf_1768,NRPS
NRPS_gcf_1769,NRPS
NRPS_gcf_177,NRPS
NRPS_gcf_1770,NRPS
NRPS_gcf_1771,NRPS
NRPS_gcf_1772,NRPS
NRPS_gcf_1773,NRPS
NRPS_gcf_1774,NRPS
NRPS_gcf_1775,NRPS
NRPS_gcf_1776,NRPS
NRPS_gcf_1777,NRPS
NRPS_gcf_1778,NRPS
NRPS_gcf_1779,NRPS
NRPS_gcf_178,NRPS
NRPS_gcf_1780,NRPS
NRPS_gcf_1781,NRPS
NRPS_gcf_1782,NRPS
NRPS_gcf_1783,NRPS
NRPS_gcf_1784,NRPS
NRPS_gcf_1785,NRPS
NRPS_gcf_1786,NRPS
NRPS_gcf_1787,NRPS
NRPS_gcf_1788,NRPS
NRPS_gcf_1789,NRPS
NRPS_gcf_179,NRPS
NRPS_gcf_1790,NRPS
NRPS_gcf_1791,NRPS
NRPS_gcf_1792,NRPS
NRPS_gcf_1793,NRPS
NRPS_gcf_1794,NRPS
NRPS_gcf_1795,NRPS
NRPS_gcf_1796,NRPS
NRPS_gcf_1797,NRPS
NRPS_gcf_1798,NRPS
NRPS_gcf_1799,NRPS
NRPS_gcf_18,NRPS
NRPS_gcf_180,NRPS
NRPS_gcf_1800,NRPS
NRPS_gcf_1801,NRPS
NRPS_gcf_1802,NRPS
NRPS_gcf_1803,NRPS
NRPS_gcf_1804,NRPS
NRPS_gcf_1805,NRPS
NRPS_gcf_1806,NRPS
NRPS_gcf_1807,NRPS
NRPS_gcf_1808,NRPS
NRPS_gcf_1809,NRPS
NRPS_gcf_181,NRPS
NRPS_gcf_1810,NRPS
NRPS_gcf_1811,NRPS
NRPS_gcf_1812,NRPS
NRPS_gcf_1813,NRPS
NRPS_gcf_1814,NRPS
NRPS_gcf_1815,NRPS
NRPS_gcf_1816,NRPS
NRPS_gcf_1817,NRPS
NRPS_gcf_1818,NRPS
NRPS_gcf_1819,NRPS
NRPS_gcf_182,NRPS
NRPS_gcf_1820,NRPS
NRPS_gcf_1821,NRPS
NRPS_gcf_1822,NRPS
NRPS_gcf_1823,NRPS
NRPS_gcf_1824,NRPS
NRPS_gcf_1825,NRPS
NRPS_gcf_1826,NRPS
NRPS_gcf_1827,NRPS
NRPS_gcf_1828,NRPS
NRPS_gcf_1829,NRPS
NRPS_gcf_183,NRPS
NRPS_gcf_1830,NRPS
NRPS_gcf_1831,NRPS
NRPS_gcf_1832,NRPS
NRPS_gcf_1833,NRPS
NRPS_gcf_1834,NRPS
NRPS_gcf_1835,NRPS
NRPS_gcf_1836,NRPS
NRPS_gcf_1837,NRPS
NRPS_gcf_1838,NRPS
NRPS_gcf_1839,NRPS
NRPS_gcf_184,NRPS
NRPS_gcf_1840,NRPS
NRPS_gcf_1841,NRPS
NRPS_gcf_1842,NRPS
NRPS_gcf_1843,NRPS
NRPS_gcf_1844,NRPS
NRPS_gcf_1845,NRPS
NRPS_gcf_1846,NRPS
NRPS_gcf_1847,NRPS
NRPS_gcf_1848,NRPS
NRPS_gcf_1849,NRPS
NRPS_gcf_185,NRPS
NRPS_gcf_1850,NRPS
NRPS_gcf_1851,NRPS
NRPS_gcf_1852,NRPS
NRPS_gcf_1853,NRPS
NRPS_gcf_1854,NRPS
NRPS_gcf_1855,NRPS
NRPS_gcf_1856,NRPS
NRPS_gcf_1857,NRPS
NRPS_gcf_1858,NRPS
NRPS_gcf_1859,NRPS
NRPS_gcf_186,NRPS
NRPS_gcf_1860,NRPS
NRPS_gcf_1861,NRPS
NRPS_gcf_1862,NRPS
NRPS_gcf_1863,NRPS
NRPS_gcf_1864,NRPS
NRPS_gcf_1865,NRPS
NRPS_gcf_1866,NRPS
NRPS_gcf_1867,NRPS
NRPS_gcf_1868,NRPS
NRPS_gcf_1869,NRPS
NRPS_gcf_187,NRPS
NRPS_gcf_1870,NRPS
NRPS_gcf_1871,NRPS
NRPS_gcf_1872,NRPS
NRPS_gcf_1873,NRPS
NRPS_gcf_1874,NRPS
NRPS_gcf_1875,NRPS
NRPS_gcf_1876,NRPS
NRPS_gcf_1877,NRPS
NRPS_gcf_1878,NRPS
NRPS_gcf_1879,NRPS
NRPS_gcf_188,NRPS
NRPS_gcf_1880,NRPS
NRPS_gcf_1881,NRPS
NRPS_gcf_1882,NRPS
NRPS_gcf_1883,NRPS
NRPS_gcf_1884,NRPS
NRPS_gcf_1885,NRPS
NRPS_gcf_1886,NRPS
NRPS_gcf_1887,NRPS
NRPS_gcf_1888,NRPS
NRPS_gcf_1889,NRPS
NRPS_gcf_189,NRPS
NRPS_gcf_1890,NRPS
NRPS_gcf_1891,NRPS
NRPS_gcf_1892,NRPS
NRPS_gcf_1893,NRPS
NRPS_gcf_1894,NRPS
NRPS_gcf_1895,NRPS
NRPS_gcf_1896,NRPS
NRPS_gcf_1897,NRPS
NRPS_gcf_1898,NRPS
NRPS_gcf_1899,NRPS
NRPS_gcf_19,NRPS
NRPS_gcf_190,NRPS
NRPS_gcf_1900,NRPS
NRPS_gcf_1901,NRPS
NRPS_gcf_1902,NRPS
NRPS_gcf_1903,NRPS
NRPS_gcf_1904,NRPS
NRPS_gcf_1905,NRPS
NRPS_gcf_1906,NRPS
NRPS_gcf_1907,NRPS
NRPS_gcf_1908,NRPS
NRPS_gcf_1909,NRPS
NRPS_gcf_191,NRPS
NRPS_gcf_1910,NRPS
NRPS_gcf_1911,NRPS
NRPS_gcf_1912,NRPS
NRPS_gcf_1913,NRPS
NRPS_gcf_1914,NRPS
NRPS_gcf_1915,NRPS
NRPS_gcf_1916,NRPS
NRPS_gcf_1917,NRPS
NRPS_gcf_1918,NRPS
NRPS_gcf_1919,NRPS
NRPS_gcf_192,NRPS
NRPS_gcf_1920,NRPS
NRPS_gcf_1921,NRPS
NRPS_gcf_1922,NRPS
NRPS_gcf_1923,NRPS
NRPS_gcf_1924,NRPS
NRPS_gcf_1925,NRPS
NRPS_gcf_1926,NRPS
NRPS_gcf_1927,NRPS
NRPS_gcf_1928,NRPS
NRPS_gcf_1929,NRPS
NRPS_gcf_193,NRPS
NRPS_gcf_1930,NRPS
NRPS_gcf_1931,NRPS
NRPS_gcf_1932,NRPS
NRPS_gcf_1933,NRPS
NRPS_gcf_1934,NRPS
NRPS_gcf_1935,NRPS
NRPS_gcf_1936,NRPS
NRPS_gcf_1937,NRPS
NRPS_gcf_1938,NRPS
NRPS_gcf_1939,NRPS
NRPS_gcf_194,NRPS
NRPS_gcf_1940,NRPS
NRPS_gcf_1941,NRPS
NRPS_gcf_1942,NRPS
NRPS_gcf_1943,NRPS
NRPS_gcf_1944,NRPS
NRPS_gcf_1945,NRPS
NRPS_gcf_1946,NRPS
NRPS_gcf_1947,NRPS
NRPS_gcf_1948,NRPS
NRPS_gcf_1949,NRPS
NRPS_gcf_195,NRPS
NRPS_gcf_1950,NRPS
NRPS_gcf_1951,NRPS
NRPS_gcf_1952,NRPS
NRPS_gcf_1953,NRPS
NRPS_gcf_1954,NRPS
NRPS_gcf_1955,NRPS
NRPS_gcf_1956,NRPS
NRPS_gcf_1957,NRPS
NRPS_gcf_1958,NRPS
NRPS_gcf_1959,NRPS
NRPS_gcf_196,NRPS
NRPS_gcf_1960,NRPS
NRPS_gcf_1961,NRPS
NRPS_gcf_1962,NRPS
NRPS_gcf_1963,NRPS
NRPS_gcf_1964,NRPS
NRPS_gcf_1965,NRPS
NRPS_gcf_1966,NRPS
NRPS_gcf_1967,NRPS
NRPS_gcf_1968,NRPS
NRPS_gcf_1969,NRPS
NRPS_gcf_197,NRPS
NRPS_gcf_1970,NRPS
NRPS_gcf_1971,NRPS
NRPS_gcf_1972,NRPS
NRPS_gcf_1973,NRPS
NRPS_gcf_1974,NRPS
NRPS_gcf_1975,NRPS
NRPS_gcf_1976,NRPS
NRPS_gcf_1977,NRPS
NRPS_gcf_1978,NRPS
NRPS_gcf_1979,NRPS
NRPS_gcf_198,NRPS
NRPS_gcf_1980,NRPS
NRPS_gcf_1981,NRPS
NRPS_gcf_1982,NRPS
NRPS_gcf_1983,NRPS
NRPS_gcf_1984,NRPS
NRPS_gcf_1985,NRPS
NRPS_gcf_1986,NRPS
NRPS_gcf_1987,NRPS
NRPS_gcf_1988,NRPS
NRPS_gcf_1989,NRPS
NRPS_gcf_199,NRPS
NRPS_gcf_1990,NRPS
NRPS_gcf_1991,NRPS
NRPS_gcf_1992,NRPS
NRPS_gcf_1993,NRPS
NRPS_gcf_1994,NRPS
NRPS_gcf_1995,NRPS
NRPS_gcf_1996,NRPS
NRPS_gcf_1997,NRPS
NRPS_gcf_1998,NRPS
NRPS_gcf_1999,NRPS
NRPS_gcf_2,NRPS
NRPS_gcf_20,NRPS
NRPS_gcf_200,NRPS
NRPS_gcf_2000,NRPS
NRPS_gcf_2001,NRPS
NRPS_gcf_2002,NRPS
NRPS_gcf_2003,NRPS
NRPS_gcf_2004,NRPS
NRPS_gcf_2005,NRPS
NRPS_gcf_2006,NRPS
NRPS_gcf_2007,NRPS
NRPS_gcf_2008,NRPS
NRPS_gcf_2009,NRPS
NRPS_gcf_201,NRPS
NRPS_gcf_2010,NRPS
NRPS_gcf_2011,NRPS
NRPS_gcf_2012,NRPS
NRPS_gcf_2013,NRPS
NRPS_gcf_2014,NRPS
NRPS_gcf_2015,NRPS
NRPS_gcf_2016,NRPS
NRPS_gcf_2017,NRPS
NRPS_gcf_2018,NRPS
NRPS_gcf_2019,NRPS
NRPS_gcf_202,NRPS
NRPS_gcf_2020,NRPS
NRPS_gcf_2021,NRPS
NRPS_gcf_2022,NRPS
NRPS_gcf_2023,NRPS
NRPS_gcf_2024,NRPS
NRPS_gcf_2025,NRPS
NRPS_gcf_2026,NRPS
NRPS_gcf_2027,NRPS
NRPS_gcf_2028,NRPS
NRPS_gcf_2029,NRPS
NRPS_gcf_203,NRPS
NRPS_gcf_2030,NRPS
NRPS_gcf_2031,NRPS
NRPS_gcf_2032,NRPS
NRPS_gcf_2033,NRPS
NRPS_gcf_2034,NRPS
NRPS_gcf_2035,NRPS
NRPS_gcf_2036,NRPS
NRPS_gcf_2037,NRPS
NRPS_gcf_2038,NRPS
NRPS_gcf_2039,NRPS
NRPS_gcf_204,NRPS
NRPS_gcf_2040,NRPS
NRPS_gcf_2041,NRPS
NRPS_gcf_2042,NRPS
NRPS_gcf_2043,NRPS
NRPS_gcf_2044,NRPS
NRPS_gcf_2045,NRPS
NRPS_gcf_2046,NRPS
NRPS_gcf_2047,NRPS
NRPS_gcf_2048,NRPS
NRPS_gcf_2049,NRPS
NRPS_gcf_205,NRPS
NRPS_gcf_2050,NRPS
NRPS_gcf_2051,NRPS
NRPS_gcf_2052,NRPS
NRPS_gcf_2053,NRPS
NRPS_gcf_2054,NRPS
NRPS_gcf_2055,NRPS
NRPS_gcf_2056,NRPS
NRPS_gcf_2057,NRPS
NRPS_gcf_2058,NRPS
NRPS_gcf_2059,NRPS
NRPS_gcf_206,NRPS
NRPS_gcf_2060,NRPS
NRPS_gcf_2061,NRPS
NRPS_gcf_2062,NRPS
NRPS_gcf_2063,NRPS
NRPS_gcf_2064,NRPS
NRPS_gcf_2065,NRPS
NRPS_gcf_2066,NRPS
NRPS_gcf_2067,NRPS
NRPS_gcf_2068,NRPS
NRPS_gcf_2069,NRPS
NRPS_gcf_207,NRPS
NRPS_gcf_2070,NRPS
NRPS_gcf_2071,NRPS
NRPS_gcf_2072,NRPS
NRPS_gcf_2073,NRPS
NRPS_gcf_2074,NRPS
NRPS_gcf_2075,NRPS
NRPS_gcf_2076,NRPS
NRPS_gcf_2077,NRPS
NRPS_gcf_2078,NRPS
NRPS_gcf_2079,NRPS
NRPS_gcf_208,NRPS
NRPS_gcf_2080,NRPS
NRPS_gcf_2081,NRPS
NRPS_gcf_2082,NRPS
NRPS_gcf_2083,NRPS
NRPS_gcf_2084,NRPS
NRPS_gcf_2085,NRPS
NRPS_gcf_2086,NRPS
NRPS_gcf_2087,NRPS
NRPS_gcf_2088,NRPS
NRPS_gcf_2089,NRPS
NRPS_gcf_209,NRPS
NRPS_gcf_2090,NRPS
NRPS_gcf_2091,NRPS
NRPS_gcf_2092,NRPS
NRPS_gcf_2093,NRPS
NRPS_gcf_2094,NRPS
NRPS_gcf_2095,NRPS
NRPS_gcf_2096,NRPS
NRPS_gcf_2097,NRPS
NRPS_gcf_2098,NRPS
NRPS_gcf_2099,NRPS
NRPS_gcf_21,NRPS
NRPS_gcf_210,NRPS
NRPS_gcf_2100,NRPS
NRPS_gcf_2101,NRPS
NRPS_gcf_2102,NRPS
NRPS_gcf_2103,NRPS
NRPS_gcf_2104,NRPS
NRPS_gcf_2105,NRPS
NRPS_gcf_2106,NRPS
NRPS_gcf_2107,NRPS
NRPS_gcf_2108,NRPS
NRPS_gcf_2109,NRPS
NRPS_gcf_211,NRPS
NRPS_gcf_2110,NRPS
NRPS_gcf_2111,NRPS
NRPS_gcf_2112,NRPS
NRPS_gcf_2113,NRPS
NRPS_gcf_2114,NRPS
NRPS_gcf_2115,NRPS
NRPS_gcf_2116,NRPS
NRPS_gcf_2117,NRPS
NRPS_gcf_2118,NRPS
NRPS_gcf_2119,NRPS
NRPS_gcf_212,NRPS
NRPS_gcf_2120,NRPS
NRPS_gcf_2121,NRPS
NRPS_gcf_213,NRPS
NRPS_gcf_214,NRPS
NRPS_gcf_215,NRPS
NRPS_gcf_216,NRPS
NRPS_gcf_217,NRPS
NRPS_gcf_218,NRPS
NRPS_gcf_219,NRPS
NRPS_gcf_22,NRPS
NRPS_gcf_220,NRPS
NRPS_gcf_221,NRPS
NRPS_gcf_222,NRPS
NRPS_gcf_223,NRPS
NRPS_gcf_224,NRPS
NRPS_gcf_225,NRPS
NRPS_gcf_226,NRPS
NRPS_gcf_227,NRPS
NRPS_gcf_228,NRPS
NRPS_gcf_229,NRPS
NRPS_gcf_23,NRPS
NRPS_gcf_230,NRPS
NRPS_gcf_231,NRPS
NRPS_gcf_232,NRPS
NRPS_gcf_233,NRPS
NRPS_gcf_234,NRPS
NRPS_gcf_235,NRPS
NRPS_gcf_236,NRPS
NRPS_gcf_237,NRPS
NRPS_gcf_238,NRPS
NRPS_gcf_239,NRPS
NRPS_gcf_24,NRPS
NRPS_gcf_240,NRPS
NRPS_gcf_241,NRPS
NRPS_gcf_242,NRPS
NRPS_gcf_243,NRPS
NRPS_gcf_244,NRPS
NRPS_gcf_245,NRPS
NRPS_gcf_246,NRPS
NRPS_gcf_247,NRPS
NRPS_gcf_248,NRPS
NRPS_gcf_249,NRPS
NRPS_gcf_25,NRPS
NRPS_gcf_250,NRPS
NRPS_gcf_251,NRPS
NRPS_gcf_252,NRPS
NRPS_gcf_253,NRPS
NRPS_gcf_254,NRPS
NRPS_gcf_255,NRPS
NRPS_gcf_256,NRPS
NRPS_gcf_257,NRPS
NRPS_gcf_258,NRPS
NRPS_gcf_259,NRPS
NRPS_gcf_26,NRPS
NRPS_gcf_260,NRPS
NRPS_gcf_261,NRPS
NRPS_gcf_262,NRPS
NRPS_gcf_263,NRPS
NRPS_gcf_264,NRPS
NRPS_gcf_265,NRPS
NRPS_gcf_266,NRPS
NRPS_gcf_267,NRPS
NRPS_gcf_268,NRPS
NRPS_gcf_269,NRPS
NRPS_gcf_27,NRPS
NRPS_gcf_270,NRPS
NRPS_gcf_271,NRPS
NRPS_gcf_272,NRPS
NRPS_gcf_273,NRPS
NRPS_gcf_274,NRPS
NRPS_gcf_275,NRPS
NRPS_gcf_276,NRPS
NRPS_gcf_277,NRPS
NRPS_gcf_278,NRPS
NRPS_gcf_279,NRPS
NRPS_gcf_28,NRPS
NRPS_gcf_280,NRPS
NRPS_gcf_281,NRPS
NRPS_gcf_282,NRPS
NRPS_gcf_283,NRPS
NRPS_gcf_284,NRPS
NRPS_gcf_285,NRPS
NRPS_gcf_286,NRPS
NRPS_gcf_287,NRPS
NRPS_gcf_288,NRPS
NRPS_gcf_289,NRPS
NRPS_gcf_29,NRPS
NRPS_gcf_290,NRPS
NRPS_gcf_291,NRPS
NRPS_gcf_292,NRPS
NRPS_gcf_293,NRPS
NRPS_gcf_294,NRPS
NRPS_gcf_295,NRPS
NRPS_gcf_296,NRPS
NRPS_gcf_297,NRPS
NRPS_gcf_298,NRPS
NRPS_gcf_299,NRPS
NRPS_gcf_3,NRPS
NRPS_gcf_30,NRPS
NRPS_gcf_300,NRPS
NRPS_gcf_301,NRPS
NRPS_gcf_302,NRPS
NRPS_gcf_303,NRPS
NRPS_gcf_304,NRPS
NRPS_gcf_305,NRPS
NRPS_gcf_306,NRPS
NRPS_gcf_307,NRPS
NRPS_gcf_308,NRPS
NRPS_gcf_309,NRPS
NRPS_gcf_31,NRPS
NRPS_gcf_310,NRPS
NRPS_gcf_311,NRPS
NRPS_gcf_312,NRPS
NRPS_gcf_313,NRPS
NRPS_gcf_314,NRPS
NRPS_gcf_315,NRPS
NRPS_gcf_316,NRPS
NRPS_gcf_317,NRPS
NRPS_gcf_318,NRPS
NRPS_gcf_319,NRPS
NRPS_gcf_32,NRPS
NRPS_gcf_320,NRPS
NRPS_gcf_321,NRPS
NRPS_gcf_322,NRPS
NRPS_gcf_323,NRPS
NRPS_gcf_324,NRPS
NRPS_gcf_325,NRPS
NRPS_gcf_326,NRPS
NRPS_gcf_327,NRPS
NRPS_gcf_328,NRPS
NRPS_gcf_329,NRPS
NRPS_gcf_33,NRPS
NRPS_gcf_330,NRPS
NRPS_gcf_331,NRPS
NRPS_gcf_332,NRPS
NRPS_gcf_333,NRPS
NRPS_gcf_334,NRPS
NRPS_gcf_335,NRPS
NRPS_gcf_336,NRPS
NRPS_gcf_337,NRPS
NRPS_gcf_338,NRPS
NRPS_gcf_339,NRPS
NRPS_gcf_34,NRPS
NRPS_gcf_340,NRPS
NRPS_gcf_341,NRPS
NRPS_gcf_342,NRPS
NRPS_gcf_343,NRPS
NRPS_gcf_344,NRPS
NRPS_gcf_345,NRPS
NRPS_gcf_346,NRPS
NRPS_gcf_347,NRPS
NRPS_gcf_348,NRPS
NRPS_gcf_349,NRPS
NRPS_gcf_35,NRPS
NRPS_gcf_350,NRPS
NRPS_gcf_351,NRPS
NRPS_gcf_352,NRPS
NRPS_gcf_353,NRPS
NRPS_gcf_354,NRPS
NRPS_gcf_355,NRPS
NRPS_gcf_356,NRPS
NRPS_gcf_357,NRPS
NRPS_gcf_358,NRPS
NRPS_gcf_359,NRPS
NRPS_gcf_36,NRPS
NRPS_gcf_360,NRPS
NRPS_gcf_361,NRPS
NRPS_gcf_362,NRPS
NRPS_gcf_363,NRPS
NRPS_gcf_364,NRPS
NRPS_gcf_365,NRPS
NRPS_gcf_366,NRPS
NRPS_gcf_367,NRPS
NRPS_gcf_368,NRPS
NRPS_gcf_369,NRPS
NRPS_gcf_37,NRPS
NRPS_gcf_370,NRPS
NRPS_gcf_371,NRPS
NRPS_gcf_372,NRPS
NRPS_gcf_373,NRPS
NRPS_gcf_374,NRPS
NRPS_gcf_375,NRPS
NRPS_gcf_376,NRPS
NRPS_gcf_377,NRPS
NRPS_gcf_378,NRPS
NRPS_gcf_379,NRPS
NRPS_gcf_38,NRPS
NRPS_gcf_380,NRPS
NRPS_gcf_381,NRPS
NRPS_gcf_382,NRPS
NRPS_gcf_383,NRPS
NRPS_gcf_384,NRPS
NRPS_gcf_385,NRPS
NRPS_gcf_386,NRPS
NRPS_gcf_387,NRPS
NRPS_gcf_388,NRPS
NRPS_gcf_389,NRPS
NRPS_gcf_39,NRPS
NRPS_gcf_390,NRPS
NRPS_gcf_391,NRPS
NRPS_gcf_392,NRPS
NRPS_gcf_393,NRPS
NRPS_gcf_394,NRPS
NRPS_gcf_395,NRPS
NRPS_gcf_396,NRPS
NRPS_gcf_397,NRPS
NRPS_gcf_398,NRPS
NRPS_gcf_399,NRPS
NRPS_gcf_4,NRPS
NRPS_gcf_40,NRPS
NRPS_gcf_400,NRPS
NRPS_gcf_401,NRPS
NRPS_gcf_402,NRPS
NRPS_gcf_403,NRPS
NRPS_gcf_404,NRPS
NRPS_gcf_405,NRPS
NRPS_gcf_406,NRPS
NRPS_gcf_407,NRPS
NRPS_gcf_408,NRPS
NRPS_gcf_409,NRPS
NRPS_gcf_41,NRPS
NRPS_gcf_410,NRPS
NRPS_gcf_411,NRPS
NRPS_gcf_412,NRPS
NRPS_gcf_413,NRPS
NRPS_gcf_414,NRPS
NRPS_gcf_415,NRPS
NRPS_gcf_416,NRPS
NRPS_gcf_417,NRPS
NRPS_gcf_418,NRPS
NRPS_gcf_419,NRPS
NRPS_gcf_42,NRPS
NRPS_gcf_420,NRPS
NRPS_gcf_421,NRPS
NRPS_gcf_422,NRPS
NRPS_gcf_423,NRPS
NRPS_gcf_424,NRPS
NRPS_gcf_425,NRPS
NRPS_gcf_426,NRPS
NRPS_gcf_427,NRPS
NRPS_gcf_428,NRPS
NRPS_gcf_429,NRPS
NRPS_gcf_43,NRPS
NRPS_gcf_430,NRPS
NRPS_gcf_431,NRPS
NRPS_gcf_432,NRPS
NRPS_gcf_433,NRPS
NRPS_gcf_434,NRPS
NRPS_gcf_435,NRPS
NRPS_gcf_436,NRPS
NRPS_gcf_437,NRPS
NRPS_gcf_438,NRPS
NRPS_gcf_439,NRPS
NRPS_gcf_44,NRPS
NRPS_gcf_440,NRPS
NRPS_gcf_441,NRPS
NRPS_gcf_442,NRPS
NRPS_gcf_443,NRPS
NRPS_gcf_444,NRPS
NRPS_gcf_445,NRPS
NRPS_gcf_446,NRPS
NRPS_gcf_447,NRPS
NRPS_gcf_448,NRPS
NRPS_gcf_449,NRPS
NRPS_gcf_45,NRPS
NRPS_gcf_450,NRPS
NRPS_gcf_451,NRPS
NRPS_gcf_452,NRPS
NRPS_gcf_453,NRPS
NRPS_gcf_454,NRPS
NRPS_gcf_455,NRPS
NRPS_gcf_456,NRPS
NRPS_gcf_457,NRPS
NRPS_gcf_458,NRPS
NRPS_gcf_459,NRPS
NRPS_gcf_46,NRPS
NRPS_gcf_460,NRPS
NRPS_gcf_461,NRPS
NRPS_gcf_462,NRPS
NRPS_gcf_463,NRPS
NRPS_gcf_464,NRPS
NRPS_gcf_465,NRPS
NRPS_gcf_466,NRPS
NRPS_gcf_467,NRPS
NRPS_gcf_468,NRPS
NRPS_gcf_469,NRPS
NRPS_gcf_47,NRPS
NRPS_gcf_470,NRPS
NRPS_gcf_471,NRPS
NRPS_gcf_472,NRPS
NRPS_gcf_473,NRPS
NRPS_gcf_474,NRPS
NRPS_gcf_475,NRPS
NRPS_gcf_476,NRPS
NRPS_gcf_477,NRPS
NRPS_gcf_478,NRPS
NRPS_gcf_479,NRPS
NRPS_gcf_48,NRPS
NRPS_gcf_480,NRPS
NRPS_gcf_481,NRPS
NRPS_gcf_482,NRPS
NRPS_gcf_483,NRPS
NRPS_gcf_484,NRPS
NRPS_gcf_485,NRPS
NRPS_gcf_486,NRPS
NRPS_gcf_487,NRPS
NRPS_gcf_488,NRPS
NRPS_gcf_489,NRPS
NRPS_gcf_49,NRPS
NRPS_gcf_490,NRPS
NRPS_gcf_491,NRPS
NRPS_gcf_492,NRPS
NRPS_gcf_493,NRPS
NRPS_gcf_494,NRPS
NRPS_gcf_495,NRPS
NRPS_gcf_496,NRPS
NRPS_gcf_497,NRPS
NRPS_gcf_498,NRPS
NRPS_gcf_499,NRPS
NRPS_gcf_5,NRPS
NRPS_gcf_50,NRPS
NRPS_gcf_500,NRPS
NRPS_gcf_501,NRPS
NRPS_gcf_502,NRPS
NRPS_gcf_503,NRPS
NRPS_gcf_504,NRPS
NRPS_gcf_505,NRPS
NRPS_gcf_506,NRPS
NRPS_gcf_507,NRPS
NRPS_gcf_508,NRPS
NRPS_gcf_509,NRPS
NRPS_gcf_51,NRPS
NRPS_gcf_510,NRPS
NRPS_gcf_511,NRPS
NRPS_gcf_512,NRPS
NRPS_gcf_513,NRPS
NRPS_gcf_514,NRPS
NRPS_gcf_515,NRPS
NRPS_gcf_516,NRPS
NRPS_gcf_517,NRPS
NRPS_gcf_518,NRPS
NRPS_gcf_519,NRPS
NRPS_gcf_52,NRPS
NRPS_gcf_520,NRPS
NRPS_gcf_521,NRPS
NRPS_gcf_522,NRPS
NRPS_gcf_523,NRPS
NRPS_gcf_524,NRPS
NRPS_gcf_525,NRPS
NRPS_gcf_526,NRPS
NRPS_gcf_527,NRPS
NRPS_gcf_528,NRPS
NRPS_gcf_529,NRPS
NRPS_gcf_53,NRPS
NRPS_gcf_530,NRPS
NRPS_gcf_531,NRPS
NRPS_gcf_532,NRPS
NRPS_gcf_533,NRPS
NRPS_gcf_534,NRPS
NRPS_gcf_535,NRPS
NRPS_gcf_536,NRPS
NRPS_gcf_537,NRPS
NRPS_gcf_538,NRPS
NRPS_gcf_539,NRPS
NRPS_gcf_54,NRPS
NRPS_gcf_540,NRPS
NRPS_gcf_541,NRPS
NRPS_gcf_542,NRPS
NRPS_gcf_543,NRPS
NRPS_gcf_544,NRPS
NRPS_gcf_545,NRPS
NRPS_gcf_546,NRPS
NRPS_gcf_547,NRPS
NRPS_gcf_548,NRPS
NRPS_gcf_549,NRPS
NRPS_gcf_55,NRPS
NRPS_gcf_550,NRPS
NRPS_gcf_551,NRPS
NRPS_gcf_552,NRPS
NRPS_gcf_553,NRPS
NRPS_gcf_554,NRPS
NRPS_gcf_555,NRPS
NRPS_gcf_556,NRPS
NRPS_gcf_557,NRPS
NRPS_gcf_558,NRPS
NRPS_gcf_559,NRPS
NRPS_gcf_56,NRPS
NRPS_gcf_560,NRPS
NRPS_gcf_561,NRPS
NRPS_gcf_562,NRPS
NRPS_gcf_563,NRPS
NRPS_gcf_564,NRPS
NRPS_gcf_565,NRPS
NRPS_gcf_566,NRPS
NRPS_gcf_567,NRPS
NRPS_gcf_568,NRPS
NRPS_gcf_569,NRPS
NRPS_gcf_57,NRPS
NRPS_gcf_570,NRPS
NRPS_gcf_571,NRPS
NRPS_gcf_572,NRPS
NRPS_gcf_573,NRPS
NRPS_gcf_574,NRPS
NRPS_gcf_575,NRPS
NRPS_gcf_576,NRPS
NRPS_gcf_577,NRPS
NRPS_gcf_578,NRPS
NRPS_gcf_579,NRPS
NRPS_gcf_58,NRPS
NRPS_gcf_580,NRPS
NRPS_gcf_581,NRPS
NRPS_gcf_582,NRPS
NRPS_gcf_583,NRPS
NRPS_gcf_584,NRPS
NRPS_gcf_585,NRPS
NRPS_gcf_586,NRPS
NRPS_gcf_587,NRPS
NRPS_gcf_588,NRPS
NRPS_gcf_589,NRPS
NRPS_gcf_59,NRPS
NRPS_gcf_590,NRPS
NRPS_gcf_591,NRPS
NRPS_gcf_592,NRPS
NRPS_gcf_593,NRPS
NRPS_gcf_594,NRPS
NRPS_gcf_595,NRPS
NRPS_gcf_596,NRPS
NRPS_gcf_597,NRPS
NRPS_gcf_598,NRPS
NRPS_gcf_599,NRPS
NRPS_gcf_6,NRPS
NRPS_gcf_60,NRPS
NRPS_gcf_600,NRPS
NRPS_gcf_601,NRPS
NRPS_gcf_602,NRPS
NRPS_gcf_603,NRPS
NRPS_gcf_604,NRPS
NRPS_gcf_605,NRPS
NRPS_gcf_606,NRPS
NRPS_gcf_607,NRPS
NRPS_gcf_608,NRPS
NRPS_gcf_609,NRPS
NRPS_gcf_61,NRPS
NRPS_gcf_610,NRPS
NRPS_gcf_611,NRPS
NRPS_gcf_612,NRPS
NRPS_gcf_613,NRPS
NRPS_gcf_614,NRPS
NRPS_gcf_615,NRPS
NRPS_gcf_616,NRPS
NRPS_gcf_617,NRPS
NRPS_gcf_618,NRPS
NRPS_gcf_619,NRPS
NRPS_gcf_62,NRPS
NRPS_gcf_620,NRPS
NRPS_gcf_621,NRPS
NRPS_gcf_622,NRPS
NRPS_gcf_623,NRPS
NRPS_gcf_624,NRPS
NRPS_gcf_625,NRPS
NRPS_gcf_626,NRPS
NRPS_gcf_627,NRPS
NRPS_gcf_628,NRPS
NRPS_gcf_629,NRPS
NRPS_gcf_63,NRPS
NRPS_gcf_630,NRPS
NRPS_gcf_631,NRPS
NRPS_gcf_632,NRPS
NRPS_gcf_633,NRPS
NRPS_gcf_634,NRPS
NRPS_gcf_635,NRPS
NRPS_gcf_636,NRPS
NRPS_gcf_637,NRPS
NRPS_gcf_638,NRPS
NRPS_gcf_639,NRPS
NRPS_gcf_64,NRPS
NRPS_gcf_640,NRPS
NRPS_gcf_641,NRPS
NRPS_gcf_642,NRPS
NRPS_gcf_643,NRPS
NRPS_gcf_644,NRPS
NRPS_gcf_645,NRPS
NRPS_gcf_646,NRPS
NRPS_gcf_647,NRPS
NRPS_gcf_648,NRPS
NRPS_gcf_649,NRPS
NRPS_gcf_65,NRPS
NRPS_gcf_650,NRPS
NRPS_gcf_651,NRPS
NRPS_gcf_652,NRPS
NRPS_gcf_653,NRPS
NRPS_gcf_654,NRPS
NRPS_gcf_655,NRPS
NRPS_gcf_656,NRPS
NRPS_gcf_657,NRPS
NRPS_gcf_658,NRPS
NRPS_gcf_659,NRPS
NRPS_gcf_66,NRPS
NRPS_gcf_660,NRPS
NRPS_gcf_661,NRPS
NRPS_gcf_662,NRPS
NRPS_gcf_663,NRPS
NRPS_gcf_664,NRPS
NRPS_gcf_665,NRPS
NRPS_gcf_666,NRPS
NRPS_gcf_667,NRPS
NRPS_gcf_668,NRPS
NRPS_gcf_669,NRPS
NRPS_gcf_67,NRPS
NRPS_gcf_670,NRPS
NRPS_gcf_671,NRPS
NRPS_gcf_672,NRPS
NRPS_gcf_673,NRPS
NRPS_gcf_674,NRPS
NRPS_gcf_675,NRPS
NRPS_gcf_676,NRPS
NRPS_gcf_677,NRPS
NRPS_gcf_678,NRPS
NRPS_gcf_679,NRPS
NRPS_gcf_68,NRPS
NRPS_gcf_680,NRPS
NRPS_gcf_681,NRPS
NRPS_gcf_682,NRPS
NRPS_gcf_683,NRPS
NRPS_gcf_684,NRPS
NRPS_gcf_685,NRPS
NRPS_gcf_686,NRPS
NRPS_gcf_687,NRPS
NRPS_gcf_688,NRPS
NRPS_gcf_689,NRPS
NRPS_gcf_69,NRPS
NRPS_gcf_690,NRPS
NRPS_gcf_691,NRPS
NRPS_gcf_692,NRPS
NRPS_gcf_693,NRPS
NRPS_gcf_694,NRPS
NRPS_gcf_695,NRPS
NRPS_gcf_696,NRPS
NRPS_gcf_697,NRPS
NRPS_gcf_698,NRPS
NRPS_gcf_699,NRPS
NRPS_gcf_7,NRPS
NRPS_gcf_70,NRPS
NRPS_gcf_700,NRPS
NRPS_gcf_701,NRPS
NRPS_gcf_702,NRPS
NRPS_gcf_703,NRPS
NRPS_gcf_704,NRPS
NRPS_gcf_7047,NRPS
NRPS_gcf_7048,NRPS
NRPS_gcf_7049,NRPS
NRPS_gcf_705,NRPS
NRPS_gcf_7050,NRPS
NRPS_gcf_7051,NRPS
NRPS_gcf_7052,NRPS
NRPS_gcf_7053,NRPS
NRPS_gcf_7054,NRPS
NRPS_gcf_7055,NRPS
NRPS_gcf_7056,NRPS
NRPS_gcf_7057,NRPS
NRPS_gcf_7058,NRPS
NRPS_gcf_7059,NRPS
NRPS_gcf_706,NRPS
NRPS_gcf_7060,NRPS
NRPS_gcf_7061,NRPS
NRPS_gcf_7062,NRPS
NRPS_gcf_7063,NRPS
NRPS_gcf_7064,NRPS
NRPS_gcf_7065,NRPS
NRPS_gcf_7066,NRPS
NRPS_gcf_7067,NRPS
NRPS_gcf_7068,NRPS
NRPS_gcf_7069,NRPS
NRPS_gcf_707,NRPS
NRPS_gcf_7070,NRPS
NRPS_gcf_7071,NRPS
NRPS_gcf_7072,NRPS
NRPS_gcf_7073,NRPS
NRPS_gcf_7074,NRPS
NRPS_gcf_7075,NRPS
NRPS_gcf_7076,NRPS
NRPS_gcf_7077,NRPS
NRPS_gcf_7078,NRPS
NRPS_gcf_7079,NRPS
NRPS_gcf_708,NRPS
NRPS_gcf_7080,NRPS
NRPS_gcf_7081,NRPS
NRPS_gcf_7082,NRPS
NRPS_gcf_7083,NRPS
NRPS_gcf_7084,NRPS
NRPS_gcf_7085,NRPS
NRPS_gcf_7086,NRPS
NRPS_gcf_7087,NRPS
NRPS_gcf_7088,NRPS
NRPS_gcf_7089,NRPS
NRPS_gcf_709,NRPS
NRPS_gcf_7090,NRPS
NRPS_gcf_7091,NRPS
NRPS_gcf_7092,NRPS
NRPS_gcf_7093,NRPS
NRPS_gcf_7094,NRPS
NRPS_gcf_7095,NRPS
NRPS_gcf_7096,NRPS
NRPS_gcf_7097,NRPS
NRPS_gcf_7098,NRPS
NRPS_gcf_7099,NRPS
NRPS_gcf_71,NRPS
NRPS_gcf_710,NRPS
NRPS_gcf_7100,NRPS
NRPS_gcf_7101,NRPS
NRPS_gcf_7102,NRPS
NRPS_gcf_7103,NRPS
NRPS_gcf_7104,NRPS
NRPS_gcf_7105,NRPS
NRPS_gcf_7106,NRPS
NRPS_gcf_7107,NRPS
NRPS_gcf_7108,NRPS
NRPS_gcf_7109,NRPS
NRPS_gcf_711,NRPS
NRPS_gcf_7110,NRPS
NRPS_gcf_7111,NRPS
NRPS_gcf_7112,NRPS
NRPS_gcf_7113,NRPS
NRPS_gcf_7114,NRPS
NRPS_gcf_7115,NRPS
NRPS_gcf_7116,NRPS
NRPS_gcf_7117,NRPS
NRPS_gcf_7118,NRPS
NRPS_gcf_7119,NRPS
NRPS_gcf_712,NRPS
NRPS_gcf_7120,NRPS
NRPS_gcf_7121,NRPS
NRPS_gcf_7122,NRPS
NRPS_gcf_7123,NRPS
NRPS_gcf_7124,NRPS
NRPS_gcf_7125,NRPS
NRPS_gcf_7126,NRPS
NRPS_gcf_7127,NRPS
NRPS_gcf_7128,NRPS
NRPS_gcf_7129,NRPS
NRPS_gcf_713,NRPS
NRPS_gcf_7130,NRPS
NRPS_gcf_7131,NRPS
NRPS_gcf_7132,NRPS
NRPS_gcf_7133,NRPS
NRPS_gcf_7134,NRPS
NRPS_gcf_7135,NRPS
NRPS_gcf_7136,NRPS
NRPS_gcf_7137,NRPS
NRPS_gcf_7138,NRPS
NRPS_gcf_7139,NRPS
NRPS_gcf_714,NRPS
NRPS_gcf_7140,NRPS
NRPS_gcf_7141,NRPS
NRPS_gcf_7142,NRPS
NRPS_gcf_7143,NRPS
NRPS_gcf_7144,NRPS
NRPS_gcf_7145,NRPS
NRPS_gcf_7146,NRPS
NRPS_gcf_7147,NRPS
NRPS_gcf_7148,NRPS
NRPS_gcf_7149,NRPS
NRPS_gcf_715,NRPS
NRPS_gcf_7150,NRPS
NRPS_gcf_7151,NRPS
NRPS_gcf_7152,NRPS
NRPS_gcf_7153,NRPS
NRPS_gcf_7154,NRPS
NRPS_gcf_7155,NRPS
NRPS_gcf_7156,NRPS
NRPS_gcf_7157,NRPS
NRPS_gcf_7158,NRPS
NRPS_gcf_7159,NRPS
NRPS_gcf_716,NRPS
NRPS_gcf_7160,NRPS
NRPS_gcf_7161,NRPS
NRPS_gcf_7162,NRPS
NRPS_gcf_7163,NRPS
NRPS_gcf_7164,NRPS
NRPS_gcf_7165,NRPS
NRPS_gcf_7166,NRPS
NRPS_gcf_7167,NRPS
NRPS_gcf_7168,NRPS
NRPS_gcf_7169,NRPS
NRPS_gcf_717,NRPS
NRPS_gcf_7170,NRPS
NRPS_gcf_7171,NRPS
NRPS_gcf_7172,NRPS
NRPS_gcf_7173,NRPS
NRPS_gcf_7174,NRPS
NRPS_gcf_7175,NRPS
NRPS_gcf_7176,NRPS
NRPS_gcf_7177,NRPS
NRPS_gcf_7178,NRPS
NRPS_gcf_7179,NRPS
NRPS_gcf_718,NRPS
NRPS_gcf_7180,NRPS
NRPS_gcf_7181,NRPS
NRPS_gcf_7182,NRPS
NRPS_gcf_7183,NRPS
NRPS_gcf_7184,NRPS
NRPS_gcf_7185,NRPS
NRPS_gcf_7186,NRPS
NRPS_gcf_7187,NRPS
NRPS_gcf_7188,NRPS
NRPS_gcf_7189,NRPS
NRPS_gcf_719,NRPS
NRPS_gcf_7190,NRPS
NRPS_gcf_7191,NRPS
NRPS_gcf_7192,NRPS
NRPS_gcf_7193,NRPS
NRPS_gcf_7194,NRPS
NRPS_gcf_7195,NRPS
NRPS_gcf_7196,NRPS
NRPS_gcf_7197,NRPS
NRPS_gcf_7198,NRPS
NRPS_gcf_7199,NRPS
NRPS_gcf_72,NRPS
NRPS_gcf_720,NRPS
NRPS_gcf_7200,NRPS
NRPS_gcf_7201,NRPS
NRPS_gcf_7202,NRPS
NRPS_gcf_7203,NRPS
NRPS_gcf_7204,NRPS
NRPS_gcf_7205,NRPS
NRPS_gcf_7206,NRPS
NRPS_gcf_7207,NRPS
NRPS_gcf_7208,NRPS
NRPS_gcf_7209,NRPS
NRPS_gcf_721,NRPS
NRPS_gcf_7210,NRPS
NRPS_gcf_7211,NRPS
NRPS_gcf_7212,NRPS
NRPS_gcf_7213,NRPS
NRPS_gcf_7214,NRPS
NRPS_gcf_7215,NRPS
NRPS_gcf_7216,NRPS
NRPS_gcf_7217,NRPS
NRPS_gcf_7218,NRPS
NRPS_gcf_7219,NRPS
NRPS_gcf_722,NRPS
NRPS_gcf_7220,NRPS
NRPS_gcf_7221,NRPS
NRPS_gcf_7222,NRPS
NRPS_gcf_7223,NRPS
NRPS_gcf_7224,NRPS
NRPS_gcf_7225,NRPS
NRPS_gcf_7226,NRPS
NRPS_gcf_7227,NRPS
NRPS_gcf_7228,NRPS
NRPS_gcf_7229,NRPS
NRPS_gcf_723,NRPS
NRPS_gcf_7230,NRPS
NRPS_gcf_7231,NRPS
NRPS_gcf_7232,NRPS
NRPS_gcf_7233,NRPS
NRPS_gcf_7234,NRPS
NRPS_gcf_7235,NRPS
NRPS_gcf_7236,NRPS
NRPS_gcf_7237,NRPS
NRPS_gcf_7238,NRPS
NRPS_gcf_7239,NRPS
NRPS_gcf_724,NRPS
NRPS_gcf_7240,NRPS
NRPS_gcf_7241,NRPS
NRPS_gcf_7242,NRPS
NRPS_gcf_7243,NRPS
NRPS_gcf_7244,NRPS
NRPS_gcf_7245,NRPS
NRPS_gcf_7246,NRPS
NRPS_gcf_7247,NRPS
NRPS_gcf_7248,NRPS
NRPS_gcf_7249,NRPS
NRPS_gcf_725,NRPS
NRPS_gcf_7250,NRPS
NRPS_gcf_7251,NRPS
NRPS_gcf_7252,NRPS
NRPS_gcf_7253,NRPS
NRPS_gcf_7254,NRPS
NRPS_gcf_7255,NRPS
NRPS_gcf_7256,NRPS
NRPS_gcf_7257,NRPS
NRPS_gcf_7258,NRPS
NRPS_gcf_7259,NRPS
NRPS_gcf_726,NRPS
NRPS_gcf_7260,NRPS
NRPS_gcf_7261,NRPS
NRPS_gcf_7262,NRPS
NRPS_gcf_7263,NRPS
NRPS_gcf_7264,NRPS
NRPS_gcf_7265,NRPS
NRPS_gcf_7266,NRPS
NRPS_gcf_7267,NRPS
NRPS_gcf_7268,NRPS
NRPS_gcf_7269,NRPS
NRPS_gcf_727,NRPS
NRPS_gcf_7270,NRPS
NRPS_gcf_7271,NRPS
NRPS_gcf_7272,NRPS
NRPS_gcf_7273,NRPS
NRPS_gcf_7274,NRPS
NRPS_gcf_7275,NRPS
NRPS_gcf_7276,NRPS
NRPS_gcf_7277,NRPS
NRPS_gcf_7278,NRPS
NRPS_gcf_7279,NRPS
NRPS_gcf_728,NRPS
NRPS_gcf_7280,NRPS
NRPS_gcf_7281,NRPS
NRPS_gcf_7282,NRPS
NRPS_gcf_7283,NRPS
NRPS_gcf_7284,NRPS
NRPS_gcf_7285,NRPS
NRPS_gcf_7286,NRPS
NRPS_gcf_7287,NRPS
NRPS_gcf_7288,NRPS
NRPS_gcf_7289,NRPS
NRPS_gcf_729,NRPS
NRPS_gcf_7290,NRPS
NRPS_gcf_7291,NRPS
NRPS_gcf_7292,NRPS
NRPS_gcf_7293,NRPS
NRPS_gcf_7294,NRPS
NRPS_gcf_7295,NRPS
NRPS_gcf_7296,NRPS
NRPS_gcf_7297,NRPS
NRPS_gcf_7298,NRPS
NRPS_gcf_7299,NRPS
NRPS_gcf_73,NRPS
NRPS_gcf_730,NRPS
NRPS_gcf_7300,NRPS
NRPS_gcf_7301,NRPS
NRPS_gcf_7302,NRPS
NRPS_gcf_7303,NRPS
NRPS_gcf_7304,NRPS
NRPS_gcf_7305,NRPS
NRPS_gcf_7306,NRPS
NRPS_gcf_7307,NRPS
NRPS_gcf_7308,NRPS
NRPS_gcf_7309,NRPS
NRPS_gcf_731,NRPS
NRPS_gcf_7310,NRPS
NRPS_gcf_7311,NRPS
NRPS_gcf_7312,NRPS
NRPS_gcf_7313,NRPS
NRPS_gcf_7314,NRPS
NRPS_gcf_7315,NRPS
NRPS_gcf_7316,NRPS
NRPS_gcf_7317,NRPS
NRPS_gcf_7318,NRPS
NRPS_gcf_7319,NRPS
NRPS_gcf_732,NRPS
NRPS_gcf_733,NRPS
NRPS_gcf_734,NRPS
NRPS_gcf_735,NRPS
NRPS_gcf_736,NRPS
NRPS_gcf_737,NRPS
NRPS_gcf_738,NRPS
NRPS_gcf_739,NRPS
NRPS_gcf_74,NRPS
NRPS_gcf_740,NRPS
NRPS_gcf_741,NRPS
NRPS_gcf_742,NRPS
NRPS_gcf_743,NRPS
NRPS_gcf_744,NRPS
NRPS_gcf_745,NRPS
NRPS_gcf_746,NRPS
NRPS_gcf_747,NRPS
NRPS_gcf_748,NRPS
NRPS_gcf_749,NRPS
NRPS_gcf_75,NRPS
NRPS_gcf_750,NRPS
NRPS_gcf_751,NRPS
NRPS_gcf_752,NRPS
NRPS_gcf_753,NRPS
NRPS_gcf_754,NRPS
NRPS_gcf_755,NRPS
NRPS_gcf_756,NRPS
NRPS_gcf_757,NRPS
NRPS_gcf_758,NRPS
NRPS_gcf_759,NRPS
NRPS_gcf_76,NRPS
NRPS_gcf_760,NRPS
NRPS_gcf_761,NRPS
NRPS_gcf_762,NRPS
NRPS_gcf_763,NRPS
NRPS_gcf_764,NRPS
NRPS_gcf_765,NRPS
NRPS_gcf_766,NRPS
NRPS_gcf_767,NRPS
NRPS_gcf_768,NRPS
NRPS_gcf_769,NRPS
NRPS_gcf_77,NRPS
NRPS_gcf_770,NRPS
NRPS_gcf_771,NRPS
NRPS_gcf_772,NRPS
NRPS_gcf_773,NRPS
NRPS_gcf_774,NRPS
NRPS_gcf_775,NRPS
NRPS_gcf_776,NRPS
NRPS_gcf_777,NRPS
NRPS_gcf_778,NRPS
NRPS_gcf_779,NRPS
NRPS_gcf_78,NRPS
NRPS_gcf_780,NRPS
NRPS_gcf_781,NRPS
NRPS_gcf_782,NRPS
NRPS_gcf_783,NRPS
NRPS_gcf_784,NRPS
NRPS_gcf_785,NRPS
NRPS_gcf_786,NRPS
NRPS_gcf_787,NRPS
NRPS_gcf_788,NRPS
NRPS_gcf_789,NRPS
NRPS_gcf_79,NRPS
NRPS_gcf_790,NRPS
NRPS_gcf_791,NRPS
NRPS_gcf_792,NRPS
NRPS_gcf_793,NRPS
NRPS_gcf_794,NRPS
NRPS_gcf_795,NRPS
NRPS_gcf_796,NRPS
NRPS_gcf_797,NRPS
NRPS_gcf_798,NRPS
NRPS_gcf_799,NRPS
NRPS_gcf_8,NRPS
NRPS_gcf_80,NRPS
NRPS_gcf_800,NRPS
NRPS_gcf_801,NRPS
NRPS_gcf_802,NRPS
NRPS_gcf_803,NRPS
NRPS_gcf_804,NRPS
NRPS_gcf_805,NRPS
NRPS_gcf_806,NRPS
NRPS_gcf_807,NRPS
NRPS_gcf_808,NRPS
NRPS_gcf_809,NRPS
NRPS_gcf_81,NRPS
NRPS_gcf_810,NRPS
NRPS_gcf_811,NRPS
NRPS_gcf_812,NRPS
NRPS_gcf_813,NRPS
NRPS_gcf_814,NRPS
NRPS_gcf_815,NRPS
NRPS_gcf_816,NRPS
NRPS_gcf_817,NRPS
NRPS_gcf_818,NRPS
NRPS_gcf_819,NRPS
NRPS_gcf_82,NRPS
NRPS_gcf_820,NRPS
NRPS_gcf_821,NRPS
NRPS_gcf_822,NRPS
NRPS_gcf_823,NRPS
NRPS_gcf_824,NRPS
NRPS_gcf_825,NRPS
NRPS_gcf_826,NRPS
NRPS_gcf_827,NRPS
NRPS_gcf_828,NRPS
NRPS_gcf_829,NRPS
NRPS_gcf_83,NRPS
NRPS_gcf_830,NRPS
NRPS_gcf_831,NRPS
NRPS_gcf_832,NRPS
NRPS_gcf_833,NRPS
NRPS_gcf_834,NRPS
NRPS_gcf_835,NRPS
NRPS_gcf_836,NRPS
NRPS_gcf_837,NRPS
NRPS_gcf_838,NRPS
NRPS_gcf_839,NRPS
NRPS_gcf_84,NRPS
NRPS_gcf_840,NRPS
NRPS_gcf_841,NRPS
NRPS_gcf_842,NRPS
NRPS_gcf_843,NRPS
NRPS_gcf_844,NRPS
NRPS_gcf_845,NRPS
NRPS_gcf_846,NRPS
NRPS_gcf_847,NRPS
NRPS_gcf_848,NRPS
NRPS_gcf_8488,NRPS
NRPS_gcf_8489,NRPS
NRPS_gcf_849,NRPS
NRPS_gcf_8490,NRPS
NRPS_gcf_8491,NRPS
NRPS_gcf_8492,NRPS
NRPS_gcf_8493,NRPS
NRPS_gcf_8494,NRPS
NRPS_gcf_8495,NRPS
NRPS_gcf_8496,NRPS
NRPS_gcf_8497,NRPS
NRPS_gcf_8498,NRPS
NRPS_gcf_8499,NRPS
NRPS_gcf_85,NRPS
NRPS_gcf_850,NRPS
NRPS_gcf_8500,NRPS
NRPS_gcf_8502,NRPS
NRPS_gcf_8503,NRPS
NRPS_gcf_8504,NRPS
NRPS_gcf_8505,NRPS
NRPS_gcf_8506,NRPS
NRPS_gcf_8507,NRPS
NRPS_gcf_8508,NRPS
NRPS_gcf_8509,NRPS
NRPS_gcf_851,NRPS
NRPS_gcf_8510,NRPS
NRPS_gcf_8511,NRPS
NRPS_gcf_8512,NRPS
NRPS_gcf_8513,NRPS
NRPS_gcf_8514,NRPS
NRPS_gcf_8515,NRPS
NRPS_gcf_8516,NRPS
NRPS_gcf_8517,NRPS
NRPS_gcf_852,NRPS
NRPS_gcf_853,NRPS
NRPS_gcf_854,NRPS
NRPS_gcf_855,NRPS
NRPS_gcf_856,NRPS
NRPS_gcf_857,NRPS
NRPS_gcf_858,NRPS
NRPS_gcf_859,NRPS
NRPS_gcf_86,NRPS
NRPS_gcf_860,NRPS
NRPS_gcf_861,NRPS
NRPS_gcf_862,NRPS
NRPS_gcf_8623,NRPS
NRPS_gcf_8624,NRPS
NRPS_gcf_8625,NRPS
NRPS_gcf_8627,NRPS
NRPS_gcf_8628,NRPS
NRPS_gcf_8629,NRPS
NRPS_gcf_863,NRPS
NRPS_gcf_8630,NRPS
NRPS_gcf_8631,NRPS
NRPS_gcf_8633,NRPS
NRPS_gcf_8634,NRPS
NRPS_gcf_8635,NRPS
NRPS_gcf_8636,NRPS
NRPS_gcf_8637,NRPS
NRPS_gcf_8638,NRPS
NRPS_gcf_864,NRPS
NRPS_gcf_8640,NRPS
NRPS_gcf_8641,NRPS
NRPS_gcf_865,NRPS
NRPS_gcf_866,NRPS
NRPS_gcf_867,NRPS
NRPS_gcf_8675,NRPS
NRPS_gcf_8676,NRPS
NRPS_gcf_8677,NRPS
NRPS_gcf_8678,NRPS
NRPS_gcf_8679,NRPS
NRPS_gcf_868,NRPS
NRPS_gcf_8680,NRPS
NRPS_gcf_8681,NRPS
NRPS_gcf_8682,NRPS
NRPS_gcf_8683,NRPS
NRPS_gcf_869,NRPS
NRPS_gcf_87,NRPS
NRPS_gcf_870,NRPS
NRPS_gcf_871,NRPS
NRPS_gcf_872,NRPS
NRPS_gcf_873,NRPS
NRPS_gcf_874,NRPS
NRPS_gcf_8741,NRPS
NRPS_gcf_8742,NRPS
NRPS_gcf_8743,NRPS
NRPS_gcf_8744,NRPS
NRPS_gcf_8745,NRPS
NRPS_gcf_8746,NRPS
NRPS_gcf_8747,NRPS
NRPS_gcf_875,NRPS
NRPS_gcf_876,NRPS
NRPS_gcf_877,NRPS
NRPS_gcf_878,NRPS
NRPS_gcf_879,NRPS
NRPS_gcf_88,NRPS
NRPS_gcf_880,NRPS
NRPS_gcf_881,NRPS
NRPS_gcf_882,NRPS
NRPS_gcf_883,NRPS
NRPS_gcf_884,NRPS
NRPS_gcf_885,NRPS
NRPS_gcf_886,NRPS
NRPS_gcf_887,NRPS
NRPS_gcf_888,NRPS
NRPS_gcf_889,NRPS
NRPS_gcf_89,NRPS
NRPS_gcf_890,NRPS
NRPS_gcf_891,NRPS
NRPS_gcf_892,NRPS
NRPS_gcf_893,NRPS
NRPS_gcf_894,NRPS
NRPS_gcf_895,NRPS
NRPS_gcf_896,NRPS
NRPS_gcf_897,NRPS
NRPS_gcf_898,NRPS
NRPS_gcf_899,NRPS
NRPS_gcf_9,NRPS
NRPS_gcf_90,NRPS
NRPS_gcf_900,NRPS
NRPS_gcf_901,NRPS
NRPS_gcf_902,NRPS
NRPS_gcf_903,NRPS
NRPS_gcf_904,NRPS
NRPS_gcf_905,NRPS
NRPS_gcf_906,NRPS
NRPS_gcf_907,NRPS
NRPS_gcf_908,NRPS
NRPS_gcf_909,NRPS
NRPS_gcf_91,NRPS
NRPS_gcf_910,NRPS
NRPS_gcf_911,NRPS
NRPS_gcf_912,NRPS
NRPS_gcf_913,NRPS
NRPS_gcf_914,NRPS
NRPS_gcf_915,NRPS
NRPS_gcf_916,NRPS
NRPS_gcf_917,NRPS
NRPS_gcf_918,NRPS
NRPS_gcf_919,NRPS
NRPS_gcf_92,NRPS
NRPS_gcf_920,NRPS
NRPS_gcf_921,NRPS
NRPS_gcf_922,NRPS
NRPS_gcf_923,NRPS
NRPS_gcf_924,NRPS
NRPS_gcf_925,NRPS
NRPS_gcf_926,NRPS
NRPS_gcf_927,NRPS
NRPS_gcf_928,NRPS
NRPS_gcf_929,NRPS
NRPS_gcf_93,NRPS
NRPS_gcf_930,NRPS
NRPS_gcf_931,NRPS
NRPS_gcf_932,NRPS
NRPS_gcf_933,NRPS
NRPS_gcf_934,NRPS
NRPS_gcf_935,NRPS
NRPS_gcf_936,NRPS
NRPS_gcf_937,NRPS
NRPS_gcf_938,NRPS
NRPS_gcf_939,NRPS
NRPS_gcf_94,NRPS
NRPS_gcf_940,NRPS
NRPS_gcf_941,NRPS
NRPS_gcf_942,NRPS
NRPS_gcf_943,NRPS
NRPS_gcf_944,NRPS
NRPS_gcf_945,NRPS
NRPS_gcf_946,NRPS
NRPS_gcf_947,NRPS
NRPS_gcf_948,NRPS
NRPS_gcf_949,NRPS
NRPS_gcf_95,NRPS
NRPS_gcf_950,NRPS
NRPS_gcf_951,NRPS
NRPS_gcf_952,NRPS
NRPS_gcf_953,NRPS
NRPS_gcf_954,NRPS
NRPS_gcf_955,NRPS
NRPS_gcf_956,NRPS
NRPS_gcf_957,NRPS
NRPS_gcf_958,NRPS
NRPS_gcf_959,NRPS
NRPS_gcf_96,NRPS
NRPS_gcf_960,NRPS
NRPS_gcf_961,NRPS
NRPS_gcf_962,NRPS
NRPS_gcf_963,NRPS
NRPS_gcf_964,NRPS
NRPS_gcf_965,NRPS
NRPS_gcf_966,NRPS
NRPS_gcf_967,NRPS
NRPS_gcf_968,NRPS
NRPS_gcf_969,NRPS
NRPS_gcf_97,NRPS
NRPS_gcf_970,NRPS
NRPS_gcf_971,NRPS
NRPS_gcf_972,NRPS
NRPS_gcf_973,NRPS
NRPS_gcf_974,NRPS
NRPS_gcf_975,NRPS
NRPS_gcf_976,NRPS
NRPS_gcf_977,NRPS
NRPS_gcf_978,NRPS
NRPS_gcf_979,NRPS
NRPS_gcf_98,NRPS
NRPS_gcf_980,NRPS
NRPS_gcf_981,NRPS
NRPS_gcf_982,NRPS
NRPS_gcf_983,NRPS
NRPS_gcf_984,NRPS
NRPS_gcf_985,NRPS
NRPS_gcf_986,NRPS
NRPS_gcf_987,NRPS
NRPS_gcf_988,NRPS
NRPS_gcf_989,NRPS
NRPS_gcf_99,NRPS
NRPS_gcf_990,NRPS
NRPS_gcf_991,NRPS
NRPS_gcf_992,NRPS
NRPS_gcf_993,NRPS
NRPS_gcf_994,NRPS
NRPS_gcf_995,NRPS
NRPS_gcf_996,NRPS
NRPS_gcf_997,NRPS
NRPS_gcf_998,NRPS
NRPS_gcf_999,NRPS
PKS_gcf_5975,PKS
PKS_gcf_5976,PKS
PKS_gcf_5977,PKS
PKS_gcf_5978,PKS
PKS_gcf_5979,PKS
PKS_gcf_5980,PKS
PKS_gcf_5981,PKS
PKS_gcf_5982,PKS
PKS_gcf_5983,PKS
PKS_gcf_5984,PKS
PKS_gcf_5985,PKS
PKS_gcf_5986,PKS
PKS_gcf_5987,PKS
PKS_gcf_5988,PKS
PKS_gcf_5989,PKS
PKS_gcf_5990,PKS
PKS_gcf_5991,PKS
PKS_gcf_5992,PKS
PKS_gcf_5993,PKS
PKS_gcf_5994,PKS
PKS_gcf_5995,PKS
PKS_gcf_5996,PKS
PKS_gcf_5997,PKS
PKS_gcf_5998,PKS
PKS_gcf_5999,PKS
PKS_gcf_6000,PKS
PKS_gcf_6001,PKS
PKS_gcf_6002,PKS
PKS_gcf_6003,PKS
PKS_gcf_6004,PKS
PKS_gcf_6005,PKS
PKS_gcf_6006,PKS
PKS_gcf_6007,PKS
PKS_gcf_6008,PKS
PKS_gcf_6009,PKS
PKS_gcf_6010,PKS
PKS_gcf_6011,PKS
PKS_gcf_6012,PKS
PKS_gcf_6013,PKS
PKS_gcf_6014,PKS
PKS_gcf_6015,PKS
PKS_gcf_6016,PKS
PKS_gcf_6017,PKS
PKS_gcf_6018,PKS
PKS_gcf_6019,PKS
PKS_gcf_6020,PKS
PKS_gcf_6021,PKS
PKS_gcf_6022,PKS
PKS_gcf_6023,PKS
PKS_gcf_6024,PKS
PKS_gcf_6025,PKS
PKS_gcf_6026,PKS
PKS_gcf_6027,PKS
PKS_gcf_6028,PKS
PKS_gcf_6029,PKS
PKS_gcf_6030,PKS
PKS_gcf_6031,PKS
PKS_gcf_6032,PKS
PKS_gcf_6033,PKS
PKS_gcf_6034,PKS
PKS_gcf_6035,PKS
PKS_gcf_6036,PKS
PKS_gcf_6037,PKS
PKS_gcf_6038,PKS
PKS_gcf_6039,PKS
PKS_gcf_6040,PKS
PKS_gcf_6041,PKS
PKS_gcf_6042,PKS
PKS_gcf_6043,PKS
PKS_gcf_6044,PKS
PKS_gcf_6045,PKS
PKS_gcf_6046,PKS
PKS_gcf_6047,PKS
PKS_gcf_6048,PKS
PKS_gcf_6049,PKS
PKS_gcf_6050,PKS
PKS_gcf_6051,PKS
PKS_gcf_6052,PKS
PKS_gcf_6053,PKS
PKS_gcf_6054,PKS
PKS_gcf_6055,PKS
PKS_gcf_6056,PKS
PKS_gcf_6057,PKS
PKS_gcf_6058,PKS
PKS_gcf_6059,PKS
PKS_gcf_6060,PKS
PKS_gcf_6061,PKS
PKS_gcf_6062,PKS
PKS_gcf_6063,PKS
PKS_gcf_6064,PKS
PKS_gcf_6065,PKS
PKS_gcf_6066,PKS
PKS_gcf_6067,PKS
PKS_gcf_6068,PKS
PKS_gcf_6069,PKS
PKS_gcf_6070,PKS
PKS_gcf_6071,PKS
PKS_gcf_6072,PKS
PKS_gcf_6073,PKS
PKS_gcf_6074,PKS
PKS_gcf_6075,PKS
PKS_gcf_6076,PKS
PKS_gcf_6077,PKS
PKS_gcf_6078,PKS
PKS_gcf_6079,PKS
PKS_gcf_6080,PKS
PKS_gcf_6081,PKS
PKS_gcf_6082,PKS
PKS_gcf_6083,PKS
PKS_gcf_6084,PKS
PKS_gcf_6085,PKS
PKS_gcf_6086,PKS
PKS_gcf_6087,PKS
PKS_gcf_6088,PKS
PKS_gcf_6089,PKS
PKS_gcf_6090,PKS
PKS_gcf_6091,PKS
PKS_gcf_6092,PKS
PKS_gcf_6093,PKS
PKS_gcf_6094,PKS
PKS_gcf_6095,PKS
PKS_gcf_6096,PKS
PKS_gcf_6097,PKS
PKS_gcf_6098,PKS
PKS_gcf_6099,PKS
PKS_gcf_6100,PKS
PKS_gcf_6101,PKS
PKS_gcf_6102,PKS
PKS_gcf_6103,PKS
PKS_gcf_6104,PKS
PKS_gcf_6105,PKS
PKS_gcf_6106,PKS
PKS_gcf_6107,PKS
PKS_gcf_6108,PKS
PKS_gcf_6109,PKS
PKS_gcf_6110,PKS
PKS_gcf_6111,PKS
PKS_gcf_6112,PKS
PKS_gcf_6113,PKS
PKS_gcf_6114,PKS
PKS_gcf_6115,PKS
PKS_gcf_6116,PKS
PKS_gcf_6117,PKS
PKS_gcf_6118,PKS
PKS_gcf_6119,PKS
PKS_gcf_6120,PKS
PKS_gcf_6121,PKS
PKS_gcf_6122,PKS
PKS_gcf_6123,PKS
PKS_gcf_6124,PKS
PKS_gcf_6125,PKS
PKS_gcf_6126,PKS
PKS_gcf_6127,PKS
PKS_gcf_6128,PKS
PKS_gcf_6129,PKS
PKS_gcf_6130,PKS
PKS_gcf_6131,PKS
PKS_gcf_6132,PKS
PKS_gcf_6133,PKS
PKS_gcf_6134,PKS
PKS_gcf_6135,PKS
PKS_gcf_6136,PKS
PKS_gcf_6137,PKS
PKS_gcf_6138,PKS
PKS_gcf_6139,PKS
PKS_gcf_6140,PKS
PKS_gcf_6141,PKS
PKS_gcf_6142,PKS
PKS_gcf_6143,PKS
PKS_gcf_6144,PKS
PKS_gcf_6145,PKS
PKS_gcf_6146,PKS
PKS_gcf_6147,PKS
PKS_gcf_6148,PKS
PKS_gcf_6149,PKS
PKS_gcf_6150,PKS
PKS_gcf_6151,PKS
PKS_gcf_6152,PKS
PKS_gcf_6153,PKS
PKS_gcf_6154,PKS
PKS_gcf_6155,PKS
PKS_gcf_6156,PKS
PKS_gcf_6157,PKS
PKS_gcf_6158,PKS
PKS_gcf_6159,PKS
PKS_gcf_6160,PKS
PKS_gcf_6161,PKS
PKS_gcf_6162,PKS
PKS_gcf_6163,PKS
PKS_gcf_6164,PKS
PKS_gcf_6165,PKS
PKS_gcf_6166,PKS
PKS_gcf_6167,PKS
PKS_gcf_6168,PKS
PKS_gcf_6169,PKS
PKS_gcf_6170,PKS
PKS_gcf_6171,PKS
PKS_gcf_6172,PKS
PKS_gcf_6173,PKS
PKS_gcf_6174,PKS
PKS_gcf_6175,PKS
PKS_gcf_6176,PKS
PKS_gcf_6177,PKS
PKS_gcf_6178,PKS
PKS_gcf_6179,PKS
PKS_gcf_6180,PKS
PKS_gcf_6181,PKS
PKS_gcf_6182,PKS
PKS_gcf_6183,PKS
PKS_gcf_6184,PKS
PKS_gcf_6185,PKS
PKS_gcf_6186,PKS
PKS_gcf_6187,PKS
PKS_gcf_6188,PKS
PKS_gcf_6189,PKS
PKS_gcf_6190,PKS
PKS_gcf_6191,PKS
PKS_gcf_6192,PKS
PKS_gcf_6193,PKS
PKS_gcf_6194,PKS
PKS_gcf_6195,PKS
PKS_gcf_6196,PKS
PKS_gcf_6197,PKS
PKS_gcf_6198,PKS
PKS_gcf_6199,PKS
PKS_gcf_6200,PKS
PKS_gcf_6201,PKS
PKS_gcf_6202,PKS
PKS_gcf_6203,PKS
PKS_gcf_6204,PKS
PKS_gcf_6205,PKS
PKS_gcf_6206,PKS
PKS_gcf_6207,PKS
PKS_gcf_6208,PKS
PKS_gcf_6209,PKS
PKS_gcf_6210,PKS
PKS_gcf_6211,PKS
PKS_gcf_6212,PKS
PKS_gcf_6213,PKS
PKS_gcf_6214,PKS
PKS_gcf_6215,PKS
PKS_gcf_6216,PKS
PKS_gcf_6217,PKS
PKS_gcf_6218,PKS
PKS_gcf_6219,PKS
PKS_gcf_6220,PKS
PKS_gcf_6221,PKS
PKS_gcf_6222,PKS
PKS_gcf_6223,PKS
PKS_gcf_6224,PKS
PKS_gcf_6225,PKS
PKS_gcf_6226,PKS
PKS_gcf_6227,PKS
PKS_gcf_6228,PKS
PKS_gcf_6229,PKS
PKS_gcf_6230,PKS
PKS_gcf_6231,PKS
PKS_gcf_6232,PKS
PKS_gcf_6233,PKS
PKS_gcf_6234,PKS
PKS_gcf_6235,PKS
PKS_gcf_6236,PKS
PKS_gcf_6237,PKS
PKS_gcf_6238,PKS
PKS_gcf_6239,PKS
PKS_gcf_6240,PKS
PKS_gcf_6241,PKS
PKS_gcf_6242,PKS
PKS_gcf_6243,PKS
PKS_gcf_6244,PKS
PKS_gcf_6245,PKS
PKS_gcf_6246,PKS
PKS_gcf_6247,PKS
PKS_gcf_6248,PKS
PKS_gcf_6249,PKS
PKS_gcf_6250,PKS
PKS_gcf_6251,PKS
PKS_gcf_6252,PKS
PKS_gcf_6253,PKS
PKS_gcf_6254,PKS
PKS_gcf_6255,PKS
PKS_gcf_6256,PKS
PKS_gcf_6257,PKS
PKS_gcf_6258,PKS
PKS_gcf_6259,PKS
PKS_gcf_6260,PKS
PKS_gcf_6261,PKS
PKS_gcf_6262,PKS
PKS_gcf_6263,PKS
PKS_gcf_6264,PKS
PKS_gcf_6265,PKS
PKS_gcf_6266,PKS
PKS_gcf_6267,PKS
PKS_gcf_6268,PKS
PKS_gcf_6269,PKS
PKS_gcf_6270,PKS
PKS_gcf_6271,PKS
PKS_gcf_6272,PKS
PKS_gcf_6273,PKS
PKS_gcf_6274,PKS
PKS_gcf_6275,PKS
PKS_gcf_6276,PKS
PKS_gcf_6277,PKS
PKS_gcf_6278,PKS
PKS_gcf_6279,PKS
PKS_gcf_6280,PKS
PKS_gcf_6281,PKS
PKS_gcf_6282,PKS
PKS_gcf_6283,PKS
PKS_gcf_6284,PKS
PKS_gcf_6285,PKS
PKS_gcf_6286,PKS
PKS_gcf_6287,PKS
PKS_gcf_6288,PKS
PKS_gcf_6289,PKS
PKS_gcf_6290,PKS
PKS_gcf_6291,PKS
PKS_gcf_6292,PKS
PKS_gcf_6293,PKS
PKS_gcf_6294,PKS
PKS_gcf_6295,PKS
PKS_gcf_6296,PKS
PKS_gcf_6297,PKS
PKS_gcf_6298,PKS
PKS_gcf_6299,PKS
PKS_gcf_6300,PKS
PKS_gcf_6301,PKS
PKS_gcf_6302,PKS
PKS_gcf_6303,PKS
PKS_gcf_6304,PKS
PKS_gcf_6305,PKS
PKS_gcf_6306,PKS
PKS_gcf_6307,PKS
PKS_gcf_6308,PKS
PKS_gcf_6309,PKS
PKS_gcf_6310,PKS
PKS_gcf_6311,PKS
PKS_gcf_6312,PKS
PKS_gcf_6313,PKS
PKS_gcf_6314,PKS
PKS_gcf_6315,PKS
PKS_gcf_6316,PKS
PKS_gcf_6317,PKS
PKS_gcf_6318,PKS
PKS_gcf_6319,PKS
PKS_gcf_6320,PKS
PKS_gcf_6321,PKS
PKS_gcf_6322,PKS
PKS_gcf_6323,PKS
PKS_gcf_6324,PKS
PKS_gcf_6325,PKS
PKS_gcf_6326,PKS
PKS_gcf_6327,PKS
PKS_gcf_6328,PKS
PKS_gcf_6329,PKS
PKS_gcf_6330,PKS
PKS_gcf_6331,PKS
PKS_gcf_6332,PKS
PKS_gcf_6333,PKS
PKS_gcf_6334,PKS
PKS_gcf_6335,PKS
PKS_gcf_6336,PKS
PKS_gcf_6337,PKS
PKS_gcf_6338,PKS
PKS_gcf_6339,PKS
PKS_gcf_6340,PKS
PKS_gcf_6341,PKS
PKS_gcf_6342,PKS
PKS_gcf_6343,PKS
PKS_gcf_6344,PKS
PKS_gcf_6345,PKS
PKS_gcf_6346,PKS
PKS_gcf_6347,PKS
PKS_gcf_6348,PKS
PKS_gcf_6349,PKS
PKS_gcf_6350,PKS
PKS_gcf_6351,PKS
PKS_gcf_6352,PKS
PKS_gcf_6353,PKS
PKS_gcf_6354,PKS
PKS_gcf_6355,PKS
PKS_gcf_6356,PKS
PKS_gcf_6357,PKS
PKS_gcf_6358,PKS
PKS_gcf_6359,PKS
PKS_gcf_6360,PKS
PKS_gcf_6361,PKS
PKS_gcf_6362,PKS
PKS_gcf_6363,PKS
PKS_gcf_6364,PKS
PKS_gcf_6365,PKS
PKS_gcf_6366,PKS
PKS_gcf_6367,PKS
PKS_gcf_6368,PKS
PKS_gcf_6369,PKS
PKS_gcf_6370,PKS
PKS_gcf_6371,PKS
PKS_gcf_6372,PKS
PKS_gcf_6373,PKS
PKS_gcf_6374,PKS
PKS_gcf_6375,PKS
PKS_gcf_6376,PKS
PKS_gcf_6377,PKS
PKS_gcf_6378,PKS
PKS_gcf_6379,PKS
PKS_gcf_6380,PKS
PKS_gcf_6381,PKS
PKS_gcf_6382,PKS
PKS_gcf_6383,PKS
PKS_gcf_6384,PKS
PKS_gcf_6385,PKS
PKS_gcf_6386,PKS
PKS_gcf_6387,PKS
PKS_gcf_6388,PKS
PKS_gcf_6389,PKS
PKS_gcf_6390,PKS
PKS_gcf_6391,PKS
PKS_gcf_6392,PKS
PKS_gcf_6393,PKS
PKS_gcf_6394,PKS
PKS_gcf_6395,PKS
PKS_gcf_6396,PKS
PKS_gcf_6397,PKS
PKS_gcf_6398,PKS
PKS_gcf_6399,PKS
PKS_gcf_6400,PKS
PKS_gcf_6401,PKS
PKS_gcf_6402,PKS
PKS_gcf_6403,PKS
PKS_gcf_6404,PKS
PKS_gcf_6405,PKS
PKS_gcf_6406,PKS
PKS_gcf_6407,PKS
PKS_gcf_6408,PKS
PKS_gcf_6409,PKS
PKS_gcf_6410,PKS
PKS_gcf_6411,PKS
PKS_gcf_6412,PKS
PKS_gcf_6413,PKS
PKS_gcf_6414,PKS
PKS_gcf_6415,PKS
PKS_gcf_6416,PKS
PKS_gcf_6417,PKS
PKS_gcf_6418,PKS
PKS_gcf_6419,PKS
PKS_gcf_6420,PKS
PKS_gcf_6421,PKS
PKS_gcf_6422,PKS
PKS_gcf_6423,PKS
PKS_gcf_6424,PKS
PKS_gcf_6425,PKS
PKS_gcf_6426,PKS
PKS_gcf_6427,PKS
PKS_gcf_6428,PKS
PKS_gcf_6429,PKS
PKS_gcf_6430,PKS
PKS_gcf_6431,PKS
PKS_gcf_6432,PKS
PKS_gcf_6433,PKS
PKS_gcf_6434,PKS
PKS_gcf_6435,PKS
PKS_gcf_6436,PKS
PKS_gcf_6437,PKS
PKS_gcf_6438,PKS
PKS_gcf_6439,PKS
PKS_gcf_6440,PKS
PKS_gcf_6441,PKS
PKS_gcf_6442,PKS
PKS_gcf_6443,PKS
PKS_gcf_6444,PKS
PKS_gcf_6445,PKS
PKS_gcf_6446,PKS
PKS_gcf_6447,PKS
PKS_gcf_6448,PKS
PKS_gcf_6449,PKS
PKS_gcf_6450,PKS
PKS_gcf_6451,PKS
PKS_gcf_6452,PKS
PKS_gcf_6453,PKS
PKS_gcf_6454,PKS
PKS_gcf_6455,PKS
PKS_gcf_6456,PKS
PKS_gcf_6457,PKS
PKS_gcf_6458,PKS
PKS_gcf_6459,PKS
PKS_gcf_6460,PKS
PKS_gcf_6461,PKS
PKS_gcf_6462,PKS
PKS_gcf_6463,PKS
PKS_gcf_6464,PKS
PKS_gcf_6465,PKS
PKS_gcf_6466,PKS
PKS_gcf_6467,PKS
PKS_gcf_6468,PKS
PKS_gcf_6469,PKS
PKS_gcf_6470,PKS
PKS_gcf_6471,PKS
PKS_gcf_6472,PKS
PKS_gcf_6473,PKS
PKS_gcf_6474,PKS
PKS_gcf_6475,PKS
PKS_gcf_6476,PKS
PKS_gcf_6477,PKS
PKS_gcf_6478,PKS
PKS_gcf_6479,PKS
PKS_gcf_6480,PKS
PKS_gcf_6481,PKS
PKS_gcf_6482,PKS
PKS_gcf_6483,PKS
PKS_gcf_6484,PKS
PKS_gcf_6485,PKS
PKS_gcf_6486,PKS
PKS_gcf_6487,PKS
PKS_gcf_6488,PKS
PKS_gcf_6489,PKS
PKS_gcf_6490,PKS
PKS_gcf_6491,PKS
PKS_gcf_6492,PKS
PKS_gcf_6493,PKS
PKS_gcf_6494,PKS
PKS_gcf_6495,PKS
PKS_gcf_6496,PKS
PKS_gcf_6497,PKS
PKS_gcf_6498,PKS
PKS_gcf_6499,PKS
PKS_gcf_6500,PKS
PKS_gcf_6501,PKS
PKS_gcf_6502,PKS
PKS_gcf_6503,PKS
PKS_gcf_6504,PKS
PKS_gcf_6505,PKS
PKS_gcf_6506,PKS
PKS_gcf_6507,PKS
PKS_gcf_6508,PKS
PKS_gcf_6509,PKS
PKS_gcf_6510,PKS
PKS_gcf_6511,PKS
PKS_gcf_6512,PKS
PKS_gcf_6513,PKS
PKS_gcf_6514,PKS
PKS_gcf_6515,PKS
PKS_gcf_6516,PKS
PKS_gcf_6517,PKS
PKS_gcf_6518,PKS
PKS_gcf_6519,PKS
PKS_gcf_6520,PKS
PKS_gcf_6521,PKS
PKS_gcf_6522,PKS
PKS_gcf_6523,PKS
PKS_gcf_6524,PKS
PKS_gcf_6525,PKS
PKS_gcf_6526,PKS
PKS_gcf_6527,PKS
PKS_gcf_6528,PKS
PKS_gcf_6529,PKS
PKS_gcf_6530,PKS
PKS_gcf_6531,PKS
PKS_gcf_6532,PKS
PKS_gcf_6533,PKS
PKS_gcf_6534,PKS
PKS_gcf_6535,PKS
PKS_gcf_6536,PKS
PKS_gcf_6537,PKS
PKS_gcf_6538,PKS
PKS_gcf_6539,PKS
PKS_gcf_6540,PKS
PKS_gcf_6541,PKS
PKS_gcf_6542,PKS
PKS_gcf_6543,PKS
PKS_gcf_6544,PKS
PKS_gcf_6545,PKS
PKS_gcf_6546,PKS
PKS_gcf_6547,PKS
PKS_gcf_6548,PKS
PKS_gcf_6549,PKS
PKS_gcf_6550,PKS
PKS_gcf_6551,PKS
PKS_gcf_6552,PKS
PKS_gcf_6553,PKS
PKS_gcf_6554,PKS
PKS_gcf_6555,PKS
PKS_gcf_6556,PKS
PKS_gcf_6557,PKS
PKS_gcf_6558,PKS
PKS_gcf_6559,PKS
PKS_gcf_6560,PKS
PKS_gcf_6561,PKS
PKS_gcf_6562,PKS
PKS_gcf_6563,PKS
PKS_gcf_6564,PKS
PKS_gcf_6565,PKS
PKS_gcf_6566,PKS
PKS_gcf_6567,PKS
PKS_gcf_6568,PKS
PKS_gcf_6569,PKS
PKS_gcf_6570,PKS
PKS_gcf_6571,PKS
PKS_gcf_6572,PKS
PKS_gcf_6573,PKS
PKS_gcf_6574,PKS
PKS_gcf_6575,PKS
PKS_gcf_6576,PKS
PKS_gcf_6577,PKS
PKS_gcf_6578,PKS
PKS_gcf_6579,PKS
PKS_gcf_6580,PKS
PKS_gcf_6581,PKS
PKS_gcf_6582,PKS
PKS_gcf_6583,PKS
PKS_gcf_6584,PKS
PKS_gcf_6585,PKS
PKS_gcf_6586,PKS
PKS_gcf_6587,PKS
PKS_gcf_6588,PKS
PKS_gcf_6589,PKS
PKS_gcf_6590,PKS
PKS_gcf_6591,PKS
PKS_gcf_6592,PKS
PKS_gcf_6593,PKS
PKS_gcf_6594,PKS
PKS_gcf_6595,PKS
PKS_gcf_6596,PKS
PKS_gcf_6597,PKS
PKS_gcf_6598,PKS
PKS_gcf_6599,PKS
PKS_gcf_6600,PKS
PKS_gcf_6601,PKS
PKS_gcf_6602,PKS
PKS_gcf_6603,PKS
PKS_gcf_6604,PKS
PKS_gcf_6605,PKS
PKS_gcf_6606,PKS
PKS_gcf_6607,PKS
PKS_gcf_6608,PKS
PKS_gcf_6609,PKS
PKS_gcf_6610,PKS
PKS_gcf_6611,PKS
PKS_gcf_6612,PKS
PKS_gcf_6613,PKS
PKS_gcf_6614,PKS
PKS_gcf_6615,PKS
PKS_gcf_6616,PKS
PKS_gcf_6617,PKS
PKS_gcf_6618,PKS
PKS_gcf_6619,PKS
PKS_gcf_6620,PKS
PKS_gcf_6621,PKS
PKS_gcf_6622,PKS
PKS_gcf_6623,PKS
PKS_gcf_6624,PKS
PKS_gcf_6625,PKS
PKS_gcf_6626,PKS
PKS_gcf_6627,PKS
PKS_gcf_6628,PKS
PKS_gcf_6629,PKS
PKS_gcf_6630,PKS
PKS_gcf_6631,PKS
PKS_gcf_6632,PKS
PKS_gcf_6633,PKS
PKS_gcf_6634,PKS
PKS_gcf_6635,PKS
PKS_gcf_6636,PKS
PKS_gcf_6637,PKS
PKS_gcf_6638,PKS
PKS_gcf_6639,PKS
PKS_gcf_6640,PKS
PKS_gcf_6641,PKS
PKS_gcf_6642,PKS
PKS_gcf_6643,PKS
PKS_gcf_6644,PKS
PKS_gcf_6645,PKS
PKS_gcf_6646,PKS
PKS_gcf_6647,PKS
PKS_gcf_6648,PKS
PKS_gcf_6649,PKS
PKS_gcf_6650,PKS
PKS_gcf_6651,PKS
PKS_gcf_6652,PKS
PKS_gcf_6653,PKS
PKS_gcf_6654,PKS
PKS_gcf_6655,PKS
PKS_gcf_6656,PKS
PKS_gcf_6657,PKS
PKS_gcf_6658,PKS
PKS_gcf_6659,PKS
PKS_gcf_6660,PKS
PKS_gcf_6661,PKS
PKS_gcf_6662,PKS
PKS_gcf_6663,PKS
PKS_gcf_6664,PKS
PKS_gcf_6665,PKS
PKS_gcf_6666,PKS
PKS_gcf_6667,PKS
PKS_gcf_6668,PKS
PKS_gcf_6669,PKS
PKS_gcf_6670,PKS
PKS_gcf_6671,PKS
PKS_gcf_6672,PKS
PKS_gcf_6673,PKS
PKS_gcf_6674,PKS
PKS_gcf_6675,PKS
PKS_gcf_6676,PKS
PKS_gcf_6677,PKS
PKS_gcf_6678,PKS
PKS_gcf_6679,PKS
PKS_gcf_6680,PKS
PKS_gcf_6681,PKS
PKS_gcf_6682,PKS
PKS_gcf_6683,PKS
PKS_gcf_6684,PKS
PKS_gcf_6685,PKS
PKS_gcf_6686,PKS
PKS_gcf_6687,PKS
PKS_gcf_6688,PKS
PKS_gcf_6689,PKS
PKS_gcf_6690,PKS
PKS_gcf_6691,PKS
PKS_gcf_6692,PKS
PKS_gcf_6693,PKS
PKS_gcf_6694,PKS
PKS_gcf_6695,PKS
PKS_gcf_6696,PKS
PKS_gcf_6697,PKS
PKS_gcf_6698,PKS
PKS_gcf_6699,PKS
PKS_gcf_6700,PKS
PKS_gcf_6701,PKS
PKS_gcf_6702,PKS
PKS_gcf_6703,PKS
PKS_gcf_6704,PKS
PKS_gcf_6705,PKS
PKS_gcf_6706,PKS
PKS_gcf_6707,PKS
PKS_gcf_6708,PKS
PKS_gcf_6709,PKS
PKS_gcf_6710,PKS
PKS_gcf_6711,PKS
PKS_gcf_6712,PKS
PKS_gcf_6713,PKS
PKS_gcf_6714,PKS
PKS_gcf_6715,PKS
PKS_gcf_6716,PKS
PKS_gcf_6717,PKS
PKS_gcf_6718,PKS
PKS_gcf_6719,PKS
PKS_gcf_6720,PKS
PKS_gcf_6721,PKS
PKS_gcf_6722,PKS
PKS_gcf_6723,PKS
PKS_gcf_6724,PKS
PKS_gcf_6725,PKS
PKS_gcf_6726,PKS
PKS_gcf_6727,PKS
PKS_gcf_6728,PKS
PKS_gcf_6729,PKS
PKS_gcf_6730,PKS
PKS_gcf_6731,PKS
PKS_gcf_6732,PKS
PKS_gcf_6733,PKS
PKS_gcf_6734,PKS
PKS_gcf_6735,PKS
PKS_gcf_6736,PKS
PKS_gcf_6737,PKS
PKS_gcf_6738,PKS
PKS_gcf_6739,PKS
PKS_gcf_6740,PKS
PKS_gcf_6741,PKS
PKS_gcf_6742,PKS
PKS_gcf_6743,PKS
PKS_gcf_6744,PKS
PKS_gcf_6745,PKS
PKS_gcf_6746,PKS
PKS_gcf_6747,PKS
PKS_gcf_6748,PKS
PKS_gcf_6749,PKS
PKS_gcf_6750,PKS
PKS_gcf_6751,PKS
PKS_gcf_6752,PKS
PKS_gcf_6753,PKS
PKS_gcf_6754,PKS
PKS_gcf_6755,PKS
PKS_gcf_6756,PKS
PKS_gcf_6757,PKS
PKS_gcf_6758,PKS
PKS_gcf_6759,PKS
PKS_gcf_6760,PKS
PKS_gcf_6761,PKS
PKS_gcf_6762,PKS
PKS_gcf_6763,PKS
PKS_gcf_6764,PKS
PKS_gcf_6765,PKS
PKS_gcf_6766,PKS
PKS_gcf_6767,PKS
PKS_gcf_6768,PKS
PKS_gcf_6769,PKS
PKS_gcf_6770,PKS
PKS_gcf_6771,PKS
PKS_gcf_6772,PKS
PKS_gcf_6773,PKS
PKS_gcf_6774,PKS
PKS_gcf_6775,PKS
PKS_gcf_6776,PKS
PKS_gcf_6777,PKS
PKS_gcf_6778,PKS
PKS_gcf_6779,PKS
PKS_gcf_6780,PKS
PKS_gcf_6781,PKS
PKS_gcf_6782,PKS
PKS_gcf_6783,PKS
PKS_gcf_6784,PKS
PKS_gcf_6785,PKS
PKS_gcf_6786,PKS
PKS_gcf_6787,PKS
PKS_gcf_6788,PKS
PKS_gcf_6789,PKS
PKS_gcf_6790,PKS
PKS_gcf_6791,PKS
PKS_gcf_6792,PKS
PKS_gcf_6793,PKS
PKS_gcf_6794,PKS
PKS_gcf_6795,PKS
PKS_gcf_6796,PKS
PKS_gcf_6797,PKS
PKS_gcf_6798,PKS
PKS_gcf_6799,PKS
PKS_gcf_6800,PKS
PKS_gcf_6801,PKS
PKS_gcf_6802,PKS
PKS_gcf_6803,PKS
PKS_gcf_6804,PKS
PKS_gcf_6805,PKS
PKS_gcf_6806,PKS
PKS_gcf_6807,PKS
PKS_gcf_6808,PKS
PKS_gcf_6809,PKS
PKS_gcf_6810,PKS
PKS_gcf_6811,PKS
PKS_gcf_6812,PKS
PKS_gcf_6813,PKS
PKS_gcf_6814,PKS
PKS_gcf_6815,PKS
PKS_gcf_6816,PKS
PKS_gcf_6817,PKS
PKS_gcf_6818,PKS
PKS_gcf_6819,PKS
PKS_gcf_6820,PKS
PKS_gcf_6821,PKS
PKS_gcf_6822,PKS
PKS_gcf_6823,PKS
PKS_gcf_6824,PKS
PKS_gcf_6825,PKS
PKS_gcf_6826,PKS
PKS_gcf_6827,PKS
PKS_gcf_6828,PKS
PKS_gcf_6829,PKS
PKS_gcf_6830,PKS
PKS_gcf_6831,PKS
PKS_gcf_6832,PKS
PKS_gcf_6833,PKS
PKS_gcf_6834,PKS
PKS_gcf_6835,PKS
PKS_gcf_6836,PKS
PKS_gcf_6837,PKS
PKS_gcf_6838,PKS
PKS_gcf_6839,PKS
PKS_gcf_6840,PKS
PKS_gcf_6841,PKS
PKS_gcf_6842,PKS
PKS_gcf_6843,PKS
PKS_gcf_6844,PKS
PKS_gcf_6845,PKS
PKS_gcf_6846,PKS
PKS_gcf_6847,PKS
PKS_gcf_6848,PKS
PKS_gcf_6849,PKS
PKS_gcf_6850,PKS
PKS_gcf_6851,PKS
PKS_gcf_6852,PKS
PKS_gcf_6853,PKS
PKS_gcf_6854,PKS
PKS_gcf_6855,PKS
PKS_gcf_6856,PKS
PKS_gcf_6857,PKS
PKS_gcf_6858,PKS
PKS_gcf_6859,PKS
PKS_gcf_6860,PKS
PKS_gcf_6861,PKS
PKS_gcf_6862,PKS
PKS_gcf_6863,PKS
PKS_gcf_6864,PKS
PKS_gcf_6865,PKS
PKS_gcf_6866,PKS
PKS_gcf_6867,PKS
PKS_gcf_6868,PKS
PKS_gcf_6869,PKS
PKS_gcf_6870,PKS
PKS_gcf_6871,PKS
PKS_gcf_6872,PKS
PKS_gcf_6873,PKS
PKS_gcf_6874,PKS
PKS_gcf_6875,PKS
PKS_gcf_6876,PKS
PKS_gcf_6877,PKS
PKS_gcf_6878,PKS
PKS_gcf_6879,PKS
PKS_gcf_6880,PKS
PKS_gcf_6881,PKS
PKS_gcf_6882,PKS
PKS_gcf_6883,PKS
PKS_gcf_6884,PKS
PKS_gcf_6885,PKS
PKS_gcf_6886,PKS
PKS_gcf_6887,PKS
PKS_gcf_6888,PKS
PKS_gcf_6889,PKS
PKS_gcf_6890,PKS
PKS_gcf_6891,PKS
PKS_gcf_6892,PKS
PKS_gcf_6893,PKS
PKS_gcf_6894,PKS
PKS_gcf_6895,PKS
PKS_gcf_6896,PKS
PKS_gcf_6897,PKS
PKS_gcf_6898,PKS
PKS_gcf_6899,PKS
PKS_gcf_6900,PKS
PKS_gcf_6901,PKS
PKS_gcf_6902,PKS
PKS_gcf_6903,PKS
PKS_gcf_6904,PKS
PKS_gcf_6905,PKS
PKS_gcf_6906,PKS
PKS_gcf_6907,PKS
PKS_gcf_6908,PKS
PKS_gcf_6909,PKS
PKS_gcf_6910,PKS
PKS_gcf_6911,PKS
PKS_gcf_6912,PKS
PKS_gcf_6913,PKS
PKS_gcf_6914,PKS
PKS_gcf_6915,PKS
PKS_gcf_6916,PKS
PKS_gcf_6917,PKS
PKS_gcf_6918,PKS
PKS_gcf_6919,PKS
PKS_gcf_6920,PKS
PKS_gcf_6921,PKS
PKS_gcf_6922,PKS
PKS_gcf_6923,PKS
PKS_gcf_6924,PKS
PKS_gcf_6925,PKS
PKS_gcf_6926,PKS
PKS_gcf_6927,PKS
PKS_gcf_6928,PKS
PKS_gcf_6929,PKS
PKS_gcf_6930,PKS
PKS_gcf_6931,PKS
PKS_gcf_6932,PKS
PKS_gcf_6933,PKS
PKS_gcf_6934,PKS
PKS_gcf_6935,PKS
PKS_gcf_6936,PKS
PKS_gcf_6937,PKS
PKS_gcf_6938,PKS
PKS_gcf_6939,PKS
PKS_gcf_6940,PKS
PKS_gcf_6941,PKS
PKS_gcf_6942,PKS
PKS_gcf_6943,PKS
PKS_gcf_6944,PKS
PKS_gcf_6945,PKS
PKS_gcf_6946,PKS
PKS_gcf_6947,PKS
PKS_gcf_6948,PKS
PKS_gcf_6949,PKS
PKS_gcf_6950,PKS
PKS_gcf_6951,PKS
PKS_gcf_6952,PKS
PKS_gcf_6953,PKS
PKS_gcf_6954,PKS
PKS_gcf_6955,PKS
PKS_gcf_6956,PKS
PKS_gcf_6957,PKS
PKS_gcf_6958,PKS
PKS_gcf_6959,PKS
PKS_gcf_6960,PKS
PKS_gcf_6961,PKS
PKS_gcf_6962,PKS
PKS_gcf_6963,PKS
PKS_gcf_6964,PKS
PKS_gcf_6965,PKS
PKS_gcf_6966,PKS
PKS_gcf_6967,PKS
PKS_gcf_6968,PKS
PKS_gcf_6969,PKS
PKS_gcf_6970,PKS
PKS_gcf_6971,PKS
PKS_gcf_6972,PKS
PKS_gcf_6973,PKS
PKS_gcf_6974,PKS
PKS_gcf_6975,PKS
PKS_gcf_6976,PKS
PKS_gcf_6977,PKS
PKS_gcf_6978,PKS
PKS_gcf_6979,PKS
PKS_gcf_6980,PKS
PKS_gcf_6981,PKS
PKS_gcf_6982,PKS
PKS_gcf_6983,PKS
PKS_gcf_6984,PKS
PKS_gcf_6985,PKS
PKS_gcf_6986,PKS
PKS_gcf_6987,PKS
PKS_gcf_6988,PKS
PKS_gcf_6989,PKS
PKS_gcf_6990,PKS
PKS_gcf_6991,PKS
PKS_gcf_6992,PKS
PKS_gcf_6993,PKS
PKS_gcf_6994,PKS
PKS_gcf_6995,PKS
PKS_gcf_6996,PKS
PKS_gcf_6997,PKS
PKS_gcf_6998,PKS
PKS_gcf_6999,PKS
PKS_gcf_7000,PKS
PKS_gcf_7001,PKS
PKS_gcf_7002,PKS
PKS_gcf_7003,PKS
PKS_gcf_7004,PKS
PKS_gcf_7005,PKS
PKS_gcf_7006,PKS
PKS_gcf_7007,PKS
PKS_gcf_7008,PKS
PKS_gcf_7009,PKS
PKS_gcf_7010,PKS
PKS_gcf_7011,PKS
PKS_gcf_7012,PKS
PKS_gcf_7013,PKS
PKS_gcf_7014,PKS
PKS_gcf_7015,PKS
PKS_gcf_7016,PKS
PKS_gcf_7017,PKS
PKS_gcf_7018,PKS
PKS_gcf_7019,PKS
PKS_gcf_7020,PKS
PKS_gcf_7021,PKS
PKS_gcf_7022,PKS
PKS_gcf_7023,PKS
PKS_gcf_7024,PKS
PKS_gcf_7025,PKS
PKS_gcf_7026,PKS
PKS_gcf_7027,PKS
PKS_gcf_7028,PKS
PKS_gcf_7029,PKS
PKS_gcf_7030,PKS
PKS_gcf_7031,PKS
PKS_gcf_7032,PKS
PKS_gcf_7033,PKS
PKS_gcf_7034,PKS
PKS_gcf_7035,PKS
PKS_gcf_7036,PKS
PKS_gcf_7037,PKS
PKS_gcf_7038,PKS
PKS_gcf_7039,PKS
PKS_gcf_7040,PKS
PKS_gcf_7041,PKS
PKS_gcf_7042,PKS
PKS_gcf_7043,PKS
PKS_gcf_7044,PKS
PKS_gcf_7045,PKS
PKS_gcf_7046,PKS
PKS_gcf_8563,PKS
PKS_gcf_8564,PKS
PKS_gcf_8567,PKS
PKS_gcf_8582,PKS
PKS_gcf_8584,PKS
PKS_gcf_8585,PKS
PKS_gcf_8588,PKS
PKS_gcf_8589,PKS
PKS_gcf_8590,PKS
PKS_gcf_8593,PKS
PKS_gcf_8594,PKS
PKS_gcf_8595,PKS
PKS_gcf_8596,PKS
PKS_gcf_8598,PKS
PKS_gcf_8599,PKS
PKS_gcf_8602,PKS
PKS_gcf_8604,PKS
PKS_gcf_8605,PKS
PKS_gcf_8606,PKS
PKS_gcf_8609,PKS
PKS_gcf_8610,PKS
PKS_gcf_8613,PKS
PKS_gcf_8614,PKS
PKS_gcf_8615,PKS
PKS_gcf_8616,PKS
PKS_gcf_8619,PKS
PKS_gcf_8620,PKS
RiPP_gcf_3714,RiPP
RiPP_gcf_3715,RiPP
RiPP_gcf_3716,RiPP
RiPP_gcf_3717,RiPP
RiPP_gcf_3718,RiPP
RiPP_gcf_3719,RiPP
RiPP_gcf_3720,RiPP
RiPP_gcf_3721,RiPP
RiPP_gcf_3722,RiPP
RiPP_gcf_3723,RiPP
RiPP_gcf_3724,RiPP
RiPP_gcf_3725,RiPP
RiPP_gcf_3726,RiPP
RiPP_gcf_3727,RiPP
RiPP_gcf_3728,RiPP
RiPP_gcf_3729,RiPP
RiPP_gcf_3730,RiPP
RiPP_gcf_3731,RiPP
RiPP_gcf_3732,RiPP
RiPP_gcf_3733,RiPP
RiPP_gcf_3734,RiPP
RiPP_gcf_3735,RiPP
RiPP_gcf_3736,RiPP
RiPP_gcf_3737,RiPP
RiPP_gcf_3738,RiPP
RiPP_gcf_3739,RiPP
RiPP_gcf_3740,RiPP
RiPP_gcf_3741,RiPP
RiPP_gcf_3742,RiPP
RiPP_gcf_3743,RiPP
RiPP_gcf_3744,RiPP
RiPP_gcf_3745,RiPP
RiPP_gcf_3746,RiPP
RiPP_gcf_3747,RiPP
RiPP_gcf_3748,RiPP
RiPP_gcf_3749,RiPP
RiPP_gcf_3750,RiPP
RiPP_gcf_3751,RiPP
RiPP_gcf_3752,RiPP
RiPP_gcf_3753,RiPP
RiPP_gcf_3754,RiPP
RiPP_gcf_3755,RiPP
RiPP_gcf_3756,RiPP
RiPP_gcf_3757,RiPP
RiPP_gcf_3758,RiPP
RiPP_gcf_3759,RiPP
RiPP_gcf_3760,RiPP
RiPP_gcf_3761,RiPP
RiPP_gcf_3762,RiPP
RiPP_gcf_3763,RiPP
RiPP_gcf_3764,RiPP
RiPP_gcf_3765,RiPP
RiPP_gcf_3766,RiPP
RiPP_gcf_3767,RiPP
RiPP_gcf_3768,RiPP
RiPP_gcf_3769,RiPP
RiPP_gcf_3770,RiPP
RiPP_gcf_3771,RiPP
RiPP_gcf_3772,RiPP
RiPP_gcf_3773,RiPP
RiPP_gcf_3774,RiPP
RiPP_gcf_3775,RiPP
RiPP_gcf_3776,RiPP
RiPP_gcf_3777,RiPP
RiPP_gcf_3778,RiPP
RiPP_gcf_3779,RiPP
RiPP_gcf_3780,RiPP
RiPP_gcf_3781,RiPP
RiPP_gcf_3782,RiPP
RiPP_gcf_3783,RiPP
RiPP_gcf_3784,RiPP
RiPP_gcf_3785,RiPP
RiPP_gcf_3786,RiPP
RiPP_gcf_3787,RiPP
RiPP_gcf_3788,RiPP
RiPP_gcf_3789,RiPP
RiPP_gcf_3790,RiPP
RiPP_gcf_3791,RiPP
RiPP_gcf_3792,RiPP
RiPP_gcf_3793,RiPP
RiPP_gcf_3794,RiPP
RiPP_gcf_3795,RiPP
RiPP_gcf_3796,RiPP
RiPP_gcf_3797,RiPP
RiPP_gcf_3798,RiPP
RiPP_gcf_3799,RiPP
RiPP_gcf_3800,RiPP
RiPP_gcf_3801,RiPP
RiPP_gcf_3802,RiPP
RiPP_gcf_3803,RiPP
RiPP_gcf_3804,RiPP
RiPP_gcf_3805,RiPP
RiPP_gcf_3806,RiPP
RiPP_gcf_3807,RiPP
RiPP_gcf_3808,RiPP
RiPP_gcf_3809,RiPP
RiPP_gcf_3810,RiPP
RiPP_gcf_3811,RiPP
RiPP_gcf_3812,RiPP
RiPP_gcf_3813,RiPP
RiPP_gcf_3814,RiPP
RiPP_gcf_3815,RiPP
RiPP_gcf_3816,RiPP
RiPP_gcf_3817,RiPP
RiPP_gcf_3818,RiPP
RiPP_gcf_3819,RiPP
RiPP_gcf_3820,RiPP
RiPP_gcf_3821,RiPP
RiPP_gcf_3822,RiPP
RiPP_gcf_3823,RiPP
RiPP_gcf_3824,RiPP
RiPP_gcf_3825,RiPP
RiPP_gcf_3826,RiPP
RiPP_gcf_3827,RiPP
RiPP_gcf_3828,RiPP
RiPP_gcf_3829,RiPP
RiPP_gcf_3830,RiPP
RiPP_gcf_3831,RiPP
RiPP_gcf_3832,RiPP
RiPP_gcf_3833,RiPP
RiPP_gcf_3834,RiPP
RiPP_gcf_3835,RiPP
RiPP_gcf_3836,RiPP
RiPP_gcf_3837,RiPP
RiPP_gcf_3838,RiPP
RiPP_gcf_3839,RiPP
RiPP_gcf_3840,RiPP
RiPP_gcf_3841,RiPP
RiPP_gcf_3842,RiPP
RiPP_gcf_3843,RiPP
RiPP_gcf_3844,RiPP
RiPP_gcf_3845,RiPP
RiPP_gcf_3846,RiPP
RiPP_gcf_3847,RiPP
RiPP_gcf_3848,RiPP
RiPP_gcf_3849,RiPP
RiPP_gcf_3850,RiPP
RiPP_gcf_3851,RiPP
RiPP_gcf_3852,RiPP
RiPP_gcf_3853,RiPP
RiPP_gcf_3854,RiPP
RiPP_gcf_3855,RiPP
RiPP_gcf_3856,RiPP
RiPP_gcf_3857,RiPP
RiPP_gcf_3858,RiPP
RiPP_gcf_3859,RiPP
RiPP_gcf_3860,RiPP
RiPP_gcf_3861,RiPP
RiPP_gcf_3862,RiPP
RiPP_gcf_3863,RiPP
RiPP_gcf_3864,RiPP
RiPP_gcf_3865,RiPP
RiPP_gcf_3866,RiPP
RiPP_gcf_3867,RiPP
RiPP_gcf_3868,RiPP
RiPP_gcf_3869,RiPP
RiPP_gcf_3870,RiPP
RiPP_gcf_3871,RiPP
RiPP_gcf_3872,RiPP
RiPP_gcf_3873,RiPP
RiPP_gcf_3874,RiPP
RiPP_gcf_3875,RiPP
RiPP_gcf_3876,RiPP
RiPP_gcf_3877,RiPP
RiPP_gcf_3878,RiPP
RiPP_gcf_3879,RiPP
RiPP_gcf_3880,RiPP
RiPP_gcf_3881,RiPP
RiPP_gcf_3882,RiPP
RiPP_gcf_3883,RiPP
RiPP_gcf_3884,RiPP
RiPP_gcf_3885,RiPP
RiPP_gcf_3886,RiPP
RiPP_gcf_3887,RiPP
RiPP_gcf_3888,RiPP
RiPP_gcf_3889,RiPP
RiPP_gcf_3890,RiPP
RiPP_gcf_3891,RiPP
RiPP_gcf_3892,RiPP
RiPP_gcf_3896,RiPP
RiPP_gcf_3897,RiPP
RiPP_gcf_3898,RiPP
RiPP_gcf_3899,RiPP
RiPP_gcf_3900,RiPP
RiPP_gcf_3901,RiPP
RiPP_gcf_3902,RiPP
RiPP_gcf_3903,RiPP
RiPP_gcf_3904,RiPP
RiPP_gcf_3905,RiPP
RiPP_gcf_3906,RiPP
RiPP_gcf_3907,RiPP
RiPP_gcf_3908,RiPP
RiPP_gcf_3909,RiPP
RiPP_gcf_3910,RiPP
RiPP_gcf_3911,RiPP
RiPP_gcf_3912,RiPP
RiPP_gcf_3913,RiPP
RiPP_gcf_3914,RiPP
RiPP_gcf_3915,RiPP
RiPP_gcf_3916,RiPP
RiPP_gcf_3917,RiPP
RiPP_gcf_3918,RiPP
RiPP_gcf_3919,RiPP
RiPP_gcf_3920,RiPP
RiPP_gcf_3921,RiPP
RiPP_gcf_3922,RiPP
RiPP_gcf_3923,RiPP
RiPP_gcf_3924,RiPP
RiPP_gcf_3925,RiPP
RiPP_gcf_3926,RiPP
RiPP_gcf_3927,RiPP
RiPP_gcf_3928,RiPP
RiPP_gcf_3929,RiPP
RiPP_gcf_3930,RiPP
RiPP_gcf_3931,RiPP
RiPP_gcf_3932,RiPP
RiPP_gcf_3933,RiPP
RiPP_gcf_3934,RiPP
RiPP_gcf_3935,RiPP
RiPP_gcf_3936,RiPP
RiPP_gcf_3937,RiPP
RiPP_gcf_3938,RiPP
RiPP_gcf_3939,RiPP
RiPP_gcf_3940,RiPP
RiPP_gcf_3941,RiPP
RiPP_gcf_3942,RiPP
RiPP_gcf_3943,RiPP
RiPP_gcf_3944,RiPP
RiPP_gcf_3945,RiPP
RiPP_gcf_3946,RiPP
RiPP_gcf_3947,RiPP
RiPP_gcf_3948,RiPP
RiPP_gcf_3949,RiPP
RiPP_gcf_3950,RiPP
RiPP_gcf_3951,RiPP
RiPP_gcf_3952,RiPP
RiPP_gcf_3953,RiPP
RiPP_gcf_3954,RiPP
RiPP_gcf_3955,RiPP
RiPP_gcf_3956,RiPP
RiPP_gcf_3957,RiPP
RiPP_gcf_3958,RiPP
RiPP_gcf_3959,RiPP
RiPP_gcf_3960,RiPP
RiPP_gcf_3961,RiPP
RiPP_gcf_3962,RiPP
RiPP_gcf_3963,RiPP
RiPP_gcf_3964,RiPP
RiPP_gcf_3965,RiPP
RiPP_gcf_3966,RiPP
RiPP_gcf_3967,RiPP
RiPP_gcf_3968,RiPP
RiPP_gcf_3969,RiPP
RiPP_gcf_3970,RiPP
RiPP_gcf_3971,RiPP
RiPP_gcf_3972,RiPP
RiPP_gcf_3973,RiPP
RiPP_gcf_3974,RiPP
RiPP_gcf_3975,RiPP
RiPP_gcf_3976,RiPP
RiPP_gcf_3977,RiPP
RiPP_gcf_3978,RiPP
RiPP_gcf_3979,RiPP
RiPP_gcf_3980,RiPP
RiPP_gcf_3981,RiPP
RiPP_gcf_3982,RiPP
RiPP_gcf_3983,RiPP
RiPP_gcf_3984,RiPP
RiPP_gcf_3985,RiPP
RiPP_gcf_3986,RiPP
RiPP_gcf_3987,RiPP
RiPP_gcf_3988,RiPP
RiPP_gcf_3989,RiPP
RiPP_gcf_3990,RiPP
RiPP_gcf_3991,RiPP
RiPP_gcf_3992,RiPP
RiPP_gcf_3993,RiPP
RiPP_gcf_3994,RiPP
RiPP_gcf_3995,RiPP
RiPP_gcf_3996,RiPP
RiPP_gcf_3997,RiPP
RiPP_gcf_3998,RiPP
RiPP_gcf_3999,RiPP
RiPP_gcf_4000,RiPP
RiPP_gcf_4001,RiPP
RiPP_gcf_4002,RiPP
RiPP_gcf_4003,RiPP
RiPP_gcf_4004,RiPP
RiPP_gcf_4005,RiPP
RiPP_gcf_4006,RiPP
RiPP_gcf_4007,RiPP
RiPP_gcf_4008,RiPP
RiPP_gcf_4009,RiPP
RiPP_gcf_4010,RiPP
RiPP_gcf_4011,RiPP
RiPP_gcf_4012,RiPP
RiPP_gcf_4013,RiPP
RiPP_gcf_4014,RiPP
RiPP_gcf_4015,RiPP
RiPP_gcf_4016,RiPP
RiPP_gcf_4017,RiPP
RiPP_gcf_4018,RiPP
RiPP_gcf_4019,RiPP
RiPP_gcf_4020,RiPP
RiPP_gcf_4021,RiPP
RiPP_gcf_4022,RiPP
RiPP_gcf_4023,RiPP
RiPP_gcf_4024,RiPP
RiPP_gcf_4025,RiPP
RiPP_gcf_4026,RiPP
RiPP_gcf_4027,RiPP
RiPP_gcf_4028,RiPP
RiPP_gcf_4029,RiPP
RiPP_gcf_4030,RiPP
RiPP_gcf_4031,RiPP
RiPP_gcf_4032,RiPP
RiPP_gcf_4033,RiPP
RiPP_gcf_4034,RiPP
RiPP_gcf_4035,RiPP
RiPP_gcf_4036,RiPP
RiPP_gcf_4037,RiPP
RiPP_gcf_4038,RiPP
RiPP_gcf_4039,RiPP
RiPP_gcf_4040,RiPP
RiPP_gcf_4041,RiPP
RiPP_gcf_4042,RiPP
RiPP_gcf_4043,RiPP
RiPP_gcf_4044,RiPP
RiPP_gcf_4045,RiPP
RiPP_gcf_4046,RiPP
RiPP_gcf_4047,RiPP
RiPP_gcf_4048,RiPP
RiPP_gcf_4049,RiPP
RiPP_gcf_4050,RiPP
RiPP_gcf_4051,RiPP
RiPP_gcf_4052,RiPP
RiPP_gcf_4053,RiPP
RiPP_gcf_4054,RiPP
RiPP_gcf_4055,RiPP
RiPP_gcf_4056,RiPP
RiPP_gcf_4057,RiPP
RiPP_gcf_4058,RiPP
RiPP_gcf_4059,RiPP
RiPP_gcf_4060,RiPP
RiPP_gcf_4061,RiPP
RiPP_gcf_4062,RiPP
RiPP_gcf_4063,RiPP
RiPP_gcf_4064,RiPP
RiPP_gcf_4065,RiPP
RiPP_gcf_4066,RiPP
RiPP_gcf_4067,RiPP
RiPP_gcf_4068,RiPP
RiPP_gcf_4069,RiPP
RiPP_gcf_4070,RiPP
RiPP_gcf_4071,RiPP
RiPP_gcf_4072,RiPP
RiPP_gcf_4073,RiPP
RiPP_gcf_4074,RiPP
RiPP_gcf_4075,RiPP
RiPP_gcf_4076,RiPP
RiPP_gcf_4077,RiPP
RiPP_gcf_4078,RiPP
RiPP_gcf_4079,RiPP
RiPP_gcf_4080,RiPP
RiPP_gcf_4081,RiPP
RiPP_gcf_4082,RiPP
RiPP_gcf_4083,RiPP
RiPP_gcf_4084,RiPP
RiPP_gcf_4085,RiPP
RiPP_gcf_4086,RiPP
RiPP_gcf_4087,RiPP
RiPP_gcf_4088,RiPP
RiPP_gcf_4089,RiPP
RiPP_gcf_4090,RiPP
RiPP_gcf_4091,RiPP
RiPP_gcf_4092,RiPP
RiPP_gcf_4093,RiPP
RiPP_gcf_4094,RiPP
RiPP_gcf_4095,RiPP
RiPP_gcf_4096,RiPP
RiPP_gcf_4097,RiPP
RiPP_gcf_4098,RiPP
RiPP_gcf_4099,RiPP
RiPP_gcf_4100,RiPP
RiPP_gcf_4101,RiPP
RiPP_gcf_4102,RiPP
RiPP_gcf_4103,RiPP
RiPP_gcf_4104,RiPP
RiPP_gcf_4105,RiPP
RiPP_gcf_4106,RiPP
RiPP_gcf_4107,RiPP
RiPP_gcf_4108,RiPP
RiPP_gcf_4109,RiPP
RiPP_gcf_4110,RiPP
RiPP_gcf_4111,RiPP
RiPP_gcf_4112,RiPP
RiPP_gcf_4113,RiPP
RiPP_gcf_4114,RiPP
RiPP_gcf_4115,RiPP
RiPP_gcf_4117,RiPP
RiPP_gcf_4118,RiPP
RiPP_gcf_4119,RiPP
RiPP_gcf_4120,RiPP
RiPP_gcf_4121,RiPP
RiPP_gcf_4122,RiPP
RiPP_gcf_4123,RiPP
RiPP_gcf_4124,RiPP
RiPP_gcf_4125,RiPP
RiPP_gcf_4126,RiPP
RiPP_gcf_4127,RiPP
RiPP_gcf_4128,RiPP
RiPP_gcf_4129,RiPP
RiPP_gcf_4130,RiPP
RiPP_gcf_4131,RiPP
RiPP_gcf_4132,RiPP
RiPP_gcf_4133,RiPP
RiPP_gcf_4134,RiPP
RiPP_gcf_4135,RiPP
RiPP_gcf_4136,RiPP
RiPP_gcf_4137,RiPP
RiPP_gcf_4138,RiPP
RiPP_gcf_4139,RiPP
RiPP_gcf_4140,RiPP
RiPP_gcf_4141,RiPP
RiPP_gcf_4142,RiPP
RiPP_gcf_4143,RiPP
RiPP_gcf_4144,RiPP
RiPP_gcf_4145,RiPP
RiPP_gcf_4146,RiPP
RiPP_gcf_4147,RiPP
RiPP_gcf_4148,RiPP
RiPP_gcf_4149,RiPP
RiPP_gcf_4150,RiPP
RiPP_gcf_4151,RiPP
RiPP_gcf_4152,RiPP
RiPP_gcf_4153,RiPP
RiPP_gcf_4154,RiPP
RiPP_gcf_4155,RiPP
RiPP_gcf_4156,RiPP
RiPP_gcf_4157,RiPP
RiPP_gcf_4158,RiPP
RiPP_gcf_4159,RiPP
RiPP_gcf_4160,RiPP
RiPP_gcf_4161,RiPP
RiPP_gcf_4162,RiPP
RiPP_gcf_4163,RiPP
RiPP_gcf_4164,RiPP
RiPP_gcf_4165,RiPP
RiPP_gcf_4166,RiPP
RiPP_gcf_4167,RiPP
RiPP_gcf_4168,RiPP
RiPP_gcf_4169,RiPP
RiPP_gcf_4170,RiPP
RiPP_gcf_4171,RiPP
RiPP_gcf_4172,RiPP
RiPP_gcf_4173,RiPP
RiPP_gcf_4174,RiPP
RiPP_gcf_4175,RiPP
RiPP_gcf_4176,RiPP
RiPP_gcf_4177,RiPP
RiPP_gcf_4178,RiPP
RiPP_gcf_4179,RiPP
RiPP_gcf_4180,RiPP
RiPP_gcf_4181,RiPP
RiPP_gcf_4182,RiPP
RiPP_gcf_4183,RiPP
RiPP_gcf_4184,RiPP
RiPP_gcf_4185,RiPP
RiPP_gcf_4186,RiPP
RiPP_gcf_4187,RiPP
RiPP_gcf_4190,RiPP
RiPP_gcf_4191,RiPP
RiPP_gcf_4192,RiPP
RiPP_gcf_4193,RiPP
RiPP_gcf_4194,RiPP
RiPP_gcf_4195,RiPP
RiPP_gcf_4196,RiPP
RiPP_gcf_4197,RiPP
RiPP_gcf_4198,RiPP
RiPP_gcf_4199,RiPP
RiPP_gcf_4200,RiPP
RiPP_gcf_4201,RiPP
RiPP_gcf_4202,RiPP
RiPP_gcf_4203,RiPP
RiPP_gcf_4204,RiPP
RiPP_gcf_4205,RiPP
RiPP_gcf_4207,RiPP
RiPP_gcf_4208,RiPP
RiPP_gcf_4209,RiPP
RiPP_gcf_4210,RiPP
RiPP_gcf_4211,RiPP
RiPP_gcf_4212,RiPP
RiPP_gcf_4213,RiPP
RiPP_gcf_4214,RiPP
RiPP_gcf_4215,RiPP
RiPP_gcf_4216,RiPP
RiPP_gcf_4217,RiPP
RiPP_gcf_4218,RiPP
RiPP_gcf_4219,RiPP
RiPP_gcf_4220,RiPP
RiPP_gcf_4221,RiPP
RiPP_gcf_4222,RiPP
RiPP_gcf_4223,RiPP
RiPP_gcf_4224,RiPP
RiPP_gcf_4225,RiPP
RiPP_gcf_4226,RiPP
RiPP_gcf_4227,RiPP
RiPP_gcf_4228,RiPP
RiPP_gcf_4229,RiPP
RiPP_gcf_4230,RiPP
RiPP_gcf_4231,RiPP
RiPP_gcf_4232,RiPP
RiPP_gcf_4233,RiPP
RiPP_gcf_4234,RiPP
RiPP_gcf_4235,RiPP
RiPP_gcf_4236,RiPP
RiPP_gcf_4237,RiPP
RiPP_gcf_4238,RiPP
RiPP_gcf_4239,RiPP
RiPP_gcf_4240,RiPP
RiPP_gcf_4241,RiPP
RiPP_gcf_4242,RiPP
RiPP_gcf_4243,RiPP
RiPP_gcf_4244,RiPP
RiPP_gcf_4245,RiPP
RiPP_gcf_4246,RiPP
RiPP_gcf_4247,RiPP
RiPP_gcf_4248,RiPP
RiPP_gcf_4249,RiPP
RiPP_gcf_4250,RiPP
RiPP_gcf_4251,RiPP
RiPP_gcf_4252,RiPP
RiPP_gcf_4253,RiPP
RiPP_gcf_4254,RiPP
RiPP_gcf_4255,RiPP
RiPP_gcf_4256,RiPP
RiPP_gcf_4257,RiPP
RiPP_gcf_4258,RiPP
RiPP_gcf_4259,RiPP
RiPP_gcf_4260,RiPP
RiPP_gcf_4261,RiPP
RiPP_gcf_4262,RiPP
RiPP_gcf_4263,RiPP
RiPP_gcf_4264,RiPP
RiPP_gcf_4265,RiPP
RiPP_gcf_4266,RiPP
RiPP_gcf_4267,RiPP
RiPP_gcf_4268,RiPP
RiPP_gcf_4269,RiPP
RiPP_gcf_4270,RiPP
RiPP_gcf_4271,RiPP
RiPP_gcf_4272,RiPP
RiPP_gcf_4273,RiPP
RiPP_gcf_4274,RiPP
RiPP_gcf_4275,RiPP
RiPP_gcf_4276,RiPP
RiPP_gcf_4277,RiPP
RiPP_gcf_4278,RiPP
RiPP_gcf_4279,RiPP
RiPP_gcf_4280,RiPP
RiPP_gcf_4281,RiPP
RiPP_gcf_4282,RiPP
RiPP_gcf_4283,RiPP
RiPP_gcf_4284,RiPP
RiPP_gcf_4285,RiPP
RiPP_gcf_4286,RiPP
RiPP_gcf_4287,RiPP
RiPP_gcf_4288,RiPP
RiPP_gcf_4289,RiPP
RiPP_gcf_4290,RiPP
RiPP_gcf_4291,RiPP
RiPP_gcf_4292,RiPP
RiPP_gcf_4293,RiPP
RiPP_gcf_4294,RiPP
RiPP_gcf_4295,RiPP
RiPP_gcf_4296,RiPP
RiPP_gcf_4297,RiPP
RiPP_gcf_4298,RiPP
RiPP_gcf_4299,RiPP
RiPP_gcf_4300,RiPP
RiPP_gcf_4301,RiPP
RiPP_gcf_4302,RiPP
RiPP_gcf_4303,RiPP
RiPP_gcf_4304,RiPP
RiPP_gcf_4305,RiPP
RiPP_gcf_4306,RiPP
RiPP_gcf_4307,RiPP
RiPP_gcf_4308,RiPP
RiPP_gcf_4309,RiPP
RiPP_gcf_4310,RiPP
RiPP_gcf_4311,RiPP
RiPP_gcf_4312,RiPP
RiPP_gcf_4313,RiPP
RiPP_gcf_4314,RiPP
RiPP_gcf_4315,RiPP
RiPP_gcf_4316,RiPP
RiPP_gcf_4317,RiPP
RiPP_gcf_4318,RiPP
RiPP_gcf_4319,RiPP
RiPP_gcf_4320,RiPP
RiPP_gcf_4321,RiPP
RiPP_gcf_4322,RiPP
RiPP_gcf_4323,RiPP
RiPP_gcf_4324,RiPP
RiPP_gcf_4325,RiPP
RiPP_gcf_4326,RiPP
RiPP_gcf_4327,RiPP
RiPP_gcf_4328,RiPP
RiPP_gcf_4329,RiPP
RiPP_gcf_4330,RiPP
RiPP_gcf_4331,RiPP
RiPP_gcf_4332,RiPP
RiPP_gcf_4333,RiPP
RiPP_gcf_4334,RiPP
RiPP_gcf_4335,RiPP
RiPP_gcf_4336,RiPP
RiPP_gcf_4337,RiPP
RiPP_gcf_4338,RiPP
RiPP_gcf_4339,RiPP
RiPP_gcf_4340,RiPP
RiPP_gcf_4341,RiPP
RiPP_gcf_4342,RiPP
RiPP_gcf_4344,RiPP
RiPP_gcf_4345,RiPP
RiPP_gcf_4346,RiPP
RiPP_gcf_4347,RiPP
RiPP_gcf_4348,RiPP
RiPP_gcf_4350,RiPP
RiPP_gcf_4351,RiPP
RiPP_gcf_4352,RiPP
RiPP_gcf_4353,RiPP
RiPP_gcf_4354,RiPP
RiPP_gcf_4355,RiPP
RiPP_gcf_4356,RiPP
RiPP_gcf_4357,RiPP
RiPP_gcf_4358,RiPP
RiPP_gcf_4359,RiPP
RiPP_gcf_4361,RiPP
RiPP_gcf_4362,RiPP
RiPP_gcf_4363,RiPP
RiPP_gcf_4364,RiPP
RiPP_gcf_4365,RiPP
RiPP_gcf_4366,RiPP
RiPP_gcf_4367,RiPP
RiPP_gcf_4368,RiPP
RiPP_gcf_4369,RiPP
RiPP_gcf_4370,RiPP
RiPP_gcf_4371,RiPP
RiPP_gcf_4372,RiPP
RiPP_gcf_4373,RiPP
RiPP_gcf_4374,RiPP
RiPP_gcf_4375,RiPP
RiPP_gcf_4376,RiPP
RiPP_gcf_4377,RiPP
RiPP_gcf_4378,RiPP
RiPP_gcf_4379,RiPP
RiPP_gcf_4380,RiPP
RiPP_gcf_4381,RiPP
RiPP_gcf_4382,RiPP
RiPP_gcf_4383,RiPP
RiPP_gcf_4384,RiPP
RiPP_gcf_4385,RiPP
RiPP_gcf_4386,RiPP
RiPP_gcf_4387,RiPP
RiPP_gcf_4388,RiPP
RiPP_gcf_4389,RiPP
RiPP_gcf_4390,RiPP
RiPP_gcf_4391,RiPP
RiPP_gcf_4392,RiPP
RiPP_gcf_4393,RiPP
RiPP_gcf_4394,RiPP
RiPP_gcf_4395,RiPP
RiPP_gcf_4396,RiPP
RiPP_gcf_4397,RiPP
RiPP_gcf_4398,RiPP
RiPP_gcf_4399,RiPP
RiPP_gcf_4400,RiPP
RiPP_gcf_4401,RiPP
RiPP_gcf_4402,RiPP
RiPP_gcf_4403,RiPP
RiPP_gcf_4404,RiPP
RiPP_gcf_4405,RiPP
RiPP_gcf_4406,RiPP
RiPP_gcf_4407,RiPP
RiPP_gcf_4408,RiPP
RiPP_gcf_4409,RiPP
RiPP_gcf_4410,RiPP
RiPP_gcf_4411,RiPP
RiPP_gcf_4412,RiPP
RiPP_gcf_4413,RiPP
RiPP_gcf_4414,RiPP
RiPP_gcf_4415,RiPP
RiPP_gcf_4416,RiPP
RiPP_gcf_4417,RiPP
RiPP_gcf_4418,RiPP
RiPP_gcf_4419,RiPP
RiPP_gcf_4421,RiPP
RiPP_gcf_4423,RiPP
RiPP_gcf_4424,RiPP
RiPP_gcf_4425,RiPP
RiPP_gcf_4426,RiPP
RiPP_gcf_4427,RiPP
RiPP_gcf_4428,RiPP
RiPP_gcf_4429,RiPP
RiPP_gcf_4430,RiPP
RiPP_gcf_4431,RiPP
RiPP_gcf_4432,RiPP
RiPP_gcf_4433,RiPP
RiPP_gcf_4434,RiPP
RiPP_gcf_4435,RiPP
RiPP_gcf_4436,RiPP
RiPP_gcf_4437,RiPP
RiPP_gcf_4438,RiPP
RiPP_gcf_4439,RiPP
RiPP_gcf_4440,RiPP
RiPP_gcf_4441,RiPP
RiPP_gcf_4442,RiPP
RiPP_gcf_4443,RiPP
RiPP_gcf_4444,RiPP
RiPP_gcf_4445,RiPP
RiPP_gcf_4447,RiPP
RiPP_gcf_4448,RiPP
RiPP_gcf_4449,RiPP
RiPP_gcf_4450,RiPP
RiPP_gcf_4451,RiPP
RiPP_gcf_4452,RiPP
RiPP_gcf_4453,RiPP
RiPP_gcf_4454,RiPP
RiPP_gcf_4455,RiPP
RiPP_gcf_4456,RiPP
RiPP_gcf_4457,RiPP
RiPP_gcf_4458,RiPP
RiPP_gcf_4459,RiPP
RiPP_gcf_4460,RiPP
RiPP_gcf_4461,RiPP
RiPP_gcf_4462,RiPP
RiPP_gcf_4463,RiPP
RiPP_gcf_4464,RiPP
RiPP_gcf_4465,RiPP
RiPP_gcf_4466,RiPP
RiPP_gcf_4467,RiPP
RiPP_gcf_4468,RiPP
RiPP_gcf_4469,RiPP
RiPP_gcf_4470,RiPP
RiPP_gcf_4471,RiPP
RiPP_gcf_4472,RiPP
RiPP_gcf_4473,RiPP
RiPP_gcf_4474,RiPP
RiPP_gcf_4476,RiPP
RiPP_gcf_4477,RiPP
RiPP_gcf_4478,RiPP
RiPP_gcf_4480,RiPP
RiPP_gcf_4481,RiPP
RiPP_gcf_4482,RiPP
RiPP_gcf_4483,RiPP
RiPP_gcf_4486,RiPP
RiPP_gcf_4487,RiPP
RiPP_gcf_4488,RiPP
RiPP_gcf_4489,RiPP
RiPP_gcf_4490,RiPP
RiPP_gcf_4491,RiPP
RiPP_gcf_4492,RiPP
RiPP_gcf_4494,RiPP
RiPP_gcf_4495,RiPP
RiPP_gcf_4496,RiPP
RiPP_gcf_4499,RiPP
RiPP_gcf_4500,RiPP
RiPP_gcf_4501,RiPP
RiPP_gcf_4502,RiPP
RiPP_gcf_4503,RiPP
RiPP_gcf_4504,RiPP
RiPP_gcf_4505,RiPP
RiPP_gcf_4506,RiPP
RiPP_gcf_4507,RiPP
RiPP_gcf_4508,RiPP
RiPP_gcf_4509,RiPP
RiPP_gcf_4510,RiPP
RiPP_gcf_4511,RiPP
RiPP_gcf_4512,RiPP
RiPP_gcf_4513,RiPP
RiPP_gcf_4514,RiPP
RiPP_gcf_4515,RiPP
RiPP_gcf_4516,RiPP
RiPP_gcf_4517,RiPP
RiPP_gcf_4518,RiPP
RiPP_gcf_4519,RiPP
RiPP_gcf_4520,RiPP
RiPP_gcf_4521,RiPP
RiPP_gcf_4522,RiPP
RiPP_gcf_4523,RiPP
RiPP_gcf_4524,RiPP
RiPP_gcf_4525,RiPP
RiPP_gcf_4526,RiPP
RiPP_gcf_4527,RiPP
RiPP_gcf_4528,RiPP
RiPP_gcf_4529,RiPP
RiPP_gcf_4530,RiPP
RiPP_gcf_4531,RiPP
RiPP_gcf_4532,RiPP
RiPP_gcf_4533,RiPP
RiPP_gcf_4534,RiPP
RiPP_gcf_4535,RiPP
RiPP_gcf_4536,RiPP
RiPP_gcf_4537,RiPP
RiPP_gcf_4538,RiPP
RiPP_gcf_4539,RiPP
RiPP_gcf_4540,RiPP
RiPP_gcf_4541,RiPP
RiPP_gcf_4542,RiPP
RiPP_gcf_4543,RiPP
RiPP_gcf_4544,RiPP
RiPP_gcf_4545,RiPP
RiPP_gcf_4546,RiPP
RiPP_gcf_4547,RiPP
RiPP_gcf_4548,RiPP
RiPP_gcf_4549,RiPP
RiPP_gcf_4551,RiPP
RiPP_gcf_4552,RiPP
RiPP_gcf_4553,RiPP
RiPP_gcf_4554,RiPP
RiPP_gcf_4555,RiPP
RiPP_gcf_4556,RiPP
RiPP_gcf_4557,RiPP
RiPP_gcf_4558,RiPP
RiPP_gcf_4559,RiPP
RiPP_gcf_4560,RiPP
RiPP_gcf_4561,RiPP
RiPP_gcf_4562,RiPP
RiPP_gcf_4563,RiPP
RiPP_gcf_4564,RiPP
RiPP_gcf_4565,RiPP
RiPP_gcf_4566,RiPP
RiPP_gcf_4567,RiPP
RiPP_gcf_4568,RiPP
RiPP_gcf_4569,RiPP
RiPP_gcf_4570,RiPP
RiPP_gcf_4571,RiPP
RiPP_gcf_4572,RiPP
RiPP_gcf_4574,RiPP
RiPP_gcf_4575,RiPP
RiPP_gcf_4576,RiPP
RiPP_gcf_4577,RiPP
RiPP_gcf_4578,RiPP
RiPP_gcf_4579,RiPP
RiPP_gcf_4580,RiPP
RiPP_gcf_4581,RiPP
RiPP_gcf_4582,RiPP
RiPP_gcf_4584,RiPP
RiPP_gcf_4585,RiPP
RiPP_gcf_4586,RiPP
RiPP_gcf_4587,RiPP
RiPP_gcf_4588,RiPP
RiPP_gcf_4589,RiPP
RiPP_gcf_4590,RiPP
RiPP_gcf_4591,RiPP
RiPP_gcf_4592,RiPP
RiPP_gcf_4593,RiPP
RiPP_gcf_4594,RiPP
RiPP_gcf_4595,RiPP
RiPP_gcf_4596,RiPP
RiPP_gcf_4597,RiPP
RiPP_gcf_4598,RiPP
RiPP_gcf_4599,RiPP
RiPP_gcf_4600,RiPP
RiPP_gcf_4601,RiPP
RiPP_gcf_4602,RiPP
RiPP_gcf_4603,RiPP
RiPP_gcf_4604,RiPP
RiPP_gcf_4605,RiPP
RiPP_gcf_4606,RiPP
RiPP_gcf_4607,RiPP
RiPP_gcf_4608,RiPP
RiPP_gcf_4609,RiPP
RiPP_gcf_4610,RiPP
RiPP_gcf_4611,RiPP
RiPP_gcf_4612,RiPP
RiPP_gcf_4613,RiPP
RiPP_gcf_4614,RiPP
RiPP_gcf_4615,RiPP
RiPP_gcf_4616,RiPP
RiPP_gcf_4617,RiPP
RiPP_gcf_4618,RiPP
RiPP_gcf_4619,RiPP
RiPP_gcf_4621,RiPP
RiPP_gcf_4622,RiPP
RiPP_gcf_4623,RiPP
RiPP_gcf_4624,RiPP
RiPP_gcf_4625,RiPP
RiPP_gcf_4626,RiPP
RiPP_gcf_4627,RiPP
RiPP_gcf_4628,RiPP
RiPP_gcf_4630,RiPP
RiPP_gcf_4631,RiPP
RiPP_gcf_4632,RiPP
RiPP_gcf_4633,RiPP
RiPP_gcf_4634,RiPP
RiPP_gcf_4635,RiPP
RiPP_gcf_4636,RiPP
RiPP_gcf_4638,RiPP
RiPP_gcf_4639,RiPP
RiPP_gcf_4640,RiPP
RiPP_gcf_4641,RiPP
RiPP_gcf_4642,RiPP
RiPP_gcf_4643,RiPP
RiPP_gcf_4644,RiPP
RiPP_gcf_4647,RiPP
RiPP_gcf_4648,RiPP
RiPP_gcf_4649,RiPP
RiPP_gcf_4650,RiPP
RiPP_gcf_4651,RiPP
RiPP_gcf_4652,RiPP
RiPP_gcf_4653,RiPP
RiPP_gcf_4654,RiPP
RiPP_gcf_4655,RiPP
RiPP_gcf_4656,RiPP
RiPP_gcf_4657,RiPP
RiPP_gcf_4658,RiPP
RiPP_gcf_4659,RiPP
RiPP_gcf_4660,RiPP
RiPP_gcf_4661,RiPP
RiPP_gcf_4662,RiPP
RiPP_gcf_4663,RiPP
RiPP_gcf_4664,RiPP
RiPP_gcf_4665,RiPP
RiPP_gcf_4666,RiPP
RiPP_gcf_4667,RiPP
RiPP_gcf_4668,RiPP
RiPP_gcf_4669,RiPP
RiPP_gcf_4670,RiPP
RiPP_gcf_4671,RiPP
RiPP_gcf_4672,RiPP
RiPP_gcf_4674,RiPP
RiPP_gcf_4675,RiPP
RiPP_gcf_4677,RiPP
RiPP_gcf_4678,RiPP
RiPP_gcf_4679,RiPP
RiPP_gcf_4681,RiPP
RiPP_gcf_4682,RiPP
RiPP_gcf_4683,RiPP
RiPP_gcf_4684,RiPP
RiPP_gcf_4685,RiPP
RiPP_gcf_4686,RiPP
RiPP_gcf_4687,RiPP
RiPP_gcf_4691,RiPP
RiPP_gcf_4692,RiPP
RiPP_gcf_4693,RiPP
RiPP_gcf_4694,RiPP
RiPP_gcf_4696,RiPP
RiPP_gcf_4697,RiPP
RiPP_gcf_4698,RiPP
RiPP_gcf_4699,RiPP
RiPP_gcf_4700,RiPP
RiPP_gcf_4701,RiPP
RiPP_gcf_4706,RiPP
RiPP_gcf_4707,RiPP
RiPP_gcf_4708,RiPP
RiPP_gcf_4709,RiPP
RiPP_gcf_4710,RiPP
RiPP_gcf_4711,RiPP
RiPP_gcf_4713,RiPP
RiPP_gcf_4714,RiPP
RiPP_gcf_4715,RiPP
RiPP_gcf_4716,RiPP
RiPP_gcf_4717,RiPP
RiPP_gcf_4719,RiPP
RiPP_gcf_4721,RiPP
RiPP_gcf_4722,RiPP
RiPP_gcf_4723,RiPP
RiPP_gcf_4724,RiPP
RiPP_gcf_4725,RiPP
RiPP_gcf_4726,RiPP
RiPP_gcf_4727,RiPP
RiPP_gcf_4728,RiPP
RiPP_gcf_4729,RiPP
RiPP_gcf_4730,RiPP
RiPP_gcf_4731,RiPP
RiPP_gcf_4732,RiPP
RiPP_gcf_4734,RiPP
RiPP_gcf_4735,RiPP
RiPP_gcf_4736,RiPP
RiPP_gcf_4738,RiPP
RiPP_gcf_4739,RiPP
RiPP_gcf_4740,RiPP
RiPP_gcf_4741,RiPP
RiPP_gcf_4742,RiPP
RiPP_gcf_4743,RiPP
RiPP_gcf_4744,RiPP
RiPP_gcf_4745,RiPP
RiPP_gcf_4746,RiPP
RiPP_gcf_4747,RiPP
RiPP_gcf_4748,RiPP
RiPP_gcf_4749,RiPP
RiPP_gcf_4750,RiPP
RiPP_gcf_4751,RiPP
RiPP_gcf_4752,RiPP
RiPP_gcf_4753,RiPP
RiPP_gcf_4754,RiPP
RiPP_gcf_4755,RiPP
RiPP_gcf_4756,RiPP
RiPP_gcf_4757,RiPP
RiPP_gcf_4758,RiPP
RiPP_gcf_4759,RiPP
RiPP_gcf_4760,RiPP
RiPP_gcf_4761,RiPP
RiPP_gcf_4762,RiPP
RiPP_gcf_4763,RiPP
RiPP_gcf_4765,RiPP
RiPP_gcf_4766,RiPP
RiPP_gcf_4767,RiPP
RiPP_gcf_4771,RiPP
RiPP_gcf_4772,RiPP
RiPP_gcf_4773,RiPP
RiPP_gcf_4774,RiPP
RiPP_gcf_4775,RiPP
RiPP_gcf_4776,RiPP
RiPP_gcf_4777,RiPP
RiPP_gcf_4778,RiPP
RiPP_gcf_4779,RiPP
RiPP_gcf_4780,RiPP
RiPP_gcf_4781,RiPP
RiPP_gcf_4782,RiPP
RiPP_gcf_4783,RiPP
RiPP_gcf_4784,RiPP
RiPP_gcf_4785,RiPP
RiPP_gcf_4786,RiPP
RiPP_gcf_4787,RiPP
RiPP_gcf_4788,RiPP
RiPP_gcf_4789,RiPP
RiPP_gcf_4790,RiPP
RiPP_gcf_4791,RiPP
RiPP_gcf_4792,RiPP
RiPP_gcf_4793,RiPP
RiPP_gcf_4794,RiPP
RiPP_gcf_4795,RiPP
RiPP_gcf_4796,RiPP
RiPP_gcf_4798,RiPP
RiPP_gcf_4799,RiPP
RiPP_gcf_4800,RiPP
RiPP_gcf_4801,RiPP
RiPP_gcf_4802,RiPP
RiPP_gcf_4803,RiPP
RiPP_gcf_4805,RiPP
RiPP_gcf_4806,RiPP
RiPP_gcf_4807,RiPP
RiPP_gcf_4808,RiPP
RiPP_gcf_4810,RiPP
RiPP_gcf_4811,RiPP
RiPP_gcf_4812,RiPP
RiPP_gcf_4813,RiPP
RiPP_gcf_4814,RiPP
RiPP_gcf_4815,RiPP
RiPP_gcf_4816,RiPP
RiPP_gcf_4817,RiPP
RiPP_gcf_4818,RiPP
RiPP_gcf_4819,RiPP
RiPP_gcf_4820,RiPP
RiPP_gcf_4821,RiPP
RiPP_gcf_4822,RiPP
RiPP_gcf_4823,RiPP
RiPP_gcf_4824,RiPP
RiPP_gcf_4826,RiPP
RiPP_gcf_4827,RiPP
RiPP_gcf_4828,RiPP
RiPP_gcf_4829,RiPP
RiPP_gcf_4830,RiPP
RiPP_gcf_4831,RiPP
RiPP_gcf_4833,RiPP
RiPP_gcf_4835,RiPP
RiPP_gcf_4836,RiPP
RiPP_gcf_4837,RiPP
RiPP_gcf_4838,RiPP
RiPP_gcf_4839,RiPP
RiPP_gcf_4840,RiPP
RiPP_gcf_4841,RiPP
RiPP_gcf_4842,RiPP
RiPP_gcf_4843,RiPP
RiPP_gcf_4844,RiPP
RiPP_gcf_4845,RiPP
RiPP_gcf_4847,RiPP
RiPP_gcf_4848,RiPP
RiPP_gcf_4849,RiPP
RiPP_gcf_4850,RiPP
RiPP_gcf_4851,RiPP
RiPP_gcf_4852,RiPP
RiPP_gcf_4853,RiPP
RiPP_gcf_4854,RiPP
RiPP_gcf_4855,RiPP
RiPP_gcf_4857,RiPP
RiPP_gcf_4858,RiPP
RiPP_gcf_4859,RiPP
RiPP_gcf_4860,RiPP
RiPP_gcf_4861,RiPP
RiPP_gcf_4862,RiPP
RiPP_gcf_4863,RiPP
RiPP_gcf_4864,RiPP
RiPP_gcf_4865,RiPP
RiPP_gcf_4866,RiPP
RiPP_gcf_4867,RiPP
RiPP_gcf_4868,RiPP
RiPP_gcf_4869,RiPP
RiPP_gcf_4870,RiPP
RiPP_gcf_4871,RiPP
RiPP_gcf_4872,RiPP
RiPP_gcf_4873,RiPP
RiPP_gcf_4874,RiPP
RiPP_gcf_4875,RiPP
RiPP_gcf_4876,RiPP
RiPP_gcf_4877,RiPP
RiPP_gcf_4878,RiPP
RiPP_gcf_4879,RiPP
RiPP_gcf_4880,RiPP
RiPP_gcf_4882,RiPP
RiPP_gcf_4883,RiPP
RiPP_gcf_4884,RiPP
RiPP_gcf_4886,RiPP
RiPP_gcf_4887,RiPP
RiPP_gcf_4888,RiPP
RiPP_gcf_4889,RiPP
RiPP_gcf_4890,RiPP
RiPP_gcf_4891,RiPP
RiPP_gcf_4892,RiPP
RiPP_gcf_4893,RiPP
RiPP_gcf_4895,RiPP
RiPP_gcf_4896,RiPP
RiPP_gcf_4897,RiPP
RiPP_gcf_4898,RiPP
RiPP_gcf_4900,RiPP
RiPP_gcf_4901,RiPP
RiPP_gcf_4902,RiPP
RiPP_gcf_4903,RiPP
RiPP_gcf_4905,RiPP
RiPP_gcf_4906,RiPP
RiPP_gcf_4907,RiPP
RiPP_gcf_4908,RiPP
RiPP_gcf_4910,RiPP
RiPP_gcf_4911,RiPP
RiPP_gcf_4912,RiPP
RiPP_gcf_4913,RiPP
RiPP_gcf_4914,RiPP
RiPP_gcf_4915,RiPP
RiPP_gcf_4916,RiPP
RiPP_gcf_4918,RiPP
RiPP_gcf_4919,RiPP
RiPP_gcf_4922,RiPP
RiPP_gcf_4923,RiPP
RiPP_gcf_4924,RiPP
RiPP_gcf_4925,RiPP
RiPP_gcf_4926,RiPP
RiPP_gcf_4927,RiPP
RiPP_gcf_4929,RiPP
RiPP_gcf_4933,RiPP
RiPP_gcf_4934,RiPP
RiPP_gcf_4935,RiPP
RiPP_gcf_4936,RiPP
RiPP_gcf_4938,RiPP
RiPP_gcf_4939,RiPP
RiPP_gcf_4940,RiPP
RiPP_gcf_4941,RiPP
RiPP_gcf_4942,RiPP
RiPP_gcf_4943,RiPP
RiPP_gcf_4945,RiPP
RiPP_gcf_4946,RiPP
RiPP_gcf_4947,RiPP
RiPP_gcf_4949,RiPP
RiPP_gcf_4951,RiPP
RiPP_gcf_4953,RiPP
RiPP_gcf_4954,RiPP
RiPP_gcf_4955,RiPP
RiPP_gcf_4956,RiPP
RiPP_gcf_4957,RiPP
RiPP_gcf_4959,RiPP
RiPP_gcf_4960,RiPP
RiPP_gcf_4961,RiPP
RiPP_gcf_4962,RiPP
RiPP_gcf_4963,RiPP
RiPP_gcf_4964,RiPP
RiPP_gcf_4967,RiPP
RiPP_gcf_4968,RiPP
RiPP_gcf_4971,RiPP
RiPP_gcf_4972,RiPP
RiPP_gcf_4973,RiPP
RiPP_gcf_4974,RiPP
RiPP_gcf_4975,RiPP
RiPP_gcf_4977,RiPP
RiPP_gcf_4978,RiPP
RiPP_gcf_4979,RiPP
RiPP_gcf_4980,RiPP
RiPP_gcf_4981,RiPP
RiPP_gcf_4982,RiPP
RiPP_gcf_4983,RiPP
RiPP_gcf_4984,RiPP
RiPP_gcf_4985,RiPP
RiPP_gcf_4986,RiPP
RiPP_gcf_4987,RiPP
RiPP_gcf_4988,RiPP
RiPP_gcf_4989,RiPP
RiPP_gcf_4991,RiPP
RiPP_gcf_4992,RiPP
RiPP_gcf_4993,RiPP
RiPP_gcf_4995,RiPP
RiPP_gcf_4996,RiPP
RiPP_gcf_4997,RiPP
RiPP_gcf_4999,RiPP
RiPP_gcf_5000,RiPP
RiPP_gcf_5001,RiPP
RiPP_gcf_5002,RiPP
RiPP_gcf_5005,RiPP
RiPP_gcf_5006,RiPP
RiPP_gcf_5007,RiPP
RiPP_gcf_5008,RiPP
RiPP_gcf_5009,RiPP
RiPP_gcf_5010,RiPP
RiPP_gcf_5011,RiPP
RiPP_gcf_5012,RiPP
RiPP_gcf_5013,RiPP
RiPP_gcf_5014,RiPP
RiPP_gcf_5015,RiPP
RiPP_gcf_5016,RiPP
RiPP_gcf_5018,RiPP
RiPP_gcf_5022,RiPP
RiPP_gcf_5023,RiPP
RiPP_gcf_5024,RiPP
RiPP_gcf_5025,RiPP
RiPP_gcf_5026,RiPP
RiPP_gcf_5027,RiPP
RiPP_gcf_5028,RiPP
RiPP_gcf_5029,RiPP
RiPP_gcf_5030,RiPP
RiPP_gcf_5031,RiPP
RiPP_gcf_5032,RiPP
RiPP_gcf_5033,RiPP
RiPP_gcf_5034,RiPP
RiPP_gcf_5035,RiPP
RiPP_gcf_5037,RiPP
RiPP_gcf_5038,RiPP
RiPP_gcf_5040,RiPP
RiPP_gcf_5041,RiPP
RiPP_gcf_5043,RiPP
RiPP_gcf_5044,RiPP
RiPP_gcf_5045,RiPP
RiPP_gcf_5046,RiPP
RiPP_gcf_5047,RiPP
RiPP_gcf_5048,RiPP
RiPP_gcf_5049,RiPP
RiPP_gcf_5050,RiPP
RiPP_gcf_5051,RiPP
RiPP_gcf_5053,RiPP
RiPP_gcf_5054,RiPP
RiPP_gcf_5055,RiPP
RiPP_gcf_5056,RiPP
RiPP_gcf_5057,RiPP
RiPP_gcf_5058,RiPP
RiPP_gcf_5059,RiPP
RiPP_gcf_5060,RiPP
RiPP_gcf_5061,RiPP
RiPP_gcf_5062,RiPP
RiPP_gcf_5063,RiPP
RiPP_gcf_5064,RiPP
RiPP_gcf_5065,RiPP
RiPP_gcf_5066,RiPP
RiPP_gcf_5067,RiPP
RiPP_gcf_5068,RiPP
RiPP_gcf_5069,RiPP
RiPP_gcf_5070,RiPP
RiPP_gcf_5071,RiPP
RiPP_gcf_5072,RiPP
RiPP_gcf_5073,RiPP
RiPP_gcf_5074,RiPP
RiPP_gcf_5075,RiPP
RiPP_gcf_5076,RiPP
RiPP_gcf_5077,RiPP
RiPP_gcf_5079,RiPP
RiPP_gcf_5080,RiPP
RiPP_gcf_5081,RiPP
RiPP_gcf_5082,RiPP
RiPP_gcf_5083,RiPP
RiPP_gcf_5084,RiPP
RiPP_gcf_5086,RiPP
RiPP_gcf_5087,RiPP
RiPP_gcf_5088,RiPP
RiPP_gcf_5089,RiPP
RiPP_gcf_5090,RiPP
RiPP_gcf_5091,RiPP
RiPP_gcf_5092,RiPP
RiPP_gcf_5093,RiPP
RiPP_gcf_5094,RiPP
RiPP_gcf_5095,RiPP
RiPP_gcf_5096,RiPP
RiPP_gcf_5097,RiPP
RiPP_gcf_5098,RiPP
RiPP_gcf_5099,RiPP
RiPP_gcf_5100,RiPP
RiPP_gcf_5101,RiPP
RiPP_gcf_5102,RiPP
RiPP_gcf_5103,RiPP
RiPP_gcf_5105,RiPP
RiPP_gcf_5106,RiPP
RiPP_gcf_5107,RiPP
RiPP_gcf_5108,RiPP
RiPP_gcf_5109,RiPP
RiPP_gcf_5110,RiPP
RiPP_gcf_5111,RiPP
RiPP_gcf_5112,RiPP
RiPP_gcf_5113,RiPP
RiPP_gcf_5114,RiPP
RiPP_gcf_5115,RiPP
RiPP_gcf_5116,RiPP
RiPP_gcf_5117,RiPP
RiPP_gcf_5118,RiPP
RiPP_gcf_5119,RiPP
RiPP_gcf_5120,RiPP
RiPP_gcf_5121,RiPP
RiPP_gcf_5122,RiPP
RiPP_gcf_5123,RiPP
RiPP_gcf_5125,RiPP
RiPP_gcf_5126,RiPP
RiPP_gcf_5128,RiPP
RiPP_gcf_5129,RiPP
RiPP_gcf_5130,RiPP
RiPP_gcf_5132,RiPP
RiPP_gcf_5133,RiPP
RiPP_gcf_5135,RiPP
RiPP_gcf_5136,RiPP
RiPP_gcf_5137,RiPP
RiPP_gcf_5138,RiPP
RiPP_gcf_5139,RiPP
RiPP_gcf_5140,RiPP
RiPP_gcf_5141,RiPP
RiPP_gcf_5143,RiPP
RiPP_gcf_5144,RiPP
RiPP_gcf_5145,RiPP
RiPP_gcf_5146,RiPP
RiPP_gcf_5147,RiPP
RiPP_gcf_5148,RiPP
RiPP_gcf_5149,RiPP
RiPP_gcf_5150,RiPP
RiPP_gcf_5151,RiPP
RiPP_gcf_5152,RiPP
RiPP_gcf_5153,RiPP
RiPP_gcf_5155,RiPP
RiPP_gcf_5156,RiPP
RiPP_gcf_5157,RiPP
RiPP_gcf_5159,RiPP
RiPP_gcf_5160,RiPP
RiPP_gcf_5161,RiPP
RiPP_gcf_5162,RiPP
RiPP_gcf_5163,RiPP
RiPP_gcf_5164,RiPP
RiPP_gcf_5166,RiPP
RiPP_gcf_5167,RiPP
RiPP_gcf_5170,RiPP
RiPP_gcf_5171,RiPP
RiPP_gcf_5172,RiPP
RiPP_gcf_5173,RiPP
RiPP_gcf_5174,RiPP
RiPP_gcf_5175,RiPP
RiPP_gcf_5176,RiPP
RiPP_gcf_5177,RiPP
RiPP_gcf_5178,RiPP
RiPP_gcf_5179,RiPP
RiPP_gcf_5180,RiPP
RiPP_gcf_5181,RiPP
RiPP_gcf_5182,RiPP
RiPP_gcf_5183,RiPP
RiPP_gcf_5184,RiPP
RiPP_gcf_5185,RiPP
RiPP_gcf_5186,RiPP
RiPP_gcf_5187,RiPP
RiPP_gcf_5189,RiPP
RiPP_gcf_5190,RiPP
RiPP_gcf_5191,RiPP
RiPP_gcf_5192,RiPP
RiPP_gcf_5193,RiPP
RiPP_gcf_5194,RiPP
RiPP_gcf_5195,RiPP
RiPP_gcf_5197,RiPP
RiPP_gcf_5198,RiPP
RiPP_gcf_5199,RiPP
RiPP_gcf_5200,RiPP
RiPP_gcf_5201,RiPP
RiPP_gcf_5203,RiPP
RiPP_gcf_5204,RiPP
RiPP_gcf_5205,RiPP
RiPP_gcf_5206,RiPP
RiPP_gcf_5207,RiPP
RiPP_gcf_5208,RiPP
RiPP_gcf_5209,RiPP
RiPP_gcf_5210,RiPP
RiPP_gcf_5211,RiPP
RiPP_gcf_5213,RiPP
RiPP_gcf_5215,RiPP
RiPP_gcf_5216,RiPP
RiPP_gcf_5218,RiPP
RiPP_gcf_5219,RiPP
RiPP_gcf_5220,RiPP
RiPP_gcf_5221,RiPP
RiPP_gcf_5222,RiPP
RiPP_gcf_5223,RiPP
RiPP_gcf_5224,RiPP
RiPP_gcf_5225,RiPP
RiPP_gcf_5226,RiPP
RiPP_gcf_5227,RiPP
RiPP_gcf_5228,RiPP
RiPP_gcf_5230,RiPP
RiPP_gcf_5231,RiPP
RiPP_gcf_5232,RiPP
RiPP_gcf_5233,RiPP
RiPP_gcf_5235,RiPP
RiPP_gcf_5236,RiPP
RiPP_gcf_5237,RiPP
RiPP_gcf_5238,RiPP
RiPP_gcf_5240,RiPP
RiPP_gcf_5241,RiPP
RiPP_gcf_5242,RiPP
RiPP_gcf_5243,RiPP
RiPP_gcf_5244,RiPP
RiPP_gcf_5246,RiPP
RiPP_gcf_5247,RiPP
RiPP_gcf_5248,RiPP
RiPP_gcf_5249,RiPP
RiPP_gcf_5250,RiPP
RiPP_gcf_5251,RiPP
RiPP_gcf_5252,RiPP
RiPP_gcf_5253,RiPP
RiPP_gcf_5254,RiPP
RiPP_gcf_5255,RiPP
RiPP_gcf_5256,RiPP
RiPP_gcf_5257,RiPP
RiPP_gcf_5258,RiPP
RiPP_gcf_5259,RiPP
RiPP_gcf_5261,RiPP
RiPP_gcf_5262,RiPP
RiPP_gcf_5263,RiPP
RiPP_gcf_5264,RiPP
RiPP_gcf_5265,RiPP
RiPP_gcf_5266,RiPP
RiPP_gcf_5267,RiPP
RiPP_gcf_5268,RiPP
RiPP_gcf_5269,RiPP
RiPP_gcf_5270,RiPP
RiPP_gcf_5274,RiPP
RiPP_gcf_5275,RiPP
RiPP_gcf_5276,RiPP
RiPP_gcf_5277,RiPP
RiPP_gcf_5278,RiPP
RiPP_gcf_5279,RiPP
RiPP_gcf_5280,RiPP
RiPP_gcf_5281,RiPP
RiPP_gcf_5282,RiPP
RiPP_gcf_5283,RiPP
RiPP_gcf_5284,RiPP
RiPP_gcf_5285,RiPP
RiPP_gcf_5286,RiPP
RiPP_gcf_5287,RiPP
RiPP_gcf_5288,RiPP
RiPP_gcf_5289,RiPP
RiPP_gcf_5290,RiPP
RiPP_gcf_5291,RiPP
RiPP_gcf_5292,RiPP
RiPP_gcf_5293,RiPP
RiPP_gcf_5295,RiPP
RiPP_gcf_5298,RiPP
RiPP_gcf_5299,RiPP
RiPP_gcf_5300,RiPP
RiPP_gcf_5301,RiPP
RiPP_gcf_5303,RiPP
RiPP_gcf_5304,RiPP
RiPP_gcf_5305,RiPP
RiPP_gcf_5306,RiPP
RiPP_gcf_5307,RiPP
RiPP_gcf_5308,RiPP
RiPP_gcf_5309,RiPP
RiPP_gcf_5310,RiPP
RiPP_gcf_5311,RiPP
RiPP_gcf_5312,RiPP
RiPP_gcf_5313,RiPP
RiPP_gcf_5314,RiPP
RiPP_gcf_5315,RiPP
RiPP_gcf_5316,RiPP
RiPP_gcf_5317,RiPP
RiPP_gcf_5318,RiPP
RiPP_gcf_5319,RiPP
RiPP_gcf_5320,RiPP
RiPP_gcf_5321,RiPP
RiPP_gcf_5322,RiPP
RiPP_gcf_5323,RiPP
RiPP_gcf_5324,RiPP
RiPP_gcf_5326,RiPP
RiPP_gcf_5327,RiPP
RiPP_gcf_5328,RiPP
RiPP_gcf_5329,RiPP
RiPP_gcf_5330,RiPP
RiPP_gcf_5331,RiPP
RiPP_gcf_5332,RiPP
RiPP_gcf_5333,RiPP
RiPP_gcf_5334,RiPP
RiPP_gcf_5335,RiPP
RiPP_gcf_5336,RiPP
RiPP_gcf_5337,RiPP
RiPP_gcf_5339,RiPP
RiPP_gcf_5341,RiPP
RiPP_gcf_5343,RiPP
RiPP_gcf_5344,RiPP
RiPP_gcf_5346,RiPP
RiPP_gcf_5347,RiPP
RiPP_gcf_5348,RiPP
RiPP_gcf_5350,RiPP
RiPP_gcf_5351,RiPP
RiPP_gcf_5353,RiPP
RiPP_gcf_5354,RiPP
RiPP_gcf_5355,RiPP
RiPP_gcf_5356,RiPP
RiPP_gcf_5357,RiPP
RiPP_gcf_5358,RiPP
RiPP_gcf_5359,RiPP
RiPP_gcf_5360,RiPP
RiPP_gcf_5361,RiPP
RiPP_gcf_5362,RiPP
RiPP_gcf_5363,RiPP
RiPP_gcf_5364,RiPP
RiPP_gcf_5365,RiPP
RiPP_gcf_5366,RiPP
RiPP_gcf_5367,RiPP
RiPP_gcf_5368,RiPP
RiPP_gcf_5369,RiPP
RiPP_gcf_5370,RiPP
RiPP_gcf_5371,RiPP
RiPP_gcf_5372,RiPP
RiPP_gcf_5373,RiPP
RiPP_gcf_5374,RiPP
RiPP_gcf_5376,RiPP
RiPP_gcf_5377,RiPP
RiPP_gcf_5378,RiPP
RiPP_gcf_5379,RiPP
RiPP_gcf_5380,RiPP
RiPP_gcf_5381,RiPP
RiPP_gcf_5382,RiPP
RiPP_gcf_5384,RiPP
RiPP_gcf_5385,RiPP
RiPP_gcf_5386,RiPP
RiPP_gcf_5387,RiPP
RiPP_gcf_5388,RiPP
RiPP_gcf_5390,RiPP
RiPP_gcf_5391,RiPP
RiPP_gcf_5392,RiPP
RiPP_gcf_5393,RiPP
RiPP_gcf_5394,RiPP
RiPP_gcf_5395,RiPP
RiPP_gcf_5396,RiPP
RiPP_gcf_5397,RiPP
RiPP_gcf_5398,RiPP
RiPP_gcf_5399,RiPP
RiPP_gcf_5400,RiPP
RiPP_gcf_5401,RiPP
RiPP_gcf_5402,RiPP
RiPP_gcf_5403,RiPP
RiPP_gcf_5404,RiPP
RiPP_gcf_5405,RiPP
RiPP_gcf_5406,RiPP
RiPP_gcf_5407,RiPP
RiPP_gcf_5409,RiPP
RiPP_gcf_5410,RiPP
RiPP_gcf_5411,RiPP
RiPP_gcf_5412,RiPP
RiPP_gcf_5413,RiPP
RiPP_gcf_5414,RiPP
RiPP_gcf_5415,RiPP
RiPP_gcf_5416,RiPP
RiPP_gcf_5417,RiPP
RiPP_gcf_5418,RiPP
RiPP_gcf_5419,RiPP
RiPP_gcf_5420,RiPP
RiPP_gcf_5421,RiPP
RiPP_gcf_5422,RiPP
RiPP_gcf_5423,RiPP
RiPP_gcf_5424,RiPP
RiPP_gcf_5425,RiPP
RiPP_gcf_5426,RiPP
RiPP_gcf_5427,RiPP
RiPP_gcf_5428,RiPP
RiPP_gcf_5429,RiPP
RiPP_gcf_5430,RiPP
RiPP_gcf_5431,RiPP
RiPP_gcf_5432,RiPP
RiPP_gcf_5434,RiPP
RiPP_gcf_5435,RiPP
RiPP_gcf_5436,RiPP
RiPP_gcf_5437,RiPP
RiPP_gcf_5441,RiPP
RiPP_gcf_5442,RiPP
RiPP_gcf_5443,RiPP
RiPP_gcf_5444,RiPP
RiPP_gcf_5445,RiPP
RiPP_gcf_5446,RiPP
RiPP_gcf_5448,RiPP
RiPP_gcf_5449,RiPP
RiPP_gcf_5451,RiPP
RiPP_gcf_5452,RiPP
RiPP_gcf_5453,RiPP
RiPP_gcf_5454,RiPP
RiPP_gcf_5455,RiPP
RiPP_gcf_5456,RiPP
RiPP_gcf_5457,RiPP
RiPP_gcf_5459,RiPP
RiPP_gcf_5460,RiPP
RiPP_gcf_5461,RiPP
RiPP_gcf_5463,RiPP
RiPP_gcf_5464,RiPP
RiPP_gcf_5465,RiPP
RiPP_gcf_5466,RiPP
RiPP_gcf_5467,RiPP
RiPP_gcf_5469,RiPP
RiPP_gcf_5471,RiPP
RiPP_gcf_5472,RiPP
RiPP_gcf_5473,RiPP
RiPP_gcf_5474,RiPP
RiPP_gcf_5475,RiPP
RiPP_gcf_5476,RiPP
RiPP_gcf_5477,RiPP
RiPP_gcf_5478,RiPP
RiPP_gcf_5480,RiPP
RiPP_gcf_5481,RiPP
RiPP_gcf_5482,RiPP
RiPP_gcf_5484,RiPP
RiPP_gcf_5485,RiPP
RiPP_gcf_5486,RiPP
RiPP_gcf_5487,RiPP
RiPP_gcf_5488,RiPP
RiPP_gcf_5489,RiPP
RiPP_gcf_5490,RiPP
RiPP_gcf_5491,RiPP
RiPP_gcf_5493,RiPP
RiPP_gcf_5494,RiPP
RiPP_gcf_5495,RiPP
RiPP_gcf_5496,RiPP
RiPP_gcf_5497,RiPP
RiPP_gcf_5498,RiPP
RiPP_gcf_5499,RiPP
RiPP_gcf_5500,RiPP
RiPP_gcf_5501,RiPP
RiPP_gcf_5503,RiPP
RiPP_gcf_5504,RiPP
RiPP_gcf_5505,RiPP
RiPP_gcf_5506,RiPP
RiPP_gcf_5507,RiPP
RiPP_gcf_5508,RiPP
RiPP_gcf_5509,RiPP
RiPP_gcf_5511,RiPP
RiPP_gcf_5512,RiPP
RiPP_gcf_5513,RiPP
RiPP_gcf_5514,RiPP
RiPP_gcf_5516,RiPP
RiPP_gcf_5517,RiPP
RiPP_gcf_5518,RiPP
RiPP_gcf_5519,RiPP
RiPP_gcf_5520,RiPP
RiPP_gcf_5521,RiPP
RiPP_gcf_5522,RiPP
RiPP_gcf_5523,RiPP
RiPP_gcf_5524,RiPP
RiPP_gcf_5525,RiPP
RiPP_gcf_5526,RiPP
RiPP_gcf_5527,RiPP
RiPP_gcf_5528,RiPP
RiPP_gcf_5529,RiPP
RiPP_gcf_5531,RiPP
RiPP_gcf_5532,RiPP
RiPP_gcf_5533,RiPP
RiPP_gcf_5534,RiPP
RiPP_gcf_5535,RiPP
RiPP_gcf_5536,RiPP
RiPP_gcf_5537,RiPP
RiPP_gcf_5538,RiPP
RiPP_gcf_5539,RiPP
RiPP_gcf_5540,RiPP
RiPP_gcf_5541,RiPP
RiPP_gcf_5542,RiPP
RiPP_gcf_5544,RiPP
RiPP_gcf_5545,RiPP
RiPP_gcf_5546,RiPP
RiPP_gcf_5547,RiPP
RiPP_gcf_5548,RiPP
RiPP_gcf_5553,RiPP
RiPP_gcf_5554,RiPP
RiPP_gcf_5555,RiPP
RiPP_gcf_5556,RiPP
RiPP_gcf_5557,RiPP
RiPP_gcf_5558,RiPP
RiPP_gcf_5559,RiPP
RiPP_gcf_5560,RiPP
RiPP_gcf_5561,RiPP
RiPP_gcf_5563,RiPP
RiPP_gcf_5565,RiPP
RiPP_gcf_5566,RiPP
RiPP_gcf_5567,RiPP
RiPP_gcf_5569,RiPP
RiPP_gcf_5570,RiPP
RiPP_gcf_5571,RiPP
RiPP_gcf_5572,RiPP
RiPP_gcf_5573,RiPP
RiPP_gcf_5574,RiPP
RiPP_gcf_5575,RiPP
RiPP_gcf_5576,RiPP
RiPP_gcf_5577,RiPP
RiPP_gcf_5578,RiPP
RiPP_gcf_5579,RiPP
RiPP_gcf_5580,RiPP
RiPP_gcf_5581,RiPP
RiPP_gcf_5583,RiPP
RiPP_gcf_5584,RiPP
RiPP_gcf_5585,RiPP
RiPP_gcf_5586,RiPP
RiPP_gcf_5587,RiPP
RiPP_gcf_5588,RiPP
RiPP_gcf_5589,RiPP
RiPP_gcf_5592,RiPP
RiPP_gcf_5593,RiPP
RiPP_gcf_5594,RiPP
RiPP_gcf_5595,RiPP
RiPP_gcf_5596,RiPP
RiPP_gcf_5597,RiPP
RiPP_gcf_5598,RiPP
RiPP_gcf_5599,RiPP
RiPP_gcf_5600,RiPP
RiPP_gcf_5601,RiPP
RiPP_gcf_5602,RiPP
RiPP_gcf_5603,RiPP
RiPP_gcf_5604,RiPP
RiPP_gcf_5605,RiPP
RiPP_gcf_5606,RiPP
RiPP_gcf_5607,RiPP
RiPP_gcf_5608,RiPP
RiPP_gcf_5609,RiPP
RiPP_gcf_5610,RiPP
RiPP_gcf_5611,RiPP
RiPP_gcf_5612,RiPP
RiPP_gcf_5613,RiPP
RiPP_gcf_5614,RiPP
RiPP_gcf_5615,RiPP
RiPP_gcf_5616,RiPP
RiPP_gcf_5617,RiPP
RiPP_gcf_5618,RiPP
RiPP_gcf_5619,RiPP
RiPP_gcf_5621,RiPP
RiPP_gcf_5623,RiPP
RiPP_gcf_5624,RiPP
RiPP_gcf_5625,RiPP
RiPP_gcf_5626,RiPP
RiPP_gcf_5627,RiPP
RiPP_gcf_5628,RiPP
RiPP_gcf_5629,RiPP
RiPP_gcf_5630,RiPP
RiPP_gcf_5631,RiPP
RiPP_gcf_5632,RiPP
RiPP_gcf_5633,RiPP
RiPP_gcf_5634,RiPP
RiPP_gcf_5635,RiPP
RiPP_gcf_5637,RiPP
RiPP_gcf_5638,RiPP
RiPP_gcf_5639,RiPP
RiPP_gcf_5640,RiPP
RiPP_gcf_5642,RiPP
RiPP_gcf_5643,RiPP
RiPP_gcf_5644,RiPP
RiPP_gcf_5645,RiPP
RiPP_gcf_5646,RiPP
RiPP_gcf_5647,RiPP
RiPP_gcf_5648,RiPP
RiPP_gcf_5649,RiPP
RiPP_gcf_5650,RiPP
RiPP_gcf_5651,RiPP
RiPP_gcf_5652,RiPP
RiPP_gcf_5653,RiPP
RiPP_gcf_5654,RiPP
RiPP_gcf_5655,RiPP
RiPP_gcf_5657,RiPP
RiPP_gcf_5658,RiPP
RiPP_gcf_5659,RiPP
RiPP_gcf_5660,RiPP
RiPP_gcf_5661,RiPP
RiPP_gcf_5662,RiPP
RiPP_gcf_5663,RiPP
RiPP_gcf_5664,RiPP
RiPP_gcf_5665,RiPP
RiPP_gcf_5668,RiPP
RiPP_gcf_5670,RiPP
RiPP_gcf_5671,RiPP
RiPP_gcf_5673,RiPP
RiPP_gcf_5674,RiPP
RiPP_gcf_5675,RiPP
RiPP_gcf_5677,RiPP
RiPP_gcf_5678,RiPP
RiPP_gcf_5679,RiPP
RiPP_gcf_5680,RiPP
RiPP_gcf_5681,RiPP
RiPP_gcf_5682,RiPP
RiPP_gcf_5683,RiPP
RiPP_gcf_5684,RiPP
RiPP_gcf_5686,RiPP
RiPP_gcf_5688,RiPP
RiPP_gcf_5689,RiPP
RiPP_gcf_5690,RiPP
RiPP_gcf_5691,RiPP
RiPP_gcf_5692,RiPP
RiPP_gcf_5693,RiPP
RiPP_gcf_5694,RiPP
RiPP_gcf_5695,RiPP
RiPP_gcf_5696,RiPP
RiPP_gcf_5697,RiPP
RiPP_gcf_5698,RiPP
RiPP_gcf_5699,RiPP
RiPP_gcf_5701,RiPP
RiPP_gcf_5702,RiPP
RiPP_gcf_5703,RiPP
RiPP_gcf_5704,RiPP
RiPP_gcf_5705,RiPP
RiPP_gcf_5706,RiPP
RiPP_gcf_5707,RiPP
RiPP_gcf_5708,RiPP
RiPP_gcf_5709,RiPP
RiPP_gcf_5710,RiPP
RiPP_gcf_5711,RiPP
RiPP_gcf_5712,RiPP
RiPP_gcf_5713,RiPP
RiPP_gcf_5714,RiPP
RiPP_gcf_5715,RiPP
RiPP_gcf_5716,RiPP
RiPP_gcf_5717,RiPP
RiPP_gcf_5718,RiPP
RiPP_gcf_5720,RiPP
RiPP_gcf_5721,RiPP
RiPP_gcf_5722,RiPP
RiPP_gcf_5724,RiPP
RiPP_gcf_5725,RiPP
RiPP_gcf_5726,RiPP
RiPP_gcf_5727,RiPP
RiPP_gcf_5730,RiPP
RiPP_gcf_5731,RiPP
RiPP_gcf_5732,RiPP
RiPP_gcf_5733,RiPP
RiPP_gcf_5735,RiPP
RiPP_gcf_5736,RiPP
RiPP_gcf_5737,RiPP
RiPP_gcf_5738,RiPP
RiPP_gcf_5739,RiPP
RiPP_gcf_5740,RiPP
RiPP_gcf_5741,RiPP
RiPP_gcf_5742,RiPP
RiPP_gcf_5745,RiPP
RiPP_gcf_5747,RiPP
RiPP_gcf_5748,RiPP
RiPP_gcf_5749,RiPP
RiPP_gcf_5750,RiPP
RiPP_gcf_5752,RiPP
RiPP_gcf_5753,RiPP
RiPP_gcf_5754,RiPP
RiPP_gcf_5755,RiPP
RiPP_gcf_5756,RiPP
RiPP_gcf_5758,RiPP
RiPP_gcf_5759,RiPP
RiPP_gcf_5760,RiPP
RiPP_gcf_5761,RiPP
RiPP_gcf_5762,RiPP
RiPP_gcf_5763,RiPP
RiPP_gcf_5764,RiPP
RiPP_gcf_5765,RiPP
RiPP_gcf_5767,RiPP
RiPP_gcf_5768,RiPP
RiPP_gcf_5769,RiPP
RiPP_gcf_5770,RiPP
RiPP_gcf_5772,RiPP
RiPP_gcf_5773,RiPP
RiPP_gcf_5774,RiPP
RiPP_gcf_5775,RiPP
RiPP_gcf_5776,RiPP
RiPP_gcf_5777,RiPP
RiPP_gcf_5778,RiPP
RiPP_gcf_5779,RiPP
RiPP_gcf_5780,RiPP
RiPP_gcf_5781,RiPP
RiPP_gcf_5782,RiPP
RiPP_gcf_5783,RiPP
RiPP_gcf_5784,RiPP
RiPP_gcf_5785,RiPP
RiPP_gcf_5786,RiPP
RiPP_gcf_5787,RiPP
RiPP_gcf_5788,RiPP
RiPP_gcf_5789,RiPP
RiPP_gcf_5790,RiPP
RiPP_gcf_5791,RiPP
RiPP_gcf_5792,RiPP
RiPP_gcf_5793,RiPP
RiPP_gcf_5794,RiPP
RiPP_gcf_5795,RiPP
RiPP_gcf_5796,RiPP
RiPP_gcf_5797,RiPP
RiPP_gcf_5798,RiPP
RiPP_gcf_5799,RiPP
RiPP_gcf_5800,RiPP
RiPP_gcf_5801,RiPP
RiPP_gcf_5802,RiPP
RiPP_gcf_5803,RiPP
RiPP_gcf_5804,RiPP
RiPP_gcf_5805,RiPP
RiPP_gcf_5806,RiPP
RiPP_gcf_5807,RiPP
RiPP_gcf_5808,RiPP
RiPP_gcf_5809,RiPP
RiPP_gcf_5810,RiPP
RiPP_gcf_5811,RiPP
RiPP_gcf_5812,RiPP
RiPP_gcf_5813,RiPP
RiPP_gcf_5814,RiPP
RiPP_gcf_5815,RiPP
RiPP_gcf_5816,RiPP
RiPP_gcf_5817,RiPP
RiPP_gcf_5819,RiPP
RiPP_gcf_5821,RiPP
RiPP_gcf_5822,RiPP
RiPP_gcf_5823,RiPP
RiPP_gcf_5824,RiPP
RiPP_gcf_5826,RiPP
RiPP_gcf_5827,RiPP
RiPP_gcf_5828,RiPP
RiPP_gcf_5829,RiPP
RiPP_gcf_5830,RiPP
RiPP_gcf_5832,RiPP
RiPP_gcf_5833,RiPP
RiPP_gcf_5834,RiPP
RiPP_gcf_5836,RiPP
RiPP_gcf_5838,RiPP
RiPP_gcf_5839,RiPP
RiPP_gcf_5840,RiPP
RiPP_gcf_5841,RiPP
RiPP_gcf_5842,RiPP
RiPP_gcf_5844,RiPP
RiPP_gcf_5845,RiPP
RiPP_gcf_5848,RiPP
RiPP_gcf_5849,RiPP
RiPP_gcf_5850,RiPP
RiPP_gcf_5851,RiPP
RiPP_gcf_5852,RiPP
RiPP_gcf_5853,RiPP
RiPP_gcf_5854,RiPP
RiPP_gcf_5856,RiPP
RiPP_gcf_5857,RiPP
RiPP_gcf_5858,RiPP
RiPP_gcf_5859,RiPP
RiPP_gcf_5860,RiPP
RiPP_gcf_5861,RiPP
RiPP_gcf_5862,RiPP
RiPP_gcf_5866,RiPP
RiPP_gcf_5867,RiPP
RiPP_gcf_5868,RiPP
RiPP_gcf_5869,RiPP
RiPP_gcf_5870,RiPP
RiPP_gcf_5872,RiPP
RiPP_gcf_5873,RiPP
RiPP_gcf_5875,RiPP
RiPP_gcf_5878,RiPP
RiPP_gcf_5879,RiPP
RiPP_gcf_5880,RiPP
RiPP_gcf_5882,RiPP
RiPP_gcf_5883,RiPP
RiPP_gcf_5884,RiPP
RiPP_gcf_5885,RiPP
RiPP_gcf_5886,RiPP
RiPP_gcf_5887,RiPP
RiPP_gcf_5888,RiPP
RiPP_gcf_5889,RiPP
RiPP_gcf_5890,RiPP
RiPP_gcf_5891,RiPP
RiPP_gcf_5892,RiPP
RiPP_gcf_5893,RiPP
RiPP_gcf_5894,RiPP
RiPP_gcf_5895,RiPP
RiPP_gcf_5896,RiPP
RiPP_gcf_5897,RiPP
RiPP_gcf_5898,RiPP
RiPP_gcf_5899,RiPP
RiPP_gcf_5900,RiPP
RiPP_gcf_5901,RiPP
RiPP_gcf_5903,RiPP
RiPP_gcf_5904,RiPP
RiPP_gcf_5905,RiPP
RiPP_gcf_5907,RiPP
RiPP_gcf_5908,RiPP
RiPP_gcf_5910,RiPP
RiPP_gcf_5912,RiPP
RiPP_gcf_5913,RiPP
RiPP_gcf_5914,RiPP
RiPP_gcf_5915,RiPP
RiPP_gcf_5916,RiPP
RiPP_gcf_5917,RiPP
RiPP_gcf_5918,RiPP
RiPP_gcf_5919,RiPP
RiPP_gcf_5920,RiPP
RiPP_gcf_5921,RiPP
RiPP_gcf_5922,RiPP
RiPP_gcf_5923,RiPP
RiPP_gcf_5924,RiPP
RiPP_gcf_5925,RiPP
RiPP_gcf_5926,RiPP
RiPP_gcf_5928,RiPP
RiPP_gcf_5929,RiPP
RiPP_gcf_5930,RiPP
RiPP_gcf_5931,RiPP
RiPP_gcf_5932,RiPP
RiPP_gcf_5933,RiPP
RiPP_gcf_5934,RiPP
RiPP_gcf_5935,RiPP
RiPP_gcf_5936,RiPP
RiPP_gcf_5937,RiPP
RiPP_gcf_5938,RiPP
RiPP_gcf_5939,RiPP
RiPP_gcf_5940,RiPP
RiPP_gcf_5941,RiPP
RiPP_gcf_5943,RiPP
RiPP_gcf_5944,RiPP
RiPP_gcf_5945,RiPP
RiPP_gcf_5946,RiPP
RiPP_gcf_5949,RiPP
RiPP_gcf_5951,RiPP
RiPP_gcf_5952,RiPP
RiPP_gcf_5954,RiPP
RiPP_gcf_5955,RiPP
RiPP_gcf_5957,RiPP
RiPP_gcf_5958,RiPP
RiPP_gcf_5959,RiPP
RiPP_gcf_5960,RiPP
RiPP_gcf_5961,RiPP
RiPP_gcf_5962,RiPP
RiPP_gcf_5963,RiPP
RiPP_gcf_5964,RiPP
RiPP_gcf_5966,RiPP
RiPP_gcf_5967,RiPP
RiPP_gcf_5968,RiPP
RiPP_gcf_5969,RiPP
RiPP_gcf_5970,RiPP
RiPP_gcf_5971,RiPP
RiPP_gcf_5974,RiPP
RiPP_gcf_8565,RiPP
RiPP_gcf_8568,RiPP
RiPP_gcf_8569,RiPP
RiPP_gcf_8571,RiPP
RiPP_gcf_8573,RiPP
RiPP_gcf_8574,RiPP
RiPP_gcf_8705,RiPP
RiPP_gcf_8712,RiPP
RiPP_gcf_8713,RiPP
RiPP_gcf_8717,RiPP
RiPP_gcf_8721,RiPP
RiPP_gcf_8722,RiPP
RiPP_gcf_8726,RiPP
RiPP_gcf_8728,RiPP
RiPP_gcf_8729,RiPP
RiPP_gcf_8730,RiPP
RiPP_gcf_8734,RiPP
RiPP_gcf_8738,RiPP
other_gcf_195,other
other_gcf_210,other
other_gcf_2122,other
other_gcf_2123,other
other_gcf_2124,other
other_gcf_2125,other
other_gcf_2126,other
other_gcf_2127,other
other_gcf_2128,other
other_gcf_2129,other
other_gcf_2130,other
other_gcf_2131,other
other_gcf_2132,other
other_gcf_2134,other
other_gcf_2135,other
other_gcf_2136,other
other_gcf_2137,other
other_gcf_2138,other
other_gcf_2139,other
other_gcf_2140,other
other_gcf_2141,other
other_gcf_2142,other
other_gcf_2143,other
other_gcf_2144,other
other_gcf_2145,other
other_gcf_2146,other
other_gcf_2147,other
other_gcf_2148,other
other_gcf_2149,other
other_gcf_2150,other
other_gcf_2151,other
other_gcf_2152,other
other_gcf_2154,other
other_gcf_2155,other
other_gcf_2156,other
other_gcf_2157,other
other_gcf_2158,other
other_gcf_2159,other
other_gcf_2160,other
other_gcf_2161,other
other_gcf_2162,other
other_gcf_2163,other
other_gcf_2164,other
other_gcf_2165,other
other_gcf_2166,other
other_gcf_2167,other
other_gcf_2168,other
other_gcf_2169,other
other_gcf_2170,other
other_gcf_2171,other
other_gcf_2172,other
other_gcf_2173,other
other_gcf_2174,other
other_gcf_2175,other
other_gcf_2176,other
other_gcf_2177,other
other_gcf_2178,other
other_gcf_2179,other
other_gcf_2180,other
other_gcf_2181,other
other_gcf_2183,other
other_gcf_2184,other
other_gcf_2185,other
other_gcf_2186,other
other_gcf_2188,other
other_gcf_2189,other
other_gcf_2190,other
other_gcf_2191,other
other_gcf_2192,other
other_gcf_2194,other
other_gcf_2210,other
other_gcf_2211,other
other_gcf_2217,other
other_gcf_2220,other
other_gcf_2221,other
other_gcf_2222,other
other_gcf_2223,other
other_gcf_2225,other
other_gcf_2226,other
other_gcf_2227,other
other_gcf_2228,other
other_gcf_2229,other
other_gcf_2230,other
other_gcf_2231,other
other_gcf_2232,other
other_gcf_2233,other
other_gcf_2234,other
other_gcf_2235,other
other_gcf_2236,other
other_gcf_2237,other
other_gcf_2238,other
other_gcf_2239,other
other_gcf_2240,other
other_gcf_2241,other
other_gcf_2242,other
other_gcf_2243,other
other_gcf_2244,other
other_gcf_2245,other
other_gcf_2246,other
other_gcf_2248,other
other_gcf_2249,other
other_gcf_2250,other
other_gcf_2251,other
other_gcf_2252,other
other_gcf_2253,other
other_gcf_2254,other
other_gcf_2255,other
other_gcf_2256,other
other_gcf_2257,other
other_gcf_2258,other
other_gcf_2259,other
other_gcf_2260,other
other_gcf_2261,other
other_gcf_2262,other
other_gcf_2263,other
other_gcf_2264,other
other_gcf_2265,other
other_gcf_2266,other
other_gcf_2267,other
other_gcf_2268,other
other_gcf_2269,other
other_gcf_2270,other
other_gcf_2271,other
other_gcf_2272,other
other_gcf_2273,other
other_gcf_2274,other
other_gcf_2275,other
other_gcf_2276,other
other_gcf_2277,other
other_gcf_2278,other
other_gcf_2296,other
other_gcf_2297,other
other_gcf_2300,other
other_gcf_2304,other
other_gcf_2308,other
other_gcf_2329,other
other_gcf_2339,other
other_gcf_2342,other
other_gcf_2345,other
other_gcf_2356,other
other_gcf_2358,other
other_gcf_2362,other
other_gcf_2365,other
other_gcf_2366,other
other_gcf_2367,other
other_gcf_2368,other
other_gcf_2369,other
other_gcf_2370,other
other_gcf_2371,other
other_gcf_2372,other
other_gcf_2373,other
other_gcf_2374,other
other_gcf_2375,other
other_gcf_2376,other
other_gcf_2377,other
other_gcf_2378,other
other_gcf_2379,other
other_gcf_2380,other
other_gcf_2381,other
other_gcf_2382,other
other_gcf_2383,other
other_gcf_2384,other
other_gcf_2385,other
other_gcf_2386,other
other_gcf_2388,other
other_gcf_2389,other
other_gcf_2390,other
other_gcf_2391,other
other_gcf_2392,other
other_gcf_2393,other
other_gcf_2406,other
other_gcf_2407,other
other_gcf_2409,other
other_gcf_2412,other
other_gcf_2416,other
other_gcf_2419,other
other_gcf_2424,other
other_gcf_2443,other
other_gcf_2444,other
other_gcf_2445,other
other_gcf_2446,other
other_gcf_2447,other
other_gcf_2457,other
other_gcf_2462,other
other_gcf_2463,other
other_gcf_2489,other
other_gcf_2490,other
other_gcf_2492,other
other_gcf_2494,other
other_gcf_2495,other
other_gcf_2496,other
other_gcf_2497,other
other_gcf_2498,other
other_gcf_2500,other
other_gcf_2510,other
other_gcf_2522,other
other_gcf_2525,other
other_gcf_2527,other
other_gcf_2546,other
other_gcf_2547,other
other_gcf_2573,other
other_gcf_2579,other
other_gcf_2581,other
other_gcf_2582,other
other_gcf_2583,other
other_gcf_2584,other
other_gcf_2585,other
other_gcf_2586,other
other_gcf_2587,other
other_gcf_2588,other
other_gcf_2589,other
other_gcf_2590,other
other_gcf_2591,other
other_gcf_2592,other
other_gcf_2593,other
other_gcf_2594,other
other_gcf_2595,other
other_gcf_2596,other
other_gcf_2597,other
other_gcf_2598,other
other_gcf_2599,other
other_gcf_2600,other
other_gcf_2601,other
other_gcf_2602,other
other_gcf_2604,other
other_gcf_2606,other
other_gcf_2608,other
other_gcf_2610,other
other_gcf_2613,other
other_gcf_2614,other
other_gcf_2618,other
other_gcf_2624,other
other_gcf_2628,other
other_gcf_2629,other
other_gcf_2630,other
other_gcf_2631,other
other_gcf_2633,other
other_gcf_2634,other
other_gcf_2635,other
other_gcf_2636,other
other_gcf_2638,other
other_gcf_2639,other
other_gcf_2644,other
other_gcf_2648,other
other_gcf_2650,other
other_gcf_2651,other
other_gcf_2652,other
other_gcf_2677,other
other_gcf_2678,other
other_gcf_2688,other
other_gcf_2689,other
other_gcf_2691,other
other_gcf_2697,other
other_gcf_2706,other
other_gcf_2708,other
other_gcf_2714,other
other_gcf_2715,other
other_gcf_2716,other
other_gcf_2717,other
other_gcf_2718,other
other_gcf_2719,other
other_gcf_2720,other
other_gcf_2723,other
other_gcf_2724,other
other_gcf_2725,other
other_gcf_2726,other
other_gcf_2732,other
other_gcf_2734,other
other_gcf_2738,other
other_gcf_2746,other
other_gcf_2769,other
other_gcf_2773,other
other_gcf_2776,other
other_gcf_2780,other
other_gcf_2781,other
other_gcf_2786,other
other_gcf_2787,other
other_gcf_2791,other
other_gcf_2794,other
other_gcf_2797,other
other_gcf_2798,other
other_gcf_2799,other
other_gcf_2802,other
other_gcf_2805,other
other_gcf_2809,other
other_gcf_2810,other
other_gcf_2812,other
other_gcf_2813,other
other_gcf_2814,other
other_gcf_2821,other
other_gcf_2823,other
other_gcf_2826,other
other_gcf_2827,other
other_gcf_2831,other
other_gcf_2832,other
other_gcf_2833,other
other_gcf_2834,other
other_gcf_2835,other
other_gcf_2837,other
other_gcf_2840,other
other_gcf_2841,other
other_gcf_2842,other
other_gcf_2846,other
other_gcf_2847,other
other_gcf_2849,other
other_gcf_2856,other
other_gcf_2857,other
other_gcf_2858,other
other_gcf_2860,other
other_gcf_2862,other
other_gcf_2869,other
other_gcf_2870,other
other_gcf_2871,other
other_gcf_2872,other
other_gcf_2873,other
other_gcf_2875,other
other_gcf_2876,other
other_gcf_2878,other
other_gcf_2879,other
other_gcf_2885,other
other_gcf_2886,other
other_gcf_2888,other
other_gcf_2889,other
other_gcf_2890,other
other_gcf_2891,other
other_gcf_2892,other
other_gcf_2893,other
other_gcf_2901,other
other_gcf_2905,other
other_gcf_2908,other
other_gcf_2911,other
other_gcf_2912,other
other_gcf_2913,other
other_gcf_2914,other
other_gcf_2915,other
other_gcf_2916,other
other_gcf_2920,other
other_gcf_2921,other
other_gcf_2922,other
other_gcf_2924,other
other_gcf_2925,other
other_gcf_2928,other
other_gcf_2929,other
other_gcf_2932,other
other_gcf_2933,other
other_gcf_2934,other
other_gcf_2942,other
other_gcf_2943,other
other_gcf_2944,other
other_gcf_2947,other
other_gcf_2957,other
other_gcf_2958,other
other_gcf_2963,other
other_gcf_2967,other
other_gcf_2968,other
other_gcf_2969,other
other_gcf_2971,other
other_gcf_2972,other
other_gcf_2973,other
other_gcf_2974,other
other_gcf_2975,other
other_gcf_2980,other
other_gcf_2983,other
other_gcf_2984,other
other_gcf_2989,other
other_gcf_2999,other
other_gcf_3000,other
other_gcf_3001,other
other_gcf_3002,other
other_gcf_3004,other
other_gcf_3011,other
other_gcf_3014,other
other_gcf_3015,other
other_gcf_3016,other
other_gcf_3018,other
other_gcf_3019,other
other_gcf_3025,other
other_gcf_3028,other
other_gcf_3031,other
other_gcf_3032,other
other_gcf_3036,other
other_gcf_3042,other
other_gcf_3047,other
other_gcf_3048,other
other_gcf_3050,other
other_gcf_3051,other
other_gcf_3054,other
other_gcf_3055,other
other_gcf_3060,other
other_gcf_3066,other
other_gcf_3068,other
other_gcf_3069,other
other_gcf_3070,other
other_gcf_3075,other
other_gcf_3081,other
other_gcf_3082,other
other_gcf_3083,other
other_gcf_3089,other
other_gcf_3090,other
other_gcf_3091,other
other_gcf_3097,other
other_gcf_3100,other
other_gcf_3102,other
other_gcf_3103,other
other_gcf_3109,other
other_gcf_3117,other
other_gcf_3122,other
other_gcf_3131,other
other_gcf_3133,other
other_gcf_3134,other
other_gcf_3135,other
other_gcf_3145,other
other_gcf_3150,other
other_gcf_3164,other
other_gcf_3174,other
other_gcf_3177,other
other_gcf_3182,other
other_gcf_3185,other
other_gcf_3188,other
other_gcf_3191,other
other_gcf_3196,other
other_gcf_3210,other
other_gcf_3212,other
other_gcf_3216,other
other_gcf_3219,other
other_gcf_3220,other
other_gcf_3221,other
other_gcf_3222,other
other_gcf_3224,other
other_gcf_3228,other
other_gcf_3239,other
other_gcf_3240,other
other_gcf_3242,other
other_gcf_3244,other
other_gcf_3245,other
other_gcf_3246,other
other_gcf_3247,other
other_gcf_3249,other
other_gcf_3251,other
other_gcf_3252,other
other_gcf_3255,other
other_gcf_3258,other
other_gcf_3259,other
other_gcf_3260,other
other_gcf_3265,other
other_gcf_3268,other
other_gcf_3271,other
other_gcf_3276,other
other_gcf_3281,other
other_gcf_3287,other
other_gcf_3293,other
other_gcf_3294,other
other_gcf_3297,other
other_gcf_3301,other
other_gcf_3302,other
other_gcf_3304,other
other_gcf_3306,other
other_gcf_3312,other
other_gcf_3313,other
other_gcf_3329,other
other_gcf_3334,other
other_gcf_3335,other
other_gcf_3336,other
other_gcf_3349,other
other_gcf_3357,other
other_gcf_3359,other
other_gcf_3360,other
other_gcf_3362,other
other_gcf_3365,other
other_gcf_3373,other
other_gcf_3376,other
other_gcf_3378,other
other_gcf_3379,other
other_gcf_3390,other
other_gcf_3392,other
other_gcf_3393,other
other_gcf_3395,other
other_gcf_3404,other
other_gcf_3406,other
other_gcf_3412,other
other_gcf_3420,other
other_gcf_3422,other
other_gcf_3424,other
other_gcf_3425,other
other_gcf_3426,other
other_gcf_3429,other
other_gcf_3434,other
other_gcf_3438,other
other_gcf_3441,other
other_gcf_3453,other
other_gcf_3457,other
other_gcf_3460,other
other_gcf_3467,other
other_gcf_3468,other
other_gcf_3469,other
other_gcf_3471,other
other_gcf_3472,other
other_gcf_3474,other
other_gcf_3479,other
other_gcf_3491,other
other_gcf_3499,other
other_gcf_3503,other
other_gcf_3506,other
other_gcf_3507,other
other_gcf_3515,other
other_gcf_3517,other
other_gcf_3520,other
other_gcf_3521,other
other_gcf_3524,other
other_gcf_3525,other
other_gcf_3534,other
other_gcf_3540,other
other_gcf_3541,other
other_gcf_3544,other
other_gcf_3546,other
other_gcf_3550,other
other_gcf_3572,other
other_gcf_3582,other
other_gcf_3584,other
other_gcf_3586,other
other_gcf_3590,other
other_gcf_3593,other
other_gcf_3595,other
other_gcf_3597,other
other_gcf_3598,other
other_gcf_3603,other
other_gcf_3606,other
other_gcf_3608,other
other_gcf_3611,other
other_gcf_3612,other
other_gcf_3613,other
other_gcf_3619,other
other_gcf_3623,other
other_gcf_3625,other
other_gcf_3631,other
other_gcf_3634,other
other_gcf_3638,other
other_gcf_3639,other
other_gcf_3643,other
other_gcf_3645,other
other_gcf_3649,other
other_gcf_3653,other
other_gcf_3654,other
other_gcf_3656,other
other_gcf_3658,other
other_gcf_3668,other
other_gcf_3675,other
other_gcf_3677,other
other_gcf_3678,other
other_gcf_3683,other
other_gcf_3687,other
other_gcf_3688,other
other_gcf_3690,other
other_gcf_3695,other
other_gcf_3698,other
other_gcf_3699,other
other_gcf_3700,other
other_gcf_3701,other
other_gcf_3704,other
other_gcf_3707,other
other_gcf_3708,other
other_gcf_3771,other
other_gcf_3819,other
other_gcf_3820,other
other_gcf_3827,other
other_gcf_3835,other
other_gcf_3836,other
other_gcf_3851,other
other_gcf_3863,other
other_gcf_3865,other
other_gcf_3869,other
other_gcf_3874,other
other_gcf_3880,other
other_gcf_3887,other
other_gcf_3888,other
other_gcf_3891,other
other_gcf_3892,other
other_gcf_3893,other
other_gcf_3894,other
other_gcf_3895,other
other_gcf_3896,other
other_gcf_3903,other
other_gcf_3906,other
other_gcf_3907,other
other_gcf_3908,other
other_gcf_3909,other
other_gcf_3910,other
other_gcf_3911,other
other_gcf_3913,other
other_gcf_3914,other
other_gcf_3917,other
other_gcf_3920,other
other_gcf_3921,other
other_gcf_3923,other
other_gcf_3924,other
other_gcf_3937,other
other_gcf_3939,other
other_gcf_3945,other
other_gcf_3950,other
other_gcf_3952,other
other_gcf_3953,other
other_gcf_4005,other
other_gcf_4006,other
other_gcf_4007,other
other_gcf_4010,other
other_gcf_4022,other
other_gcf_4026,other
other_gcf_4027,other
other_gcf_4030,other
other_gcf_4049,other
other_gcf_4050,other
other_gcf_4053,other
other_gcf_4055,other
other_gcf_4080,other
other_gcf_4088,other
other_gcf_4100,other
other_gcf_4105,other
other_gcf_4106,other
other_gcf_4107,other
other_gcf_4108,other
other_gcf_4116,other
other_gcf_4117,other
other_gcf_4120,other
other_gcf_4126,other
other_gcf_4132,other
other_gcf_4145,other
other_gcf_4152,other
other_gcf_4157,other
other_gcf_4161,other
other_gcf_4163,other
other_gcf_4164,other
other_gcf_4166,other
other_gcf_4170,other
other_gcf_4173,other
other_gcf_4175,other
other_gcf_4176,other
other_gcf_4181,other
other_gcf_4183,other
other_gcf_4188,other
other_gcf_4189,other
other_gcf_4199,other
other_gcf_4200,other
other_gcf_4206,other
other_gcf_4208,other
other_gcf_4225,other
other_gcf_4227,other
other_gcf_4244,other
other_gcf_4255,other
other_gcf_4257,other
other_gcf_4267,other
other_gcf_4270,other
other_gcf_4272,other
other_gcf_4291,other
other_gcf_4292,other
other_gcf_4296,other
other_gcf_4301,other
other_gcf_4302,other
other_gcf_4306,other
other_gcf_4316,other
other_gcf_4318,other
other_gcf_4320,other
other_gcf_4329,other
other_gcf_4333,other
other_gcf_4335,other
other_gcf_4343,other
other_gcf_4344,other
other_gcf_4349,other
other_gcf_4350,other
other_gcf_4351,other
other_gcf_4360,other
other_gcf_4362,other
other_gcf_4363,other
other_gcf_4368,other
other_gcf_4370,other
other_gcf_4371,other
other_gcf_4379,other
other_gcf_4382,other
other_gcf_4389,other
other_gcf_4393,other
other_gcf_4396,other
other_gcf_4405,other
other_gcf_4407,other
other_gcf_4416,other
other_gcf_4417,other
other_gcf_4418,other
other_gcf_4420,other
other_gcf_4421,other
other_gcf_4422,other
other_gcf_4429,other
other_gcf_4431,other
other_gcf_4446,other
other_gcf_4451,other
other_gcf_4452,other
other_gcf_4459,other
other_gcf_4464,other
other_gcf_4465,other
other_gcf_4475,other
other_gcf_4479,other
other_gcf_4484,other
other_gcf_4485,other
other_gcf_4486,other
other_gcf_4493,other
other_gcf_4494,other
other_gcf_4497,other
other_gcf_4498,other
other_gcf_4506,other
other_gcf_4509,other
other_gcf_4513,other
other_gcf_4523,other
other_gcf_4525,other
other_gcf_4528,other
other_gcf_4530,other
other_gcf_4536,other
other_gcf_4550,other
other_gcf_4553,other
other_gcf_4556,other
other_gcf_4563,other
other_gcf_4573,other
other_gcf_4579,other
other_gcf_4581,other
other_gcf_4583,other
other_gcf_4585,other
other_gcf_4591,other
other_gcf_4593,other
other_gcf_4606,other
other_gcf_4620,other
other_gcf_4622,other
other_gcf_4623,other
other_gcf_4629,other
other_gcf_4630,other
other_gcf_4632,other
other_gcf_4637,other
other_gcf_4645,other
other_gcf_4646,other
other_gcf_4656,other
other_gcf_4673,other
other_gcf_4674,other
other_gcf_4676,other
other_gcf_4680,other
other_gcf_4688,other
other_gcf_4689,other
other_gcf_4690,other
other_gcf_4695,other
other_gcf_4702,other
other_gcf_4703,other
other_gcf_4704,other
other_gcf_4705,other
other_gcf_4707,other
other_gcf_4708,other
other_gcf_4712,other
other_gcf_4714,other
other_gcf_4718,other
other_gcf_4720,other
other_gcf_4731,other
other_gcf_4733,other
other_gcf_4735,other
other_gcf_4737,other
other_gcf_4739,other
other_gcf_4740,other
other_gcf_4763,other
other_gcf_4764,other
other_gcf_4767,other
other_gcf_4768,other
other_gcf_4769,other
other_gcf_4770,other
other_gcf_4771,other
other_gcf_4775,other
other_gcf_4778,other
other_gcf_4797,other
other_gcf_4804,other
other_gcf_4809,other
other_gcf_4814,other
other_gcf_4825,other
other_gcf_4832,other
other_gcf_4834,other
other_gcf_4846,other
other_gcf_4851,other
other_gcf_4852,other
other_gcf_4856,other
other_gcf_4867,other
other_gcf_4881,other
other_gcf_4885,other
other_gcf_4894,other
other_gcf_4899,other
other_gcf_4904,other
other_gcf_4909,other
other_gcf_4917,other
other_gcf_4920,other
other_gcf_4921,other
other_gcf_4928,other
other_gcf_4930,other
other_gcf_4931,other
other_gcf_4932,other
other_gcf_4937,other
other_gcf_4944,other
other_gcf_4948,other
other_gcf_4950,other
other_gcf_4952,other
other_gcf_4958,other
other_gcf_4965,other
other_gcf_4966,other
other_gcf_4969,other
other_gcf_4970,other
other_gcf_4976,other
other_gcf_4990,other
other_gcf_4994,other
other_gcf_4998,other
other_gcf_5003,other
other_gcf_5004,other
other_gcf_5017,other
other_gcf_5019,other
other_gcf_5020,other
other_gcf_5021,other
other_gcf_503,other
other_gcf_5036,other
other_gcf_5039,other
other_gcf_5042,other
other_gcf_5052,other
other_gcf_5078,other
other_gcf_5085,other
other_gcf_5104,other
other_gcf_5124,other
other_gcf_5127,other
other_gcf_5131,other
other_gcf_5134,other
other_gcf_5142,other
other_gcf_5154,other
other_gcf_5158,other
other_gcf_5165,other
other_gcf_5168,other
other_gcf_5169,other
other_gcf_5188,other
other_gcf_5196,other
other_gcf_5202,other
other_gcf_5212,other
other_gcf_5214,other
other_gcf_5217,other
other_gcf_5229,other
other_gcf_5234,other
other_gcf_5239,other
other_gcf_5245,other
other_gcf_5260,other
other_gcf_5271,other
other_gcf_5272,other
other_gcf_5273,other
other_gcf_5294,other
other_gcf_5296,other
other_gcf_5297,other
other_gcf_5302,other
other_gcf_5325,other
other_gcf_5338,other
other_gcf_5340,other
other_gcf_5342,other
other_gcf_5345,other
other_gcf_5349,other
other_gcf_5352,other
other_gcf_5375,other
other_gcf_5383,other
other_gcf_5389,other
other_gcf_5408,other
other_gcf_5433,other
other_gcf_5438,other
other_gcf_5439,other
other_gcf_5440,other
other_gcf_5447,other
other_gcf_5450,other
other_gcf_5458,other
other_gcf_5462,other
other_gcf_5468,other
other_gcf_5470,other
other_gcf_5479,other
other_gcf_5483,other
other_gcf_5492,other
other_gcf_5502,other
other_gcf_5510,other
other_gcf_5515,other
other_gcf_5530,other
other_gcf_5543,other
other_gcf_5549,other
other_gcf_5550,other
other_gcf_5551,other
other_gcf_5552,other
other_gcf_5562,other
other_gcf_5564,other
other_gcf_5568,other
other_gcf_5582,other
other_gcf_5590,other
other_gcf_5591,other
other_gcf_5620,other
other_gcf_5622,other
other_gcf_5636,other
other_gcf_5641,other
other_gcf_5656,other
other_gcf_5666,other
other_gcf_5667,other
other_gcf_5669,other
other_gcf_5672,other
other_gcf_5676,other
other_gcf_5685,other
other_gcf_5687,other
other_gcf_5700,other
other_gcf_5719,other
other_gcf_5723,other
other_gcf_5728,other
other_gcf_5729,other
other_gcf_5734,other
other_gcf_5743,other
other_gcf_5744,other
other_gcf_5746,other
other_gcf_5751,other
other_gcf_5757,other
other_gcf_5766,other
other_gcf_5771,other
other_gcf_5818,other
other_gcf_5820,other
other_gcf_5825,other
other_gcf_5831,other
other_gcf_5835,other
other_gcf_5837,other
other_gcf_5843,other
other_gcf_5846,other
other_gcf_5847,other
other_gcf_5855,other
other_gcf_5863,other
other_gcf_5864,other
other_gcf_5865,other
other_gcf_5871,other
other_gcf_5874,other
other_gcf_5876,other
other_gcf_5877,other
other_gcf_5881,other
other_gcf_5902,other
other_gcf_5906,other
other_gcf_5909,other
other_gcf_5911,other
other_gcf_5927,other
other_gcf_5942,other
other_gcf_5947,other
other_gcf_5948,other
other_gcf_5950,other
other_gcf_5953,other
other_gcf_5956,other
other_gcf_5965,other
other_gcf_5972,other
other_gcf_5973,other
other_gcf_5975,other
other_gcf_5978,other
other_gcf_5980,other
other_gcf_6024,other
other_gcf_6045,other
other_gcf_6053,other
other_gcf_6153,other
other_gcf_6323,other
other_gcf_6482,other
other_gcf_7320,other
other_gcf_7321,other
other_gcf_7322,other
other_gcf_7323,other
other_gcf_7324,other
other_gcf_7325,other
other_gcf_7326,other
other_gcf_7327,other
other_gcf_7328,other
other_gcf_7329,other
other_gcf_7330,other
other_gcf_7331,other
other_gcf_7332,other
other_gcf_7333,other
other_gcf_7334,other
other_gcf_7335,other
other_gcf_7336,other
other_gcf_7337,other
other_gcf_7338,other
other_gcf_7339,other
other_gcf_7340,other
other_gcf_7341,other
other_gcf_7342,other
other_gcf_7343,other
other_gcf_7344,other
other_gcf_7345,other
other_gcf_7346,other
other_gcf_7347,other
other_gcf_7348,other
other_gcf_7349,other
other_gcf_7350,other
other_gcf_7351,other
other_gcf_7352,other
other_gcf_7353,other
other_gcf_7354,other
other_gcf_7355,other
other_gcf_7356,other
other_gcf_7357,other
other_gcf_7358,other
other_gcf_7359,other
other_gcf_7360,other
other_gcf_7361,other
other_gcf_7362,other
other_gcf_7363,other
other_gcf_7364,other
other_gcf_7365,other
other_gcf_7366,other
other_gcf_7367,other
other_gcf_7368,other
other_gcf_7369,other
other_gcf_7370,other
other_gcf_7371,other
other_gcf_7372,other
other_gcf_7373,other
other_gcf_7374,other
other_gcf_7375,other
other_gcf_7376,other
other_gcf_7377,other
other_gcf_7378,other
other_gcf_7379,other
other_gcf_7380,other
other_gcf_7381,other
other_gcf_7382,other
other_gcf_7383,other
other_gcf_7384,other
other_gcf_7385,other
other_gcf_7386,other
other_gcf_7387,other
other_gcf_7388,other
other_gcf_7389,other
other_gcf_7390,other
other_gcf_7391,other
other_gcf_7392,other
other_gcf_7393,other
other_gcf_7394,other
other_gcf_7395,other
other_gcf_7396,other
other_gcf_7397,other
other_gcf_7398,other
other_gcf_7399,other
other_gcf_7400,other
other_gcf_7401,other
other_gcf_7402,other
other_gcf_7403,other
other_gcf_7404,other
other_gcf_7405,other
other_gcf_7406,other
other_gcf_7407,other
other_gcf_7408,other
other_gcf_7409,other
other_gcf_7410,other
other_gcf_7411,other
other_gcf_7412,other
other_gcf_7413,other
other_gcf_7414,other
other_gcf_7415,other
other_gcf_7416,other
other_gcf_7417,other
other_gcf_7418,other
other_gcf_7419,other
other_gcf_7420,other
other_gcf_7421,other
other_gcf_7422,other
other_gcf_7423,other
other_gcf_7424,other
other_gcf_7425,other
other_gcf_7426,other
other_gcf_7427,other
other_gcf_7428,other
other_gcf_7429,other
other_gcf_7430,other
other_gcf_7431,other
other_gcf_7432,other
other_gcf_7433,other
other_gcf_7434,other
other_gcf_7435,other
other_gcf_7436,other
other_gcf_7437,other
other_gcf_7438,other
other_gcf_7439,other
other_gcf_7440,other
other_gcf_7441,other
other_gcf_7442,other
other_gcf_7443,other
other_gcf_7444,other
other_gcf_7445,other
other_gcf_7446,other
other_gcf_7447,other
other_gcf_7448,other
other_gcf_7449,other
other_gcf_7450,other
other_gcf_7451,other
other_gcf_7452,other
other_gcf_7453,other
other_gcf_7454,other
other_gcf_7455,other
other_gcf_7456,other
other_gcf_7457,other
other_gcf_7458,other
other_gcf_7459,other
other_gcf_7460,other
other_gcf_7461,other
other_gcf_7462,other
other_gcf_7463,other
other_gcf_7464,other
other_gcf_7465,other
other_gcf_7466,other
other_gcf_7467,other
other_gcf_7468,other
other_gcf_7469,other
other_gcf_7470,other
other_gcf_7471,other
other_gcf_7472,other
other_gcf_7473,other
other_gcf_7474,other
other_gcf_7475,other
other_gcf_7476,other
other_gcf_7477,other
other_gcf_7478,other
other_gcf_7479,other
other_gcf_7480,other
other_gcf_7481,other
other_gcf_7482,other
other_gcf_7483,other
other_gcf_7484,other
other_gcf_7485,other
other_gcf_7486,other
other_gcf_7487,other
other_gcf_7488,other
other_gcf_7489,other
other_gcf_7490,other
other_gcf_7491,other
other_gcf_7492,other
other_gcf_7493,other
other_gcf_7494,other
other_gcf_7495,other
other_gcf_7496,other
other_gcf_7497,other
other_gcf_7498,other
other_gcf_7499,other
other_gcf_7500,other
other_gcf_7501,other
other_gcf_7502,other
other_gcf_7503,other
other_gcf_7504,other
other_gcf_7505,other
other_gcf_7506,other
other_gcf_7507,other
other_gcf_7508,other
other_gcf_7509,other
other_gcf_7510,other
other_gcf_7511,other
other_gcf_7512,other
other_gcf_7513,other
other_gcf_7514,other
other_gcf_7515,other
other_gcf_7516,other
other_gcf_7517,other
other_gcf_7518,other
other_gcf_7519,other
other_gcf_7520,other
other_gcf_7521,other
other_gcf_7522,other
other_gcf_7523,other
other_gcf_7524,other
other_gcf_7525,other
other_gcf_7526,other
other_gcf_7527,other
other_gcf_7528,other
other_gcf_7529,other
other_gcf_7530,other
other_gcf_7531,other
other_gcf_7532,other
other_gcf_7533,other
other_gcf_7534,other
other_gcf_7535,other
other_gcf_7536,other
other_gcf_7537,other
other_gcf_7538,other
other_gcf_7539,other
other_gcf_7540,other
other_gcf_7541,other
other_gcf_7542,other
other_gcf_7543,other
other_gcf_7544,other
other_gcf_7545,other
other_gcf_7546,other
other_gcf_7547,other
other_gcf_7548,other
other_gcf_7549,other
other_gcf_7550,other
other_gcf_7551,other
other_gcf_7552,other
other_gcf_7553,other
other_gcf_7554,other
other_gcf_7555,other
other_gcf_7556,other
other_gcf_7557,other
other_gcf_7558,other
other_gcf_7559,other
other_gcf_7560,other
other_gcf_7561,other
other_gcf_7562,other
other_gcf_7563,other
other_gcf_7564,other
other_gcf_7565,other
other_gcf_7566,other
other_gcf_7567,other
other_gcf_7568,other
other_gcf_7569,other
other_gcf_7570,other
other_gcf_7571,other
other_gcf_7572,other
other_gcf_7573,other
other_gcf_7574,other
other_gcf_7575,other
other_gcf_7576,other
other_gcf_7577,other
other_gcf_7578,other
other_gcf_7579,other
other_gcf_7580,other
other_gcf_7581,other
other_gcf_7582,other
other_gcf_7583,other
other_gcf_7584,other
other_gcf_7585,other
other_gcf_7586,other
other_gcf_7587,other
other_gcf_7588,other
other_gcf_7589,other
other_gcf_7590,other
other_gcf_7591,other
other_gcf_7592,other
other_gcf_7593,other
other_gcf_7594,other
other_gcf_7595,other
other_gcf_7596,other
other_gcf_7597,other
other_gcf_7598,other
other_gcf_7599,other
other_gcf_7600,other
other_gcf_7601,other
other_gcf_7602,other
other_gcf_7603,other
other_gcf_7604,other
other_gcf_7605,other
other_gcf_7606,other
other_gcf_7607,other
other_gcf_7608,other
other_gcf_7609,other
other_gcf_7610,other
other_gcf_7611,other
other_gcf_7612,other
other_gcf_7613,other
other_gcf_7614,other
other_gcf_7615,other
other_gcf_7616,other
other_gcf_7617,other
other_gcf_7618,other
other_gcf_7619,other
other_gcf_7620,other
other_gcf_7621,other
other_gcf_7622,other
other_gcf_7623,other
other_gcf_7624,other
other_gcf_7625,other
other_gcf_7626,other
other_gcf_7627,other
other_gcf_7628,other
other_gcf_7629,other
other_gcf_7630,other
other_gcf_7631,other
other_gcf_7632,other
other_gcf_7633,other
other_gcf_7634,other
other_gcf_7635,other
other_gcf_7636,other
other_gcf_7637,other
other_gcf_7638,other
other_gcf_7639,other
other_gcf_7640,other
other_gcf_7641,other
other_gcf_7642,other
other_gcf_7643,other
other_gcf_7644,other
other_gcf_7645,other
other_gcf_7646,other
other_gcf_7647,other
other_gcf_7648,other
other_gcf_7649,other
other_gcf_7650,other
other_gcf_7651,other
other_gcf_7652,other
other_gcf_7653,other
other_gcf_7654,other
other_gcf_7655,other
other_gcf_7656,other
other_gcf_7657,other
other_gcf_7658,other
other_gcf_7659,other
other_gcf_7660,other
other_gcf_7661,other
other_gcf_7662,other
other_gcf_7663,other
other_gcf_7664,other
other_gcf_7665,other
other_gcf_7666,other
other_gcf_7667,other
other_gcf_7668,other
other_gcf_7669,other
other_gcf_7670,other
other_gcf_7671,other
other_gcf_7672,other
other_gcf_7673,other
other_gcf_7674,other
other_gcf_7675,other
other_gcf_7676,other
other_gcf_7677,other
other_gcf_7678,other
other_gcf_7679,other
other_gcf_7680,other
other_gcf_7681,other
other_gcf_7682,other
other_gcf_7683,other
other_gcf_7684,other
other_gcf_7685,other
other_gcf_7686,other
other_gcf_7687,other
other_gcf_7688,other
other_gcf_7689,other
other_gcf_7690,other
other_gcf_7691,other
other_gcf_7692,other
other_gcf_7693,other
other_gcf_7694,other
other_gcf_7695,other
other_gcf_7696,other
other_gcf_7697,other
other_gcf_7698,other
other_gcf_7699,other
other_gcf_7700,other
other_gcf_7701,other
other_gcf_7702,other
other_gcf_7703,other
other_gcf_7704,other
other_gcf_7705,other
other_gcf_7706,other
other_gcf_7707,other
other_gcf_7708,other
other_gcf_7709,other
other_gcf_7710,other
other_gcf_7711,other
other_gcf_7712,other
other_gcf_7713,other
other_gcf_7714,other
other_gcf_7715,other
other_gcf_7716,other
other_gcf_7717,other
other_gcf_7718,other
other_gcf_7719,other
other_gcf_7720,other
other_gcf_7721,other
other_gcf_7722,other
other_gcf_7723,other
other_gcf_7724,other
other_gcf_7725,other
other_gcf_7726,other
other_gcf_7727,other
other_gcf_7728,other
other_gcf_7729,other
other_gcf_7730,other
other_gcf_7731,other
other_gcf_7732,other
other_gcf_7733,other
other_gcf_7734,other
other_gcf_7735,other
other_gcf_7736,other
other_gcf_7737,other
other_gcf_7738,other
other_gcf_7739,other
other_gcf_7740,other
other_gcf_7741,other
other_gcf_7742,other
other_gcf_7743,other
other_gcf_7744,other
other_gcf_7745,other
other_gcf_7746,other
other_gcf_7747,other
other_gcf_7748,other
other_gcf_7749,other
other_gcf_7750,other
other_gcf_7751,other
other_gcf_7752,other
other_gcf_7753,other
other_gcf_7754,other
other_gcf_7755,other
other_gcf_7756,other
other_gcf_7757,other
other_gcf_7758,other
other_gcf_7759,other
other_gcf_7760,other
other_gcf_7761,other
other_gcf_7762,other
other_gcf_7763,other
other_gcf_7764,other
other_gcf_7765,other
other_gcf_7766,other
other_gcf_7767,other
other_gcf_7768,other
other_gcf_7769,other
other_gcf_7770,other
other_gcf_7771,other
other_gcf_7772,other
other_gcf_7773,other
other_gcf_7774,other
other_gcf_7775,other
other_gcf_7776,other
other_gcf_7777,other
other_gcf_7778,other
other_gcf_7779,other
other_gcf_7780,other
other_gcf_7781,other
other_gcf_7782,other
other_gcf_7783,other
other_gcf_7784,other
other_gcf_7785,other
other_gcf_7786,other
other_gcf_7787,other
other_gcf_7788,other
other_gcf_7789,other
other_gcf_7790,other
other_gcf_7791,other
other_gcf_7792,other
other_gcf_7793,other
other_gcf_7794,other
other_gcf_7795,other
other_gcf_7796,other
other_gcf_7797,other
other_gcf_7798,other
other_gcf_7799,other
other_gcf_7800,other
other_gcf_7801,other
other_gcf_7802,other
other_gcf_7803,other
other_gcf_7804,other
other_gcf_7805,other
other_gcf_7806,other
other_gcf_7807,other
other_gcf_7808,other
other_gcf_7809,other
other_gcf_7810,other
other_gcf_7811,other
other_gcf_7812,other
other_gcf_7813,other
other_gcf_7814,other
other_gcf_7815,other
other_gcf_7816,other
other_gcf_7817,other
other_gcf_7818,other
other_gcf_7819,other
other_gcf_7820,other
other_gcf_7821,other
other_gcf_7822,other
other_gcf_7823,other
other_gcf_7824,other
other_gcf_7825,other
other_gcf_7826,other
other_gcf_7827,other
other_gcf_7828,other
other_gcf_7829,other
other_gcf_7830,other
other_gcf_7831,other
other_gcf_7832,other
other_gcf_7833,other
other_gcf_7834,other
other_gcf_7835,other
other_gcf_7836,other
other_gcf_7837,other
other_gcf_7838,other
other_gcf_7839,other
other_gcf_7840,other
other_gcf_7841,other
other_gcf_7842,other
other_gcf_7843,other
other_gcf_7844,other
other_gcf_7845,other
other_gcf_7846,other
other_gcf_7847,other
other_gcf_7848,other
other_gcf_7849,other
other_gcf_7850,other
other_gcf_7851,other
other_gcf_7852,other
other_gcf_7853,other
other_gcf_7854,other
other_gcf_7855,other
other_gcf_7856,other
other_gcf_7857,other
other_gcf_7858,other
other_gcf_7859,other
other_gcf_7860,other
other_gcf_7861,other
other_gcf_7862,other
other_gcf_7863,other
other_gcf_7864,other
other_gcf_7865,other
other_gcf_7866,other
other_gcf_7867,other
other_gcf_7868,other
other_gcf_7869,other
other_gcf_7870,other
other_gcf_7871,other
other_gcf_7872,other
other_gcf_7873,other
other_gcf_7874,other
other_gcf_7875,other
other_gcf_7876,other
other_gcf_7877,other
other_gcf_7878,other
other_gcf_7879,other
other_gcf_7880,other
other_gcf_7881,other
other_gcf_7882,other
other_gcf_7883,other
other_gcf_7884,other
other_gcf_7885,other
other_gcf_7886,other
other_gcf_7887,other
other_gcf_7888,other
other_gcf_7889,other
other_gcf_7890,other
other_gcf_7891,other
other_gcf_7892,other
other_gcf_7893,other
other_gcf_7894,other
other_gcf_7895,other
other_gcf_7896,other
other_gcf_7897,other
other_gcf_7898,other
other_gcf_7899,other
other_gcf_7900,other
other_gcf_7901,other
other_gcf_7902,other
other_gcf_7903,other
other_gcf_7904,other
other_gcf_7905,other
other_gcf_7906,other
other_gcf_7907,other
other_gcf_7908,other
other_gcf_7909,other
other_gcf_7910,other
other_gcf_7911,other
other_gcf_7912,other
other_gcf_7913,other
other_gcf_7914,other
other_gcf_7915,other
other_gcf_7916,other
other_gcf_7917,other
other_gcf_7918,other
other_gcf_7919,other
other_gcf_7920,other
other_gcf_7921,other
other_gcf_7922,other
other_gcf_7923,other
other_gcf_7924,other
other_gcf_7925,other
other_gcf_7926,other
other_gcf_7927,other
other_gcf_7928,other
other_gcf_7929,other
other_gcf_7930,other
other_gcf_7931,other
other_gcf_7932,other
other_gcf_7933,other
other_gcf_7934,other
other_gcf_7935,other
other_gcf_7936,other
other_gcf_7937,other
other_gcf_7938,other
other_gcf_7939,other
other_gcf_7940,other
other_gcf_7941,other
other_gcf_7942,other
other_gcf_7943,other
other_gcf_7944,other
other_gcf_7945,other
other_gcf_7946,other
other_gcf_7947,other
other_gcf_7948,other
other_gcf_7949,other
other_gcf_7950,other
other_gcf_7951,other
other_gcf_7952,other
other_gcf_7953,other
other_gcf_7954,other
other_gcf_7955,other
other_gcf_7956,other
other_gcf_7957,other
other_gcf_7958,other
other_gcf_7959,other
other_gcf_7960,other
other_gcf_7961,other
other_gcf_7962,other
other_gcf_7963,other
other_gcf_7964,other
other_gcf_7965,other
other_gcf_7966,other
other_gcf_7967,other
other_gcf_7968,other
other_gcf_7969,other
other_gcf_7970,other
other_gcf_7971,other
other_gcf_7972,other
other_gcf_7973,other
other_gcf_7974,other
other_gcf_7975,other
other_gcf_7976,other
other_gcf_7977,other
other_gcf_7978,other
other_gcf_7979,other
other_gcf_7980,other
other_gcf_7981,other
other_gcf_7982,other
other_gcf_7983,other
other_gcf_7984,other
other_gcf_7985,other
other_gcf_7986,other
other_gcf_7987,other
other_gcf_7988,other
other_gcf_7989,other
other_gcf_7990,other
other_gcf_7991,other
other_gcf_7992,other
other_gcf_7993,other
other_gcf_7994,other
other_gcf_7995,other
other_gcf_7996,other
other_gcf_7997,other
other_gcf_7998,other
other_gcf_7999,other
other_gcf_8000,other
other_gcf_8001,other
other_gcf_8002,other
other_gcf_8003,other
other_gcf_8004,other
other_gcf_8005,other
other_gcf_8006,other
other_gcf_8007,other
other_gcf_8008,other
other_gcf_8009,other
other_gcf_8010,other
other_gcf_8011,other
other_gcf_8012,other
other_gcf_8013,other
other_gcf_8014,other
other_gcf_8015,other
other_gcf_8016,other
other_gcf_8017,other
other_gcf_8018,other
other_gcf_8019,other
other_gcf_8020,other
other_gcf_8021,other
other_gcf_8022,other
other_gcf_8023,other
other_gcf_8024,other
other_gcf_8025,other
other_gcf_8026,other
other_gcf_8027,other
other_gcf_8028,other
other_gcf_8029,other
other_gcf_8030,other
other_gcf_8031,other
other_gcf_8032,other
other_gcf_8033,other
other_gcf_8034,other
other_gcf_8035,other
other_gcf_8036,other
other_gcf_8037,other
other_gcf_8038,other
other_gcf_8039,other
other_gcf_8040,other
other_gcf_8041,other
other_gcf_8042,other
other_gcf_8043,other
other_gcf_8044,other
other_gcf_8045,other
other_gcf_8046,other
other_gcf_8047,other
other_gcf_8048,other
other_gcf_8049,other
other_gcf_8050,other
other_gcf_8051,other
other_gcf_8052,other
other_gcf_8053,other
other_gcf_8054,other
other_gcf_8055,other
other_gcf_8056,other
other_gcf_8057,other
other_gcf_8058,other
other_gcf_8059,other
other_gcf_8060,other
other_gcf_8061,other
other_gcf_8062,other
other_gcf_8063,other
other_gcf_8064,other
other_gcf_8065,other
other_gcf_8066,other
other_gcf_8067,other
other_gcf_8068,other
other_gcf_8069,other
other_gcf_8070,other
other_gcf_8071,other
other_gcf_8072,other
other_gcf_8073,other
other_gcf_8074,other
other_gcf_8075,other
other_gcf_8076,other
other_gcf_8077,other
other_gcf_8078,other
other_gcf_8079,other
other_gcf_8080,other
other_gcf_8081,other
other_gcf_8082,other
other_gcf_8083,other
other_gcf_8084,other
other_gcf_8085,other
other_gcf_8086,other
other_gcf_8087,other
other_gcf_8088,other
other_gcf_8089,other
other_gcf_8090,other
other_gcf_8091,other
other_gcf_8092,other
other_gcf_8093,other
other_gcf_8094,other
other_gcf_8095,other
other_gcf_8096,other
other_gcf_8097,other
other_gcf_8098,other
other_gcf_8099,other
other_gcf_8100,other
other_gcf_8101,other
other_gcf_8102,other
other_gcf_8103,other
other_gcf_8104,other
other_gcf_8105,other
other_gcf_8106,other
other_gcf_8107,other
other_gcf_8108,other
other_gcf_8109,other
other_gcf_8110,other
other_gcf_8111,other
other_gcf_8112,other
other_gcf_8113,other
other_gcf_8114,other
other_gcf_8115,other
other_gcf_8116,other
other_gcf_8117,other
other_gcf_8118,other
other_gcf_8119,other
other_gcf_8120,other
other_gcf_8121,other
other_gcf_8122,other
other_gcf_8123,other
other_gcf_8124,other
other_gcf_8125,other
other_gcf_8126,other
other_gcf_8127,other
other_gcf_8128,other
other_gcf_8129,other
other_gcf_8130,other
other_gcf_8131,other
other_gcf_8132,other
other_gcf_8133,other
other_gcf_8134,other
other_gcf_8135,other
other_gcf_8136,other
other_gcf_8137,other
other_gcf_8138,other
other_gcf_8139,other
other_gcf_8140,other
other_gcf_8141,other
other_gcf_8142,other
other_gcf_8143,other
other_gcf_8144,other
other_gcf_8145,other
other_gcf_8146,other
other_gcf_8147,other
other_gcf_8148,other
other_gcf_8149,other
other_gcf_8150,other
other_gcf_8151,other
other_gcf_8152,other
other_gcf_8153,other
other_gcf_8154,other
other_gcf_8155,other
other_gcf_8156,other
other_gcf_8157,other
other_gcf_8158,other
other_gcf_8159,other
other_gcf_8160,other
other_gcf_8161,other
other_gcf_8162,other
other_gcf_8163,other
other_gcf_8164,other
other_gcf_8165,other
other_gcf_8166,other
other_gcf_8167,other
other_gcf_8168,other
other_gcf_8169,other
other_gcf_8170,other
other_gcf_8171,other
other_gcf_8172,other
other_gcf_8173,other
other_gcf_8174,other
other_gcf_8175,other
other_gcf_8176,other
other_gcf_8177,other
other_gcf_8178,other
other_gcf_8179,other
other_gcf_8180,other
other_gcf_8181,other
other_gcf_8182,other
other_gcf_8183,other
other_gcf_8184,other
other_gcf_8185,other
other_gcf_8186,other
other_gcf_8187,other
other_gcf_8188,other
other_gcf_8189,other
other_gcf_8190,other
other_gcf_8191,other
other_gcf_8192,other
other_gcf_8193,other
other_gcf_8194,other
other_gcf_8195,other
other_gcf_8196,other
other_gcf_8197,other
other_gcf_8198,other
other_gcf_8199,other
other_gcf_8200,other
other_gcf_8201,other
other_gcf_8202,other
other_gcf_8203,other
other_gcf_8204,other
other_gcf_8205,other
other_gcf_8206,other
other_gcf_8207,other
other_gcf_8208,other
other_gcf_8209,other
other_gcf_8210,other
other_gcf_8211,other
other_gcf_8212,other
other_gcf_8213,other
other_gcf_8214,other
other_gcf_8215,other
other_gcf_8216,other
other_gcf_8217,other
other_gcf_8218,other
other_gcf_8219,other
other_gcf_8220,other
other_gcf_8221,other
other_gcf_8222,other
other_gcf_8223,other
other_gcf_8224,other
other_gcf_8225,other
other_gcf_8226,other
other_gcf_8227,other
other_gcf_8228,other
other_gcf_8229,other
other_gcf_8230,other
other_gcf_8231,other
other_gcf_8232,other
other_gcf_8233,other
other_gcf_8234,other
other_gcf_8235,other
other_gcf_8236,other
other_gcf_8237,other
other_gcf_8238,other
other_gcf_8239,other
other_gcf_8240,other
other_gcf_8241,other
other_gcf_8242,other
other_gcf_8243,other
other_gcf_8244,other
other_gcf_8245,other
other_gcf_8246,other
other_gcf_8247,other
other_gcf_8248,other
other_gcf_8249,other
other_gcf_8250,other
other_gcf_8251,other
other_gcf_8252,other
other_gcf_8253,other
other_gcf_8254,other
other_gcf_8255,other
other_gcf_8256,other
other_gcf_8257,other
other_gcf_8258,other
other_gcf_8259,other
other_gcf_8260,other
other_gcf_8261,other
other_gcf_8262,other
other_gcf_8263,other
other_gcf_8264,other
other_gcf_8265,other
other_gcf_8266,other
other_gcf_8267,other
other_gcf_8268,other
other_gcf_8269,other
other_gcf_8270,other
other_gcf_8271,other
other_gcf_8272,other
other_gcf_8273,other
other_gcf_8274,other
other_gcf_8275,other
other_gcf_8276,other
other_gcf_8277,other
other_gcf_8278,other
other_gcf_8279,other
other_gcf_8280,other
other_gcf_8281,other
other_gcf_8282,other
other_gcf_8283,other
other_gcf_8284,other
other_gcf_8285,other
other_gcf_8286,other
other_gcf_8287,other
other_gcf_8288,other
other_gcf_8289,other
other_gcf_8290,other
other_gcf_8291,other
other_gcf_8292,other
other_gcf_8293,other
other_gcf_8294,other
other_gcf_8295,other
other_gcf_8296,other
other_gcf_8297,other
other_gcf_8298,other
other_gcf_8299,other
other_gcf_8300,other
other_gcf_8301,other
other_gcf_8302,other
other_gcf_8303,other
other_gcf_8304,other
other_gcf_8305,other
other_gcf_8306,other
other_gcf_8307,other
other_gcf_8308,other
other_gcf_8309,other
other_gcf_8310,other
other_gcf_8311,other
other_gcf_8312,other
other_gcf_8313,other
other_gcf_8314,other
other_gcf_8315,other
other_gcf_8316,other
other_gcf_8317,other
other_gcf_8318,other
other_gcf_8319,other
other_gcf_8320,other
other_gcf_8321,other
other_gcf_8322,other
other_gcf_8323,other
other_gcf_8324,other
other_gcf_8325,other
other_gcf_8326,other
other_gcf_8327,other
other_gcf_8328,other
other_gcf_8329,other
other_gcf_8330,other
other_gcf_8331,other
other_gcf_8332,other
other_gcf_8333,other
other_gcf_8334,other
other_gcf_8335,other
other_gcf_8336,other
other_gcf_8337,other
other_gcf_8338,other
other_gcf_8339,other
other_gcf_8340,other
other_gcf_8341,other
other_gcf_8342,other
other_gcf_8343,other
other_gcf_8344,other
other_gcf_8345,other
other_gcf_8346,other
other_gcf_8347,other
other_gcf_8348,other
other_gcf_8349,other
other_gcf_8350,other
other_gcf_8351,other
other_gcf_8352,other
other_gcf_8353,other
other_gcf_8354,other
other_gcf_8355,other
other_gcf_8356,other
other_gcf_8357,other
other_gcf_8358,other
other_gcf_8359,other
other_gcf_8360,other
other_gcf_8361,other
other_gcf_8362,other
other_gcf_8363,other
other_gcf_8364,other
other_gcf_8365,other
other_gcf_8366,other
other_gcf_8367,other
other_gcf_8368,other
other_gcf_8369,other
other_gcf_8370,other
other_gcf_8371,other
other_gcf_8372,other
other_gcf_8373,other
other_gcf_8374,other
other_gcf_8375,other
other_gcf_8376,other
other_gcf_8377,other
other_gcf_8378,other
other_gcf_8379,other
other_gcf_8380,other
other_gcf_8381,other
other_gcf_8382,other
other_gcf_8383,other
other_gcf_8384,other
other_gcf_8385,other
other_gcf_8386,other
other_gcf_8387,other
other_gcf_8388,other
other_gcf_8389,other
other_gcf_8390,other
other_gcf_8391,other
other_gcf_8392,other
other_gcf_8393,other
other_gcf_8394,other
other_gcf_8395,other
other_gcf_8396,other
other_gcf_8397,other
other_gcf_8398,other
other_gcf_8399,other
other_gcf_8400,other
other_gcf_8401,other
other_gcf_8402,other
other_gcf_8403,other
other_gcf_8404,other
other_gcf_8405,other
other_gcf_8406,other
other_gcf_8407,other
other_gcf_8408,other
other_gcf_8409,other
other_gcf_8410,other
other_gcf_8411,other
other_gcf_8412,other
other_gcf_8413,other
other_gcf_8414,other
other_gcf_8415,other
other_gcf_8416,other
other_gcf_8417,other
other_gcf_8418,other
other_gcf_8419,other
other_gcf_8420,other
other_gcf_8421,other
other_gcf_8422,other
other_gcf_8423,other
other_gcf_8424,other
other_gcf_8425,other
other_gcf_8426,other
other_gcf_8427,other
other_gcf_8428,other
other_gcf_8429,other
other_gcf_8430,other
other_gcf_8431,other
other_gcf_8432,other
other_gcf_8433,other
other_gcf_8434,other
other_gcf_8435,other
other_gcf_8436,other
other_gcf_8437,other
other_gcf_8438,other
other_gcf_8439,other
other_gcf_8440,other
other_gcf_8441,other
other_gcf_8442,other
other_gcf_8443,other
other_gcf_8444,other
other_gcf_8445,other
other_gcf_8446,other
other_gcf_8447,other
other_gcf_8448,other
other_gcf_8449,other
other_gcf_8450,other
other_gcf_8451,other
other_gcf_8452,other
other_gcf_8453,other
other_gcf_8454,other
other_gcf_8455,other
other_gcf_8456,other
other_gcf_8457,other
other_gcf_8458,other
other_gcf_8459,other
other_gcf_8460,other
other_gcf_8461,other
other_gcf_8462,other
other_gcf_8463,other
other_gcf_8464,other
other_gcf_8465,other
other_gcf_8466,other
other_gcf_8467,other
other_gcf_8468,other
other_gcf_8469,other
other_gcf_8470,other
other_gcf_8471,other
other_gcf_8472,other
other_gcf_8473,other
other_gcf_8474,other
other_gcf_8475,other
other_gcf_8476,other
other_gcf_8477,other
other_gcf_8478,other
other_gcf_8479,other
other_gcf_8480,other
other_gcf_8481,other
other_gcf_8482,other
other_gcf_8483,other
other_gcf_8484,other
other_gcf_8485,other
other_gcf_8486,other
other_gcf_8487,other
other_gcf_8501,other
other_gcf_8564,other
other_gcf_8566,other
other_gcf_8570,other
other_gcf_8572,other
other_gcf_8575,other
other_gcf_8576,other
other_gcf_8577,other
other_gcf_8578,other
other_gcf_8579,other
other_gcf_8580,other
other_gcf_8581,other
other_gcf_8583,other
other_gcf_8585,other
other_gcf_8586,other
other_gcf_8587,other
other_gcf_8591,other
other_gcf_8592,other
other_gcf_8597,other
other_gcf_8600,other
other_gcf_8601,other
other_gcf_8603,other
other_gcf_8607,other
other_gcf_8608,other
other_gcf_8611,other
other_gcf_8612,other
other_gcf_8617,other
other_gcf_8618,other
other_gcf_8621,other
other_gcf_8622,other
other_gcf_8626,other
other_gcf_8632,other
other_gcf_8639,other
other_gcf_8704,other
other_gcf_8706,other
other_gcf_8707,other
other_gcf_8708,other
other_gcf_8709,other
other_gcf_8710,other
other_gcf_8711,other
other_gcf_8714,other
other_gcf_8715,other
other_gcf_8716,other
other_gcf_8718,other
other_gcf_8719,other
other_gcf_8720,other
other_gcf_8723,other
other_gcf_8724,other
other_gcf_8725,other
other_gcf_8727,other
other_gcf_8731,other
other_gcf_8732,other
other_gcf_8733,other
other_gcf_8735,other
other_gcf_8736,other
other_gcf_8737,other
other_gcf_8739,other
other_gcf_8740,other
saccharide_gcf_8750,saccharide
saccharide_gcf_8751,saccharide
saccharide_gcf_8752,saccharide
terpene_gcf_2122,terpene
terpene_gcf_2125,terpene
terpene_gcf_2126,terpene
terpene_gcf_2128,terpene
terpene_gcf_2131,terpene
terpene_gcf_2132,terpene
terpene_gcf_2133,terpene
terpene_gcf_2134,terpene
terpene_gcf_2137,terpene
terpene_gcf_2138,terpene
terpene_gcf_2141,terpene
terpene_gcf_2143,terpene
terpene_gcf_2144,terpene
terpene_gcf_2145,terpene
terpene_gcf_2149,terpene
terpene_gcf_2153,terpene
terpene_gcf_2154,terpene
terpene_gcf_2155,terpene
terpene_gcf_2158,terpene
terpene_gcf_2159,terpene
terpene_gcf_2160,terpene
terpene_gcf_2164,terpene
terpene_gcf_2167,terpene
terpene_gcf_2174,terpene
terpene_gcf_2179,terpene
terpene_gcf_2180,terpene
terpene_gcf_2181,terpene
terpene_gcf_2182,terpene
terpene_gcf_2183,terpene
terpene_gcf_2184,terpene
terpene_gcf_2186,terpene
terpene_gcf_2187,terpene
terpene_gcf_2188,terpene
terpene_gcf_2191,terpene
terpene_gcf_2193,terpene
terpene_gcf_2194,terpene
terpene_gcf_2195,terpene
terpene_gcf_2196,terpene
terpene_gcf_2197,terpene
terpene_gcf_2198,terpene
terpene_gcf_2199,terpene
terpene_gcf_2200,terpene
terpene_gcf_2201,terpene
terpene_gcf_2202,terpene
terpene_gcf_2203,terpene
terpene_gcf_2204,terpene
terpene_gcf_2205,terpene
terpene_gcf_2206,terpene
terpene_gcf_2207,terpene
terpene_gcf_2208,terpene
terpene_gcf_2209,terpene
terpene_gcf_2210,terpene
terpene_gcf_2211,terpene
terpene_gcf_2212,terpene
terpene_gcf_2213,terpene
terpene_gcf_2214,terpene
terpene_gcf_2215,terpene
terpene_gcf_2216,terpene
terpene_gcf_2217,terpene
terpene_gcf_2218,terpene
terpene_gcf_2219,terpene
terpene_gcf_2224,terpene
terpene_gcf_2226,terpene
terpene_gcf_2229,terpene
terpene_gcf_2231,terpene
terpene_gcf_2234,terpene
terpene_gcf_2237,terpene
terpene_gcf_2241,terpene
terpene_gcf_2245,terpene
terpene_gcf_2246,terpene
terpene_gcf_2247,terpene
terpene_gcf_2251,terpene
terpene_gcf_2255,terpene
terpene_gcf_2258,terpene
terpene_gcf_2259,terpene
terpene_gcf_2260,terpene
terpene_gcf_2264,terpene
terpene_gcf_2272,terpene
terpene_gcf_2278,terpene
terpene_gcf_2279,terpene
terpene_gcf_2280,terpene
terpene_gcf_2281,terpene
terpene_gcf_2282,terpene
terpene_gcf_2283,terpene
terpene_gcf_2284,terpene
terpene_gcf_2285,terpene
terpene_gcf_2286,terpene
terpene_gcf_2287,terpene
terpene_gcf_2288,terpene
terpene_gcf_2289,terpene
terpene_gcf_2290,terpene
terpene_gcf_2291,terpene
terpene_gcf_2292,terpene
terpene_gcf_2293,terpene
terpene_gcf_2294,terpene
terpene_gcf_2295,terpene
terpene_gcf_2297,terpene
terpene_gcf_2298,terpene
terpene_gcf_2299,terpene
terpene_gcf_2300,terpene
terpene_gcf_2301,terpene
terpene_gcf_2302,terpene
terpene_gcf_2303,terpene
terpene_gcf_2304,terpene
terpene_gcf_2305,terpene
terpene_gcf_2306,terpene
terpene_gcf_2307,terpene
terpene_gcf_2308,terpene
terpene_gcf_2309,terpene
terpene_gcf_2310,terpene
terpene_gcf_2311,terpene
terpene_gcf_2312,terpene
terpene_gcf_2313,terpene
terpene_gcf_2314,terpene
terpene_gcf_2315,terpene
terpene_gcf_2316,terpene
terpene_gcf_2317,terpene
terpene_gcf_2318,terpene
terpene_gcf_2319,terpene
terpene_gcf_2320,terpene
terpene_gcf_2321,terpene
terpene_gcf_2322,terpene
terpene_gcf_2323,terpene
terpene_gcf_2324,terpene
terpene_gcf_2325,terpene
terpene_gcf_2326,terpene
terpene_gcf_2327,terpene
terpene_gcf_2328,terpene
terpene_gcf_2329,terpene
terpene_gcf_2330,terpene
terpene_gcf_2331,terpene
terpene_gcf_2332,terpene
terpene_gcf_2333,terpene
terpene_gcf_2334,terpene
terpene_gcf_2335,terpene
terpene_gcf_2336,terpene
terpene_gcf_2337,terpene
terpene_gcf_2338,terpene
terpene_gcf_2339,terpene
terpene_gcf_2340,terpene
terpene_gcf_2341,terpene
terpene_gcf_2342,terpene
terpene_gcf_2343,terpene
terpene_gcf_2344,terpene
terpene_gcf_2345,terpene
terpene_gcf_2346,terpene
terpene_gcf_2347,terpene
terpene_gcf_2348,terpene
terpene_gcf_2349,terpene
terpene_gcf_2350,terpene
terpene_gcf_2351,terpene
terpene_gcf_2352,terpene
terpene_gcf_2353,terpene
terpene_gcf_2354,terpene
terpene_gcf_2355,terpene
terpene_gcf_2356,terpene
terpene_gcf_2357,terpene
terpene_gcf_2358,terpene
terpene_gcf_2359,terpene
terpene_gcf_2360,terpene
terpene_gcf_2361,terpene
terpene_gcf_2362,terpene
terpene_gcf_2363,terpene
terpene_gcf_2364,terpene
terpene_gcf_2365,terpene
terpene_gcf_2372,terpene
terpene_gcf_2373,terpene
terpene_gcf_2382,terpene
terpene_gcf_2383,terpene
terpene_gcf_2384,terpene
terpene_gcf_2387,terpene
terpene_gcf_2390,terpene
terpene_gcf_2392,terpene
terpene_gcf_2394,terpene
terpene_gcf_2395,terpene
terpene_gcf_2396,terpene
terpene_gcf_2397,terpene
terpene_gcf_2398,terpene
terpene_gcf_2399,terpene
terpene_gcf_2400,terpene
terpene_gcf_2401,terpene
terpene_gcf_2402,terpene
terpene_gcf_2403,terpene
terpene_gcf_2404,terpene
terpene_gcf_2405,terpene
terpene_gcf_2406,terpene
terpene_gcf_2407,terpene
terpene_gcf_2408,terpene
terpene_gcf_2409,terpene
terpene_gcf_2410,terpene
terpene_gcf_2411,terpene
terpene_gcf_2412,terpene
terpene_gcf_2413,terpene
terpene_gcf_2414,terpene
terpene_gcf_2415,terpene
terpene_gcf_2416,terpene
terpene_gcf_2417,terpene
terpene_gcf_2418,terpene
terpene_gcf_2419,terpene
terpene_gcf_2420,terpene
terpene_gcf_2421,terpene
terpene_gcf_2422,terpene
terpene_gcf_2423,terpene
terpene_gcf_2424,terpene
terpene_gcf_2425,terpene
terpene_gcf_2426,terpene
terpene_gcf_2427,terpene
terpene_gcf_2428,terpene
terpene_gcf_2429,terpene
terpene_gcf_2430,terpene
terpene_gcf_2431,terpene
terpene_gcf_2432,terpene
terpene_gcf_2433,terpene
terpene_gcf_2434,terpene
terpene_gcf_2435,terpene
terpene_gcf_2436,terpene
terpene_gcf_2437,terpene
terpene_gcf_2438,terpene
terpene_gcf_2439,terpene
terpene_gcf_2440,terpene
terpene_gcf_2441,terpene
terpene_gcf_2442,terpene
terpene_gcf_2445,terpene
terpene_gcf_2447,terpene
terpene_gcf_2448,terpene
terpene_gcf_2449,terpene
terpene_gcf_2450,terpene
terpene_gcf_2451,terpene
terpene_gcf_2452,terpene
terpene_gcf_2453,terpene
terpene_gcf_2454,terpene
terpene_gcf_2455,terpene
terpene_gcf_2456,terpene
terpene_gcf_2458,terpene
terpene_gcf_2459,terpene
terpene_gcf_2460,terpene
terpene_gcf_2461,terpene
terpene_gcf_2462,terpene
terpene_gcf_2464,terpene
terpene_gcf_2465,terpene
terpene_gcf_2466,terpene
terpene_gcf_2467,terpene
terpene_gcf_2468,terpene
terpene_gcf_2469,terpene
terpene_gcf_2470,terpene
terpene_gcf_2471,terpene
terpene_gcf_2472,terpene
terpene_gcf_2473,terpene
terpene_gcf_2474,terpene
terpene_gcf_2475,terpene
terpene_gcf_2476,terpene
terpene_gcf_2477,terpene
terpene_gcf_2478,terpene
terpene_gcf_2479,terpene
terpene_gcf_2480,terpene
terpene_gcf_2481,terpene
terpene_gcf_2482,terpene
terpene_gcf_2483,terpene
terpene_gcf_2484,terpene
terpene_gcf_2485,terpene
terpene_gcf_2486,terpene
terpene_gcf_2487,terpene
terpene_gcf_2488,terpene
terpene_gcf_2489,terpene
terpene_gcf_2490,terpene
terpene_gcf_2491,terpene
terpene_gcf_2492,terpene
terpene_gcf_2493,terpene
terpene_gcf_2494,terpene
terpene_gcf_2499,terpene
terpene_gcf_2500,terpene
terpene_gcf_2501,terpene
terpene_gcf_2502,terpene
terpene_gcf_2503,terpene
terpene_gcf_2504,terpene
terpene_gcf_2505,terpene
terpene_gcf_2506,terpene
terpene_gcf_2507,terpene
terpene_gcf_2508,terpene
terpene_gcf_2509,terpene
terpene_gcf_2510,terpene
terpene_gcf_2511,terpene
terpene_gcf_2512,terpene
terpene_gcf_2513,terpene
terpene_gcf_2514,terpene
terpene_gcf_2515,terpene
terpene_gcf_2516,terpene
terpene_gcf_2517,terpene
terpene_gcf_2518,terpene
terpene_gcf_2519,terpene
terpene_gcf_2520,terpene
terpene_gcf_2521,terpene
terpene_gcf_2522,terpene
terpene_gcf_2523,terpene
terpene_gcf_2524,terpene
terpene_gcf_2525,terpene
terpene_gcf_2526,terpene
terpene_gcf_2527,terpene
terpene_gcf_2528,terpene
terpene_gcf_2529,terpene
terpene_gcf_2530,terpene
terpene_gcf_2531,terpene
terpene_gcf_2532,terpene
terpene_gcf_2533,terpene
terpene_gcf_2534,terpene
terpene_gcf_2535,terpene
terpene_gcf_2536,terpene
terpene_gcf_2537,terpene
terpene_gcf_2538,terpene
terpene_gcf_2539,terpene
terpene_gcf_2540,terpene
terpene_gcf_2541,terpene
terpene_gcf_2542,terpene
terpene_gcf_2543,terpene
terpene_gcf_2544,terpene
terpene_gcf_2545,terpene
terpene_gcf_2546,terpene
terpene_gcf_2547,terpene
terpene_gcf_2548,terpene
terpene_gcf_2549,terpene
terpene_gcf_2550,terpene
terpene_gcf_2551,terpene
terpene_gcf_2552,terpene
terpene_gcf_2553,terpene
terpene_gcf_2554,terpene
terpene_gcf_2555,terpene
terpene_gcf_2556,terpene
terpene_gcf_2557,terpene
terpene_gcf_2558,terpene
terpene_gcf_2559,terpene
terpene_gcf_2560,terpene
terpene_gcf_2561,terpene
terpene_gcf_2562,terpene
terpene_gcf_2563,terpene
terpene_gcf_2564,terpene
terpene_gcf_2565,terpene
terpene_gcf_2566,terpene
terpene_gcf_2567,terpene
terpene_gcf_2568,terpene
terpene_gcf_2569,terpene
terpene_gcf_2570,terpene
terpene_gcf_2571,terpene
terpene_gcf_2572,terpene
terpene_gcf_2573,terpene
terpene_gcf_2574,terpene
terpene_gcf_2575,terpene
terpene_gcf_2576,terpene
terpene_gcf_2577,terpene
terpene_gcf_2578,terpene
terpene_gcf_2579,terpene
terpene_gcf_2580,terpene
terpene_gcf_2588,terpene
terpene_gcf_2590,terpene
terpene_gcf_2591,terpene
terpene_gcf_2592,terpene
terpene_gcf_2596,terpene
terpene_gcf_2597,terpene
terpene_gcf_2600,terpene
terpene_gcf_2602,terpene
terpene_gcf_2603,terpene
terpene_gcf_2604,terpene
terpene_gcf_2605,terpene
terpene_gcf_2607,terpene
terpene_gcf_2609,terpene
terpene_gcf_2610,terpene
terpene_gcf_2611,terpene
terpene_gcf_2612,terpene
terpene_gcf_2615,terpene
terpene_gcf_2616,terpene
terpene_gcf_2617,terpene
terpene_gcf_2618,terpene
terpene_gcf_2619,terpene
terpene_gcf_2620,terpene
terpene_gcf_2621,terpene
terpene_gcf_2622,terpene
terpene_gcf_2623,terpene
terpene_gcf_2624,terpene
terpene_gcf_2625,terpene
terpene_gcf_2626,terpene
terpene_gcf_2627,terpene
terpene_gcf_2629,terpene
terpene_gcf_2630,terpene
terpene_gcf_2631,terpene
terpene_gcf_2632,terpene
terpene_gcf_2633,terpene
terpene_gcf_2634,terpene
terpene_gcf_2635,terpene
terpene_gcf_2636,terpene
terpene_gcf_2637,terpene
terpene_gcf_2638,terpene
terpene_gcf_2639,terpene
terpene_gcf_2640,terpene
terpene_gcf_2641,terpene
terpene_gcf_2642,terpene
terpene_gcf_2643,terpene
terpene_gcf_2644,terpene
terpene_gcf_2645,terpene
terpene_gcf_2646,terpene
terpene_gcf_2647,terpene
terpene_gcf_2649,terpene
terpene_gcf_2653,terpene
terpene_gcf_2654,terpene
terpene_gcf_2655,terpene
terpene_gcf_2656,terpene
terpene_gcf_2657,terpene
terpene_gcf_2658,terpene
terpene_gcf_2659,terpene
terpene_gcf_2660,terpene
terpene_gcf_2661,terpene
terpene_gcf_2662,terpene
terpene_gcf_2663,terpene
terpene_gcf_2664,terpene
terpene_gcf_2665,terpene
terpene_gcf_2666,terpene
terpene_gcf_2667,terpene
terpene_gcf_2668,terpene
terpene_gcf_2669,terpene
terpene_gcf_2670,terpene
terpene_gcf_2671,terpene
terpene_gcf_2672,terpene
terpene_gcf_2673,terpene
terpene_gcf_2674,terpene
terpene_gcf_2675,terpene
terpene_gcf_2676,terpene
terpene_gcf_2679,terpene
terpene_gcf_2680,terpene
terpene_gcf_2681,terpene
terpene_gcf_2682,terpene
terpene_gcf_2683,terpene
terpene_gcf_2684,terpene
terpene_gcf_2685,terpene
terpene_gcf_2686,terpene
terpene_gcf_2687,terpene
terpene_gcf_2688,terpene
terpene_gcf_2690,terpene
terpene_gcf_2691,terpene
terpene_gcf_2692,terpene
terpene_gcf_2693,terpene
terpene_gcf_2694,terpene
terpene_gcf_2695,terpene
terpene_gcf_2696,terpene
terpene_gcf_2697,terpene
terpene_gcf_2698,terpene
terpene_gcf_2699,terpene
terpene_gcf_2700,terpene
terpene_gcf_2701,terpene
terpene_gcf_2702,terpene
terpene_gcf_2703,terpene
terpene_gcf_2704,terpene
terpene_gcf_2705,terpene
terpene_gcf_2706,terpene
terpene_gcf_2707,terpene
terpene_gcf_2709,terpene
terpene_gcf_2710,terpene
terpene_gcf_2711,terpene
terpene_gcf_2712,terpene
terpene_gcf_2713,terpene
terpene_gcf_2714,terpene
terpene_gcf_2720,terpene
terpene_gcf_2721,terpene
terpene_gcf_2722,terpene
terpene_gcf_2723,terpene
terpene_gcf_2727,terpene
terpene_gcf_2728,terpene
terpene_gcf_2729,terpene
terpene_gcf_2730,terpene
terpene_gcf_2731,terpene
terpene_gcf_2732,terpene
terpene_gcf_2733,terpene
terpene_gcf_2734,terpene
terpene_gcf_2735,terpene
terpene_gcf_2736,terpene
terpene_gcf_2737,terpene
terpene_gcf_2738,terpene
terpene_gcf_2739,terpene
terpene_gcf_2740,terpene
terpene_gcf_2741,terpene
terpene_gcf_2742,terpene
terpene_gcf_2743,terpene
terpene_gcf_2744,terpene
terpene_gcf_2745,terpene
terpene_gcf_2746,terpene
terpene_gcf_2747,terpene
terpene_gcf_2748,terpene
terpene_gcf_2749,terpene
terpene_gcf_2750,terpene
terpene_gcf_2751,terpene
terpene_gcf_2752,terpene
terpene_gcf_2753,terpene
terpene_gcf_2754,terpene
terpene_gcf_2755,terpene
terpene_gcf_2756,terpene
terpene_gcf_2757,terpene
terpene_gcf_2758,terpene
terpene_gcf_2759,terpene
terpene_gcf_2760,terpene
terpene_gcf_2761,terpene
terpene_gcf_2762,terpene
terpene_gcf_2763,terpene
terpene_gcf_2764,terpene
terpene_gcf_2765,terpene
terpene_gcf_2766,terpene
terpene_gcf_2767,terpene
terpene_gcf_2768,terpene
terpene_gcf_2769,terpene
terpene_gcf_2770,terpene
terpene_gcf_2771,terpene
terpene_gcf_2772,terpene
terpene_gcf_2774,terpene
terpene_gcf_2775,terpene
terpene_gcf_2777,terpene
terpene_gcf_2778,terpene
terpene_gcf_2779,terpene
terpene_gcf_2780,terpene
terpene_gcf_2781,terpene
terpene_gcf_2782,terpene
terpene_gcf_2783,terpene
terpene_gcf_2784,terpene
terpene_gcf_2785,terpene
terpene_gcf_2788,terpene
terpene_gcf_2789,terpene
terpene_gcf_2790,terpene
terpene_gcf_2791,terpene
terpene_gcf_2792,terpene
terpene_gcf_2793,terpene
terpene_gcf_2794,terpene
terpene_gcf_2795,terpene
terpene_gcf_2796,terpene
terpene_gcf_2798,terpene
terpene_gcf_2799,terpene
terpene_gcf_2800,terpene
terpene_gcf_2801,terpene
terpene_gcf_2802,terpene
terpene_gcf_2803,terpene
terpene_gcf_2804,terpene
terpene_gcf_2805,terpene
terpene_gcf_2806,terpene
terpene_gcf_2807,terpene
terpene_gcf_2808,terpene
terpene_gcf_2811,terpene
terpene_gcf_2812,terpene
terpene_gcf_2813,terpene
terpene_gcf_2814,terpene
terpene_gcf_2815,terpene
terpene_gcf_2816,terpene
terpene_gcf_2817,terpene
terpene_gcf_2818,terpene
terpene_gcf_2819,terpene
terpene_gcf_2820,terpene
terpene_gcf_2821,terpene
terpene_gcf_2822,terpene
terpene_gcf_2824,terpene
terpene_gcf_2825,terpene
terpene_gcf_2827,terpene
terpene_gcf_2828,terpene
terpene_gcf_2829,terpene
terpene_gcf_2830,terpene
terpene_gcf_2831,terpene
terpene_gcf_2834,terpene
terpene_gcf_2836,terpene
terpene_gcf_2838,terpene
terpene_gcf_2839,terpene
terpene_gcf_2841,terpene
terpene_gcf_2842,terpene
terpene_gcf_2843,terpene
terpene_gcf_2844,terpene
terpene_gcf_2845,terpene
terpene_gcf_2848,terpene
terpene_gcf_2850,terpene
terpene_gcf_2851,terpene
terpene_gcf_2852,terpene
terpene_gcf_2853,terpene
terpene_gcf_2854,terpene
terpene_gcf_2855,terpene
terpene_gcf_2859,terpene
terpene_gcf_2860,terpene
terpene_gcf_2861,terpene
terpene_gcf_2862,terpene
terpene_gcf_2863,terpene
terpene_gcf_2864,terpene
terpene_gcf_2865,terpene
terpene_gcf_2866,terpene
terpene_gcf_2867,terpene
terpene_gcf_2868,terpene
terpene_gcf_2870,terpene
terpene_gcf_2871,terpene
terpene_gcf_2872,terpene
terpene_gcf_2874,terpene
terpene_gcf_2877,terpene
terpene_gcf_2878,terpene
terpene_gcf_2880,terpene
terpene_gcf_2881,terpene
terpene_gcf_2882,terpene
terpene_gcf_2883,terpene
terpene_gcf_2884,terpene
terpene_gcf_2885,terpene
terpene_gcf_2887,terpene
terpene_gcf_2894,terpene
terpene_gcf_2895,terpene
terpene_gcf_2896,terpene
terpene_gcf_2897,terpene
terpene_gcf_2898,terpene
terpene_gcf_2899,terpene
terpene_gcf_2900,terpene
terpene_gcf_2902,terpene
terpene_gcf_2903,terpene
terpene_gcf_2904,terpene
terpene_gcf_2906,terpene
terpene_gcf_2907,terpene
terpene_gcf_2909,terpene
terpene_gcf_2910,terpene
terpene_gcf_2912,terpene
terpene_gcf_2916,terpene
terpene_gcf_2917,terpene
terpene_gcf_2918,terpene
terpene_gcf_2919,terpene
terpene_gcf_2923,terpene
terpene_gcf_2925,terpene
terpene_gcf_2926,terpene
terpene_gcf_2927,terpene
terpene_gcf_2930,terpene
terpene_gcf_2931,terpene
terpene_gcf_2932,terpene
terpene_gcf_2934,terpene
terpene_gcf_2935,terpene
terpene_gcf_2936,terpene
terpene_gcf_2937,terpene
terpene_gcf_2938,terpene
terpene_gcf_2939,terpene
terpene_gcf_2940,terpene
terpene_gcf_2941,terpene
terpene_gcf_2942,terpene
terpene_gcf_2944,terpene
terpene_gcf_2945,terpene
terpene_gcf_2946,terpene
terpene_gcf_2948,terpene
terpene_gcf_2949,terpene
terpene_gcf_2950,terpene
terpene_gcf_2951,terpene
terpene_gcf_2952,terpene
terpene_gcf_2953,terpene
terpene_gcf_2954,terpene
terpene_gcf_2955,terpene
terpene_gcf_2956,terpene
terpene_gcf_2959,terpene
terpene_gcf_2960,terpene
terpene_gcf_2961,terpene
terpene_gcf_2962,terpene
terpene_gcf_2963,terpene
terpene_gcf_2964,terpene
terpene_gcf_2965,terpene
terpene_gcf_2966,terpene
terpene_gcf_2970,terpene
terpene_gcf_2976,terpene
terpene_gcf_2977,terpene
terpene_gcf_2978,terpene
terpene_gcf_2979,terpene
terpene_gcf_2981,terpene
terpene_gcf_2982,terpene
terpene_gcf_2985,terpene
terpene_gcf_2986,terpene
terpene_gcf_2987,terpene
terpene_gcf_2988,terpene
terpene_gcf_2990,terpene
terpene_gcf_2991,terpene
terpene_gcf_2992,terpene
terpene_gcf_2993,terpene
terpene_gcf_2994,terpene
terpene_gcf_2995,terpene
terpene_gcf_2996,terpene
terpene_gcf_2997,terpene
terpene_gcf_2998,terpene
terpene_gcf_3000,terpene
terpene_gcf_3003,terpene
terpene_gcf_3004,terpene
terpene_gcf_3005,terpene
terpene_gcf_3006,terpene
terpene_gcf_3007,terpene
terpene_gcf_3008,terpene
terpene_gcf_3009,terpene
terpene_gcf_3010,terpene
terpene_gcf_3012,terpene
terpene_gcf_3013,terpene
terpene_gcf_3014,terpene
terpene_gcf_3017,terpene
terpene_gcf_3020,terpene
terpene_gcf_3021,terpene
terpene_gcf_3022,terpene
terpene_gcf_3023,terpene
terpene_gcf_3024,terpene
terpene_gcf_3026,terpene
terpene_gcf_3027,terpene
terpene_gcf_3028,terpene
terpene_gcf_3029,terpene
terpene_gcf_3030,terpene
terpene_gcf_3031,terpene
terpene_gcf_3032,terpene
terpene_gcf_3033,terpene
terpene_gcf_3034,terpene
terpene_gcf_3035,terpene
terpene_gcf_3037,terpene
terpene_gcf_3038,terpene
terpene_gcf_3039,terpene
terpene_gcf_3040,terpene
terpene_gcf_3041,terpene
terpene_gcf_3043,terpene
terpene_gcf_3044,terpene
terpene_gcf_3045,terpene
terpene_gcf_3046,terpene
terpene_gcf_3047,terpene
terpene_gcf_3049,terpene
terpene_gcf_3051,terpene
terpene_gcf_3052,terpene
terpene_gcf_3053,terpene
terpene_gcf_3055,terpene
terpene_gcf_3056,terpene
terpene_gcf_3057,terpene
terpene_gcf_3058,terpene
terpene_gcf_3059,terpene
terpene_gcf_3061,terpene
terpene_gcf_3062,terpene
terpene_gcf_3063,terpene
terpene_gcf_3064,terpene
terpene_gcf_3065,terpene
terpene_gcf_3067,terpene
terpene_gcf_3071,terpene
terpene_gcf_3072,terpene
terpene_gcf_3073,terpene
terpene_gcf_3074,terpene
terpene_gcf_3076,terpene
terpene_gcf_3077,terpene
terpene_gcf_3078,terpene
terpene_gcf_3079,terpene
terpene_gcf_3080,terpene
terpene_gcf_3081,terpene
terpene_gcf_3082,terpene
terpene_gcf_3083,terpene
terpene_gcf_3084,terpene
terpene_gcf_3085,terpene
terpene_gcf_3086,terpene
terpene_gcf_3087,terpene
terpene_gcf_3088,terpene
terpene_gcf_3092,terpene
terpene_gcf_3093,terpene
terpene_gcf_3094,terpene
terpene_gcf_3095,terpene
terpene_gcf_3096,terpene
terpene_gcf_3098,terpene
terpene_gcf_3099,terpene
terpene_gcf_3101,terpene
terpene_gcf_3104,terpene
terpene_gcf_3105,terpene
terpene_gcf_3106,terpene
terpene_gcf_3107,terpene
terpene_gcf_3108,terpene
terpene_gcf_3110,terpene
terpene_gcf_3111,terpene
terpene_gcf_3112,terpene
terpene_gcf_3113,terpene
terpene_gcf_3114,terpene
terpene_gcf_3115,terpene
terpene_gcf_3116,terpene
terpene_gcf_3118,terpene
terpene_gcf_3119,terpene
terpene_gcf_3120,terpene
terpene_gcf_3121,terpene
terpene_gcf_3123,terpene
terpene_gcf_3124,terpene
terpene_gcf_3125,terpene
terpene_gcf_3126,terpene
terpene_gcf_3127,terpene
terpene_gcf_3128,terpene
terpene_gcf_3129,terpene
terpene_gcf_3130,terpene
terpene_gcf_3132,terpene
terpene_gcf_3136,terpene
terpene_gcf_3137,terpene
terpene_gcf_3138,terpene
terpene_gcf_3139,terpene
terpene_gcf_3140,terpene
terpene_gcf_3141,terpene
terpene_gcf_3142,terpene
terpene_gcf_3143,terpene
terpene_gcf_3144,terpene
terpene_gcf_3146,terpene
terpene_gcf_3147,terpene
terpene_gcf_3148,terpene
terpene_gcf_3149,terpene
terpene_gcf_3151,terpene
terpene_gcf_3152,terpene
terpene_gcf_3153,terpene
terpene_gcf_3154,terpene
terpene_gcf_3155,terpene
terpene_gcf_3156,terpene
terpene_gcf_3157,terpene
terpene_gcf_3158,terpene
terpene_gcf_3159,terpene
terpene_gcf_3160,terpene
terpene_gcf_3161,terpene
terpene_gcf_3162,terpene
terpene_gcf_3163,terpene
terpene_gcf_3165,terpene
terpene_gcf_3166,terpene
terpene_gcf_3167,terpene
terpene_gcf_3168,terpene
terpene_gcf_3169,terpene
terpene_gcf_3170,terpene
terpene_gcf_3171,terpene
terpene_gcf_3172,terpene
terpene_gcf_3173,terpene
terpene_gcf_3175,terpene
terpene_gcf_3176,terpene
terpene_gcf_3178,terpene
terpene_gcf_3179,terpene
terpene_gcf_3180,terpene
terpene_gcf_3181,terpene
terpene_gcf_3183,terpene
terpene_gcf_3184,terpene
terpene_gcf_3186,terpene
terpene_gcf_3187,terpene
terpene_gcf_3189,terpene
terpene_gcf_3190,terpene
terpene_gcf_3192,terpene
terpene_gcf_3193,terpene
terpene_gcf_3194,terpene
terpene_gcf_3195,terpene
terpene_gcf_3197,terpene
terpene_gcf_3198,terpene
terpene_gcf_3199,terpene
terpene_gcf_3200,terpene
terpene_gcf_3201,terpene
terpene_gcf_3202,terpene
terpene_gcf_3203,terpene
terpene_gcf_3204,terpene
terpene_gcf_3205,terpene
terpene_gcf_3206,terpene
terpene_gcf_3207,terpene
terpene_gcf_3208,terpene
terpene_gcf_3209,terpene
terpene_gcf_3211,terpene
terpene_gcf_3213,terpene
terpene_gcf_3214,terpene
terpene_gcf_3215,terpene
terpene_gcf_3217,terpene
terpene_gcf_3218,terpene
terpene_gcf_3223,terpene
terpene_gcf_3225,terpene
terpene_gcf_3226,terpene
terpene_gcf_3227,terpene
terpene_gcf_3229,terpene
terpene_gcf_3230,terpene
terpene_gcf_3231,terpene
terpene_gcf_3232,terpene
terpene_gcf_3233,terpene
terpene_gcf_3234,terpene
terpene_gcf_3235,terpene
terpene_gcf_3236,terpene
terpene_gcf_3237,terpene
terpene_gcf_3238,terpene
terpene_gcf_3241,terpene
terpene_gcf_3243,terpene
terpene_gcf_3248,terpene
terpene_gcf_3250,terpene
terpene_gcf_3253,terpene
terpene_gcf_3254,terpene
terpene_gcf_3256,terpene
terpene_gcf_3257,terpene
terpene_gcf_3261,terpene
terpene_gcf_3262,terpene
terpene_gcf_3263,terpene
terpene_gcf_3264,terpene
terpene_gcf_3266,terpene
terpene_gcf_3267,terpene
terpene_gcf_3269,terpene
terpene_gcf_3270,terpene
terpene_gcf_3272,terpene
terpene_gcf_3273,terpene
terpene_gcf_3274,terpene
terpene_gcf_3275,terpene
terpene_gcf_3277,terpene
terpene_gcf_3278,terpene
terpene_gcf_3279,terpene
terpene_gcf_3280,terpene
terpene_gcf_3282,terpene
terpene_gcf_3283,terpene
terpene_gcf_3284,terpene
terpene_gcf_3285,terpene
terpene_gcf_3286,terpene
terpene_gcf_3288,terpene
terpene_gcf_3289,terpene
terpene_gcf_3290,terpene
terpene_gcf_3291,terpene
terpene_gcf_3292,terpene
terpene_gcf_3295,terpene
terpene_gcf_3296,terpene
terpene_gcf_3298,terpene
terpene_gcf_3299,terpene
terpene_gcf_3300,terpene
terpene_gcf_3303,terpene
terpene_gcf_3305,terpene
terpene_gcf_3307,terpene
terpene_gcf_3308,terpene
terpene_gcf_3309,terpene
terpene_gcf_3310,terpene
terpene_gcf_3311,terpene
terpene_gcf_3314,terpene
terpene_gcf_3315,terpene
terpene_gcf_3316,terpene
terpene_gcf_3317,terpene
terpene_gcf_3318,terpene
terpene_gcf_3319,terpene
terpene_gcf_3320,terpene
terpene_gcf_3321,terpene
terpene_gcf_3322,terpene
terpene_gcf_3323,terpene
terpene_gcf_3324,terpene
terpene_gcf_3325,terpene
terpene_gcf_3326,terpene
terpene_gcf_3327,terpene
terpene_gcf_3328,terpene
terpene_gcf_3330,terpene
terpene_gcf_3331,terpene
terpene_gcf_3332,terpene
terpene_gcf_3333,terpene
terpene_gcf_3337,terpene
terpene_gcf_3338,terpene
terpene_gcf_3339,terpene
terpene_gcf_3340,terpene
terpene_gcf_3341,terpene
terpene_gcf_3342,terpene
terpene_gcf_3343,terpene
terpene_gcf_3344,terpene
terpene_gcf_3345,terpene
terpene_gcf_3346,terpene
terpene_gcf_3347,terpene
terpene_gcf_3348,terpene
terpene_gcf_3350,terpene
terpene_gcf_3351,terpene
terpene_gcf_3352,terpene
terpene_gcf_3353,terpene
terpene_gcf_3354,terpene
terpene_gcf_3355,terpene
terpene_gcf_3356,terpene
terpene_gcf_3358,terpene
terpene_gcf_3361,terpene
terpene_gcf_3363,terpene
terpene_gcf_3364,terpene
terpene_gcf_3366,terpene
terpene_gcf_3367,terpene
terpene_gcf_3368,terpene
terpene_gcf_3369,terpene
terpene_gcf_3370,terpene
terpene_gcf_3371,terpene
terpene_gcf_3372,terpene
terpene_gcf_3374,terpene
terpene_gcf_3375,terpene
terpene_gcf_3377,terpene
terpene_gcf_3380,terpene
terpene_gcf_3381,terpene
terpene_gcf_3382,terpene
terpene_gcf_3383,terpene
terpene_gcf_3384,terpene
terpene_gcf_3385,terpene
terpene_gcf_3386,terpene
terpene_gcf_3387,terpene
terpene_gcf_3388,terpene
terpene_gcf_3389,terpene
terpene_gcf_3391,terpene
terpene_gcf_3394,terpene
terpene_gcf_3396,terpene
terpene_gcf_3397,terpene
terpene_gcf_3398,terpene
terpene_gcf_3399,terpene
terpene_gcf_3400,terpene
terpene_gcf_3401,terpene
terpene_gcf_3402,terpene
terpene_gcf_3403,terpene
terpene_gcf_3405,terpene
terpene_gcf_3407,terpene
terpene_gcf_3408,terpene
terpene_gcf_3409,terpene
terpene_gcf_3410,terpene
terpene_gcf_3411,terpene
terpene_gcf_3413,terpene
terpene_gcf_3414,terpene
terpene_gcf_3415,terpene
terpene_gcf_3416,terpene
terpene_gcf_3417,terpene
terpene_gcf_3418,terpene
terpene_gcf_3419,terpene
terpene_gcf_3421,terpene
terpene_gcf_3423,terpene
terpene_gcf_3427,terpene
terpene_gcf_3428,terpene
terpene_gcf_3430,terpene
terpene_gcf_3431,terpene
terpene_gcf_3432,terpene
terpene_gcf_3433,terpene
terpene_gcf_3435,terpene
terpene_gcf_3436,terpene
terpene_gcf_3437,terpene
terpene_gcf_3439,terpene
terpene_gcf_3440,terpene
terpene_gcf_3442,terpene
terpene_gcf_3443,terpene
terpene_gcf_3444,terpene
terpene_gcf_3445,terpene
terpene_gcf_3446,terpene
terpene_gcf_3447,terpene
terpene_gcf_3448,terpene
terpene_gcf_3449,terpene
terpene_gcf_3450,terpene
terpene_gcf_3451,terpene
terpene_gcf_3452,terpene
terpene_gcf_3454,terpene
terpene_gcf_3455,terpene
terpene_gcf_3456,terpene
terpene_gcf_3458,terpene
terpene_gcf_3459,terpene
terpene_gcf_3461,terpene
terpene_gcf_3462,terpene
terpene_gcf_3463,terpene
terpene_gcf_3464,terpene
terpene_gcf_3465,terpene
terpene_gcf_3466,terpene
terpene_gcf_3470,terpene
terpene_gcf_3473,terpene
terpene_gcf_3475,terpene
terpene_gcf_3476,terpene
terpene_gcf_3477,terpene
terpene_gcf_3478,terpene
terpene_gcf_3480,terpene
terpene_gcf_3481,terpene
terpene_gcf_3482,terpene
terpene_gcf_3483,terpene
terpene_gcf_3484,terpene
terpene_gcf_3485,terpene
terpene_gcf_3486,terpene
terpene_gcf_3487,terpene
terpene_gcf_3488,terpene
terpene_gcf_3489,terpene
terpene_gcf_3490,terpene
terpene_gcf_3492,terpene
terpene_gcf_3493,terpene
terpene_gcf_3494,terpene
terpene_gcf_3495,terpene
terpene_gcf_3496,terpene
terpene_gcf_3497,terpene
terpene_gcf_3498,terpene
terpene_gcf_3500,terpene
terpene_gcf_3501,terpene
terpene_gcf_3502,terpene
terpene_gcf_3504,terpene
terpene_gcf_3505,terpene
terpene_gcf_3508,terpene
terpene_gcf_3509,terpene
terpene_gcf_3510,terpene
terpene_gcf_3511,terpene
terpene_gcf_3512,terpene
terpene_gcf_3513,terpene
terpene_gcf_3514,terpene
terpene_gcf_3516,terpene
terpene_gcf_3518,terpene
terpene_gcf_3519,terpene
terpene_gcf_3522,terpene
terpene_gcf_3523,terpene
terpene_gcf_3526,terpene
terpene_gcf_3527,terpene
terpene_gcf_3528,terpene
terpene_gcf_3529,terpene
terpene_gcf_3530,terpene
terpene_gcf_3531,terpene
terpene_gcf_3532,terpene
terpene_gcf_3533,terpene
terpene_gcf_3535,terpene
terpene_gcf_3536,terpene
terpene_gcf_3537,terpene
terpene_gcf_3538,terpene
terpene_gcf_3539,terpene
terpene_gcf_3542,terpene
terpene_gcf_3543,terpene
terpene_gcf_3545,terpene
terpene_gcf_3547,terpene
terpene_gcf_3548,terpene
terpene_gcf_3549,terpene
terpene_gcf_3551,terpene
terpene_gcf_3552,terpene
terpene_gcf_3553,terpene
terpene_gcf_3554,terpene
terpene_gcf_3555,terpene
terpene_gcf_3556,terpene
terpene_gcf_3557,terpene
terpene_gcf_3558,terpene
terpene_gcf_3559,terpene
terpene_gcf_3560,terpene
terpene_gcf_3561,terpene
terpene_gcf_3562,terpene
terpene_gcf_3563,terpene
terpene_gcf_3564,terpene
terpene_gcf_3565,terpene
terpene_gcf_3566,terpene
terpene_gcf_3567,terpene
terpene_gcf_3568,terpene
terpene_gcf_3569,terpene
terpene_gcf_3570,terpene
terpene_gcf_3571,terpene
terpene_gcf_3573,terpene
terpene_gcf_3574,terpene
terpene_gcf_3575,terpene
terpene_gcf_3576,terpene
terpene_gcf_3577,terpene
terpene_gcf_3578,terpene
terpene_gcf_3579,terpene
terpene_gcf_3580,terpene
terpene_gcf_3581,terpene
terpene_gcf_3583,terpene
terpene_gcf_3585,terpene
terpene_gcf_3587,terpene
terpene_gcf_3588,terpene
terpene_gcf_3589,terpene
terpene_gcf_3591,terpene
terpene_gcf_3592,terpene
terpene_gcf_3594,terpene
terpene_gcf_3596,terpene
terpene_gcf_3599,terpene
terpene_gcf_3600,terpene
terpene_gcf_3601,terpene
terpene_gcf_3602,terpene
terpene_gcf_3604,terpene
terpene_gcf_3605,terpene
terpene_gcf_3607,terpene
terpene_gcf_3609,terpene
terpene_gcf_3610,terpene
terpene_gcf_3614,terpene
terpene_gcf_3615,terpene
terpene_gcf_3616,terpene
terpene_gcf_3617,terpene
terpene_gcf_3618,terpene
terpene_gcf_3620,terpene
terpene_gcf_3621,terpene
terpene_gcf_3622,terpene
terpene_gcf_3624,terpene
terpene_gcf_3626,terpene
terpene_gcf_3627,terpene
terpene_gcf_3628,terpene
terpene_gcf_3629,terpene
terpene_gcf_3630,terpene
terpene_gcf_3632,terpene
terpene_gcf_3633,terpene
terpene_gcf_3635,terpene
terpene_gcf_3636,terpene
terpene_gcf_3637,terpene
terpene_gcf_3640,terpene
terpene_gcf_3641,terpene
terpene_gcf_3642,terpene
terpene_gcf_3644,terpene
terpene_gcf_3646,terpene
terpene_gcf_3647,terpene
terpene_gcf_3648,terpene
terpene_gcf_3650,terpene
terpene_gcf_3651,terpene
terpene_gcf_3652,terpene
terpene_gcf_3655,terpene
terpene_gcf_3657,terpene
terpene_gcf_3659,terpene
terpene_gcf_3660,terpene
terpene_gcf_3661,terpene
terpene_gcf_3662,terpene
terpene_gcf_3663,terpene
terpene_gcf_3664,terpene
terpene_gcf_3665,terpene
terpene_gcf_3666,terpene
terpene_gcf_3667,terpene
terpene_gcf_3669,terpene
terpene_gcf_3670,terpene
terpene_gcf_3671,terpene
terpene_gcf_3672,terpene
terpene_gcf_3673,terpene
terpene_gcf_3674,terpene
terpene_gcf_3676,terpene
terpene_gcf_3679,terpene
terpene_gcf_3680,terpene
terpene_gcf_3681,terpene
terpene_gcf_3682,terpene
terpene_gcf_3684,terpene
terpene_gcf_3685,terpene
terpene_gcf_3686,terpene
terpene_gcf_3689,terpene
terpene_gcf_3691,terpene
terpene_gcf_3692,terpene
terpene_gcf_3693,terpene
terpene_gcf_3694,terpene
terpene_gcf_3696,terpene
terpene_gcf_3697,terpene
terpene_gcf_3702,terpene
terpene_gcf_3703,terpene
terpene_gcf_3705,terpene
terpene_gcf_3706,terpene
terpene_gcf_3709,terpene
terpene_gcf_3710,terpene
terpene_gcf_3711,terpene
terpene_gcf_3712,terpene
terpene_gcf_3713,terpene
terpene_gcf_8518,terpene
terpene_gcf_8519,terpene
terpene_gcf_8520,terpene
terpene_gcf_8521,terpene
terpene_gcf_8522,terpene
terpene_gcf_8523,terpene
terpene_gcf_8524,terpene
terpene_gcf_8525,terpene
terpene_gcf_8526,terpene
terpene_gcf_8527,terpene
terpene_gcf_8528,terpene
terpene_gcf_8529,terpene
terpene_gcf_8530,terpene
terpene_gcf_8531,terpene
terpene_gcf_8532,terpene
terpene_gcf_8533,terpene
terpene_gcf_8534,terpene
terpene_gcf_8535,terpene
terpene_gcf_8536,terpene
terpene_gcf_8537,terpene
terpene_gcf_8538,terpene
terpene_gcf_8539,terpene
terpene_gcf_8540,terpene
terpene_gcf_8541,terpene
terpene_gcf_8542,terpene
terpene_gcf_8543,terpene
terpene_gcf_8544,terpene
terpene_gcf_8545,terpene
terpene_gcf_8546,terpene
terpene_gcf_8547,terpene
terpene_gcf_8548,terpene
terpene_gcf_8549,terpene
terpene_gcf_8550,terpene
terpene_gcf_8551,terpene
terpene_gcf_8552,terpene
terpene_gcf_8553,terpene
terpene_gcf_8554,terpene
terpene_gcf_8555,terpene
terpene_gcf_8556,terpene
terpene_gcf_8557,terpene
terpene_gcf_8558,terpene
terpene_gcf_8559,terpene
terpene_gcf_8560,terpene
terpene_gcf_8561,terpene
terpene_gcf_8562,terpene
terpene_gcf_8642,terpene
terpene_gcf_8643,terpene
terpene_gcf_8644,terpene
terpene_gcf_8645,terpene
terpene_gcf_8646,terpene
terpene_gcf_8647,terpene
terpene_gcf_8648,terpene
terpene_gcf_8649,terpene
terpene_gcf_8650,terpene
terpene_gcf_8651,terpene
terpene_gcf_8652,terpene
terpene_gcf_8653,terpene
terpene_gcf_8654,terpene
terpene_gcf_8655,terpene
terpene_gcf_8656,terpene
terpene_gcf_8657,terpene
terpene_gcf_8658,terpene
terpene_gcf_8659,terpene
terpene_gcf_8660,terpene
terpene_gcf_8661,terpene
terpene_gcf_8662,terpene
terpene_gcf_8663,terpene
terpene_gcf_8664,terpene
terpene_gcf_8665,terpene
terpene_gcf_8666,terpene
terpene_gcf_8667,terpene
terpene_gcf_8668,terpene
terpene_gcf_8669,terpene
terpene_gcf_8670,terpene
terpene_gcf_8671,terpene
terpene_gcf_8672,terpene
terpene_gcf_8673,terpene
terpene_gcf_8674,terpene
terpene_gcf_8684,terpene
terpene_gcf_8685,terpene
terpene_gcf_8686,terpene
terpene_gcf_8687,terpene
terpene_gcf_8688,terpene
terpene_gcf_8689,terpene
terpene_gcf_8690,terpene
terpene_gcf_8691,terpene
terpene_gcf_8692,terpene
terpene_gcf_8693,terpene
terpene_gcf_8694,terpene
terpene_gcf_8695,terpene
terpene_gcf_8696,terpene
terpene_gcf_8697,terpene
terpene_gcf_8698,terpene
terpene_gcf_8699,terpene
terpene_gcf_8700,terpene
terpene_gcf_8701,terpene
terpene_gcf_8702,terpene
terpene_gcf_8703,terpene
terpene_gcf_8748,terpene
terpene_gcf_8749,terpene
