BGC ID,Louvain cluster,closest MIBiG BGC,distance to closest MIBiG,Is_0.51_Assigned
CHL22_OA_220325_F_contig_42820.region001.gbk_region_1,C3338537,None,0.51,Yes (No MIBiG connection)
GUY_SRR21545388_k141_871200.region001.gbk_region_1,C3338537,None,0.51,Yes (No MIBiG connection)
CHL22_LP_220401_F_contig_76724.region001.gbk_region_1,C3338536,None,0.51,Yes (No MIBiG connection)
AEO22_GV_220827_F_contig_4405.region001.gbk_region_1,C3338537,None,0.51,Yes (No MIBiG connection)
CHL22_QN_220317_F_contig_10269.region001.gbk_region_1,C3338536,None,0.51,Yes (No MIBiG connection)
CR17_SL170214_S_contig_629.region001.gbk_region_1,C3338535,BGC0000203.gbk_region_1,0.48,No (Directly observed)
CR18_LE180416_F_contig_18527.region001.gbk_region_1,C3338535,BGC0002374.gbk_region_1,0.49,No (Directly observed)
CHL22_CH_220319_F_contig_103011.region001.gbk_region_1,C3338535,None,0.51,Yes (No MIBiG connection)
CHL22_QN_220317_F_contig_1005.region001.gbk_region_1,C3338537,None,0.51,Yes (No MIBiG connection)
SJ_230730_S_NODE_29_length_142181_cov_9.673211.region001.gbk_region_1,C3338537,None,0.51,Yes (No MIBiG connection)
CHL22_EQ_220330_F_contig_1099.region001.gbk_region_1,C3338538,None,0.51,Yes (No MIBiG connection)
CR18_LE180416_F_contig_27421.region001.gbk_region_1,C3338540,None,0.51,Yes (No MIBiG connection)
CHL22_PR_220403_F_contig_28207.region001.gbk_region_1,C3338537,None,0.51,Yes (No MIBiG connection)
CR18_SC180411_F_contig_4.region002.gbk_region_2,C3338538,None,0.51,Yes (No MIBiG connection)
FEN_PI_S_NODE_3412_length_2378_cov_2.895824.region001.gbk_region_1,C3338535,None,0.51,Yes (No MIBiG connection)
CR18_PX180416_S_contig_17806.region001.gbk_region_1,C3338535,None,0.51,Yes (No MIBiG connection)
GUY_SRR21545388_k141_665605.region001.gbk_region_1,C3338536,None,0.51,Yes (No MIBiG connection)
CHL22_CA_220323_F_contig_78650.region001.gbk_region_1,C3338536,None,0.51,Yes (No MIBiG connection)
CR18_RC180404_F_contig_9612.region001.gbk_region_1,C3338536,None,0.51,Yes (No MIBiG connection)
CR18_HA180403_F_contig_12825.region001.gbk_region_1,C3338536,None,0.51,Yes (No MIBiG connection)
HYD22_FC_221023_F_contig_95.region001.gbk_region_1,C3338536,None,0.51,Yes (No MIBiG connection)
GUY_SRR21545384_k141_148602.region001.gbk_region_1,C3338536,None,0.51,Yes (No MIBiG connection)
CHL22_RS_220319_F_contig_38342.region001.gbk_region_1,C3338537,None,0.51,Yes (No MIBiG connection)
NR_230731_S_NODE_2687_length_11110_cov_1.939270.region001.gbk_region_1,C3338535,None,0.51,Yes (No MIBiG connection)
AEO22_HO_220830_F_contig_8234.region001.gbk_region_1,C3338540,None,0.51,Yes (No MIBiG connection)
CHL22_PR_220403_F_contig_45697.region001.gbk_region_1,C3338538,None,0.51,Yes (No MIBiG connection)
CHL22_CC_220324_F_contig_11558.region001.gbk_region_1,C3338538,None,0.51,Yes (No MIBiG connection)
CHL22_CZ_220329_F_contig_68334.region001.gbk_region_1,C3338536,None,0.51,Yes (No MIBiG connection)
HYD22_FC_221023_F_contig_6243.region001.gbk_region_1,C3338536,None,0.51,Yes (No MIBiG connection)
CHL22_CN_220327_F_contig_44716.region001.gbk_region_1,C3338535,None,0.51,Yes (No MIBiG connection)
KJ_230721_F_NODE_29134_length_4458_cov_1.035096.region001.gbk_region_1,C3338537,None,0.51,Yes (No MIBiG connection)
CR18_BS180407_F_contig_6542.region001.gbk_region_1,C3338536,None,0.51,Yes (No MIBiG connection)
CHL22_QN_220317_F_contig_69946.region001.gbk_region_1,C3338535,None,0.51,Yes (No MIBiG connection)
CR17_EP170215_S_contig_3142.region001.gbk_region_1,C3338535,None,0.51,Yes (No MIBiG connection)
EPR_teddybear_k141_559696.region001.gbk_region_1,C3338536,None,0.51,Yes (No MIBiG connection)
HYD22_CB_221018_F_contig_15899.region001.gbk_region_1,C3338536,None,0.51,Yes (No MIBiG connection)
KJ_230721_F_NODE_51587_length_2969_cov_0.765306.region001.gbk_region_1,C3338536,None,0.51,Yes (No MIBiG connection)
AEO22_GV_220827_F_contig_17935.region001.gbk_region_1,C3338537,None,0.51,Yes (No MIBiG connection)
EPR_riftia_k141_593680.region001.gbk_region_1,C3338535,None,0.51,Yes (No MIBiG connection)
CR18_YR180404_F_contig_27132.region001.gbk_region_1,C3338537,None,0.51,Yes (No MIBiG connection)
CR18_GE180403_S_contig_29316.region001.gbk_region_1,C3338540,None,0.51,Yes (No MIBiG connection)
CR18_LW180405_S_contig_6455.region001.gbk_region_1,C3338535,None,0.51,Yes (No MIBiG connection)
GUY_SRR21545388_k141_3095148.region001.gbk_region_1,C3338535,None,0.51,Yes (No MIBiG connection)
FEN_LS_F_NODE_10418_length_3188_cov_4.592084.region001.gbk_region_1,C3338537,None,0.51,Yes (No MIBiG connection)
CHL22_SR_220328_F_contig_25350.region001.gbk_region_1,C3338537,None,0.51,Yes (No MIBiG connection)
CR17_EP170215_S_contig_746.region001.gbk_region_1,C3338536,None,0.51,Yes (No MIBiG connection)
CHL22_LP_220401_F_contig_39473.region001.gbk_region_1,C3338537,None,0.51,Yes (No MIBiG connection)
CHL22_PR_220403_F_contig_34025.region001.gbk_region_1,C3338535,None,0.51,Yes (No MIBiG connection)
CR18_GE180403_S_contig_371.region001.gbk_region_1,C3338537,None,0.51,Yes (No MIBiG connection)
NR_230731_F_NODE_8210_length_5901_cov_1.091964.region001.gbk_region_1,C3338537,None,0.51,Yes (No MIBiG connection)
EPR_teddybear_k141_728098.region001.gbk_region_1,C3338536,None,0.51,Yes (No MIBiG connection)
CHL22_LC_220316_F_contig_82215.region001.gbk_region_1,C3338535,None,0.51,Yes (No MIBiG connection)
CHL22_PR_220403_F_contig_36953.region001.gbk_region_1,C3338535,None,0.51,Yes (No MIBiG connection)
CHL22_CC_220324_F_contig_53176.region001.gbk_region_1,C3338535,None,0.51,Yes (No MIBiG connection)
CHL22_QN_220317_F_contig_38799.region001.gbk_region_1,C3338535,None,0.51,Yes (No MIBiG connection)
CHL22_OA_220325_F_contig_40097.region001.gbk_region_1,C3338537,None,0.51,Yes (No MIBiG connection)
EPR_riftia_k141_160539.region001.gbk_region_1,C3338536,None,0.51,Yes (No MIBiG connection)
CR17_PG172224_S_contig_19891.region001.gbk_region_1,C3338536,None,0.51,Yes (No MIBiG connection)
CHL22_LA_220331_F_contig_11384.region001.gbk_region_1,C3338537,None,0.51,Yes (No MIBiG connection)
FEN_LS_S_NODE_4546_length_7910_cov_4.245321.region001.gbk_region_1,C3338537,None,0.51,Yes (No MIBiG connection)
CR18_BS180407_F_contig_28288.region001.gbk_region_1,C3338537,None,0.51,Yes (No MIBiG connection)
CR17_QH170213_1_S_contig_1943.region001.gbk_region_1,C3338536,None,0.51,Yes (No MIBiG connection)
GUY_SRR21545382_k141_985035.region001.gbk_region_1,C3338535,None,0.51,Yes (No MIBiG connection)
CHL22_OA_220325_F_contig_116870.region001.gbk_region_1,C3338536,None,0.51,Yes (No MIBiG connection)
GUY_SRR21545388_k141_3175607.region001.gbk_region_1,C3338536,None,0.51,Yes (No MIBiG connection)
CHL22_QN_220317_F_contig_3229.region001.gbk_region_1,C3338537,None,0.51,Yes (No MIBiG connection)
CHL22_OA_220325_F_contig_45161.region001.gbk_region_1,C3338537,None,0.51,Yes (No MIBiG connection)
CHL22_LR_220331_F_contig_55126.region001.gbk_region_1,C3338536,None,0.51,Yes (No MIBiG connection)
CHL22_PJ_220330_F_contig_12174.region001.gbk_region_1,C3338535,None,0.51,Yes (No MIBiG connection)
CR18_LP180406_F_contig_6911.region001.gbk_region_1,C3338536,None,0.51,Yes (No MIBiG connection)
CHL22_OA_220325_F_contig_100297.region001.gbk_region_1,C3338537,None,0.51,Yes (No MIBiG connection)
CHL22_EQ_220330_F_contig_43400.region001.gbk_region_1,C3338537,None,0.51,Yes (No MIBiG connection)
CHL22_LP_220401_F_contig_18201.region001.gbk_region_1,C3338536,None,0.51,Yes (No MIBiG connection)
AEO22_LB_220827_F_contig_96683.region001.gbk_region_1,C3338535,None,0.51,Yes (No MIBiG connection)
CR18_CL180409_F_contig_1211.region001.gbk_region_1,C3338535,None,0.51,Yes (No MIBiG connection)
CHL22_CR_220324_F_contig_16449.region001.gbk_region_1,C3338537,None,0.51,Yes (No MIBiG connection)
CHL22_CA_220323_F_contig_127226.region001.gbk_region_1,C3338537,None,0.51,Yes (No MIBiG connection)
AEO22_OS_220830_F_contig_24960.region001.gbk_region_1,C3338535,None,0.51,Yes (No MIBiG connection)
CHL22_IS_220328_F_contig_4714.region001.gbk_region_1,C3338537,None,0.51,Yes (No MIBiG connection)
AEO22_CF_220902_F_contig_12836.region001.gbk_region_1,C3338537,None,0.51,Yes (No MIBiG connection)
CHL22_LP_220401_F_contig_73494.region001.gbk_region_1,C3338535,None,0.51,Yes (No MIBiG connection)
CR18_LB180410_S_contig_14837.region001.gbk_region_1,C3338537,None,0.51,Yes (No MIBiG connection)
HYD22_SP_221019_F_contig_14558.region001.gbk_region_1,C3338536,None,0.51,Yes (No MIBiG connection)
CHL22_PR_220403_F_contig_35255.region001.gbk_region_1,C3338535,None,0.51,Yes (No MIBiG connection)
CHL22_CN_220327_F_contig_666.region001.gbk_region_1,C3338535,None,0.51,Yes (No MIBiG connection)
CHL22_CC_220324_F_contig_58320.region001.gbk_region_1,C3338537,None,0.51,Yes (No MIBiG connection)
HYD22_SP_221019_F_contig_20620.region001.gbk_region_1,C3338535,None,0.51,Yes (No MIBiG connection)
HYD22_CB_221018_F_contig_1734.region001.gbk_region_1,C3338536,None,0.51,Yes (No MIBiG connection)
CHL22_OA_220325_F_contig_47145.region001.gbk_region_1,C3338535,None,0.51,Yes (No MIBiG connection)
CR17_PF170222_S_contig_2271.region001.gbk_region_1,C3338536,None,0.51,Yes (No MIBiG connection)
CHL22_CH_220319_F_contig_18334.region001.gbk_region_1,C3338536,None,0.51,Yes (No MIBiG connection)
TR_230731_F_NODE_28701_length_2577_cov_0.995918.region001.gbk_region_1,C3338536,None,0.51,Yes (No MIBiG connection)
HYD22_FC_221023_F_contig_46369.region001.gbk_region_1,C3338536,None,0.51,Yes (No MIBiG connection)
CR18_GE180403_S_contig_18814.region001.gbk_region_1,C3338540,None,0.51,Yes (No MIBiG connection)
CR18_GE180403_S_contig_29584.region001.gbk_region_1,C3338540,None,0.51,Yes (No MIBiG connection)
CR18_LH180406_F_contig_10195.region001.gbk_region_1,C3338540,None,0.51,Yes (No MIBiG connection)
AEO22_AC_220827_F_contig_34164.region001.gbk_region_1,C3338540,None,0.51,Yes (No MIBiG connection)
CR18_GE180403_S_contig_20085.region001.gbk_region_1,C3338540,None,0.51,Yes (No MIBiG connection)
CR17_PG172224_S_contig_12302.region001.gbk_region_1,C3338537,None,0.51,Yes (No MIBiG connection)
HYD22_SB_221021_F_contig_9455.region001.gbk_region_1,C3338538,None,0.51,Yes (No MIBiG connection)
AEO22_TC_220902_F_contig_31500.region001.gbk_region_1,C3338538,None,0.51,Yes (No MIBiG connection)
CHL22_CA_220323_F_contig_144614.region001.gbk_region_1,C3338538,None,0.51,Yes (No MIBiG connection)
CHL22_LC_220316_F_contig_47987.region001.gbk_region_1,C3338536,None,0.51,Yes (No MIBiG connection)
HYD22_TA_221020_F_contig_16251.region001.gbk_region_1,C3338535,None,0.51,Yes (No MIBiG connection)
HYD22_SB_221021_F_contig_526.region001.gbk_region_1,C3338535,None,0.51,Yes (No MIBiG connection)
CR17_QH170213_1_S_contig_598.region001.gbk_region_1,C3338536,None,0.51,Yes (No MIBiG connection)
GUY_SRR21545388_k141_544126.region001.gbk_region_1,C3338536,None,0.51,Yes (No MIBiG connection)
CHL22_CR_220324_F_contig_26252.region001.gbk_region_1,C3338537,None,0.51,Yes (No MIBiG connection)
CR17_RS170216_S_contig_379.region001.gbk_region_1,C3338536,None,0.51,Yes (No MIBiG connection)
CR18_LH180406_F_contig_4208.region001.gbk_region_1,C3338535,None,0.51,Yes (No MIBiG connection)
KJ_230721_F_NODE_32591_length_4116_cov_0.779393.region001.gbk_region_1,C3338540,None,0.51,Yes (No MIBiG connection)
CR17_PG172224_S_contig_27539.region001.gbk_region_1,C3338540,None,0.51,Yes (No MIBiG connection)
KJ_230721_F_NODE_484_length_90609_cov_12.667459.region001.gbk_region_1,C3338537,None,0.51,Yes (No MIBiG connection)
GUY_SRR21545388_k141_2043619.region001.gbk_region_1,C3338535,None,0.51,Yes (No MIBiG connection)
CR17_CY170214_S_contig_13521.region001.gbk_region_1,C3338540,None,0.51,Yes (No MIBiG connection)
CHL22_CR_220324_F_contig_23538.region001.gbk_region_1,C3338536,None,0.51,Yes (No MIBiG connection)
CHL22_CC_220324_F_contig_30612.region001.gbk_region_1,C3338535,None,0.51,Yes (No MIBiG connection)
CR18_CH180410_F_contig_4789.region001.gbk_region_1,C3338537,None,0.51,Yes (No MIBiG connection)
CHL22_CU_220402_F_contig_78725.region001.gbk_region_1,C3338536,None,0.51,Yes (No MIBiG connection)
CHL22_CR_220324_F_contig_11162.region001.gbk_region_1,C3338535,None,0.51,Yes (No MIBiG connection)
GUY_SRR21545382_k141_476811.region001.gbk_region_1,C3338536,None,0.51,Yes (No MIBiG connection)
EPR_teddybear_k141_69577.region001.gbk_region_1,C3338536,None,0.51,Yes (No MIBiG connection)
CHL22_CC_220324_F_contig_26271.region001.gbk_region_1,C3338537,None,0.51,Yes (No MIBiG connection)
CHL22_LC_220316_F_contig_140152.region001.gbk_region_1,C3338535,None,0.51,Yes (No MIBiG connection)
CR18_YR180404_F_contig_1404.region001.gbk_region_1,C3338538,None,0.51,Yes (No MIBiG connection)
AEO22_OS_220830_F_contig_61641.region001.gbk_region_1,C3338537,None,0.51,Yes (No MIBiG connection)
CR18_LB180410_S_contig_6021.region001.gbk_region_1,C3338536,None,0.51,Yes (No MIBiG connection)
CR18_CW180415_S_contig_31.region002.gbk_region_2,C3338536,None,0.51,Yes (No MIBiG connection)
CHL22_PJ_220330_F_contig_66341.region001.gbk_region_1,C3338538,BGC0000980.gbk_region_1,0.48,No (Directly observed)
CR19_LR_190628_S_contig_11660.region001.gbk_region_1,C3338537,None,0.51,Yes (No MIBiG connection)
CR17_CY170214_S_contig_30.region001.gbk_region_1,C3338537,None,0.51,Yes (No MIBiG connection)
CR17_SL170214_S_contig_337.region001.gbk_region_1,C3338537,None,0.51,Yes (No MIBiG connection)
CHL22_CZ_220329_F_contig_14183.region001.gbk_region_1,C3338536,None,0.51,Yes (No MIBiG connection)
CHL22_LC_220316_F_contig_87492.region001.gbk_region_1,C3338537,None,0.51,Yes (No MIBiG connection)
CR18_MC180404_S_contig_20410.region001.gbk_region_1,C3338535,None,0.51,Yes (No MIBiG connection)
GUY_SRR21545382_k141_1917864.region001.gbk_region_1,C3338535,None,0.51,Yes (No MIBiG connection)
CHL22_QN_220317_F_contig_3468.region001.gbk_region_1,C3338535,None,0.51,Yes (No MIBiG connection)
GUY_SRR21545388_k141_2697171.region001.gbk_region_1,C3338537,None,0.51,Yes (No MIBiG connection)
AEO22_TC_220902_F_contig_26938.region001.gbk_region_1,C3338537,None,0.51,Yes (No MIBiG connection)
CHL22_OA_220325_F_contig_27717.region001.gbk_region_1,C3338537,None,0.51,Yes (No MIBiG connection)
CHL22_LC_220316_F_contig_10213.region001.gbk_region_1,C3338536,None,0.51,Yes (No MIBiG connection)
CHL22_PR_220403_F_contig_39806.region001.gbk_region_1,C3338537,None,0.51,Yes (No MIBiG connection)
CHL22_PJ_220330_F_contig_4872.region001.gbk_region_1,C3338537,None,0.51,Yes (No MIBiG connection)
HYD22_CB_221018_F_contig_486.region001.gbk_region_1,C3338537,None,0.51,Yes (No MIBiG connection)
EPR_riftia_k141_179741.region001.gbk_region_1,C3338539,BGC0000149.gbk_region_1,0.49,No (Directly observed)
AEO22_LB_220827_F_contig_9878.region001.gbk_region_1,C3338535,None,0.51,Yes (No MIBiG connection)
CHL22_PR_220403_F_contig_13224.region001.gbk_region_1,C3338537,None,0.51,Yes (No MIBiG connection)
CHL22_RS_220319_F_contig_61282.region001.gbk_region_1,C3338537,None,0.51,Yes (No MIBiG connection)
CR18_LE180416_S_contig_3571.region001.gbk_region_1,C3338537,None,0.51,Yes (No MIBiG connection)
EPR_riftia_k141_169852.region001.gbk_region_1,C3338536,None,0.51,Yes (No MIBiG connection)
CR17_CY170214_S_contig_18300.region001.gbk_region_1,C3338537,None,0.51,Yes (No MIBiG connection)
CR18_RC180404_F_contig_677.region001.gbk_region_1,C3338535,None,0.51,Yes (No MIBiG connection)
EPR_riftia_k141_68679.region001.gbk_region_1,C3338536,None,0.51,Yes (No MIBiG connection)
CHL22_LC_220316_F_contig_136813.region001.gbk_region_1,C3338536,None,0.51,Yes (No MIBiG connection)
CHL22_LC_220316_F_contig_103194.region001.gbk_region_1,C3338535,None,0.51,Yes (No MIBiG connection)
HYD22_FC_221023_F_contig_3037.region001.gbk_region_1,C3338535,None,0.51,Yes (No MIBiG connection)
CR17_PG172224_S_contig_62547.region001.gbk_region_1,C3338537,None,0.51,Yes (No MIBiG connection)
CR17_PG172224_S_contig_15390.region001.gbk_region_1,C3338537,None,0.51,Yes (No MIBiG connection)
CR18_HA180403_F_contig_9284.region001.gbk_region_1,C3338537,None,0.51,Yes (No MIBiG connection)
CHL22_CN_220327_F_contig_38406.region001.gbk_region_1,C3338537,None,0.51,Yes (No MIBiG connection)
CHL22_RS_220319_F_contig_10293.region001.gbk_region_1,C3338537,None,0.51,Yes (No MIBiG connection)
CHL22_PJ_220330_F_contig_31848.region001.gbk_region_1,C3338537,None,0.51,Yes (No MIBiG connection)
CHL22_CH_220319_F_contig_77415.region001.gbk_region_1,C3338535,None,0.51,Yes (No MIBiG connection)
CHL22_CH_220319_F_contig_106485.region001.gbk_region_1,C3338535,None,0.51,Yes (No MIBiG connection)
CR18_BW180407_F_contig_1279.region001.gbk_region_1,C3338537,None,0.51,Yes (No MIBiG connection)
AEO22_LB_220827_F_contig_66576.region001.gbk_region_1,C3338535,None,0.51,Yes (No MIBiG connection)
CHL22_CU_220402_F_contig_89948.region001.gbk_region_1,C3338535,None,0.51,Yes (No MIBiG connection)
CR18_BW180407_F_contig_24198.region001.gbk_region_1,C3338537,None,0.51,Yes (No MIBiG connection)
CR17_PG172224_S_contig_15445.region001.gbk_region_1,C3338537,None,0.51,Yes (No MIBiG connection)
GUY_SRR21545382_k141_1762945.region001.gbk_region_1,C3338536,None,0.51,Yes (No MIBiG connection)
CHL22_LC_220316_F_contig_21476.region001.gbk_region_1,C3338535,None,0.51,Yes (No MIBiG connection)
CHL22_CH_220319_F_contig_37412.region001.gbk_region_1,C3338535,None,0.51,Yes (No MIBiG connection)
FEN_LS_F_NODE_1314_length_13674_cov_7.111609.region001.gbk_region_1,C3338535,None,0.51,Yes (No MIBiG connection)
EPR_riftia_k141_547644.region001.gbk_region_1,C3338535,None,0.51,Yes (No MIBiG connection)
CR18_RC180404_S_contig_8498.region001.gbk_region_1,C3338537,None,0.51,Yes (No MIBiG connection)
CR18_CI180408_S_contig_152.region001.gbk_region_1,C3338536,None,0.51,Yes (No MIBiG connection)
CR18_LH180406_S_contig_75.region001.gbk_region_1,C3338536,None,0.51,Yes (No MIBiG connection)
EPR_teddybear_k141_14708.region001.gbk_region_1,C3338536,None,0.51,Yes (No MIBiG connection)
CHL22_GB_220322_F_contig_25305.region001.gbk_region_1,C3338537,None,0.51,Yes (No MIBiG connection)
CHL22_CA_220323_F_contig_158651.region001.gbk_region_1,C3338536,None,0.51,Yes (No MIBiG connection)
EPR_riftia_k141_287441.region001.gbk_region_1,C3338535,None,0.51,Yes (No MIBiG connection)
EPR_alvinella_k141_223984.region001.gbk_region_1,C3338535,None,0.51,Yes (No MIBiG connection)
CR18_MC180404_S_contig_21684.region001.gbk_region_1,C3338542,None,0.51,Yes (No MIBiG connection)
AEO22_GV_220827_F_contig_2553.region001.gbk_region_1,C3338538,None,0.51,Yes (No MIBiG connection)
CHL22_OA_220325_F_contig_101373.region001.gbk_region_1,C3338538,None,0.51,Yes (No MIBiG connection)
CHL22_RS_220319_F_contig_30782.region001.gbk_region_1,C3338537,None,0.51,Yes (No MIBiG connection)
CHL22_PJ_220330_F_contig_39625.region001.gbk_region_1,C3338537,None,0.51,Yes (No MIBiG connection)
CHL22_CA_220323_F_contig_105699.region001.gbk_region_1,C3338537,None,0.51,Yes (No MIBiG connection)
CHL22_LN_220321_F_contig_13679.region001.gbk_region_1,C3338537,None,0.51,Yes (No MIBiG connection)
AEO22_TC_220902_F_contig_379.region001.gbk_region_1,C3338541,None,0.51,Yes (No MIBiG connection)
CHL22_LC_220316_F_contig_90354.region001.gbk_region_1,C3338536,None,0.51,Yes (No MIBiG connection)
CR17_PG172224_S_contig_15213.region001.gbk_region_1,C3338535,None,0.51,Yes (No MIBiG connection)
CR18_LW180405_S_contig_844.region001.gbk_region_1,C3338535,None,0.51,Yes (No MIBiG connection)
EPR_riftia_k141_90662.region001.gbk_region_1,C3338536,None,0.51,Yes (No MIBiG connection)
CR17_FA170219_1_S_contig_7091.region001.gbk_region_1,C3338537,None,0.51,Yes (No MIBiG connection)
CR17_ET170220_1_S_contig_174.region001.gbk_region_1,C3338536,None,0.51,Yes (No MIBiG connection)
CR18_RC180404_F_contig_2050.region001.gbk_region_1,C3338535,None,0.51,Yes (No MIBiG connection)
FEN_GA_S_NODE_527_length_4235_cov_3.877273.region001.gbk_region_1,C3338535,None,0.51,Yes (No MIBiG connection)
CHL22_PJ_220330_F_contig_2972.region001.gbk_region_1,C3338535,BGC0001835.gbk_region_1,0.46,No (Directly observed)
CHL22_CU_220402_F_contig_95042.region001.gbk_region_1,C3338535,None,0.51,Yes (No MIBiG connection)
CHL22_CU_220402_F_contig_768.region001.gbk_region_1,C3338535,None,0.51,Yes (No MIBiG connection)
CR18_XF180416_F_contig_91.region001.gbk_region_1,C3338535,None,0.51,Yes (No MIBiG connection)
CR18_ER180415_F_contig_1582.region001.gbk_region_1,C3338535,None,0.51,Yes (No MIBiG connection)
GUY_SRR21545382_k141_138111.region001.gbk_region_1,C3338535,None,0.51,Yes (No MIBiG connection)
CR18_CV180410_S_contig_13.region001.gbk_region_1,C3338537,None,0.51,Yes (No MIBiG connection)
CR17_FA170219_1_S_contig_158.region001.gbk_region_1,C3338537,None,0.51,Yes (No MIBiG connection)
CHL22_QN_220317_F_contig_6211.region001.gbk_region_1,C3338536,None,0.51,Yes (No MIBiG connection)
GUY_SRR21545382_k141_1593437.region001.gbk_region_1,C3338535,None,0.51,Yes (No MIBiG connection)
GUY_SRR21545382_k141_820873.region001.gbk_region_1,C3338535,None,0.51,Yes (No MIBiG connection)
CR18_GE180403_S_contig_20280.region001.gbk_region_1,C3338535,None,0.51,Yes (No MIBiG connection)
CHL22_CN_220327_F_contig_3854.region001.gbk_region_1,C3338535,None,0.51,Yes (No MIBiG connection)
HYD22_SC_221020_F_contig_3685.region001.gbk_region_1,C3338535,None,0.51,Yes (No MIBiG connection)
CR18_BW180407_F_contig_27614.region001.gbk_region_1,C3338537,None,0.51,Yes (No MIBiG connection)
CHL22_CR_220324_F_contig_29039.region001.gbk_region_1,C3338537,None,0.51,Yes (No MIBiG connection)
CHL22_CU_220402_F_contig_101090.region001.gbk_region_1,C3338536,None,0.51,Yes (No MIBiG connection)
TR_230731_S_NODE_40845_length_2119_cov_0.753514.region001.gbk_region_1,C3338535,None,0.51,Yes (No MIBiG connection)
CHL22_CR_220324_F_contig_38951.region001.gbk_region_1,C3338535,None,0.51,Yes (No MIBiG connection)
CHL22_CZ_220329_F_contig_54293.region001.gbk_region_1,C3338537,None,0.51,Yes (No MIBiG connection)
AEO22_HO_220830_F_contig_236.region001.gbk_region_1,C3338537,None,0.51,Yes (No MIBiG connection)
CR18_LW180405_S_contig_17822.region001.gbk_region_1,C3338537,None,0.51,Yes (No MIBiG connection)
CR18_ER180415_F_contig_6878.region001.gbk_region_1,C3338540,None,0.51,Yes (No MIBiG connection)
FEN_LS_S_NODE_7602_length_5344_cov_4.293250.region001.gbk_region_1,C3338538,None,0.51,Yes (No MIBiG connection)
CHL22_CC_220324_F_contig_84336.region001.gbk_region_1,C3338537,None,0.51,Yes (No MIBiG connection)
CR18_CH180410_F_contig_3707.region001.gbk_region_1,C3338535,None,0.51,Yes (No MIBiG connection)
AEO22_LB_220827_F_contig_144752.region001.gbk_region_1,C3338537,None,0.51,Yes (No MIBiG connection)
CHL22_LC_220316_F_contig_117379.region001.gbk_region_1,C3338541,None,0.51,Yes (No MIBiG connection)
CR17_PG172224_S_contig_5771.region001.gbk_region_1,C3338535,None,0.51,Yes (No MIBiG connection)
CHL22_OA_220325_F_contig_65584.region001.gbk_region_1,C3338538,None,0.51,Yes (No MIBiG connection)
CHL22_QN_220317_F_contig_43332.region001.gbk_region_1,C3338538,None,0.51,Yes (No MIBiG connection)
CHL22_QN_220317_F_contig_8887.region001.gbk_region_1,C3338537,None,0.51,Yes (No MIBiG connection)
CHL22_CU_220402_F_contig_94575.region001.gbk_region_1,C3338538,None,0.51,Yes (No MIBiG connection)
CHL22_CC_220324_F_contig_12575.region001.gbk_region_1,C3338538,None,0.51,Yes (No MIBiG connection)
CHL22_CH_220319_F_contig_123663.region001.gbk_region_1,C3338538,None,0.51,Yes (No MIBiG connection)
GUY_SRR21545388_k141_435503.region001.gbk_region_1,C3338537,None,0.51,Yes (No MIBiG connection)
CHL22_PJ_220330_F_contig_10863.region001.gbk_region_1,C3338538,None,0.51,Yes (No MIBiG connection)
CHL22_LC_220316_F_contig_92886.region001.gbk_region_1,C3338538,None,0.51,Yes (No MIBiG connection)
CR18_LE180416_F_contig_47323.region001.gbk_region_1,C3338537,None,0.51,Yes (No MIBiG connection)
CR17_ES170215_1_F_contig_477.region001.gbk_region_1,C3338536,BGC0002138.gbk_region_1,0.35,No (Directly observed)
CR17_RS170216_S_contig_260.region001.gbk_region_1,C3338536,BGC0002138.gbk_region_1,0.47,No (Directly observed)
CR17_SI170217_S_contig_1592.region001.gbk_region_1,C3338536,BGC0002138.gbk_region_1,0.47,No (Directly observed)
CR17_PG172224_S_contig_43936.region001.gbk_region_1,C3338542,None,0.51,Yes (No MIBiG connection)
CR17_BR170218_2_F_contig_10699.region001.gbk_region_1,C3338537,None,0.51,Yes (No MIBiG connection)
CR17_QN170220_S_contig_278.region001.gbk_region_1,C3338536,BGC0001872.gbk_region_1,0.44,No (Directly observed)
CHL22_CH_220319_F_contig_107462.region001.gbk_region_1,C3338536,None,0.51,Yes (No MIBiG connection)
CHL22_OA_220325_F_contig_7887.region001.gbk_region_1,C3338536,None,0.51,Yes (No MIBiG connection)
CHL22_OA_220325_F_contig_99080.region001.gbk_region_1,C3338536,None,0.51,Yes (No MIBiG connection)
CR18_LE180416_F_contig_15689.region001.gbk_region_1,C3338536,None,0.51,Yes (No MIBiG connection)
CR18_RC180404_F_contig_2744.region001.gbk_region_1,C3338536,None,0.51,Yes (No MIBiG connection)
CHL22_LP_220401_F_contig_32146.region001.gbk_region_1,C3338536,None,0.51,Yes (No MIBiG connection)
CHL22_CN_220327_F_contig_25579.region001.gbk_region_1,C3338537,None,0.51,Yes (No MIBiG connection)
CR18_CV180410_S_contig_19481.region001.gbk_region_1,C3338537,None,0.51,Yes (No MIBiG connection)
CR17_PG172224_S_contig_379.region001.gbk_region_1,C3338538,None,0.51,Yes (No MIBiG connection)
CHL22_CA_220323_F_contig_70297.region001.gbk_region_1,C3338538,None,0.51,Yes (No MIBiG connection)
CHL22_CC_220324_F_contig_2620.region001.gbk_region_1,C3338538,None,0.51,Yes (No MIBiG connection)
CHL22_PR_220403_F_contig_13553.region001.gbk_region_1,C3338535,None,0.51,Yes (No MIBiG connection)
CR17_RS170216_F_contig_428.region001.gbk_region_1,C3338535,None,0.51,Yes (No MIBiG connection)
CR17_PF170222_S_contig_9789.region001.gbk_region_1,C3338535,None,0.51,Yes (No MIBiG connection)
CR17_ET170220_1_S_contig_24510.region001.gbk_region_1,C3338537,None,0.51,Yes (No MIBiG connection)
CHL22_PJ_220330_F_contig_1487.region001.gbk_region_1,C3338537,None,0.51,Yes (No MIBiG connection)
HYD22_SC_221020_F_contig_12652.region001.gbk_region_1,C3338535,None,0.51,Yes (No MIBiG connection)
GUY_SRR21545388_k141_450031.region001.gbk_region_1,C3338536,None,0.51,Yes (No MIBiG connection)
CR17_QN170220_F_contig_335.region001.gbk_region_1,C3338535,None,0.51,Yes (No MIBiG connection)
CR18_CW180415_F_contig_176.region001.gbk_region_1,C3338536,None,0.51,Yes (No MIBiG connection)
KJ_230721_F_NODE_257_length_129432_cov_2.780349.region001.gbk_region_1,C3338536,None,0.51,Yes (No MIBiG connection)
CHL22_CU_220402_F_contig_43235.region001.gbk_region_1,C3338536,None,0.51,Yes (No MIBiG connection)
EPR_teddybear_k141_197822.region001.gbk_region_1,C3338535,None,0.51,Yes (No MIBiG connection)
CR17_ET170220_1_S_contig_1694.region001.gbk_region_1,C3338536,None,0.51,Yes (No MIBiG connection)
CR17_PG172224_S_contig_10224.region001.gbk_region_1,C3338536,None,0.51,Yes (No MIBiG connection)
FEN_GA_F_NODE_1007_length_16989_cov_5.620999.region001.gbk_region_1,C3338536,None,0.51,Yes (No MIBiG connection)
CHL22_EQ_220330_F_contig_2853.region001.gbk_region_1,C3338536,None,0.51,Yes (No MIBiG connection)
CR18_LW180405_S_contig_19170.region001.gbk_region_1,C3338537,None,0.51,Yes (No MIBiG connection)
CHL22_LC_220316_F_contig_52837.region001.gbk_region_1,C3338537,None,0.51,Yes (No MIBiG connection)
TR_230731_S_NODE_16174_length_4688_cov_1.269239.region001.gbk_region_1,C3338537,None,0.51,Yes (No MIBiG connection)
AEO22_TC_220902_F_contig_1360.region001.gbk_region_1,C3338537,None,0.51,Yes (No MIBiG connection)
CHL22_EQ_220330_F_contig_995.region001.gbk_region_1,C3338537,None,0.51,Yes (No MIBiG connection)
CR17_BR170218_2_S_contig_11490.region001.gbk_region_1,C3338537,None,0.51,Yes (No MIBiG connection)
CR18_CH180410_F_contig_9536.region001.gbk_region_1,C3338537,None,0.51,Yes (No MIBiG connection)
GUY_SRR21545388_k141_1383678.region001.gbk_region_1,C3338537,None,0.51,Yes (No MIBiG connection)
HYD22_FC_221023_F_contig_68199.region001.gbk_region_1,C3338537,None,0.51,Yes (No MIBiG connection)
CHL22_OA_220325_F_contig_24579.region001.gbk_region_1,C3338539,None,0.51,Yes (No MIBiG connection)
EPR_teddybear_k141_778970.region001.gbk_region_1,C3338536,None,0.51,Yes (No MIBiG connection)
GUY_SRR21545382_k141_526001.region001.gbk_region_1,C3338536,None,0.51,Yes (No MIBiG connection)
CR17_CY170214_S_contig_5156.region001.gbk_region_1,C3338536,None,0.51,Yes (No MIBiG connection)
EPR_riftia_k141_37007.region001.gbk_region_1,C3338536,None,0.51,Yes (No MIBiG connection)
EPR_riftia_k141_53041.region001.gbk_region_1,C3338536,None,0.51,Yes (No MIBiG connection)
CHL22_OA_220325_F_contig_52319.region001.gbk_region_1,C3338536,None,0.51,Yes (No MIBiG connection)
EPR_riftia_k141_268429.region001.gbk_region_1,C3338536,None,0.51,Yes (No MIBiG connection)
EPR_alvinella_k141_184598.region001.gbk_region_1,C3338535,None,0.51,Yes (No MIBiG connection)
CHL22_CU_220402_F_contig_5095.region001.gbk_region_1,C3338536,None,0.51,Yes (No MIBiG connection)
CR18_CH180410_F_contig_9742.region001.gbk_region_1,C3338537,None,0.51,Yes (No MIBiG connection)
CHL22_CH_220319_F_contig_19691.region001.gbk_region_1,C3338537,None,0.51,Yes (No MIBiG connection)
CR18_BW180407_F_contig_30087.region001.gbk_region_1,C3338537,None,0.51,Yes (No MIBiG connection)
CHL22_QN_220317_F_contig_182459.region001.gbk_region_1,C3338537,None,0.51,Yes (No MIBiG connection)
CR17_SL170214_F_contig_19595.region001.gbk_region_1,C3338535,None,0.51,Yes (No MIBiG connection)
CR18_ER180415_F_contig_7152.region001.gbk_region_1,C3338540,None,0.51,Yes (No MIBiG connection)
CHL22_CH_220319_F_contig_55603.region001.gbk_region_1,C3338537,None,0.51,Yes (No MIBiG connection)
CHL22_CU_220402_F_contig_101411.region001.gbk_region_1,C3338537,None,0.51,Yes (No MIBiG connection)
CHL22_RS_220319_F_contig_46551.region001.gbk_region_1,C3338537,None,0.51,Yes (No MIBiG connection)
CHL22_CU_220402_F_contig_101429.region001.gbk_region_1,C3338537,None,0.51,Yes (No MIBiG connection)
CR18_MC180404_S_contig_3540.region001.gbk_region_1,C3338536,None,0.51,Yes (No MIBiG connection)
GUY_SRR21545382_k141_149564.region001.gbk_region_1,C3338535,None,0.51,Yes (No MIBiG connection)
CR18_CL180409_F_contig_1484.region001.gbk_region_1,C3338535,None,0.51,Yes (No MIBiG connection)
CR17_QH170213_1_S_contig_1181.region001.gbk_region_1,C3338535,None,0.51,Yes (No MIBiG connection)
CR17_BR170218_2_F_contig_12893.region001.gbk_region_1,C3338537,None,0.51,Yes (No MIBiG connection)
AEO22_OS_220830_F_contig_56830.region001.gbk_region_1,C3338537,None,0.51,Yes (No MIBiG connection)
CHL22_OA_220325_F_contig_36031.region001.gbk_region_1,C3338537,None,0.51,Yes (No MIBiG connection)
CHL22_LC_220316_F_contig_8307.region001.gbk_region_1,C3338535,None,0.51,Yes (No MIBiG connection)
CHL22_CN_220327_F_contig_53796.region001.gbk_region_1,C3338536,None,0.51,Yes (No MIBiG connection)
TR_230731_S_NODE_1562_length_26929_cov_1.573726.region001.gbk_region_1,C3338536,None,0.51,Yes (No MIBiG connection)
AEO22_BO_220829_F_contig_72576.region001.gbk_region_1,C3338535,None,0.51,Yes (No MIBiG connection)
CR19_GU_190718_F_contig_8747.region001.gbk_region_1,C3338535,None,0.51,Yes (No MIBiG connection)
EPR_riftia_k141_285892.region001.gbk_region_1,C3338535,None,0.51,Yes (No MIBiG connection)
CHL22_PQ_220401_F_contig_284.region001.gbk_region_1,C3338535,None,0.51,Yes (No MIBiG connection)
CHL22_CR_220324_F_contig_10614.region001.gbk_region_1,C3338537,None,0.51,Yes (No MIBiG connection)
CHL22_CC_220324_F_contig_41778.region001.gbk_region_1,C3338536,None,0.51,Yes (No MIBiG connection)
HYD22_FC_221023_F_contig_12009.region001.gbk_region_1,C3338536,None,0.51,Yes (No MIBiG connection)
EPR_teddybear_k141_583998.region001.gbk_region_1,C3338536,None,0.51,Yes (No MIBiG connection)
CHL22_CU_220402_F_contig_68969.region001.gbk_region_1,C3338536,None,0.51,Yes (No MIBiG connection)
CHL22_EQ_220330_F_contig_9688.region001.gbk_region_1,C3338536,None,0.51,Yes (No MIBiG connection)
CHL22_CC_220324_F_contig_60587.region001.gbk_region_1,C3338536,None,0.51,Yes (No MIBiG connection)
HYD22_CB_221018_F_contig_7736.region001.gbk_region_1,C3338535,None,0.51,Yes (No MIBiG connection)
CHL22_SR_220328_F_contig_9867.region001.gbk_region_1,C3338535,None,0.51,Yes (No MIBiG connection)
HYD22_SC_221020_F_contig_5565.region001.gbk_region_1,C3338542,None,0.51,Yes (No MIBiG connection)
GUY_SRR21545388_k141_2277550.region001.gbk_region_1,C3338542,None,0.51,Yes (No MIBiG connection)
CR17_PG172224_S_contig_30280.region001.gbk_region_1,C3338542,None,0.51,Yes (No MIBiG connection)
EPR_riftia_k141_356545.region001.gbk_region_1,C3338542,None,0.51,Yes (No MIBiG connection)
CHL22_CH_220319_F_contig_84347.region001.gbk_region_1,C3338542,None,0.51,Yes (No MIBiG connection)
CHL22_CN_220327_F_contig_57704.region001.gbk_region_1,C3338535,None,0.51,Yes (No MIBiG connection)
CHL22_CZ_220329_F_contig_30337.region001.gbk_region_1,C3338536,None,0.51,Yes (No MIBiG connection)
GUY_SRR21545382_k141_304095.region001.gbk_region_1,C3338536,BGC0000869.gbk_region_1,0.48,No (Directly observed)
GUY_SRR21545384_k141_512928.region001.gbk_region_1,C3338536,BGC0000869.gbk_region_1,0.48,No (Directly observed)
NR_230731_F_NODE_13143_length_4354_cov_2.066241.region001.gbk_region_1,C3338536,None,0.51,Yes (No MIBiG connection)
CHL22_OA_220325_F_contig_100740.region001.gbk_region_1,C3338539,None,0.51,Yes (No MIBiG connection)
AEO22_HO_220830_F_contig_13312.region001.gbk_region_1,C3338539,BGC0000085.gbk_region_1,0.49,No (Directly observed)
CR17_SI170217_S_contig_7651.region001.gbk_region_1,C3338535,None,0.51,Yes (No MIBiG connection)
CHL22_CN_220327_F_contig_31752.region001.gbk_region_1,C3338535,None,0.51,Yes (No MIBiG connection)
HYD22_SC_221020_F_contig_752.region002.gbk_region_2,C3338535,None,0.51,Yes (No MIBiG connection)
CHL22_RS_220319_F_contig_64294.region001.gbk_region_1,C3338535,None,0.51,Yes (No MIBiG connection)
CHL22_QN_220317_F_contig_82360.region001.gbk_region_1,C3338535,None,0.51,Yes (No MIBiG connection)
CHL22_CU_220402_F_contig_58985.region001.gbk_region_1,C3338535,None,0.51,Yes (No MIBiG connection)
CR17_RV170221_F_contig_2155.region001.gbk_region_1,C3338535,None,0.51,Yes (No MIBiG connection)
CHL22_CU_220402_F_contig_58988.region001.gbk_region_1,C3338535,None,0.51,Yes (No MIBiG connection)
CHL22_CU_220402_F_contig_46008.region001.gbk_region_1,C3338535,None,0.51,Yes (No MIBiG connection)
CHL22_EQ_220330_F_contig_1992.region001.gbk_region_1,C3338535,None,0.51,Yes (No MIBiG connection)
GUY_SRR21545382_k141_1443539.region001.gbk_region_1,C3338535,None,0.51,Yes (No MIBiG connection)
CR17_QH170213_1_S_contig_56.region001.gbk_region_1,C3338537,None,0.51,Yes (No MIBiG connection)
CR18_RC180404_S_contig_513.region001.gbk_region_1,C3338536,None,0.51,Yes (No MIBiG connection)
CHL22_QN_220317_F_contig_1495.region001.gbk_region_1,C3338536,None,0.51,Yes (No MIBiG connection)
HYD22_FC_221023_F_contig_10342.region001.gbk_region_1,C3338536,None,0.51,Yes (No MIBiG connection)
CR18_LE180416_F_contig_3582.region001.gbk_region_1,C3338536,None,0.51,Yes (No MIBiG connection)
HYD22_SB_221021_F_contig_45880.region001.gbk_region_1,C3338535,None,0.51,Yes (No MIBiG connection)
CR18_RC180404_S_contig_3242.region001.gbk_region_1,C3338537,BGC0001647.gbk_region_1,0.49,No (Directly observed)
CHL22_LC_220316_F_contig_120955.region001.gbk_region_1,C3338535,None,0.51,Yes (No MIBiG connection)
AEO22_TC_220902_F_contig_748.region001.gbk_region_1,C3338535,None,0.51,Yes (No MIBiG connection)
CR18_LE180416_F_contig_7719.region001.gbk_region_1,C3338535,None,0.51,Yes (No MIBiG connection)
AEO22_HO_220830_F_contig_203.region001.gbk_region_1,C3338535,None,0.51,Yes (No MIBiG connection)
CHL22_QN_220317_F_contig_2088.region001.gbk_region_1,C3338536,None,0.51,Yes (No MIBiG connection)
CR17_EP170215_S_contig_18051.region001.gbk_region_1,C3338535,None,0.51,Yes (No MIBiG connection)
HYD22_CB_221018_F_contig_8419.region001.gbk_region_1,C3338537,BGC0000282.gbk_region_1,0.4,No (Directly observed)
AEO22_OS_220830_F_contig_971.region001.gbk_region_1,C3338537,BGC0000282.gbk_region_1,0.4,No (Directly observed)
CR18_LE180416_F_contig_4916.region001.gbk_region_1,C3338535,None,0.51,Yes (No MIBiG connection)
CHL22_LA_220331_F_contig_5942.region001.gbk_region_1,C3338536,None,0.51,Yes (No MIBiG connection)
CR17_PG172224_S_contig_695.region001.gbk_region_1,C3338536,None,0.51,Yes (No MIBiG connection)
CR17_PG172224_S_contig_1831.region001.gbk_region_1,C3338536,None,0.51,Yes (No MIBiG connection)
CR17_PG172224_S_contig_7400.region001.gbk_region_1,C3338537,None,0.51,Yes (No MIBiG connection)
CR17_PG172224_S_contig_8040.region001.gbk_region_1,C3338537,None,0.51,Yes (No MIBiG connection)
AEO22_BO_220829_F_contig_45781.region001.gbk_region_1,C3338537,None,0.51,Yes (No MIBiG connection)
CHL22_RS_220319_F_contig_43417.region001.gbk_region_1,C3338536,None,0.51,Yes (No MIBiG connection)
GUY_SRR21545382_k141_1323551.region001.gbk_region_1,C3338536,None,0.51,Yes (No MIBiG connection)
ARG19_AO_190224_S_contig_1523.region001.gbk_region_1,C3338536,None,0.51,Yes (No MIBiG connection)
GUY_SRR21545382_k141_660657.region001.gbk_region_1,C3338536,None,0.51,Yes (No MIBiG connection)
GUY_SRR21545388_k141_2784159.region001.gbk_region_1,C3338536,None,0.51,Yes (No MIBiG connection)
CHL22_OA_220325_F_contig_117621.region001.gbk_region_1,C3338536,None,0.51,Yes (No MIBiG connection)
CHL22_OA_220325_F_contig_96660.region001.gbk_region_1,C3338535,None,0.51,Yes (No MIBiG connection)
AEO22_BO_220829_F_contig_75317.region001.gbk_region_1,C3338535,None,0.51,Yes (No MIBiG connection)
CHL22_QN_220317_F_contig_27312.region001.gbk_region_1,C3338537,None,0.51,Yes (No MIBiG connection)
CHL22_QN_220317_F_contig_7164.region001.gbk_region_1,C3338535,None,0.51,Yes (No MIBiG connection)
CHL22_QN_220317_F_contig_935.region001.gbk_region_1,C3338535,None,0.51,Yes (No MIBiG connection)
CR18_PX180416_S_contig_1071.region001.gbk_region_1,C3338536,None,0.51,Yes (No MIBiG connection)
KJ_230721_F_NODE_1643_length_39748_cov_3.205472.region001.gbk_region_1,C3338537,None,0.51,Yes (No MIBiG connection)
AEO22_BO_220829_F_contig_49865.region001.gbk_region_1,C3338537,None,0.51,Yes (No MIBiG connection)
CR17_EP170215_S_contig_55266.region001.gbk_region_1,C3338537,None,0.51,Yes (No MIBiG connection)
CHL22_PJ_220330_F_contig_51043.region001.gbk_region_1,C3338537,None,0.51,Yes (No MIBiG connection)
CHL22_CR_220324_F_contig_25071.region001.gbk_region_1,C3338537,None,0.51,Yes (No MIBiG connection)
CR17_QH170213_1_F_contig_3090.region001.gbk_region_1,C3338536,None,0.51,Yes (No MIBiG connection)
CR18_GE180403_S_contig_15182.region001.gbk_region_1,C3338540,None,0.51,Yes (No MIBiG connection)
CR18_LE180416_S_contig_13759.region001.gbk_region_1,C3338540,None,0.51,Yes (No MIBiG connection)
AEO22_BP2_220829_F_contig_261.region001.gbk_region_1,C3338535,None,0.51,Yes (No MIBiG connection)
CHL22_CR_220324_F_contig_32484.region001.gbk_region_1,C3338535,None,0.51,Yes (No MIBiG connection)
KJ_230721_F_NODE_13115_length_8019_cov_1.124303.region001.gbk_region_1,C3338535,None,0.51,Yes (No MIBiG connection)
CHL22_CE_220402_F_contig_385.region001.gbk_region_1,C3338535,None,0.51,Yes (No MIBiG connection)
CHL22_OA_220325_F_contig_12976.region001.gbk_region_1,C3338535,None,0.51,Yes (No MIBiG connection)
CHL22_CH_220319_F_contig_98357.region001.gbk_region_1,C3338535,None,0.51,Yes (No MIBiG connection)
CHL22_CR_220324_F_contig_53671.region001.gbk_region_1,C3338535,None,0.51,Yes (No MIBiG connection)
CR17_RS170216_S_contig_667.region001.gbk_region_1,C3338535,None,0.51,Yes (No MIBiG connection)
AEO22_HO_220830_F_contig_1609.region001.gbk_region_1,C3338537,None,0.51,Yes (No MIBiG connection)
CHL22_CN_220327_F_contig_2215.region001.gbk_region_1,C3338537,None,0.51,Yes (No MIBiG connection)
GUY_SRR21545388_k141_2821695.region001.gbk_region_1,C3338536,None,0.51,Yes (No MIBiG connection)
CHL22_PR_220403_F_contig_37836.region001.gbk_region_1,C3338536,None,0.51,Yes (No MIBiG connection)
GUY_SRR21545388_k141_137429.region001.gbk_region_1,C3338536,None,0.51,Yes (No MIBiG connection)
CR18_XF180416_F_contig_9.region001.gbk_region_1,C3338537,None,0.51,Yes (No MIBiG connection)
CHL22_CU_220402_F_contig_2554.region001.gbk_region_1,C3338537,None,0.51,Yes (No MIBiG connection)
CHL22_LC_220316_F_contig_83740.region001.gbk_region_1,C3338537,None,0.51,Yes (No MIBiG connection)
GUY_SRR21545388_k141_1258995.region001.gbk_region_1,C3338535,None,0.51,Yes (No MIBiG connection)
GUY_SRR21545382_k141_1455264.region001.gbk_region_1,C3338535,None,0.51,Yes (No MIBiG connection)
FEN_LS_S_NODE_1585_length_17093_cov_4.797453.region001.gbk_region_1,C3338541,None,0.51,Yes (No MIBiG connection)
CHL22_EQ_220330_F_contig_18690.region001.gbk_region_1,C3338541,None,0.51,Yes (No MIBiG connection)
CHL22_OA_220325_F_contig_40391.region001.gbk_region_1,C3338541,None,0.51,Yes (No MIBiG connection)
CHL22_LA_220331_F_contig_5735.region001.gbk_region_1,C3338535,None,0.51,Yes (No MIBiG connection)
HYD22_FC_221023_F_contig_8718.region001.gbk_region_1,C3338536,None,0.51,Yes (No MIBiG connection)
CR17_EP170215_S_contig_21867.region001.gbk_region_1,C3338537,None,0.51,Yes (No MIBiG connection)
HYD22_CB_221018_F_contig_78.region001.gbk_region_1,C3338538,None,0.51,Yes (No MIBiG connection)
EPR_alvinella_k141_483208.region001.gbk_region_1,C3338535,None,0.51,Yes (No MIBiG connection)
CR17_BR170218_1_S_contig_4744.region001.gbk_region_1,C3338537,None,0.51,Yes (No MIBiG connection)
GUY_SRR21545382_k141_675303.region001.gbk_region_1,C3338536,None,0.51,Yes (No MIBiG connection)
CHL22_GB_220322_F_contig_36962.region001.gbk_region_1,C3338541,None,0.51,Yes (No MIBiG connection)
GUY_SRR21545388_k141_1404630.region001.gbk_region_1,C3338541,None,0.51,Yes (No MIBiG connection)
CHL22_PJ_220330_F_contig_7556.region001.gbk_region_1,C3338541,None,0.51,Yes (No MIBiG connection)
CHL22_LN_220321_F_contig_18876.region001.gbk_region_1,C3338541,None,0.51,Yes (No MIBiG connection)
CHL22_CC_220324_F_contig_24068.region001.gbk_region_1,C3338541,BGC0002545.gbk_region_1,0.5,No (Directly observed)
CHL22_OA_220325_F_contig_76398.region001.gbk_region_1,C3338536,None,0.51,Yes (No MIBiG connection)
CHL22_CH_220319_F_contig_53428.region001.gbk_region_1,C3338536,None,0.51,Yes (No MIBiG connection)
CR18_DS_F_contig_697.region001.gbk_region_1,C3338535,None,0.51,Yes (No MIBiG connection)
CHL22_CZ_220329_F_contig_71960.region001.gbk_region_1,C3338537,None,0.51,Yes (No MIBiG connection)
CR18_GE180403_S_contig_5655.region001.gbk_region_1,C3338537,None,0.51,Yes (No MIBiG connection)
CR18_YR180404_F_contig_869.region001.gbk_region_1,C3338537,None,0.51,Yes (No MIBiG connection)
EPR_riftia_k141_323811.region001.gbk_region_1,C3338537,None,0.51,Yes (No MIBiG connection)
HYD22_SP_221019_F_contig_6869.region001.gbk_region_1,C3338537,None,0.51,Yes (No MIBiG connection)
CHL22_QN_220317_F_contig_2712.region001.gbk_region_1,C3338537,None,0.51,Yes (No MIBiG connection)
CHL22_LP_220401_F_contig_99155.region001.gbk_region_1,C3338537,None,0.51,Yes (No MIBiG connection)
CHL22_CZ_220329_F_contig_71207.region001.gbk_region_1,C3338537,None,0.51,Yes (No MIBiG connection)
CR17_PG172224_S_contig_24175.region001.gbk_region_1,C3338535,None,0.51,Yes (No MIBiG connection)
CR18_RC180404_S_contig_16725.region001.gbk_region_1,C3338535,None,0.51,Yes (No MIBiG connection)
AEO22_OS_220830_F_contig_13399.region001.gbk_region_1,C3338538,None,0.51,Yes (No MIBiG connection)
TR_230731_S_NODE_31907_length_2612_cov_4.828974.region001.gbk_region_1,C3338537,None,0.51,Yes (No MIBiG connection)
CHL22_LR_220331_F_contig_1173.region001.gbk_region_1,C3338537,None,0.51,Yes (No MIBiG connection)
CR18_CV180410_S_contig_20589.region001.gbk_region_1,C3338535,None,0.51,Yes (No MIBiG connection)
CHL22_QN_220317_F_contig_4668.region001.gbk_region_1,C3338535,None,0.51,Yes (No MIBiG connection)
AEO22_GV_220827_F_contig_17641.region001.gbk_region_1,C3338537,None,0.51,Yes (No MIBiG connection)
KJ_230721_F_NODE_5370_length_15908_cov_1.271529.region001.gbk_region_1,C3338537,None,0.51,Yes (No MIBiG connection)
CR18_LH180406_F_contig_2167.region001.gbk_region_1,C3338537,None,0.51,Yes (No MIBiG connection)
CR17_FA170219_1_S_contig_589.region001.gbk_region_1,C3338536,None,0.51,Yes (No MIBiG connection)
CR18_CI180408_S_contig_60.region001.gbk_region_1,C3338537,None,0.51,Yes (No MIBiG connection)
CR18_LE180416_F_contig_8738.region001.gbk_region_1,C3338536,None,0.51,Yes (No MIBiG connection)
CHL22_CA_220323_F_contig_17857.region001.gbk_region_1,C3338538,None,0.51,Yes (No MIBiG connection)
CR17_BR170218_2_S_contig_11849.region001.gbk_region_1,C3338537,None,0.51,Yes (No MIBiG connection)
CHL22_EQ_220330_F_contig_40711.region001.gbk_region_1,C3338537,None,0.51,Yes (No MIBiG connection)
CR17_BR170218_2_S_contig_10224.region001.gbk_region_1,C3338537,None,0.51,Yes (No MIBiG connection)
CHL22_QN_220317_F_contig_943.region001.gbk_region_1,C3338536,None,0.51,Yes (No MIBiG connection)
CHL22_PR_220403_F_contig_21149.region002.gbk_region_2,C3338535,None,0.51,Yes (No MIBiG connection)
GUY_SRR21545382_k141_1138261.region001.gbk_region_1,C3338538,None,0.51,Yes (No MIBiG connection)
GUY_SRR21545384_k141_301564.region001.gbk_region_1,C3338538,None,0.51,Yes (No MIBiG connection)
GUY_SRR21545382_k141_968248.region001.gbk_region_1,C3338538,None,0.51,Yes (No MIBiG connection)
EPR_riftia_k141_3967.region001.gbk_region_1,C3338537,None,0.51,Yes (No MIBiG connection)
CHL22_CU_220402_F_contig_22836.region001.gbk_region_1,C3338537,None,0.51,Yes (No MIBiG connection)
CHL22_LC_220316_F_contig_71506.region001.gbk_region_1,C3338537,None,0.51,Yes (No MIBiG connection)
KJ_230721_F_NODE_47825_length_3133_cov_1.019960.region001.gbk_region_1,C3338537,None,0.51,Yes (No MIBiG connection)
CHL22_CH_220319_F_contig_44633.region001.gbk_region_1,C3338537,None,0.51,Yes (No MIBiG connection)
HYD22_FC_221023_F_contig_2569.region001.gbk_region_1,C3338537,None,0.51,Yes (No MIBiG connection)
CHL22_CU_220402_F_contig_112402.region001.gbk_region_1,C3338537,None,0.51,Yes (No MIBiG connection)
CR18_BS180407_F_contig_39708.region001.gbk_region_1,C3338537,None,0.51,Yes (No MIBiG connection)
AEO22_LB_220827_F_contig_13453.region001.gbk_region_1,C3338535,None,0.51,Yes (No MIBiG connection)
CR18_LP180406_F_contig_8163.region001.gbk_region_1,C3338537,None,0.51,Yes (No MIBiG connection)
GUY_SRR21545388_k141_1027775.region001.gbk_region_1,C3338535,None,0.51,Yes (No MIBiG connection)
CHL22_RS_220319_F_contig_69117.region001.gbk_region_1,C3338535,None,0.51,Yes (No MIBiG connection)
AEO22_LB_220827_F_contig_9776.region001.gbk_region_1,C3338535,None,0.51,Yes (No MIBiG connection)
CHL22_LN_220321_F_contig_39137.region001.gbk_region_1,C3338538,None,0.51,Yes (No MIBiG connection)
AEO22_LB_220827_F_contig_5457.region001.gbk_region_1,C3338536,None,0.51,Yes (No MIBiG connection)
AEO22_OS_220830_F_contig_8755.region001.gbk_region_1,C3338536,None,0.51,Yes (No MIBiG connection)
CHL22_PJ_220330_F_contig_32029.region001.gbk_region_1,C3338537,None,0.51,Yes (No MIBiG connection)
HYD22_FC_221023_F_contig_10300.region001.gbk_region_1,C3338536,None,0.51,Yes (No MIBiG connection)
CHL22_CU_220402_F_contig_109038.region001.gbk_region_1,C3338536,None,0.51,Yes (No MIBiG connection)
CHL22_PR_220403_F_contig_4087.region001.gbk_region_1,C3338536,None,0.51,Yes (No MIBiG connection)
AEO22_GV_220827_F_contig_15598.region001.gbk_region_1,C3338537,None,0.51,Yes (No MIBiG connection)
HYD22_FC_221023_F_contig_63676.region001.gbk_region_1,C3338535,None,0.51,Yes (No MIBiG connection)
HYD22_FC_221023_F_contig_77356.region001.gbk_region_1,C3338535,None,0.51,Yes (No MIBiG connection)
CR18_CL180409_F_contig_2234.region001.gbk_region_1,C3338537,None,0.51,Yes (No MIBiG connection)
CR18_RC180404_S_contig_7175.region001.gbk_region_1,C3338537,None,0.51,Yes (No MIBiG connection)
CR18_LE180416_S_contig_18613.region001.gbk_region_1,C3338536,None,0.51,Yes (No MIBiG connection)
EPR_teddybear_k141_707069.region001.gbk_region_1,C3338536,None,0.51,Yes (No MIBiG connection)
CR17_PG172224_S_contig_10.region001.gbk_region_1,C3338537,None,0.51,Yes (No MIBiG connection)
CR17_PG172224_S_contig_1083.region001.gbk_region_1,C3338537,None,0.51,Yes (No MIBiG connection)
CR17_PG172224_S_contig_34.region001.gbk_region_1,C3338537,None,0.51,Yes (No MIBiG connection)
CR17_PG172224_S_contig_949.region001.gbk_region_1,C3338537,None,0.51,Yes (No MIBiG connection)
CR17_PF170222_F_contig_887.region001.gbk_region_1,C3338537,None,0.51,Yes (No MIBiG connection)
CHL22_LN_220321_F_contig_3647.region001.gbk_region_1,C3338537,None,0.51,Yes (No MIBiG connection)
AEO22_GV_220827_F_contig_1532.region001.gbk_region_1,C3338537,None,0.51,Yes (No MIBiG connection)
CHL22_CC_220324_F_contig_17712.region001.gbk_region_1,C3338537,None,0.51,Yes (No MIBiG connection)
CR17_PG172224_F_contig_27.region001.gbk_region_1,C3338537,None,0.51,Yes (No MIBiG connection)
CHL22_CZ_220329_F_contig_24861.region001.gbk_region_1,C3338537,None,0.51,Yes (No MIBiG connection)
CR17_PG172224_S_contig_15245.region001.gbk_region_1,C3338537,None,0.51,Yes (No MIBiG connection)
CR18_RC180404_S_contig_2413.region001.gbk_region_1,C3338537,None,0.51,Yes (No MIBiG connection)
CR18_LB180410_F_contig_842.region001.gbk_region_1,C3338537,None,0.51,Yes (No MIBiG connection)
HYD22_CB_221018_F_contig_1350.region001.gbk_region_1,C3338537,None,0.51,Yes (No MIBiG connection)
CHL22_CC_220324_F_contig_7625.region001.gbk_region_1,C3338537,None,0.51,Yes (No MIBiG connection)
CHL22_RS_220319_F_contig_5057.region001.gbk_region_1,C3338537,None,0.51,Yes (No MIBiG connection)
AEO22_LB_220827_F_contig_2093.region001.gbk_region_1,C3338537,None,0.51,Yes (No MIBiG connection)
CHL22_LN_220321_F_contig_20857.region001.gbk_region_1,C3338537,None,0.51,Yes (No MIBiG connection)
CHL22_LN_220321_F_contig_31670.region001.gbk_region_1,C3338537,None,0.51,Yes (No MIBiG connection)
CR18_RC180404_S_contig_5582.region001.gbk_region_1,C3338537,None,0.51,Yes (No MIBiG connection)
CHL22_CU_220402_F_contig_71577.region001.gbk_region_1,C3338537,None,0.51,Yes (No MIBiG connection)
AEO22_GV_220827_F_contig_48566.region001.gbk_region_1,C3338537,None,0.51,Yes (No MIBiG connection)
CHL22_GB_220322_F_contig_29127.region001.gbk_region_1,C3338537,None,0.51,Yes (No MIBiG connection)
CHL22_CC_220324_F_contig_543.region001.gbk_region_1,C3338537,None,0.51,Yes (No MIBiG connection)
CHL22_LC_220316_F_contig_142942.region001.gbk_region_1,C3338537,None,0.51,Yes (No MIBiG connection)
CHL22_CH_220319_F_contig_32401.region001.gbk_region_1,C3338537,None,0.51,Yes (No MIBiG connection)
CR18_LH180406_F_contig_1197.region001.gbk_region_1,C3338537,None,0.51,Yes (No MIBiG connection)
CR18_CH180410_S_contig_21.region001.gbk_region_1,C3338537,None,0.51,Yes (No MIBiG connection)
CR18_YR180404_F_contig_267.region001.gbk_region_1,C3338537,None,0.51,Yes (No MIBiG connection)
CHL22_PR_220403_F_contig_18757.region001.gbk_region_1,C3338537,None,0.51,Yes (No MIBiG connection)
AEO22_OS_220830_F_contig_14127.region001.gbk_region_1,C3338537,None,0.51,Yes (No MIBiG connection)
AEO22_OS_220830_F_contig_27.region001.gbk_region_1,C3338537,None,0.51,Yes (No MIBiG connection)
FEN_GA_F_NODE_1284_length_14301_cov_5.960270.region001.gbk_region_1,C3338537,None,0.51,Yes (No MIBiG connection)
FEN_LS_S_NODE_8481_length_4939_cov_3.733210.region001.gbk_region_1,C3338537,None,0.51,Yes (No MIBiG connection)
NR_230731_S_NODE_8310_length_4700_cov_0.937896.region001.gbk_region_1,C3338537,None,0.51,Yes (No MIBiG connection)
CHL22_LR_220331_F_contig_11135.region001.gbk_region_1,C3338537,None,0.51,Yes (No MIBiG connection)
AEO22_AC_220827_F_contig_191.region001.gbk_region_1,C3338537,None,0.51,Yes (No MIBiG connection)
CHL22_OA_220325_F_contig_17705.region001.gbk_region_1,C3338537,None,0.51,Yes (No MIBiG connection)
AEO22_LB_220827_F_contig_52126.region001.gbk_region_1,C3338536,None,0.51,Yes (No MIBiG connection)
AEO22_LB_220827_F_contig_34527.region001.gbk_region_1,C3338535,None,0.51,Yes (No MIBiG connection)
CR18_GE180403_S_contig_1.region001.gbk_region_1,C3338535,None,0.51,Yes (No MIBiG connection)
AEO22_LB_220827_F_contig_12414.region001.gbk_region_1,C3338536,None,0.51,Yes (No MIBiG connection)
CHL22_QN_220317_F_contig_13948.region001.gbk_region_1,C3338537,None,0.51,Yes (No MIBiG connection)
CHL22_EQ_220330_F_contig_29987.region001.gbk_region_1,C3338537,None,0.51,Yes (No MIBiG connection)
CHL22_CH_220319_F_contig_7192.region001.gbk_region_1,C3338536,None,0.51,Yes (No MIBiG connection)
CHL22_LC_220316_F_contig_112204.region001.gbk_region_1,C3338536,None,0.51,Yes (No MIBiG connection)
CHL22_RS_220319_F_contig_4369.region001.gbk_region_1,C3338537,None,0.51,Yes (No MIBiG connection)
ARG19_BJ_190227_F_contig_148.region001.gbk_region_1,C3338537,None,0.51,Yes (No MIBiG connection)
AEO22_LB_220827_F_contig_38310.region001.gbk_region_1,C3338537,None,0.51,Yes (No MIBiG connection)
CHL22_SR_220328_F_contig_25747.region001.gbk_region_1,C3338537,BGC0002143.gbk_region_1,0.49,No (Directly observed)
CHL22_CA_220323_F_contig_125408.region001.gbk_region_1,C3338536,None,0.51,Yes (No MIBiG connection)
CHL22_LC_220316_F_contig_37102.region001.gbk_region_1,C3338536,None,0.51,Yes (No MIBiG connection)
CR18_CV180410_F_contig_1599.region001.gbk_region_1,C3338537,None,0.51,Yes (No MIBiG connection)
CHL22_PJ_220330_F_contig_68682.region001.gbk_region_1,C3338537,None,0.51,Yes (No MIBiG connection)
CHL22_PJ_220330_F_contig_40961.region001.gbk_region_1,C3338537,None,0.51,Yes (No MIBiG connection)
FEN_LS_S_NODE_5276_length_7048_cov_5.020449.region001.gbk_region_1,C3338537,None,0.51,Yes (No MIBiG connection)
FEN_LS_F_NODE_3704_length_6403_cov_4.135633.region001.gbk_region_1,C3338537,None,0.51,Yes (No MIBiG connection)
CR17_PG172224_S_contig_20626.region001.gbk_region_1,C3338537,None,0.51,Yes (No MIBiG connection)
HYD22_CB_221018_F_contig_13963.region001.gbk_region_1,C3338537,None,0.51,Yes (No MIBiG connection)
AEO22_HO_220830_F_contig_10918.region001.gbk_region_1,C3338537,None,0.51,Yes (No MIBiG connection)
CHL22_QN_220317_F_contig_894.region001.gbk_region_1,C3338537,None,0.51,Yes (No MIBiG connection)
CHL22_OA_220325_F_contig_112568.region001.gbk_region_1,C3338535,None,0.51,Yes (No MIBiG connection)
CHL22_QN_220317_F_contig_111712.region001.gbk_region_1,C3338537,None,0.51,Yes (No MIBiG connection)
CR17_ET170220_1_S_contig_15820.region001.gbk_region_1,C3338537,None,0.51,Yes (No MIBiG connection)
CHL22_QN_220317_F_contig_5607.region001.gbk_region_1,C3338537,None,0.51,Yes (No MIBiG connection)
CHL22_CA_220323_F_contig_39812.region001.gbk_region_1,C3338536,None,0.51,Yes (No MIBiG connection)
CHL22_CZ_220329_F_contig_189.region001.gbk_region_1,C3338537,None,0.51,Yes (No MIBiG connection)
CHL22_PJ_220330_F_contig_25061.region001.gbk_region_1,C3338535,None,0.51,Yes (No MIBiG connection)
AEO22_AC_220827_F_contig_29802.region001.gbk_region_1,C3338535,None,0.51,Yes (No MIBiG connection)
CR17_PG172224_F_contig_5.region001.gbk_region_1,C3338537,None,0.51,Yes (No MIBiG connection)
CR18_YR180404_F_contig_4583.region001.gbk_region_1,C3338537,None,0.51,Yes (No MIBiG connection)
CHL22_OA_220325_F_contig_19602.region001.gbk_region_1,C3338537,None,0.51,Yes (No MIBiG connection)
CR18_LH180406_F_contig_6046.region001.gbk_region_1,C3338537,None,0.51,Yes (No MIBiG connection)
CR18_YR180404_F_contig_7470.region001.gbk_region_1,C3338537,None,0.51,Yes (No MIBiG connection)
CR17_PG172224_S_contig_4521.region001.gbk_region_1,C3338537,None,0.51,Yes (No MIBiG connection)
HYD22_SB_221021_F_contig_25.region001.gbk_region_1,C3338537,None,0.51,Yes (No MIBiG connection)
FEN_GA_F_NODE_98_length_72524_cov_9.225117.region001.gbk_region_1,C3338535,None,0.51,Yes (No MIBiG connection)
CHL22_LA_220331_F_contig_23638.region001.gbk_region_1,C3338535,None,0.51,Yes (No MIBiG connection)
CHL22_QN_220317_F_contig_70.region001.gbk_region_1,C3338535,None,0.51,Yes (No MIBiG connection)
CHL22_CU_220402_F_contig_106801.region001.gbk_region_1,C3338536,None,0.51,Yes (No MIBiG connection)
CHL22_CH_220319_F_contig_122441.region001.gbk_region_1,C3338536,None,0.51,Yes (No MIBiG connection)
HYD22_SC_221020_F_contig_3838.region001.gbk_region_1,C3338536,None,0.51,Yes (No MIBiG connection)
CHL22_OA_220325_F_contig_10948.region001.gbk_region_1,C3338537,None,0.51,Yes (No MIBiG connection)
AEO22_CF_220902_F_contig_2996.region001.gbk_region_1,C3338535,None,0.51,Yes (No MIBiG connection)
FEN_GA_F_NODE_3867_length_5954_cov_4.840312.region001.gbk_region_1,C3338535,None,0.51,Yes (No MIBiG connection)
AEO22_TC_220902_F_contig_1000.region001.gbk_region_1,C3338535,None,0.51,Yes (No MIBiG connection)
AEO22_BO_220829_F_contig_5334.region001.gbk_region_1,C3338535,None,0.51,Yes (No MIBiG connection)
KJ_230721_F_NODE_213_length_145107_cov_10.557160.region001.gbk_region_1,C3338535,None,0.51,Yes (No MIBiG connection)
CR17_RV170221_F_contig_3373.region001.gbk_region_1,C3338535,None,0.51,Yes (No MIBiG connection)
GUY_SRR21545388_k141_91871.region001.gbk_region_1,C3338535,None,0.51,Yes (No MIBiG connection)
AEO22_BO_220829_F_contig_35.region001.gbk_region_1,C3338538,None,0.51,Yes (No MIBiG connection)
HYD22_FC_221023_F_contig_1965.region001.gbk_region_1,C3338536,None,0.51,Yes (No MIBiG connection)
CHL22_QN_220317_F_contig_7532.region001.gbk_region_1,C3338536,None,0.51,Yes (No MIBiG connection)
HYD22_FC_221023_F_contig_1266.region001.gbk_region_1,C3338536,None,0.51,Yes (No MIBiG connection)
CR18_BW180407_F_contig_774.region001.gbk_region_1,C3338535,None,0.51,Yes (No MIBiG connection)
CR17_PF170222_F_contig_3063.region001.gbk_region_1,C3338535,None,0.51,Yes (No MIBiG connection)
CR18_LH180406_F_contig_5366.region001.gbk_region_1,C3338537,None,0.51,Yes (No MIBiG connection)
HYD22_CB_221018_F_contig_54142.region001.gbk_region_1,C3338537,None,0.51,Yes (No MIBiG connection)
CR17_TC170221_F_contig_20748.region001.gbk_region_1,C3338537,None,0.51,Yes (No MIBiG connection)
CHL22_CU_220402_F_contig_66305.region001.gbk_region_1,C3338535,None,0.51,Yes (No MIBiG connection)
CHL22_CU_220402_F_contig_92441.region001.gbk_region_1,C3338535,None,0.51,Yes (No MIBiG connection)
CHL22_CU_220402_F_contig_8973.region001.gbk_region_1,C3338535,None,0.51,Yes (No MIBiG connection)
CHL22_CH_220319_F_contig_110877.region001.gbk_region_1,C3338536,None,0.51,Yes (No MIBiG connection)
CHL22_QN_220317_F_contig_573.region001.gbk_region_1,C3338537,None,0.51,Yes (No MIBiG connection)
CHL22_OA_220325_F_contig_46580.region001.gbk_region_1,C3338537,None,0.51,Yes (No MIBiG connection)
CHL22_LN_220321_F_contig_32780.region001.gbk_region_1,C3338537,None,0.51,Yes (No MIBiG connection)
CHL22_CA_220323_F_contig_21895.region001.gbk_region_1,C3338537,None,0.51,Yes (No MIBiG connection)
CHL22_LR_220331_F_contig_13949.region001.gbk_region_1,C3338536,None,0.51,Yes (No MIBiG connection)
CHL22_QN_220317_F_contig_8864.region001.gbk_region_1,C3338537,None,0.51,Yes (No MIBiG connection)
CR18_LE180416_F_contig_22783.region001.gbk_region_1,C3338537,None,0.51,Yes (No MIBiG connection)
CHL22_LC_220316_F_contig_103099.region001.gbk_region_1,C3338537,None,0.51,Yes (No MIBiG connection)
CHL22_CZ_220329_F_contig_24952.region001.gbk_region_1,C3338542,None,0.51,Yes (No MIBiG connection)
CHL22_OA_220325_F_contig_61428.region001.gbk_region_1,C3338537,None,0.51,Yes (No MIBiG connection)
CHL22_OA_220325_F_contig_113207.region001.gbk_region_1,C3338537,None,0.51,Yes (No MIBiG connection)
CR17_PG172224_S_contig_43303.region001.gbk_region_1,C3338535,None,0.51,Yes (No MIBiG connection)
AEO22_CF_220902_F_contig_6595.region001.gbk_region_1,C3338535,None,0.51,Yes (No MIBiG connection)
CR18_LW180405_S_contig_25.region001.gbk_region_1,C3338535,None,0.51,Yes (No MIBiG connection)
CR18_LE180416_F_contig_11354.region001.gbk_region_1,C3338538,None,0.51,Yes (No MIBiG connection)
CHL22_GB_220322_F_contig_38701.region001.gbk_region_1,C3338536,None,0.51,Yes (No MIBiG connection)
CHL22_LR_220331_F_contig_35329.region001.gbk_region_1,C3338537,None,0.51,Yes (No MIBiG connection)
HYD22_FC_221023_F_contig_51296.region001.gbk_region_1,C3338535,None,0.51,Yes (No MIBiG connection)
CR17_ET170220_1_S_contig_1910.region001.gbk_region_1,C3338537,None,0.51,Yes (No MIBiG connection)
CR18_CW180415_F_contig_3175.region001.gbk_region_1,C3338537,None,0.51,Yes (No MIBiG connection)
KJ_230721_F_NODE_3745_length_21042_cov_1.383266.region001.gbk_region_1,C3338536,None,0.51,Yes (No MIBiG connection)
CHL22_LN_220321_F_contig_16026.region001.gbk_region_1,C3338537,None,0.51,Yes (No MIBiG connection)
EPR_riftia_k141_300505.region001.gbk_region_1,C3338537,None,0.51,Yes (No MIBiG connection)
GUY_SRR21545388_k141_442388.region001.gbk_region_1,C3338536,None,0.51,Yes (No MIBiG connection)
CR18_CL180409_F_contig_10390.region001.gbk_region_1,C3338535,None,0.51,Yes (No MIBiG connection)
CR17_EP170215_S_contig_27437.region001.gbk_region_1,C3338535,None,0.51,Yes (No MIBiG connection)
AEO22_TC_220902_F_contig_1112.region001.gbk_region_1,C3338535,None,0.51,Yes (No MIBiG connection)
AEO22_LB_220827_F_contig_31635.region001.gbk_region_1,C3338535,None,0.51,Yes (No MIBiG connection)
CR17_EP170215_S_contig_5739.region001.gbk_region_1,C3338535,None,0.51,Yes (No MIBiG connection)
CR18_CH180410_S_contig_909.region001.gbk_region_1,C3338537,None,0.51,Yes (No MIBiG connection)
FEN_GA_F_NODE_4549_length_5192_cov_4.775745.region001.gbk_region_1,C3338535,None,0.51,Yes (No MIBiG connection)
HYD22_CB_221018_F_contig_3380.region001.gbk_region_1,C3338535,None,0.51,Yes (No MIBiG connection)
AEO22_HO_220830_F_contig_560.region001.gbk_region_1,C3338535,None,0.51,Yes (No MIBiG connection)
CHL22_CH_220319_F_contig_17999.region001.gbk_region_1,C3338537,None,0.51,Yes (No MIBiG connection)
CHL22_OA_220325_F_contig_94701.region001.gbk_region_1,C3338536,None,0.51,Yes (No MIBiG connection)
CR18_CW180415_F_contig_2209.region001.gbk_region_1,C3338536,None,0.51,Yes (No MIBiG connection)
HYD22_FC_221023_F_contig_4099.region001.gbk_region_1,C3338536,None,0.51,Yes (No MIBiG connection)
CHL22_CZ_220329_F_contig_45910.region001.gbk_region_1,C3338536,None,0.51,Yes (No MIBiG connection)
TR_230731_S_NODE_2624_length_19349_cov_1.400479.region001.gbk_region_1,C3338536,None,0.51,Yes (No MIBiG connection)
CHL22_LR_220331_F_contig_32952.region001.gbk_region_1,C3338537,None,0.51,Yes (No MIBiG connection)
HYD22_CB_221018_F_contig_2129.region001.gbk_region_1,C3338537,None,0.51,Yes (No MIBiG connection)
CHL22_JR_220403_F_contig_385.region001.gbk_region_1,C3338537,None,0.51,Yes (No MIBiG connection)
CHL22_OA_220325_F_contig_34148.region001.gbk_region_1,C3338537,None,0.51,Yes (No MIBiG connection)
CHL22_CU_220402_F_contig_3389.region001.gbk_region_1,C3338535,None,0.51,Yes (No MIBiG connection)
CHL22_QN_220317_F_contig_55227.region001.gbk_region_1,C3338537,None,0.51,Yes (No MIBiG connection)
CR17_PG172224_S_contig_37620.region001.gbk_region_1,C3338542,None,0.51,Yes (No MIBiG connection)
CHL22_CH_220319_F_contig_98976.region001.gbk_region_1,C3338537,None,0.51,Yes (No MIBiG connection)
CHL22_CU_220402_F_contig_545.region001.gbk_region_1,C3338535,None,0.51,Yes (No MIBiG connection)
CHL22_CU_220402_F_contig_56329.region001.gbk_region_1,C3338535,None,0.51,Yes (No MIBiG connection)
CR18_LP180406_F_contig_11004.region001.gbk_region_1,C3338537,None,0.51,Yes (No MIBiG connection)
CR18_BW180407_F_contig_158.region001.gbk_region_1,C3338537,None,0.51,Yes (No MIBiG connection)
CHL22_OA_220325_F_contig_60674.region001.gbk_region_1,C3338536,None,0.51,Yes (No MIBiG connection)
CHL22_LA_220331_F_contig_6301.region001.gbk_region_1,C3338537,None,0.51,Yes (No MIBiG connection)
CR18_CH180410_S_contig_9069.region001.gbk_region_1,C3338535,None,0.51,Yes (No MIBiG connection)
CR17_EP170215_S_contig_13234.region001.gbk_region_1,C3338535,None,0.51,Yes (No MIBiG connection)
CHL22_OA_220325_F_contig_119544.region001.gbk_region_1,C3338538,None,0.51,Yes (No MIBiG connection)
CHL22_PJ_220330_F_contig_60673.region001.gbk_region_1,C3338538,None,0.51,Yes (No MIBiG connection)
CR17_CY170214_S_contig_29088.region001.gbk_region_1,C3338538,None,0.51,Yes (No MIBiG connection)
CR18_ER180415_F_contig_6055.region001.gbk_region_1,C3338540,None,0.51,Yes (No MIBiG connection)
CR17_CY170214_S_contig_13439.region001.gbk_region_1,C3338540,None,0.51,Yes (No MIBiG connection)
CR18_LH180406_F_contig_11289.region001.gbk_region_1,C3338540,None,0.51,Yes (No MIBiG connection)
CR18_LH180406_F_contig_23823.region001.gbk_region_1,C3338540,None,0.51,Yes (No MIBiG connection)
EPR_teddybear_k141_905601.region001.gbk_region_1,C3338535,None,0.51,Yes (No MIBiG connection)
EPR_riftia_k141_586531.region001.gbk_region_1,C3338535,None,0.51,Yes (No MIBiG connection)
CHL22_LC_220316_F_contig_124137.region001.gbk_region_1,C3338537,None,0.51,Yes (No MIBiG connection)
CHL22_CC_220324_F_contig_18041.region001.gbk_region_1,C3338537,None,0.51,Yes (No MIBiG connection)
CR18_LE180416_F_contig_43.region001.gbk_region_1,C3338536,None,0.51,Yes (No MIBiG connection)
CR17_ET170220_1_S_contig_25.region001.gbk_region_1,C3338537,None,0.51,Yes (No MIBiG connection)
CR17_CY170214_S_contig_4382.region001.gbk_region_1,C3338537,None,0.51,Yes (No MIBiG connection)
CR18_LE180416_S_contig_18593.region001.gbk_region_1,C3338537,None,0.51,Yes (No MIBiG connection)
AEO22_LB_220827_F_contig_8143.region001.gbk_region_1,C3338535,None,0.51,Yes (No MIBiG connection)
GUY_SRR21545388_k141_2843918.region001.gbk_region_1,C3338535,None,0.51,Yes (No MIBiG connection)
AEO22_LB_220827_F_contig_21241.region001.gbk_region_1,C3338535,None,0.51,Yes (No MIBiG connection)
CHL22_CU_220402_F_contig_103915.region001.gbk_region_1,C3338535,None,0.51,Yes (No MIBiG connection)
CHL22_LR_220331_F_contig_23972.region001.gbk_region_1,C3338537,None,0.51,Yes (No MIBiG connection)
CR17_BR170218_1_F_contig_18019.region001.gbk_region_1,C3338537,None,0.51,Yes (No MIBiG connection)
CR17_PG172224_S_contig_67112.region001.gbk_region_1,C3338537,None,0.51,Yes (No MIBiG connection)
CHL22_CC_220324_F_contig_83581.region001.gbk_region_1,C3338536,None,0.51,Yes (No MIBiG connection)
CHL22_LR_220331_F_contig_25078.region001.gbk_region_1,C3338535,None,0.51,Yes (No MIBiG connection)
GUY_SRR21545388_k141_3193628.region001.gbk_region_1,C3338535,None,0.51,Yes (No MIBiG connection)
GUY_SRR21545388_k141_364153.region001.gbk_region_1,C3338535,None,0.51,Yes (No MIBiG connection)
HYD22_FC_221023_F_contig_154.region001.gbk_region_1,C3338535,None,0.51,Yes (No MIBiG connection)
CR17_BR170218_2_F_contig_10197.region001.gbk_region_1,C3338535,None,0.51,Yes (No MIBiG connection)
FEN_GA_F_NODE_2955_length_7380_cov_5.624437.region001.gbk_region_1,C3338535,None,0.51,Yes (No MIBiG connection)
EPR_riftia_k141_105496.region001.gbk_region_1,C3338535,None,0.51,Yes (No MIBiG connection)
EPR_alvinella_k141_285747.region001.gbk_region_1,C3338535,None,0.51,Yes (No MIBiG connection)
EPR_alvinella_k141_275540.region001.gbk_region_1,C3338535,None,0.51,Yes (No MIBiG connection)
FEN_GA_F_NODE_2139_length_9645_cov_6.036705.region001.gbk_region_1,C3338537,None,0.51,Yes (No MIBiG connection)
CR18_GE180403_S_contig_25232.region001.gbk_region_1,C3338540,None,0.51,Yes (No MIBiG connection)
CR18_CW180415_S_contig_21031.region001.gbk_region_1,C3338540,None,0.51,Yes (No MIBiG connection)
CR18_YR180404_F_contig_35002.region001.gbk_region_1,C3338540,None,0.51,Yes (No MIBiG connection)
CR18_GE180403_S_contig_24192.region001.gbk_region_1,C3338540,BGC0001520.gbk_region_1,0.46,No (Directly observed)
AEO22_AC_220827_F_contig_38917.region001.gbk_region_1,C3338540,None,0.51,Yes (No MIBiG connection)
GUY_SRR21545388_k141_279921.region001.gbk_region_1,C3338535,None,0.51,Yes (No MIBiG connection)
HYD22_CB_221018_F_contig_54704.region001.gbk_region_1,C3338538,None,0.51,Yes (No MIBiG connection)
CHL22_LC_220316_F_contig_25549.region001.gbk_region_1,C3338538,BGC0001663.gbk_region_1,0.5,No (Directly observed)
CHL22_LC_220316_F_contig_101835.region001.gbk_region_1,C3338538,BGC0000980.gbk_region_1,0.5,No (Directly observed)
CR18_LB180410_F_contig_12758.region001.gbk_region_1,C3338538,None,0.51,Yes (No MIBiG connection)
CHL22_CU_220402_F_contig_99039.region001.gbk_region_1,C3338535,None,0.51,Yes (No MIBiG connection)
CHL22_PR_220403_F_contig_13181.region001.gbk_region_1,C3338535,None,0.51,Yes (No MIBiG connection)
CHL22_CU_220402_F_contig_51912.region001.gbk_region_1,C3338535,None,0.51,Yes (No MIBiG connection)
CHL22_CU_220402_F_contig_24626.region001.gbk_region_1,C3338535,None,0.51,Yes (No MIBiG connection)
CHL22_CU_220402_F_contig_13447.region001.gbk_region_1,C3338535,None,0.51,Yes (No MIBiG connection)
CHL22_CZ_220329_F_contig_85906.region001.gbk_region_1,C3338535,None,0.51,Yes (No MIBiG connection)
NR_230731_S_NODE_120_length_105837_cov_8.846741.region001.gbk_region_1,C3338537,None,0.51,Yes (No MIBiG connection)
CHL22_CU_220402_F_contig_17766.region001.gbk_region_1,C3338537,None,0.51,Yes (No MIBiG connection)
ARG19_BJ_190227_S_contig_423.region001.gbk_region_1,C3338537,None,0.51,Yes (No MIBiG connection)
CR18_MC180404_S_contig_217.region001.gbk_region_1,C3338537,None,0.51,Yes (No MIBiG connection)
CR18_BW180407_F_contig_104.region001.gbk_region_1,C3338538,None,0.51,Yes (No MIBiG connection)
CR18_CZ180409_F_contig_557.region001.gbk_region_1,C3338535,None,0.51,Yes (No MIBiG connection)
CHL22_LN_220321_F_contig_36070.region001.gbk_region_1,C3338535,None,0.51,Yes (No MIBiG connection)
CR17_QN170220_S_contig_3310.region001.gbk_region_1,C3338536,None,0.51,Yes (No MIBiG connection)
EPR_riftia_k141_430445.region001.gbk_region_1,C3338535,None,0.51,Yes (No MIBiG connection)
CR18_RC180404_F_contig_1026.region001.gbk_region_1,C3338536,None,0.51,Yes (No MIBiG connection)
CHL22_QN_220317_F_contig_67034.region001.gbk_region_1,C3338536,None,0.51,Yes (No MIBiG connection)
HYD22_SC_221020_F_contig_1918.region001.gbk_region_1,C3338535,None,0.51,Yes (No MIBiG connection)
SJ_230730_F_NODE_7159_length_2872_cov_3.162433.region001.gbk_region_1,C3338535,None,0.51,Yes (No MIBiG connection)
AEO22_GV_220827_F_contig_16120.region001.gbk_region_1,C3338535,None,0.51,Yes (No MIBiG connection)
NR_230731_S_NODE_17326_length_2650_cov_1.997226.region001.gbk_region_1,C3338537,None,0.51,Yes (No MIBiG connection)
CR18_CL180409_F_contig_26622.region001.gbk_region_1,C3338537,None,0.51,Yes (No MIBiG connection)
CR18_CZ180409_F_contig_41.region001.gbk_region_1,C3338537,None,0.51,Yes (No MIBiG connection)
CR18_BC180410_contig_15093.region001.gbk_region_1,C3338536,None,0.51,Yes (No MIBiG connection)
CR18_CV180410_S_contig_8032.region001.gbk_region_1,C3338535,None,0.51,Yes (No MIBiG connection)
EPR_teddybear_k141_464739.region001.gbk_region_1,C3338537,None,0.51,Yes (No MIBiG connection)
CHL22_CC_220324_F_contig_68881.region001.gbk_region_1,C3338537,None,0.51,Yes (No MIBiG connection)
CR18_SC180411_F_contig_11883.region001.gbk_region_1,C3338535,None,0.51,Yes (No MIBiG connection)
CHL22_CH_220319_F_contig_1986.region001.gbk_region_1,C3338535,None,0.51,Yes (No MIBiG connection)
AEO22_BO_220829_F_contig_62935.region001.gbk_region_1,C3338536,None,0.51,Yes (No MIBiG connection)
CHL22_CU_220402_F_contig_87486.region001.gbk_region_1,C3338535,None,0.51,Yes (No MIBiG connection)
HYD22_FC_221023_F_contig_48247.region001.gbk_region_1,C3338535,None,0.51,Yes (No MIBiG connection)
CHL22_PJ_220330_F_contig_44865.region001.gbk_region_1,C3338535,None,0.51,Yes (No MIBiG connection)
GUY_SRR21545388_k141_2810911.region001.gbk_region_1,C3338535,None,0.51,Yes (No MIBiG connection)
TR_230731_F_NODE_479_length_37580_cov_14.775398.region001.gbk_region_1,C3338535,None,0.51,Yes (No MIBiG connection)
KJ_230721_F_NODE_1862_length_36551_cov_21.238140.region001.gbk_region_1,C3338535,None,0.51,Yes (No MIBiG connection)
NR_230731_F_NODE_217_length_50899_cov_2.561175.region001.gbk_region_1,C3338535,None,0.51,Yes (No MIBiG connection)
CR17_PL170224_S_contig_2283.region001.gbk_region_1,C3338536,None,0.51,Yes (No MIBiG connection)
KJ_230721_F_NODE_313_length_116683_cov_5.100604.region001.gbk_region_1,C3338536,None,0.51,Yes (No MIBiG connection)
KJ_230721_F_NODE_7262_length_12602_cov_2.111343.region001.gbk_region_1,C3338536,None,0.51,Yes (No MIBiG connection)
CR18_CW180415_F_contig_124.region001.gbk_region_1,C3338536,None,0.51,Yes (No MIBiG connection)
AEO22_OS_220830_F_contig_668.region001.gbk_region_1,C3338536,None,0.51,Yes (No MIBiG connection)
CHL22_TT_220331_F_contig_736.region001.gbk_region_1,C3338536,None,0.51,Yes (No MIBiG connection)
CHL22_IS_220328_F_contig_5671.region001.gbk_region_1,C3338536,None,0.51,Yes (No MIBiG connection)
HYD22_CB_221018_F_contig_1382.region001.gbk_region_1,C3338536,None,0.51,Yes (No MIBiG connection)
CHL22_PR_220403_F_contig_36002.region001.gbk_region_1,C3338536,None,0.51,Yes (No MIBiG connection)
CR18_BS180407_F_contig_33807.region001.gbk_region_1,C3338539,None,0.51,Yes (No MIBiG connection)
FEN_LS_F_NODE_301_length_36913_cov_7.217375.region001.gbk_region_1,C3338537,None,0.51,Yes (No MIBiG connection)
CHL22_CC_220324_F_contig_31997.region001.gbk_region_1,C3338537,None,0.51,Yes (No MIBiG connection)
FEN_SI_1_NODE_3557_length_4449_cov_5.016614.region001.gbk_region_1,C3338538,None,0.51,Yes (No MIBiG connection)
CR17_CY170214_S_contig_13304.region001.gbk_region_1,C3338538,None,0.51,Yes (No MIBiG connection)
GUY_SRR21545382_k141_430144.region001.gbk_region_1,C3338538,None,0.51,Yes (No MIBiG connection)
ARG19_IN_190223_S_contig_4704.region001.gbk_region_1,C3338538,None,0.51,Yes (No MIBiG connection)
FEN_GA_F_NODE_7928_length_3300_cov_2.819106.region001.gbk_region_1,C3338537,None,0.51,Yes (No MIBiG connection)
CR18_LB180410_F_contig_18440.region001.gbk_region_1,C3338535,None,0.51,Yes (No MIBiG connection)
CHL22_CU_220402_F_contig_8613.region001.gbk_region_1,C3338535,None,0.51,Yes (No MIBiG connection)
CR18_LH180406_F_contig_33192.region001.gbk_region_1,C3338535,None,0.51,Yes (No MIBiG connection)
CHL22_GB_220322_F_contig_18742.region001.gbk_region_1,C3338535,None,0.51,Yes (No MIBiG connection)
CHL22_LN_220321_F_contig_17263.region001.gbk_region_1,C3338535,None,0.51,Yes (No MIBiG connection)
GUY_SRR21545382_k141_814350.region001.gbk_region_1,C3338538,None,0.51,Yes (No MIBiG connection)
CR18_CH180410_F_contig_10733.region001.gbk_region_1,C3338537,None,0.51,Yes (No MIBiG connection)
CHL22_CN_220327_F_contig_49195.region001.gbk_region_1,C3338537,None,0.51,Yes (No MIBiG connection)
CR17_CY170214_S_contig_7729.region001.gbk_region_1,C3338540,BGC0002060.gbk_region_1,0.49,No (Directly observed)
CR18_PX180416_S_contig_11371.region001.gbk_region_1,C3338540,None,0.51,Yes (No MIBiG connection)
AEO22_OS_220830_F_contig_75648.region001.gbk_region_1,C3338538,None,0.51,Yes (No MIBiG connection)
KJ_230721_F_NODE_88061_length_2028_cov_0.536560.region001.gbk_region_1,C3338537,None,0.51,Yes (No MIBiG connection)
AEO22_BO_220829_F_contig_62664.region001.gbk_region_1,C3338537,None,0.51,Yes (No MIBiG connection)
CR18_RC180404_F_contig_1698.region001.gbk_region_1,C3338537,None,0.51,Yes (No MIBiG connection)
CHL22_CA_220323_F_contig_117955.region001.gbk_region_1,C3338537,None,0.51,Yes (No MIBiG connection)
CR18_LE180416_S_contig_987.region001.gbk_region_1,C3338538,None,0.51,Yes (No MIBiG connection)
CHL22_PR_220403_F_contig_17800.region001.gbk_region_1,C3338535,None,0.51,Yes (No MIBiG connection)
HYD22_FC_221023_F_contig_8129.region001.gbk_region_1,C3338537,None,0.51,Yes (No MIBiG connection)
CR19_BR1_190716_S_contig_1814.region001.gbk_region_1,C3338535,None,0.51,Yes (No MIBiG connection)
CR18_ER180415_S_contig_16268.region001.gbk_region_1,C3338535,BGC0001940.gbk_region_1,0.48,No (Directly observed)
CR18_CV180410_F_contig_3224.region001.gbk_region_1,C3338537,None,0.51,Yes (No MIBiG connection)
HYD22_CB_221018_F_contig_8105.region001.gbk_region_1,C3338537,None,0.51,Yes (No MIBiG connection)
HYD22_CB_221018_F_contig_42865.region001.gbk_region_1,C3338537,None,0.51,Yes (No MIBiG connection)
CHL22_CN_220327_F_contig_26775.region001.gbk_region_1,C3338537,None,0.51,Yes (No MIBiG connection)
CR17_CY170214_S_contig_36489.region001.gbk_region_1,C3338537,None,0.51,Yes (No MIBiG connection)
FEN_LS_S_NODE_2033_length_14245_cov_6.905074.region001.gbk_region_1,C3338537,None,0.51,Yes (No MIBiG connection)
CHL22_LP_220401_F_contig_49557.region001.gbk_region_1,C3338537,None,0.51,Yes (No MIBiG connection)
CHL22_IS_220328_F_contig_14185.region001.gbk_region_1,C3338537,None,0.51,Yes (No MIBiG connection)
CHL22_PJ_220330_F_contig_31705.region001.gbk_region_1,C3338537,None,0.51,Yes (No MIBiG connection)
HYD22_CB_221018_F_contig_2393.region001.gbk_region_1,C3338537,None,0.51,Yes (No MIBiG connection)
CHL22_LC_220316_F_contig_152417.region001.gbk_region_1,C3338537,None,0.51,Yes (No MIBiG connection)
CHL22_GB_220322_F_contig_12892.region001.gbk_region_1,C3338537,None,0.51,Yes (No MIBiG connection)
CHL22_EQ_220330_F_contig_35394.region001.gbk_region_1,C3338537,None,0.51,Yes (No MIBiG connection)
HYD22_FC_221023_F_contig_51876.region001.gbk_region_1,C3338537,BGC0002671.gbk_region_1,0.44,No (Directly observed)
CR18_LE180416_S_contig_22587.region001.gbk_region_1,C3338537,BGC0002034.gbk_region_1,0.42,No (Directly observed)
CHL22_CC_220324_F_contig_13593.region001.gbk_region_1,C3338537,None,0.51,Yes (No MIBiG connection)
CHL22_CE_220402_F_contig_172.region001.gbk_region_1,C3338536,None,0.51,Yes (No MIBiG connection)
CHL22_JR_220403_F_contig_129.region001.gbk_region_1,C3338536,None,0.51,Yes (No MIBiG connection)
CHL22_CC_220324_F_contig_73200.region001.gbk_region_1,C3338536,None,0.51,Yes (No MIBiG connection)
CHL22_EQ_220330_F_contig_26923.region001.gbk_region_1,C3338536,None,0.51,Yes (No MIBiG connection)
CHL22_PJ_220330_F_contig_25135.region001.gbk_region_1,C3338536,None,0.51,Yes (No MIBiG connection)
HYD22_CB_221018_F_contig_126.region001.gbk_region_1,C3338536,None,0.51,Yes (No MIBiG connection)
CHL22_GB_220322_F_contig_16512.region001.gbk_region_1,C3338536,None,0.51,Yes (No MIBiG connection)
CHL22_LA_220331_F_contig_474.region001.gbk_region_1,C3338536,None,0.51,Yes (No MIBiG connection)
CHL22_LP_220401_F_contig_39724.region001.gbk_region_1,C3338536,None,0.51,Yes (No MIBiG connection)
CHL22_IS_220328_F_contig_404.region001.gbk_region_1,C3338536,None,0.51,Yes (No MIBiG connection)
CHL22_OA_220325_F_contig_40469.region001.gbk_region_1,C3338536,None,0.51,Yes (No MIBiG connection)
CR17_EP170215_S_contig_50481.region001.gbk_region_1,C3338536,None,0.51,Yes (No MIBiG connection)
CHL22_OA_220325_F_contig_76517.region001.gbk_region_1,C3338536,None,0.51,Yes (No MIBiG connection)
CR19_GU_190718_F_contig_7758.region001.gbk_region_1,C3338536,None,0.51,Yes (No MIBiG connection)
HYD22_FC_221023_F_contig_31320.region001.gbk_region_1,C3338536,None,0.51,Yes (No MIBiG connection)
CHL22_QN_220317_F_contig_190162.region001.gbk_region_1,C3338537,BGC0001647.gbk_region_1,0.32,No (Directly observed)
CHL22_OA_220325_F_contig_72416.region001.gbk_region_1,C3338537,BGC0001647.gbk_region_1,0.34,No (Directly observed)
CHL22_LA_220331_F_contig_7223.region001.gbk_region_1,C3338536,None,0.51,Yes (No MIBiG connection)
CHL22_OA_220325_F_contig_55834.region001.gbk_region_1,C3338537,None,0.51,Yes (No MIBiG connection)
CHL22_CC_220324_F_contig_8854.region001.gbk_region_1,C3338536,None,0.51,Yes (No MIBiG connection)
CHL22_CC_220324_F_contig_34447.region001.gbk_region_1,C3338537,None,0.51,Yes (No MIBiG connection)
CHL22_RS_220319_F_contig_74.region001.gbk_region_1,C3338537,None,0.51,Yes (No MIBiG connection)
CHL22_CH_220319_F_contig_73121.region001.gbk_region_1,C3338537,None,0.51,Yes (No MIBiG connection)
CHL22_LC_220316_F_contig_90351.region001.gbk_region_1,C3338536,None,0.51,Yes (No MIBiG connection)
CR18_CH180410_F_contig_3548.region001.gbk_region_1,C3338536,None,0.51,Yes (No MIBiG connection)
CHL22_CA_220323_F_contig_29426.region001.gbk_region_1,C3338536,None,0.51,Yes (No MIBiG connection)
AEO22_BO_220829_F_contig_43999.region001.gbk_region_1,C3338535,None,0.51,Yes (No MIBiG connection)
CHL22_LA_220331_F_contig_19843.region001.gbk_region_1,C3338535,None,0.51,Yes (No MIBiG connection)
AEO22_GV_220827_F_contig_14299.region001.gbk_region_1,C3338535,None,0.51,Yes (No MIBiG connection)
CHL22_LC_220316_F_contig_13785.region001.gbk_region_1,C3338535,None,0.51,Yes (No MIBiG connection)
GUY_SRR21545388_k141_2738999.region001.gbk_region_1,C3338535,None,0.51,Yes (No MIBiG connection)
CHL22_PJ_220330_F_contig_47043.region001.gbk_region_1,C3338535,None,0.51,Yes (No MIBiG connection)
CHL22_CU_220402_F_contig_33695.region001.gbk_region_1,C3338536,None,0.51,Yes (No MIBiG connection)
CHL22_CU_220402_F_contig_56759.region001.gbk_region_1,C3338536,None,0.51,Yes (No MIBiG connection)
CHL22_CU_220402_F_contig_47845.region001.gbk_region_1,C3338536,None,0.51,Yes (No MIBiG connection)
CHL22_CU_220402_F_contig_71114.region001.gbk_region_1,C3338536,None,0.51,Yes (No MIBiG connection)
CR18_LW180405_F_contig_179.region001.gbk_region_1,C3338535,None,0.51,Yes (No MIBiG connection)
AEO22_LB_220827_F_contig_9581.region001.gbk_region_1,C3338535,None,0.51,Yes (No MIBiG connection)
CHL22_QN_220317_F_contig_175227.region001.gbk_region_1,C3338537,None,0.51,Yes (No MIBiG connection)
CHL22_CZ_220329_F_contig_10122.region001.gbk_region_1,C3338537,None,0.51,Yes (No MIBiG connection)
AEO22_BO_220829_F_contig_1572.region001.gbk_region_1,C3338536,None,0.51,Yes (No MIBiG connection)
HYD22_SC_221020_F_contig_9173.region001.gbk_region_1,C3338536,None,0.51,Yes (No MIBiG connection)
CHL22_CN_220327_F_contig_17335.region001.gbk_region_1,C3338536,None,0.51,Yes (No MIBiG connection)
CR18_LH180406_S_contig_1434.region001.gbk_region_1,C3338536,None,0.51,Yes (No MIBiG connection)
EPR_riftia_k141_537997.region001.gbk_region_1,C3338535,None,0.51,Yes (No MIBiG connection)
CHL22_CH_220319_F_contig_82385.region001.gbk_region_1,C3338535,None,0.51,Yes (No MIBiG connection)
CR18_LP180406_F_contig_10640.region001.gbk_region_1,C3338535,None,0.51,Yes (No MIBiG connection)
HYD22_FC_221023_F_contig_213.region001.gbk_region_1,C3338535,None,0.51,Yes (No MIBiG connection)
HYD22_CB_221018_F_contig_4635.region001.gbk_region_1,C3338535,None,0.51,Yes (No MIBiG connection)
FEN_GA_F_NODE_112_length_66048_cov_6.263861.region001.gbk_region_1,C3338535,None,0.51,Yes (No MIBiG connection)
CHL22_LR_220331_F_contig_29795.region001.gbk_region_1,C3338537,BGC0000282.gbk_region_1,0.36,No (Directly observed)
CHL22_LV_220331_F_contig_14167.region001.gbk_region_1,C3338537,BGC0000282.gbk_region_1,0.36,No (Directly observed)
EPR_alvinella_k141_212204.region001.gbk_region_1,C3338535,None,0.51,Yes (No MIBiG connection)
HYD22_SP_221019_F_contig_41020.region001.gbk_region_1,C3338535,None,0.51,Yes (No MIBiG connection)
CR17_PG172224_S_contig_50410.region001.gbk_region_1,C3338536,None,0.51,Yes (No MIBiG connection)
HYD22_FC_221023_F_contig_6943.region001.gbk_region_1,C3338537,None,0.51,Yes (No MIBiG connection)
CR18_CW180415_F_contig_1133.region001.gbk_region_1,C3338537,None,0.51,Yes (No MIBiG connection)
HYD22_CB_221018_F_contig_33113.region001.gbk_region_1,C3338537,None,0.51,Yes (No MIBiG connection)
CR18_BS180407_F_contig_425.region001.gbk_region_1,C3338535,None,0.51,Yes (No MIBiG connection)
CR17_ET170220_1_S_contig_197.region001.gbk_region_1,C3338538,None,0.51,Yes (No MIBiG connection)
CHL22_EQ_220330_F_contig_31134.region001.gbk_region_1,C3338535,None,0.51,Yes (No MIBiG connection)
CR18_ER180415_S_contig_6717.region001.gbk_region_1,C3338537,None,0.51,Yes (No MIBiG connection)
GUY_SRR21545388_k141_795154.region001.gbk_region_1,C3338535,None,0.51,Yes (No MIBiG connection)
CHL22_QN_220317_F_contig_6798.region001.gbk_region_1,C3338535,None,0.51,Yes (No MIBiG connection)
CR17_QN170220_S_contig_2020.region001.gbk_region_1,C3338535,None,0.51,Yes (No MIBiG connection)
FEN_GA_F_NODE_1287_length_14249_cov_6.261308.region001.gbk_region_1,C3338535,None,0.51,Yes (No MIBiG connection)
CR17_PG172224_S_contig_150.region001.gbk_region_1,C3338535,None,0.51,Yes (No MIBiG connection)
CHL22_LV_220331_F_contig_29382.region001.gbk_region_1,C3338536,None,0.51,Yes (No MIBiG connection)
CHL22_CN_220327_F_contig_34436.region001.gbk_region_1,C3338535,None,0.51,Yes (No MIBiG connection)
AEO22_LB_220827_F_contig_46286.region001.gbk_region_1,C3338535,None,0.51,Yes (No MIBiG connection)
CR17_SL170214_S_contig_491.region001.gbk_region_1,C3338535,None,0.51,Yes (No MIBiG connection)
CHL22_CH_220319_F_contig_15353.region001.gbk_region_1,C3338535,None,0.51,Yes (No MIBiG connection)
CR18_CH180410_S_contig_4094.region001.gbk_region_1,C3338535,None,0.51,Yes (No MIBiG connection)
CHL22_CH_220319_F_contig_44531.region001.gbk_region_1,C3338535,None,0.51,Yes (No MIBiG connection)
FEN_GA_F_NODE_1229_length_14789_cov_4.587688.region001.gbk_region_1,C3338536,None,0.51,Yes (No MIBiG connection)
CHL22_LN_220321_F_contig_33382.region001.gbk_region_1,C3338536,None,0.51,Yes (No MIBiG connection)
CHL22_GB_220322_F_contig_19352.region001.gbk_region_1,C3338536,None,0.51,Yes (No MIBiG connection)
HYD22_SC_221020_F_contig_60.region001.gbk_region_1,C3338542,None,0.51,Yes (No MIBiG connection)
ARG19_BJ_190227_S_contig_487.region001.gbk_region_1,C3338542,None,0.51,Yes (No MIBiG connection)
CHL22_CN_220327_F_contig_28706.region001.gbk_region_1,C3338542,None,0.51,Yes (No MIBiG connection)
CHL22_LC_220316_F_contig_24874.region001.gbk_region_1,C3338535,None,0.51,Yes (No MIBiG connection)
CHL22_QN_220317_F_contig_39336.region001.gbk_region_1,C3338535,None,0.51,Yes (No MIBiG connection)
GUY_SRR21545388_k141_411978.region001.gbk_region_1,C3338535,None,0.51,Yes (No MIBiG connection)
AEO22_OS_220830_F_contig_7633.region001.gbk_region_1,C3338535,None,0.51,Yes (No MIBiG connection)
CHL22_GB_220322_F_contig_21045.region001.gbk_region_1,C3338536,None,0.51,Yes (No MIBiG connection)
ARG19_PP_190301_S_contig_1179.region001.gbk_region_1,C3338535,None,0.51,Yes (No MIBiG connection)
CR17_ET170220_1_S_contig_13849.region001.gbk_region_1,C3338535,None,0.51,Yes (No MIBiG connection)
CHL22_CC_220324_F_contig_62167.region001.gbk_region_1,C3338535,None,0.51,Yes (No MIBiG connection)
CHL22_CC_220324_F_contig_84327.region001.gbk_region_1,C3338535,None,0.51,Yes (No MIBiG connection)
AEO22_LB_220827_F_contig_3642.region001.gbk_region_1,C3338536,None,0.51,Yes (No MIBiG connection)
AEO22_GV_220827_F_contig_42225.region001.gbk_region_1,C3338536,None,0.51,Yes (No MIBiG connection)
CR17_BR170218_2_S_contig_113.region001.gbk_region_1,C3338537,None,0.51,Yes (No MIBiG connection)
CHL22_QN_220317_F_contig_59841.region001.gbk_region_1,C3338537,None,0.51,Yes (No MIBiG connection)
CR17_BR170218_2_S_contig_49911.region001.gbk_region_1,C3338537,None,0.51,Yes (No MIBiG connection)
AEO22_BO_220829_F_contig_58238.region001.gbk_region_1,C3338535,None,0.51,Yes (No MIBiG connection)
CHL22_PJ_220330_F_contig_22966.region001.gbk_region_1,C3338535,None,0.51,Yes (No MIBiG connection)
CHL22_LN_220321_F_contig_11232.region001.gbk_region_1,C3338536,None,0.51,Yes (No MIBiG connection)
HYD22_CB_221018_F_contig_10812.region001.gbk_region_1,C3338536,None,0.51,Yes (No MIBiG connection)
CHL22_QN_220317_F_contig_1246.region001.gbk_region_1,C3338536,None,0.51,Yes (No MIBiG connection)
CHL22_LC_220316_F_contig_93696.region001.gbk_region_1,C3338535,None,0.51,Yes (No MIBiG connection)
CR18_MC180404_S_contig_16.region002.gbk_region_2,C3338536,None,0.51,Yes (No MIBiG connection)
HYD22_SC_221020_F_contig_89.region001.gbk_region_1,C3338536,None,0.51,Yes (No MIBiG connection)
ARG19_PP_190301_S_contig_167.region001.gbk_region_1,C3338536,None,0.51,Yes (No MIBiG connection)
FEN_LS_S_NODE_4665_length_7754_cov_5.951552.region001.gbk_region_1,C3338536,None,0.51,Yes (No MIBiG connection)
AEO22_LB_220827_F_contig_50971.region001.gbk_region_1,C3338535,None,0.51,Yes (No MIBiG connection)
EPR_riftia_k141_179494.region001.gbk_region_1,C3338535,None,0.51,Yes (No MIBiG connection)
GUY_SRR21545388_k141_1757480.region001.gbk_region_1,C3338535,None,0.51,Yes (No MIBiG connection)
CHL22_CH_220319_F_contig_11294.region001.gbk_region_1,C3338536,None,0.51,Yes (No MIBiG connection)
KJ_230721_F_NODE_3391_length_22924_cov_13.786244.region001.gbk_region_1,C3338536,None,0.51,Yes (No MIBiG connection)
TR_230731_F_NODE_2350_length_15956_cov_60.166719.region001.gbk_region_1,C3338536,None,0.51,Yes (No MIBiG connection)
HYD22_CB_221018_F_contig_1060.region001.gbk_region_1,C3338536,None,0.51,Yes (No MIBiG connection)
TR_230731_S_NODE_2022_length_22815_cov_108.398625.region001.gbk_region_1,C3338536,None,0.51,Yes (No MIBiG connection)
NR_230731_F_NODE_356_length_38698_cov_71.168443.region001.gbk_region_1,C3338536,None,0.51,Yes (No MIBiG connection)
FEN_SI_1_NODE_1359_length_7511_cov_4.883852.region001.gbk_region_1,C3338536,None,0.51,Yes (No MIBiG connection)
CR18_LE180416_F_contig_2178.region001.gbk_region_1,C3338536,None,0.51,Yes (No MIBiG connection)
HYD22_SC_221020_F_contig_1508.region001.gbk_region_1,C3338536,None,0.51,Yes (No MIBiG connection)
NR_230731_S_NODE_1043_length_22601_cov_40.877102.region001.gbk_region_1,C3338536,None,0.51,Yes (No MIBiG connection)
CHL22_CU_220402_F_contig_62334.region001.gbk_region_1,C3338537,None,0.51,Yes (No MIBiG connection)
CHL22_PR_220403_F_contig_41296.region001.gbk_region_1,C3338535,None,0.51,Yes (No MIBiG connection)
CR17_RS170216_F_contig_8326.region001.gbk_region_1,C3338535,None,0.51,Yes (No MIBiG connection)
KJ_230721_F_NODE_2582_length_28210_cov_2.082185.region001.gbk_region_1,C3338535,None,0.51,Yes (No MIBiG connection)
EPR_riftia_k141_188603.region001.gbk_region_1,C3338535,None,0.51,Yes (No MIBiG connection)
CR17_PG172224_S_contig_65061.region001.gbk_region_1,C3338535,None,0.51,Yes (No MIBiG connection)
CR18_BW180407_F_contig_3588.region001.gbk_region_1,C3338535,None,0.51,Yes (No MIBiG connection)
CR17_PF170222_F_contig_1607.region001.gbk_region_1,C3338536,None,0.51,Yes (No MIBiG connection)
HYD22_SC_221020_F_contig_247.region001.gbk_region_1,C3338536,None,0.51,Yes (No MIBiG connection)
CR18_XF180416_F_contig_365.region001.gbk_region_1,C3338537,None,0.51,Yes (No MIBiG connection)
CR18_LH180406_F_contig_2755.region001.gbk_region_1,C3338537,None,0.51,Yes (No MIBiG connection)
CR18_BW180407_F_contig_1282.region001.gbk_region_1,C3338537,None,0.51,Yes (No MIBiG connection)
CR18_XF180416_F_contig_518.region001.gbk_region_1,C3338537,None,0.51,Yes (No MIBiG connection)
CHL22_CC_220324_F_contig_46879.region001.gbk_region_1,C3338535,None,0.51,Yes (No MIBiG connection)
CHL22_CZ_220329_F_contig_8625.region001.gbk_region_1,C3338537,None,0.51,Yes (No MIBiG connection)
CHL22_QN_220317_F_contig_37100.region001.gbk_region_1,C3338537,None,0.51,Yes (No MIBiG connection)
AEO22_TC_220902_F_contig_58861.region001.gbk_region_1,C3338535,None,0.51,Yes (No MIBiG connection)
KJ_230721_F_NODE_87221_length_2041_cov_0.724660.region001.gbk_region_1,C3338535,BGC0000837.gbk_region_1,0.42,No (Directly observed)
CHL22_LC_220316_F_contig_90575.region001.gbk_region_1,C3338535,None,0.51,Yes (No MIBiG connection)
EPR_alvinella_k141_441811.region001.gbk_region_1,C3338535,None,0.51,Yes (No MIBiG connection)
EPR_alvinella_k141_139300.region001.gbk_region_1,C3338535,None,0.51,Yes (No MIBiG connection)
AEO22_LB_220827_F_contig_66881.region001.gbk_region_1,C3338535,None,0.51,Yes (No MIBiG connection)
CR18_CH180410_S_contig_2983.region001.gbk_region_1,C3338535,None,0.51,Yes (No MIBiG connection)
CHL22_CZ_220329_F_contig_27057.region001.gbk_region_1,C3338536,None,0.51,Yes (No MIBiG connection)
CR17_CY170214_S_contig_7352.region001.gbk_region_1,C3338536,None,0.51,Yes (No MIBiG connection)
CHL22_LR_220331_F_contig_54447.region001.gbk_region_1,C3338541,BGC0000056.gbk_region_1,0.46,No (Directly observed)
CHL22_LC_220316_F_contig_60791.region001.gbk_region_1,C3338541,BGC0000056.gbk_region_1,0.47,No (Directly observed)
EPR_riftia_k141_449870.region001.gbk_region_1,C3338535,None,0.51,Yes (No MIBiG connection)
HYD22_FC_221023_F_contig_306.region001.gbk_region_1,C3338536,None,0.51,Yes (No MIBiG connection)
CR17_QN170220_S_contig_1745.region001.gbk_region_1,C3338536,None,0.51,Yes (No MIBiG connection)
CR17_QN170220_S_contig_150.region002.gbk_region_2,C3338536,None,0.51,Yes (No MIBiG connection)
CR17_PG172224_S_contig_16202.region001.gbk_region_1,C3338537,BGC0001647.gbk_region_1,0.49,No (Directly observed)
CR18_MC180404_S_contig_5506.region001.gbk_region_1,C3338537,BGC0001647.gbk_region_1,0.48,No (Directly observed)
CR17_BR170218_2_S_contig_35255.region001.gbk_region_1,C3338537,None,0.51,Yes (No MIBiG connection)
CR18_LE180416_F_contig_24753.region001.gbk_region_1,C3338537,None,0.51,Yes (No MIBiG connection)
AEO22_BO_220829_F_contig_19692.region001.gbk_region_1,C3338536,None,0.51,Yes (No MIBiG connection)
CHL22_LC_220316_F_contig_54342.region001.gbk_region_1,C3338535,None,0.51,Yes (No MIBiG connection)
FEN_GA_F_NODE_662_length_22438_cov_6.726623.region001.gbk_region_1,C3338535,None,0.51,Yes (No MIBiG connection)
AEO22_HO_220830_F_contig_6315.region001.gbk_region_1,C3338535,None,0.51,Yes (No MIBiG connection)
CR18_XF180416_F_contig_2812.region001.gbk_region_1,C3338536,None,0.51,Yes (No MIBiG connection)
CR18_CH180410_F_contig_4080.region001.gbk_region_1,C3338536,None,0.51,Yes (No MIBiG connection)
CR18_SC180411_S_contig_1577.region001.gbk_region_1,C3338536,None,0.51,Yes (No MIBiG connection)
AEO22_LB_220827_F_contig_102260.region001.gbk_region_1,C3338536,None,0.51,Yes (No MIBiG connection)
CHL22_QN_220317_F_contig_126049.region001.gbk_region_1,C3338536,None,0.51,Yes (No MIBiG connection)
HYD22_FC_221023_F_contig_854.region001.gbk_region_1,C3338536,None,0.51,Yes (No MIBiG connection)
CR18_GE180403_S_contig_20449.region001.gbk_region_1,C3338536,None,0.51,Yes (No MIBiG connection)
CR18_PX180416_S_contig_19256.region001.gbk_region_1,C3338536,None,0.51,Yes (No MIBiG connection)
CR17_PG172224_S_contig_73324.region001.gbk_region_1,C3338536,None,0.51,Yes (No MIBiG connection)
EPR_teddybear_k141_96110.region001.gbk_region_1,C3338536,None,0.51,Yes (No MIBiG connection)
AEO22_OS_220830_F_contig_47503.region001.gbk_region_1,C3338536,None,0.51,Yes (No MIBiG connection)
CR18_LP180406_F_contig_25615.region001.gbk_region_1,C3338536,None,0.51,Yes (No MIBiG connection)
CR18_BS180407_F_contig_3519.region001.gbk_region_1,C3338536,None,0.51,Yes (No MIBiG connection)
TR_230731_F_NODE_12993_length_4820_cov_1.540166.region001.gbk_region_1,C3338536,None,0.51,Yes (No MIBiG connection)
AEO22_LB_220827_F_contig_25764.region001.gbk_region_1,C3338536,None,0.51,Yes (No MIBiG connection)
AEO22_GV_220827_F_contig_36779.region001.gbk_region_1,C3338536,None,0.51,Yes (No MIBiG connection)
CR18_CV180410_S_contig_9959.region001.gbk_region_1,C3338538,BGC0001357.gbk_region_1,0.35,No (Directly observed)
FEN_GA_F_NODE_766_length_20683_cov_4.593562.region001.gbk_region_1,C3338538,None,0.51,Yes (No MIBiG connection)
CHL22_SR_220328_F_contig_5071.region001.gbk_region_1,C3338538,None,0.51,Yes (No MIBiG connection)
CR18_LE180416_S_contig_1153.region001.gbk_region_1,C3338538,None,0.51,Yes (No MIBiG connection)
CR18_CV180410_S_contig_41.region001.gbk_region_1,C3338538,None,0.51,Yes (No MIBiG connection)
CR17_CY170214_S_contig_6772.region001.gbk_region_1,C3338538,None,0.51,Yes (No MIBiG connection)
KJ_230721_F_NODE_53014_length_2912_cov_5.508079.region001.gbk_region_1,C3338535,None,0.51,Yes (No MIBiG connection)
HYD22_SC_221020_F_contig_22640.region001.gbk_region_1,C3338535,None,0.51,Yes (No MIBiG connection)
CHL22_LC_220316_F_contig_43991.region001.gbk_region_1,C3338535,None,0.51,Yes (No MIBiG connection)
AEO22_GV_220827_F_contig_42785.region001.gbk_region_1,C3338535,None,0.51,Yes (No MIBiG connection)
TR_230731_S_NODE_6250_length_10283_cov_2.045687.region001.gbk_region_1,C3338536,None,0.51,Yes (No MIBiG connection)
CHL22_LP_220401_F_contig_10644.region001.gbk_region_1,C3338537,BGC0002127.gbk_region_1,0.22,No (Directly observed)
CHL22_CU_220402_F_contig_10335.region001.gbk_region_1,C3338537,None,0.51,Yes (No MIBiG connection)
CHL22_CU_220402_F_contig_42156.region001.gbk_region_1,C3338537,None,0.51,Yes (No MIBiG connection)
CR18_LP180406_F_contig_7983.region001.gbk_region_1,C3338537,None,0.51,Yes (No MIBiG connection)
CHL22_CU_220402_F_contig_59646.region001.gbk_region_1,C3338537,None,0.51,Yes (No MIBiG connection)
CHL22_RS_220319_F_contig_24551.region001.gbk_region_1,C3338537,None,0.51,Yes (No MIBiG connection)
CHL22_CU_220402_F_contig_67091.region001.gbk_region_1,C3338537,None,0.51,Yes (No MIBiG connection)
CR18_LE180416_F_contig_4913.region001.gbk_region_1,C3338535,None,0.51,Yes (No MIBiG connection)
FEN_CA_F_NODE_2686_length_2766_cov_3.800443.region001.gbk_region_1,C3338535,None,0.51,Yes (No MIBiG connection)
CHL22_LC_220316_F_contig_48024.region001.gbk_region_1,C3338535,None,0.51,Yes (No MIBiG connection)
CHL22_QN_220317_F_contig_22234.region001.gbk_region_1,C3338537,BGC0001831.gbk_region_1,0.49,No (Directly observed)
AEO22_HO_220830_F_contig_4574.region001.gbk_region_1,C3338537,BGC0001831.gbk_region_1,0.49,No (Directly observed)
CHL22_CN_220327_F_contig_22238.region001.gbk_region_1,C3338537,BGC0001831.gbk_region_1,0.49,No (Directly observed)
CHL22_CN_220327_F_contig_25306.region001.gbk_region_1,C3338536,None,0.51,Yes (No MIBiG connection)
CR17_ET170220_1_S_contig_26464.region001.gbk_region_1,C3338536,None,0.51,Yes (No MIBiG connection)
HYD22_FC_221023_F_contig_76138.region001.gbk_region_1,C3338535,None,0.51,Yes (No MIBiG connection)
CHL22_OA_220325_F_contig_95068.region001.gbk_region_1,C3338535,None,0.51,Yes (No MIBiG connection)
HYD22_SP_221019_F_contig_589.region001.gbk_region_1,C3338536,BGC0002926.gbk_region_1,0.49,No (Directly observed)
CHL22_PR_220403_F_contig_3003.region001.gbk_region_1,C3338537,None,0.51,Yes (No MIBiG connection)
EPR_CV74_k141_48095.region001.gbk_region_1,C3338535,None,0.51,Yes (No MIBiG connection)
GUY_SRR21545388_k141_1995378.region001.gbk_region_1,C3338535,None,0.51,Yes (No MIBiG connection)
GUY_SRR21545388_k141_1096012.region001.gbk_region_1,C3338535,None,0.51,Yes (No MIBiG connection)
EPR_alvinella_k141_387588.region001.gbk_region_1,C3338535,None,0.51,Yes (No MIBiG connection)
GUY_SRR21545388_k141_1534570.region001.gbk_region_1,C3338535,None,0.51,Yes (No MIBiG connection)
GUY_SRR21545388_k141_2502066.region001.gbk_region_1,C3338535,None,0.51,Yes (No MIBiG connection)
EPR_alvinella_k141_385730.region001.gbk_region_1,C3338535,None,0.51,Yes (No MIBiG connection)
EPR_CV88_k141_234374.region001.gbk_region_1,C3338535,None,0.51,Yes (No MIBiG connection)
GUY_SRR21545388_k141_2239705.region001.gbk_region_1,C3338535,None,0.51,Yes (No MIBiG connection)
CHL22_OA_220325_F_contig_86084.region001.gbk_region_1,C3338536,None,0.51,Yes (No MIBiG connection)
AEO22_HO_220830_F_contig_321.region001.gbk_region_1,C3338535,None,0.51,Yes (No MIBiG connection)
FEN_LS_F_NODE_340_length_34540_cov_10.176831.region001.gbk_region_1,C3338535,None,0.51,Yes (No MIBiG connection)
FEN_LS_F_NODE_1243_length_14207_cov_6.528406.region001.gbk_region_1,C3338535,None,0.51,Yes (No MIBiG connection)
AEO22_TC_220902_F_contig_504.region001.gbk_region_1,C3338535,None,0.51,Yes (No MIBiG connection)
FEN_GA_F_NODE_1391_length_13465_cov_5.592245.region001.gbk_region_1,C3338535,None,0.51,Yes (No MIBiG connection)
AEO22_CF_220902_F_contig_2822.region001.gbk_region_1,C3338535,None,0.51,Yes (No MIBiG connection)
CHL22_CR_220324_F_contig_34907.region001.gbk_region_1,C3338536,None,0.51,Yes (No MIBiG connection)
CR17_QN170220_S_contig_4596.region001.gbk_region_1,C3338535,None,0.51,Yes (No MIBiG connection)
HYD22_SC_221020_F_contig_40383.region001.gbk_region_1,C3338535,None,0.51,Yes (No MIBiG connection)
CHL22_CN_220327_F_contig_17391.region001.gbk_region_1,C3338535,None,0.51,Yes (No MIBiG connection)
CR17_BR170218_2_S_contig_24308.region001.gbk_region_1,C3338535,None,0.51,Yes (No MIBiG connection)
CR19_RCB_190612_F_contig_3252.region001.gbk_region_1,C3338535,BGC0001761.gbk_region_1,0.48,No (Directly observed)
GUY_SRR21545388_k141_431515.region001.gbk_region_1,C3338535,None,0.51,Yes (No MIBiG connection)
AEO22_TC_220902_F_contig_1719.region001.gbk_region_1,C3338537,None,0.51,Yes (No MIBiG connection)
CHL22_CN_220327_F_contig_681.region001.gbk_region_1,C3338537,None,0.51,Yes (No MIBiG connection)
CHL22_LV_220331_F_contig_25715.region001.gbk_region_1,C3338537,None,0.51,Yes (No MIBiG connection)
ARG19_AO_190224_F_contig_5156.region001.gbk_region_1,C3338537,None,0.51,Yes (No MIBiG connection)
CHL22_CZ_220329_F_contig_69443.region001.gbk_region_1,C3338537,None,0.51,Yes (No MIBiG connection)
CHL22_OA_220325_F_contig_116773.region001.gbk_region_1,C3338537,None,0.51,Yes (No MIBiG connection)
CHL22_CN_220327_F_contig_55481.region001.gbk_region_1,C3338537,None,0.51,Yes (No MIBiG connection)
GUY_SRR21545384_k141_61097.region001.gbk_region_1,C3338535,None,0.51,Yes (No MIBiG connection)
HYD22_SC_221020_F_contig_56040.region001.gbk_region_1,C3338535,None,0.51,Yes (No MIBiG connection)
CHL22_RS_220319_F_contig_16678.region001.gbk_region_1,C3338535,None,0.51,Yes (No MIBiG connection)
HYD22_SC_221020_F_contig_7287.region001.gbk_region_1,C3338535,None,0.51,Yes (No MIBiG connection)
CHL22_CH_220319_F_contig_74520.region001.gbk_region_1,C3338535,None,0.51,Yes (No MIBiG connection)
CHL22_RS_220319_F_contig_10956.region001.gbk_region_1,C3338536,None,0.51,Yes (No MIBiG connection)
CHL22_RS_220319_F_contig_54027.region001.gbk_region_1,C3338537,None,0.51,Yes (No MIBiG connection)
CHL22_RS_220319_F_contig_38677.region001.gbk_region_1,C3338537,None,0.51,Yes (No MIBiG connection)
CHL22_OA_220325_F_contig_85213.region001.gbk_region_1,C3338538,None,0.51,Yes (No MIBiG connection)
CHL22_OA_220325_F_contig_81332.region001.gbk_region_1,C3338538,None,0.51,Yes (No MIBiG connection)
CHL22_CC_220324_F_contig_72315.region001.gbk_region_1,C3338535,None,0.51,Yes (No MIBiG connection)
CHL22_CA_220323_F_contig_162410.region001.gbk_region_1,C3338535,None,0.51,Yes (No MIBiG connection)
ARG19_PM_190223_S_contig_429.region001.gbk_region_1,C3338536,None,0.51,Yes (No MIBiG connection)
HYD22_SC_221020_F_contig_5570.region001.gbk_region_1,C3338536,None,0.51,Yes (No MIBiG connection)
KJ_230721_F_NODE_4608_length_17904_cov_1.317264.region001.gbk_region_1,C3338536,None,0.51,Yes (No MIBiG connection)
KJ_230721_F_NODE_14707_length_7352_cov_1.148651.region001.gbk_region_1,C3338535,None,0.51,Yes (No MIBiG connection)
CHL22_CN_220327_F_contig_57500.region001.gbk_region_1,C3338537,None,0.51,Yes (No MIBiG connection)
CR17_BR170218_2_S_contig_47729.region001.gbk_region_1,C3338537,None,0.51,Yes (No MIBiG connection)
CR17_FA170219_1_S_contig_36624.region001.gbk_region_1,C3338537,None,0.51,Yes (No MIBiG connection)
AEO22_TC_220902_F_contig_4818.region001.gbk_region_1,C3338537,None,0.51,Yes (No MIBiG connection)
GUY_SRR21545382_k141_1913982.region001.gbk_region_1,C3338535,None,0.51,Yes (No MIBiG connection)
HYD22_SC_221020_F_contig_14012.region001.gbk_region_1,C3338536,None,0.51,Yes (No MIBiG connection)
SJ_230730_S_NODE_4198_length_3082_cov_4.824626.region001.gbk_region_1,C3338537,None,0.51,Yes (No MIBiG connection)
KJ_230721_F_NODE_10330_length_9636_cov_1.488274.region001.gbk_region_1,C3338537,None,0.51,Yes (No MIBiG connection)
GUY_SRR21545382_k141_1214756.region001.gbk_region_1,C3338538,None,0.51,Yes (No MIBiG connection)
CHL22_CZ_220329_F_contig_34882.region001.gbk_region_1,C3338538,None,0.51,Yes (No MIBiG connection)
CR17_SL170214_F_contig_10525.region001.gbk_region_1,C3338538,None,0.51,Yes (No MIBiG connection)
HYD22_SP_221019_F_contig_33469.region001.gbk_region_1,C3338536,None,0.51,Yes (No MIBiG connection)
GUY_SRR21545388_k141_3079301.region001.gbk_region_1,C3338536,None,0.51,Yes (No MIBiG connection)
EPR_riftia_k141_51554.region001.gbk_region_1,C3338536,None,0.51,Yes (No MIBiG connection)
CHL22_LA_220331_F_contig_16788.region001.gbk_region_1,C3338536,None,0.51,Yes (No MIBiG connection)
CR18_RC180404_S_contig_29775.region001.gbk_region_1,C3338537,None,0.51,Yes (No MIBiG connection)
CR18_CI180408_S_contig_78.region001.gbk_region_1,C3338537,None,0.51,Yes (No MIBiG connection)
CR18_CL180409_F_contig_107.region001.gbk_region_1,C3338537,None,0.51,Yes (No MIBiG connection)
CR18_BS180407_F_contig_20.region001.gbk_region_1,C3338537,None,0.51,Yes (No MIBiG connection)
GUY_SRR21545382_k141_1880100.region001.gbk_region_1,C3338536,None,0.51,Yes (No MIBiG connection)
GUY_SRR21545382_k141_167578.region001.gbk_region_1,C3338541,BGC0002387.gbk_region_1,0.38,No (Directly observed)
GUY_SRR21545384_k141_361463.region001.gbk_region_1,C3338541,BGC0001377.gbk_region_1,0.38,No (Directly observed)
GUY_SRR21545388_k141_1691748.region001.gbk_region_1,C3338541,BGC0002387.gbk_region_1,0.38,No (Directly observed)
GUY_SRR21545382_k141_1369028.region001.gbk_region_1,C3338541,BGC0001377.gbk_region_1,0.39,No (Directly observed)
CHL22_CA_220323_F_contig_64218.region001.gbk_region_1,C3338541,BGC0002545.gbk_region_1,0.44,No (Directly observed)
CHL22_CC_220324_F_contig_17247.region001.gbk_region_1,C3338541,BGC0002545.gbk_region_1,0.42,No (Directly observed)
GUY_SRR21545382_k141_1727357.region001.gbk_region_1,C3338541,None,0.51,Yes (No MIBiG connection)
AEO22_LB_220827_F_contig_64433.region001.gbk_region_1,C3338536,None,0.51,Yes (No MIBiG connection)
GUY_SRR21545382_k141_1467303.region001.gbk_region_1,C3338535,None,0.51,Yes (No MIBiG connection)
CHL22_PJ_220330_F_contig_6205.region001.gbk_region_1,C3338536,None,0.51,Yes (No MIBiG connection)
CH20_TF_200303_F_contig_39.region001.gbk_region_1,C3338537,None,0.51,Yes (No MIBiG connection)
CR17_FA170219_1_S_contig_9074.region001.gbk_region_1,C3338537,None,0.51,Yes (No MIBiG connection)
CHL22_CU_220402_F_contig_13098.region001.gbk_region_1,C3338535,None,0.51,Yes (No MIBiG connection)
CR18_CV180410_F_contig_9375.region001.gbk_region_1,C3338535,None,0.51,Yes (No MIBiG connection)
CHL22_OA_220325_F_contig_13736.region001.gbk_region_1,C3338535,None,0.51,Yes (No MIBiG connection)
EPR_CV67_k141_547427.region001.gbk_region_1,C3338535,None,0.51,Yes (No MIBiG connection)
CHL22_SR_220328_F_contig_22081.region001.gbk_region_1,C3338537,None,0.51,Yes (No MIBiG connection)
FEN_SI_1_NODE_3073_length_4799_cov_4.898820.region001.gbk_region_1,C3338538,None,0.51,Yes (No MIBiG connection)
CR18_LE180416_S_contig_3723.region001.gbk_region_1,C3338538,None,0.51,Yes (No MIBiG connection)
AEO22_HO_220830_F_contig_1483.region001.gbk_region_1,C3338535,None,0.51,Yes (No MIBiG connection)
AEO22_LB_220827_F_contig_154526.region001.gbk_region_1,C3338535,None,0.51,Yes (No MIBiG connection)
GUY_SRR21545388_k141_2872889.region001.gbk_region_1,C3338535,None,0.51,Yes (No MIBiG connection)
CR17_FA170219_1_S_contig_2216.region001.gbk_region_1,C3338537,BGC0000282.gbk_region_1,0.49,No (Directly observed)
GUY_SRR21545388_k141_3153179.region001.gbk_region_1,C3338535,None,0.51,Yes (No MIBiG connection)
CHL22_OA_220325_F_contig_67526.region001.gbk_region_1,C3338535,None,0.51,Yes (No MIBiG connection)
CHL22_RS_220319_F_contig_40917.region001.gbk_region_1,C3338535,None,0.51,Yes (No MIBiG connection)
EPR_riftia_k141_594964.region001.gbk_region_1,C3338535,None,0.51,Yes (No MIBiG connection)
CHL22_LC_220316_F_contig_64245.region001.gbk_region_1,C3338537,None,0.51,Yes (No MIBiG connection)
GUY_SRR21545382_k141_841511.region001.gbk_region_1,C3338535,None,0.51,Yes (No MIBiG connection)
AEO22_AC_220827_F_contig_20443.region001.gbk_region_1,C3338535,None,0.51,Yes (No MIBiG connection)
GUY_SRR21545382_k141_1624732.region001.gbk_region_1,C3338535,None,0.51,Yes (No MIBiG connection)
AEO22_BO_220829_F_contig_45287.region001.gbk_region_1,C3338535,None,0.51,Yes (No MIBiG connection)
CR18_LW180405_S_contig_9215.region001.gbk_region_1,C3338535,None,0.51,Yes (No MIBiG connection)
AEO22_OS_220830_F_contig_8200.region001.gbk_region_1,C3338535,None,0.51,Yes (No MIBiG connection)
CR18_LB180410_S_contig_3522.region001.gbk_region_1,C3338535,None,0.51,Yes (No MIBiG connection)
CHL22_OA_220325_F_contig_86258.region001.gbk_region_1,C3338535,None,0.51,Yes (No MIBiG connection)
CR18_PX180416_S_contig_10744.region001.gbk_region_1,C3338535,None,0.51,Yes (No MIBiG connection)
CR18_LW180405_F_contig_2588.region001.gbk_region_1,C3338535,None,0.51,Yes (No MIBiG connection)
GUY_SRR21545382_k141_435277.region001.gbk_region_1,C3338535,None,0.51,Yes (No MIBiG connection)
TR_230731_S_NODE_1261_length_30576_cov_1.407008.region001.gbk_region_1,C3338536,None,0.51,Yes (No MIBiG connection)
CR17_BR170218_1_S_contig_282.region001.gbk_region_1,C3338536,None,0.51,Yes (No MIBiG connection)
CHL22_CZ_220329_F_contig_18948.region001.gbk_region_1,C3338536,None,0.51,Yes (No MIBiG connection)
CHL22_CU_220402_F_contig_25562.region001.gbk_region_1,C3338535,None,0.51,Yes (No MIBiG connection)
GUY_SRR21545388_k141_1677119.region001.gbk_region_1,C3338536,None,0.51,Yes (No MIBiG connection)
CHL22_CR_220324_F_contig_48177.region001.gbk_region_1,C3338536,None,0.51,Yes (No MIBiG connection)
CHL22_OA_220325_F_contig_86829.region001.gbk_region_1,C3338536,None,0.51,Yes (No MIBiG connection)
CHL22_CA_220323_F_contig_187469.region001.gbk_region_1,C3338536,None,0.51,Yes (No MIBiG connection)
CHL22_OA_220325_F_contig_50344.region001.gbk_region_1,C3338536,None,0.51,Yes (No MIBiG connection)
GUY_SRR21545382_k141_918369.region001.gbk_region_1,C3338535,None,0.51,Yes (No MIBiG connection)
EPR_CV4_k141_490444.region001.gbk_region_1,C3338535,None,0.51,Yes (No MIBiG connection)
AEO22_TC_220902_F_contig_207.region001.gbk_region_1,C3338536,None,0.51,Yes (No MIBiG connection)
HYD22_CB_221018_F_contig_24230.region001.gbk_region_1,C3338536,None,0.51,Yes (No MIBiG connection)
CR18_PX180416_S_contig_329.region001.gbk_region_1,C3338536,None,0.51,Yes (No MIBiG connection)
CR18_BS180407_F_contig_32903.region001.gbk_region_1,C3338535,None,0.51,Yes (No MIBiG connection)
AEO22_LB_220827_F_contig_127561.region001.gbk_region_1,C3338538,None,0.51,Yes (No MIBiG connection)
CHL22_QN_220317_F_contig_187270.region001.gbk_region_1,C3338538,None,0.51,Yes (No MIBiG connection)
CR17_S14_S_contig_5947.region001.gbk_region_1,C3338538,None,0.51,Yes (No MIBiG connection)
CHL22_PJ_220330_F_contig_28464.region001.gbk_region_1,C3338535,None,0.51,Yes (No MIBiG connection)
KJ_230721_F_NODE_37357_length_3732_cov_1.513176.region001.gbk_region_1,C3338535,None,0.51,Yes (No MIBiG connection)
CHL22_CC_220324_F_contig_35468.region001.gbk_region_1,C3338538,None,0.51,Yes (No MIBiG connection)
EPR_riftia_k141_326584.region001.gbk_region_1,C3338536,None,0.51,Yes (No MIBiG connection)
CHL22_CZ_220329_F_contig_56049.region001.gbk_region_1,C3338535,None,0.51,Yes (No MIBiG connection)
CHL22_CU_220402_F_contig_9915.region001.gbk_region_1,C3338535,None,0.51,Yes (No MIBiG connection)
AEO22_HO_220830_F_contig_53671.region001.gbk_region_1,C3338535,BGC0001940.gbk_region_1,0.5,No (Directly observed)
CR18_RC180404_F_contig_1791.region001.gbk_region_1,C3338535,None,0.51,Yes (No MIBiG connection)
AEO22_LB_220827_F_contig_5477.region001.gbk_region_1,C3338535,None,0.51,Yes (No MIBiG connection)
CHL22_LP_220401_F_contig_89183.region001.gbk_region_1,C3338535,None,0.51,Yes (No MIBiG connection)
GUY_SRR21545388_k141_1780524.region001.gbk_region_1,C3338535,None,0.51,Yes (No MIBiG connection)
CR18_MC180404_S_contig_167.region001.gbk_region_1,C3338535,None,0.51,Yes (No MIBiG connection)
HYD22_FC_221023_F_contig_1286.region001.gbk_region_1,C3338535,None,0.51,Yes (No MIBiG connection)
CR18_MC180404_S_contig_26472.region001.gbk_region_1,C3338536,None,0.51,Yes (No MIBiG connection)
CHL22_QN_220317_F_contig_87149.region001.gbk_region_1,C3338536,None,0.51,Yes (No MIBiG connection)
CHL22_LC_220316_F_contig_114345.region001.gbk_region_1,C3338536,None,0.51,Yes (No MIBiG connection)
CHL22_SR_220328_F_contig_11527.region001.gbk_region_1,C3338536,None,0.51,Yes (No MIBiG connection)
HYD22_SC_221020_F_contig_8709.region001.gbk_region_1,C3338536,None,0.51,Yes (No MIBiG connection)
CR18_CV180410_F_contig_18851.region001.gbk_region_1,C3338535,None,0.51,Yes (No MIBiG connection)
EPR_alvinella_k141_390429.region001.gbk_region_1,C3338535,BGC0002008.gbk_region_1,0.47,No (Directly observed)
EPR_alvinella_k141_414272.region001.gbk_region_1,C3338535,None,0.51,Yes (No MIBiG connection)
GUY_SRR21545388_k141_968597.region001.gbk_region_1,C3338535,None,0.51,Yes (No MIBiG connection)
GUY_SRR21545388_k141_401141.region001.gbk_region_1,C3338535,None,0.51,Yes (No MIBiG connection)
GUY_SRR21545388_k141_973613.region001.gbk_region_1,C3338535,None,0.51,Yes (No MIBiG connection)
AEO22_GV_220827_F_contig_38992.region001.gbk_region_1,C3338537,None,0.51,Yes (No MIBiG connection)
EPR_riftia_k141_454357.region001.gbk_region_1,C3338535,None,0.51,Yes (No MIBiG connection)
AEO22_AC_220827_F_contig_34527.region001.gbk_region_1,C3338535,None,0.51,Yes (No MIBiG connection)
CR19_SG_190719_F_contig_115.region001.gbk_region_1,C3338535,None,0.51,Yes (No MIBiG connection)
AEO22_OS_220830_F_contig_82741.region001.gbk_region_1,C3338537,None,0.51,Yes (No MIBiG connection)
CHL22_CC_220324_F_contig_84001.region001.gbk_region_1,C3338537,None,0.51,Yes (No MIBiG connection)
CHL22_CU_220402_F_contig_68429.region001.gbk_region_1,C3338537,None,0.51,Yes (No MIBiG connection)
CR17_BR170218_2_S_contig_55279.region001.gbk_region_1,C3338537,None,0.51,Yes (No MIBiG connection)
CHL22_OA_220325_F_contig_15153.region001.gbk_region_1,C3338537,None,0.51,Yes (No MIBiG connection)
KJ_230721_F_NODE_23901_length_5140_cov_4.231199.region001.gbk_region_1,C3338535,None,0.51,Yes (No MIBiG connection)
CHL22_CZ_220329_F_contig_49417.region001.gbk_region_1,C3338535,None,0.51,Yes (No MIBiG connection)
CHL22_CH_220319_F_contig_22875.region001.gbk_region_1,C3338535,None,0.51,Yes (No MIBiG connection)
AEO22_LB_220827_F_contig_98051.region001.gbk_region_1,C3338536,None,0.51,Yes (No MIBiG connection)
FEN_LS_S_NODE_1166_length_21069_cov_7.809032.region001.gbk_region_1,C3338535,None,0.51,Yes (No MIBiG connection)
EPR_riftia_k141_248899.region001.gbk_region_1,C3338535,None,0.51,Yes (No MIBiG connection)
CR18_LP180406_F_contig_20655.region001.gbk_region_1,C3338535,None,0.51,Yes (No MIBiG connection)
CHL22_LC_220316_F_contig_48479.region001.gbk_region_1,C3338535,None,0.51,Yes (No MIBiG connection)
CHL22_LC_220316_F_contig_44195.region001.gbk_region_1,C3338535,None,0.51,Yes (No MIBiG connection)
CR18_CV180410_S_contig_451.region001.gbk_region_1,C3338536,None,0.51,Yes (No MIBiG connection)
NR_230731_F_NODE_5923_length_7280_cov_1.202852.region001.gbk_region_1,C3338536,None,0.51,Yes (No MIBiG connection)
CR17_PG172224_S_contig_824.region001.gbk_region_1,C3338537,None,0.51,Yes (No MIBiG connection)
CR17_PG172224_S_contig_5835.region001.gbk_region_1,C3338537,None,0.51,Yes (No MIBiG connection)
HYD22_FC_221023_F_contig_8831.region001.gbk_region_1,C3338537,None,0.51,Yes (No MIBiG connection)
CHL22_EQ_220330_F_contig_18137.region001.gbk_region_1,C3338537,None,0.51,Yes (No MIBiG connection)
CHL22_RS_220319_F_contig_8554.region001.gbk_region_1,C3338537,None,0.51,Yes (No MIBiG connection)
CR18_LE180416_F_contig_16514.region001.gbk_region_1,C3338538,None,0.51,Yes (No MIBiG connection)
CHL22_CH_220319_F_contig_53221.region001.gbk_region_1,C3338538,None,0.51,Yes (No MIBiG connection)
CR18_CV180410_S_contig_17281.region001.gbk_region_1,C3338535,None,0.51,Yes (No MIBiG connection)
CR18_ER180415_S_contig_73.region001.gbk_region_1,C3338535,None,0.51,Yes (No MIBiG connection)
CHL22_QN_220317_F_contig_158803.region001.gbk_region_1,C3338535,None,0.51,Yes (No MIBiG connection)
CHL22_CZ_220329_F_contig_6550.region001.gbk_region_1,C3338535,None,0.51,Yes (No MIBiG connection)
CR17_QN170220_F_contig_3726.region001.gbk_region_1,C3338535,None,0.51,Yes (No MIBiG connection)
EPR_teddybear_k141_252253.region001.gbk_region_1,C3338535,None,0.51,Yes (No MIBiG connection)
CR18_BW180407_F_contig_24006.region001.gbk_region_1,C3338537,None,0.51,Yes (No MIBiG connection)
CHL22_CC_220324_F_contig_83879.region001.gbk_region_1,C3338537,None,0.51,Yes (No MIBiG connection)
CR17_BR170218_1_S_contig_24076.region001.gbk_region_1,C3338537,None,0.51,Yes (No MIBiG connection)
CR18_LE180416_S_contig_32079.region001.gbk_region_1,C3338537,None,0.51,Yes (No MIBiG connection)
CHL22_LV_220331_F_contig_28642.region001.gbk_region_1,C3338536,None,0.51,Yes (No MIBiG connection)
HYD22_SB_221021_F_contig_48347.region001.gbk_region_1,C3338536,None,0.51,Yes (No MIBiG connection)
EPR_teddybear_k141_352536.region001.gbk_region_1,C3338536,None,0.51,Yes (No MIBiG connection)
HYD22_CB_221018_F_contig_61142.region001.gbk_region_1,C3338536,None,0.51,Yes (No MIBiG connection)
CR17_QH170213_2_S_contig_17217.region001.gbk_region_1,C3338536,None,0.51,Yes (No MIBiG connection)
KJ_230721_F_NODE_71539_length_2350_cov_0.740441.region001.gbk_region_1,C3338536,None,0.51,Yes (No MIBiG connection)
CR19_SG_190719_S_contig_437.region001.gbk_region_1,C3338538,None,0.51,Yes (No MIBiG connection)
GUY_SRR21545382_k141_1198239.region001.gbk_region_1,C3338538,BGC0001566.gbk_region_1,0.4,No (Directly observed)
CHL22_CC_220324_F_contig_85511.region001.gbk_region_1,C3338538,BGC0001064.gbk_region_1,0.47,No (Directly observed)
CR18_LH180406_S_contig_6162.region001.gbk_region_1,C3338537,None,0.51,Yes (No MIBiG connection)
CHL22_CH_220319_F_contig_80613.region001.gbk_region_1,C3338537,None,0.51,Yes (No MIBiG connection)
KJ_230721_F_NODE_1744_length_37907_cov_8.075569.region001.gbk_region_1,C3338537,None,0.51,Yes (No MIBiG connection)
CR18_PX180416_S_contig_1369.region001.gbk_region_1,C3338537,None,0.51,Yes (No MIBiG connection)
CR18_YR180404_F_contig_43.region001.gbk_region_1,C3338537,None,0.51,Yes (No MIBiG connection)
FEN_FE_F_NODE_76_length_24120_cov_11.478454.region001.gbk_region_1,C3338537,None,0.51,Yes (No MIBiG connection)
CHL22_LC_220316_F_contig_78454.region001.gbk_region_1,C3338537,None,0.51,Yes (No MIBiG connection)
HYD22_CB_221018_F_contig_7485.region001.gbk_region_1,C3338537,None,0.51,Yes (No MIBiG connection)
CR17_SI170217_S_contig_2161.region001.gbk_region_1,C3338537,None,0.51,Yes (No MIBiG connection)
AEO22_TC_220902_F_contig_18274.region001.gbk_region_1,C3338537,None,0.51,Yes (No MIBiG connection)
CR18_LB180410_F_contig_3291.region001.gbk_region_1,C3338537,None,0.51,Yes (No MIBiG connection)
CHL22_RS_220319_F_contig_10246.region001.gbk_region_1,C3338537,None,0.51,Yes (No MIBiG connection)
KJ_230721_F_NODE_899_length_59548_cov_67.051935.region001.gbk_region_1,C3338537,None,0.51,Yes (No MIBiG connection)
CR18_HA180403_F_contig_1.region002.gbk_region_2,C3338537,None,0.51,Yes (No MIBiG connection)
CR18_BW180407_F_contig_7521.region001.gbk_region_1,C3338537,None,0.51,Yes (No MIBiG connection)
CR18_CV180410_S_contig_180.region001.gbk_region_1,C3338537,None,0.51,Yes (No MIBiG connection)
CR18_YR180404_F_contig_681.region001.gbk_region_1,C3338537,None,0.51,Yes (No MIBiG connection)
CR18_HA180403_F_contig_4032.region001.gbk_region_1,C3338537,None,0.51,Yes (No MIBiG connection)
SJ_230730_F_NODE_450_length_21139_cov_7.247555.region001.gbk_region_1,C3338537,None,0.51,Yes (No MIBiG connection)
NR_230731_F_NODE_18386_length_3490_cov_2.601546.region001.gbk_region_1,C3338537,None,0.51,Yes (No MIBiG connection)
CR18_YR180404_F_contig_1630.region001.gbk_region_1,C3338537,None,0.51,Yes (No MIBiG connection)
CR18_GE180403_S_contig_3.region001.gbk_region_1,C3338537,None,0.51,Yes (No MIBiG connection)
CR18_ER180415_S_contig_2777.region001.gbk_region_1,C3338537,None,0.51,Yes (No MIBiG connection)
CR18_YR180404_F_contig_55.region001.gbk_region_1,C3338537,None,0.51,Yes (No MIBiG connection)
CHL22_CZ_220329_F_contig_77544.region001.gbk_region_1,C3338537,None,0.51,Yes (No MIBiG connection)
HYD22_FC_221023_F_contig_1211.region001.gbk_region_1,C3338537,None,0.51,Yes (No MIBiG connection)
CHL22_CR_220324_F_contig_33004.region001.gbk_region_1,C3338537,None,0.51,Yes (No MIBiG connection)
KJ_230721_F_NODE_19324_length_6006_cov_1.595509.region001.gbk_region_1,C3338537,None,0.51,Yes (No MIBiG connection)
CR18_PX180416_S_contig_3769.region001.gbk_region_1,C3338537,None,0.51,Yes (No MIBiG connection)
CHL22_PJ_220330_F_contig_21139.region001.gbk_region_1,C3338537,None,0.51,Yes (No MIBiG connection)
CR18_HA180403_F_contig_8547.region001.gbk_region_1,C3338537,None,0.51,Yes (No MIBiG connection)
HYD22_CB_221018_F_contig_6.region001.gbk_region_1,C3338537,None,0.51,Yes (No MIBiG connection)
FEN_VR_S_NODE_438_length_19423_cov_5.954306.region001.gbk_region_1,C3338537,None,0.51,Yes (No MIBiG connection)
CHL22_PR_220403_F_contig_25716.region001.gbk_region_1,C3338537,None,0.51,Yes (No MIBiG connection)
HYD22_CB_221018_F_contig_5871.region001.gbk_region_1,C3338537,None,0.51,Yes (No MIBiG connection)
CR18_PX180416_S_contig_227.region001.gbk_region_1,C3338537,None,0.51,Yes (No MIBiG connection)
CR18_GE180403_S_contig_1382.region001.gbk_region_1,C3338537,None,0.51,Yes (No MIBiG connection)
CR18_PX180416_S_contig_736.region001.gbk_region_1,C3338537,None,0.51,Yes (No MIBiG connection)
CHL22_LC_220316_F_contig_120307.region001.gbk_region_1,C3338537,None,0.51,Yes (No MIBiG connection)
FEN_VR_S_NODE_365_length_22125_cov_6.797870.region001.gbk_region_1,C3338537,None,0.51,Yes (No MIBiG connection)
CR17_BR170218_2_S_contig_52972.region001.gbk_region_1,C3338535,None,0.51,Yes (No MIBiG connection)
AEO22_HO_220830_F_contig_340.region001.gbk_region_1,C3338535,None,0.51,Yes (No MIBiG connection)
HYD22_FR_221020_F_contig_11709.region001.gbk_region_1,C3338537,None,0.51,Yes (No MIBiG connection)
CHL22_CC_220324_F_contig_80380.region001.gbk_region_1,C3338537,None,0.51,Yes (No MIBiG connection)
CHL22_OA_220325_F_contig_89305.region001.gbk_region_1,C3338537,None,0.51,Yes (No MIBiG connection)
CHL22_CC_220324_F_contig_75863.region001.gbk_region_1,C3338537,None,0.51,Yes (No MIBiG connection)
CHL22_IS_220328_F_contig_8025.region001.gbk_region_1,C3338537,None,0.51,Yes (No MIBiG connection)
CHL22_GB_220322_F_contig_4560.region001.gbk_region_1,C3338537,None,0.51,Yes (No MIBiG connection)
CHL22_LA_220331_F_contig_21976.region001.gbk_region_1,C3338537,None,0.51,Yes (No MIBiG connection)
CHL22_EQ_220330_F_contig_3430.region001.gbk_region_1,C3338537,None,0.51,Yes (No MIBiG connection)
HYD22_CB_221018_F_contig_328.region001.gbk_region_1,C3338537,None,0.51,Yes (No MIBiG connection)
CHL22_SR_220328_F_contig_240.region001.gbk_region_1,C3338537,None,0.51,Yes (No MIBiG connection)
CHL22_LP_220401_F_contig_13806.region001.gbk_region_1,C3338537,None,0.51,Yes (No MIBiG connection)
CHL22_PJ_220330_F_contig_7515.region001.gbk_region_1,C3338537,None,0.51,Yes (No MIBiG connection)
CR19_BR1_190716_S_contig_529.region001.gbk_region_1,C3338537,None,0.51,Yes (No MIBiG connection)
CHL22_QN_220317_F_contig_127727.region001.gbk_region_1,C3338537,None,0.51,Yes (No MIBiG connection)
CR18_BW180407_F_contig_27164.region001.gbk_region_1,C3338537,None,0.51,Yes (No MIBiG connection)
HYD22_FC_221023_F_contig_46253.region001.gbk_region_1,C3338535,None,0.51,Yes (No MIBiG connection)
CR18_LH180406_S_contig_23160.region001.gbk_region_1,C3338535,None,0.51,Yes (No MIBiG connection)
CHL22_CZ_220329_F_contig_34455.region001.gbk_region_1,C3338535,None,0.51,Yes (No MIBiG connection)
CHL22_QN_220317_F_contig_153386.region001.gbk_region_1,C3338535,None,0.51,Yes (No MIBiG connection)
CHL22_LC_220316_F_contig_138373.region001.gbk_region_1,C3338535,None,0.51,Yes (No MIBiG connection)
CHL22_LR_220331_F_contig_13740.region002.gbk_region_2,C3338536,None,0.51,Yes (No MIBiG connection)
CR17_QH170213_1_S_contig_3423.region001.gbk_region_1,C3338536,None,0.51,Yes (No MIBiG connection)
CHL22_LV_220331_F_contig_30987.region002.gbk_region_2,C3338536,None,0.51,Yes (No MIBiG connection)
CHL22_CC_220324_F_contig_42860.region001.gbk_region_1,C3338536,None,0.51,Yes (No MIBiG connection)
CR18_LE180416_F_contig_24816.region001.gbk_region_1,C3338536,None,0.51,Yes (No MIBiG connection)
CHL22_QN_220317_F_contig_43925.region001.gbk_region_1,C3338536,None,0.51,Yes (No MIBiG connection)
HYD22_FC_221023_F_contig_36216.region001.gbk_region_1,C3338535,None,0.51,Yes (No MIBiG connection)
FEN_SP_S_NODE_6397_length_3305_cov_3.382154.region001.gbk_region_1,C3338535,BGC0000231.gbk_region_1,0.49,No (Directly observed)
CR17_BR170218_1_F_contig_1892.region001.gbk_region_1,C3338535,None,0.51,Yes (No MIBiG connection)
CR17_CY170214_S_contig_22338.region001.gbk_region_1,C3338535,None,0.51,Yes (No MIBiG connection)
CR17_CY170214_S_contig_22374.region001.gbk_region_1,C3338535,None,0.51,Yes (No MIBiG connection)
CR17_FA170219_1_S_contig_1878.region001.gbk_region_1,C3338535,None,0.51,Yes (No MIBiG connection)
AEO22_TC_220902_F_contig_56656.region001.gbk_region_1,C3338535,None,0.51,Yes (No MIBiG connection)
CR17_BR170218_1_S_contig_753.region001.gbk_region_1,C3338535,None,0.51,Yes (No MIBiG connection)
CR18_LB180410_S_contig_11148.region001.gbk_region_1,C3338535,BGC0001566.gbk_region_1,0.21,No (Directly observed)
CHL22_LP_220401_F_contig_32117.region001.gbk_region_1,C3338537,None,0.51,Yes (No MIBiG connection)
CHL22_TT_220331_F_contig_9313.region001.gbk_region_1,C3338537,None,0.51,Yes (No MIBiG connection)
CHL22_LA_220331_F_contig_25554.region001.gbk_region_1,C3338537,None,0.51,Yes (No MIBiG connection)
CHL22_LC_220316_F_contig_127776.region001.gbk_region_1,C3338537,None,0.51,Yes (No MIBiG connection)
CHL22_QN_220317_F_contig_125675.region001.gbk_region_1,C3338537,None,0.51,Yes (No MIBiG connection)
NR_230731_F_NODE_22630_length_3055_cov_1.713798.region001.gbk_region_1,C3338537,None,0.51,Yes (No MIBiG connection)
CR18_BS180407_F_contig_21309.region001.gbk_region_1,C3338537,None,0.51,Yes (No MIBiG connection)
CR17_PB170224_contig_3233.region001.gbk_region_1,C3338537,None,0.51,Yes (No MIBiG connection)
CH20_SP_200306_S_contig_1.region001.gbk_region_1,C3338537,None,0.51,Yes (No MIBiG connection)
CHL22_LA_220331_F_contig_550.region001.gbk_region_1,C3338537,None,0.51,Yes (No MIBiG connection)
EPR_teddybear_k141_166321.region001.gbk_region_1,C3338537,None,0.51,Yes (No MIBiG connection)
FEN_GA_F_NODE_5237_length_4616_cov_4.280202.region001.gbk_region_1,C3338537,None,0.51,Yes (No MIBiG connection)
CHL22_QN_220317_F_contig_134808.region001.gbk_region_1,C3338537,None,0.51,Yes (No MIBiG connection)
ARG19_AO_190224_F_contig_146.region001.gbk_region_1,C3338537,None,0.51,Yes (No MIBiG connection)
CR17_FA170219_1_S_contig_54008.region001.gbk_region_1,C3338537,None,0.51,Yes (No MIBiG connection)
CR17_CY170214_S_contig_1691.region001.gbk_region_1,C3338537,None,0.51,Yes (No MIBiG connection)
AEO22_LB_220827_F_contig_124494.region001.gbk_region_1,C3338536,None,0.51,Yes (No MIBiG connection)
CR18_CH180410_S_contig_1106.region001.gbk_region_1,C3338536,None,0.51,Yes (No MIBiG connection)
CHL22_LA_220331_F_contig_3485.region001.gbk_region_1,C3338536,None,0.51,Yes (No MIBiG connection)
CR17_BR170218_1_F_contig_559.region001.gbk_region_1,C3338536,None,0.51,Yes (No MIBiG connection)
AEO22_OS_220830_F_contig_766.region001.gbk_region_1,C3338536,None,0.51,Yes (No MIBiG connection)
AEO22_HO_220830_F_contig_30731.region001.gbk_region_1,C3338536,None,0.51,Yes (No MIBiG connection)
CHL22_LC_220316_F_contig_88720.region001.gbk_region_1,C3338536,None,0.51,Yes (No MIBiG connection)
AEO22_HO_220830_F_contig_10711.region001.gbk_region_1,C3338536,None,0.51,Yes (No MIBiG connection)
AEO22_BS_220902_F_contig_145.region001.gbk_region_1,C3338536,None,0.51,Yes (No MIBiG connection)
AEO22_OS_220830_F_contig_16.region001.gbk_region_1,C3338536,None,0.51,Yes (No MIBiG connection)
CR19_BR2_190717_contig_731.region001.gbk_region_1,C3338536,None,0.51,Yes (No MIBiG connection)
CHL22_EQ_220330_F_contig_23353.region001.gbk_region_1,C3338536,None,0.51,Yes (No MIBiG connection)
AEO22_BS_220902_F_contig_306.region001.gbk_region_1,C3338536,None,0.51,Yes (No MIBiG connection)
CR17_EP170215_S_contig_19048.region001.gbk_region_1,C3338536,None,0.51,Yes (No MIBiG connection)
CR17_EP170215_S_contig_8654.region001.gbk_region_1,C3338537,None,0.51,Yes (No MIBiG connection)
HYD22_SC_221020_F_contig_33.region001.gbk_region_1,C3338537,None,0.51,Yes (No MIBiG connection)
CHL22_LN_220321_F_contig_17794.region001.gbk_region_1,C3338537,None,0.51,Yes (No MIBiG connection)
CHL22_GB_220322_F_contig_30779.region001.gbk_region_1,C3338537,None,0.51,Yes (No MIBiG connection)
EPR_riftia_k141_18928.region001.gbk_region_1,C3338536,BGC0000863.gbk_region_1,0.4,No (Directly observed)
KJ_230721_F_NODE_13893_length_7674_cov_1.533457.region001.gbk_region_1,C3338536,None,0.51,Yes (No MIBiG connection)
AEO22_BO_220829_F_contig_38691.region001.gbk_region_1,C3338536,None,0.51,Yes (No MIBiG connection)
CHL22_LR_220331_F_contig_2851.region001.gbk_region_1,C3338536,None,0.51,Yes (No MIBiG connection)
GUY_SRR21545382_k141_905663.region001.gbk_region_1,C3338535,None,0.51,Yes (No MIBiG connection)
GUY_SRR21545388_k141_1934922.region001.gbk_region_1,C3338535,None,0.51,Yes (No MIBiG connection)
CHL22_CZ_220329_F_contig_4920.region001.gbk_region_1,C3338535,None,0.51,Yes (No MIBiG connection)
KJ_230721_F_NODE_54865_length_2844_cov_2.149798.region001.gbk_region_1,C3338535,None,0.51,Yes (No MIBiG connection)
CHL22_GB_220322_F_contig_31306.region001.gbk_region_1,C3338535,None,0.51,Yes (No MIBiG connection)
AEO22_BO_220829_F_contig_11333.region001.gbk_region_1,C3338535,None,0.51,Yes (No MIBiG connection)
AEO22_GV_220827_F_contig_4904.region001.gbk_region_1,C3338535,None,0.51,Yes (No MIBiG connection)
AEO22_BO_220829_F_contig_4913.region001.gbk_region_1,C3338535,None,0.51,Yes (No MIBiG connection)
GUY_SRR21545382_k141_1405636.region001.gbk_region_1,C3338535,None,0.51,Yes (No MIBiG connection)
AEO22_GV_220827_F_contig_9927.region001.gbk_region_1,C3338535,None,0.51,Yes (No MIBiG connection)
AEO22_LB_220827_F_contig_69860.region001.gbk_region_1,C3338535,None,0.51,Yes (No MIBiG connection)
AEO22_GV_220827_F_contig_18948.region001.gbk_region_1,C3338535,None,0.51,Yes (No MIBiG connection)
CHL22_OA_220325_F_contig_117122.region001.gbk_region_1,C3338537,None,0.51,Yes (No MIBiG connection)
AEO22_OS_220830_F_contig_5713.region001.gbk_region_1,C3338536,None,0.51,Yes (No MIBiG connection)
GUY_SRR21545388_k141_786069.region001.gbk_region_1,C3338536,None,0.51,Yes (No MIBiG connection)
CR17_PG172224_S_contig_26019.region001.gbk_region_1,C3338536,None,0.51,Yes (No MIBiG connection)
CHL22_CU_220402_F_contig_111305.region001.gbk_region_1,C3338535,None,0.51,Yes (No MIBiG connection)
CR18_LE180416_F_contig_10938.region001.gbk_region_1,C3338538,None,0.51,Yes (No MIBiG connection)
AEO22_TC_220902_F_contig_44348.region001.gbk_region_1,C3338537,None,0.51,Yes (No MIBiG connection)
CHL22_LR_220331_F_contig_45911.region001.gbk_region_1,C3338537,BGC0000282.gbk_region_1,0.36,No (Directly observed)
CHL22_LV_220331_F_contig_35316.region001.gbk_region_1,C3338537,BGC0000282.gbk_region_1,0.36,No (Directly observed)
EPR_riftia_k141_197414.region001.gbk_region_1,C3338535,None,0.51,Yes (No MIBiG connection)
CHL22_CZ_220329_F_contig_28634.region001.gbk_region_1,C3338535,None,0.51,Yes (No MIBiG connection)
CHL22_CZ_220329_F_contig_67601.region001.gbk_region_1,C3338535,None,0.51,Yes (No MIBiG connection)
CHL22_LC_220316_F_contig_30244.region001.gbk_region_1,C3338535,None,0.51,Yes (No MIBiG connection)
CHL22_LC_220316_F_contig_54790.region001.gbk_region_1,C3338535,None,0.51,Yes (No MIBiG connection)
CR18_BC180410_contig_2383.region001.gbk_region_1,C3338535,None,0.51,Yes (No MIBiG connection)
CR17_PF170222_S_contig_7550.region001.gbk_region_1,C3338535,None,0.51,Yes (No MIBiG connection)
AEO22_GV_220827_F_contig_42569.region001.gbk_region_1,C3338535,None,0.51,Yes (No MIBiG connection)
CHL22_PJ_220330_F_contig_8498.region001.gbk_region_1,C3338535,None,0.51,Yes (No MIBiG connection)
CHL22_CH_220319_F_contig_62818.region001.gbk_region_1,C3338535,None,0.51,Yes (No MIBiG connection)
HYD22_CB_221018_F_contig_7361.region001.gbk_region_1,C3338536,None,0.51,Yes (No MIBiG connection)
CHL22_QN_220317_F_contig_166431.region001.gbk_region_1,C3338535,BGC0000837.gbk_region_1,0.44,No (Directly observed)
CR17_EP170215_S_contig_27635.region001.gbk_region_1,C3338535,None,0.51,Yes (No MIBiG connection)
GUY_SRR21545382_k141_1664935.region001.gbk_region_1,C3338536,BGC0000869.gbk_region_1,0.46,No (Directly observed)
CHL22_CH_220319_F_contig_53064.region001.gbk_region_1,C3338536,None,0.51,Yes (No MIBiG connection)
HYD22_CB_221018_F_contig_22569.region001.gbk_region_1,C3338536,None,0.51,Yes (No MIBiG connection)
CHL22_LN_220321_F_contig_16260.region001.gbk_region_1,C3338538,None,0.51,Yes (No MIBiG connection)
EPR_teddybear_k141_74638.region001.gbk_region_1,C3338538,None,0.51,Yes (No MIBiG connection)
CR18_CZ180409_F_contig_47.region001.gbk_region_1,C3338537,None,0.51,Yes (No MIBiG connection)
NR_230731_S_NODE_14649_length_3011_cov_1.277046.region001.gbk_region_1,C3338536,BGC0003037.gbk_region_1,0.49,No (Directly observed)
ARG19_IN_190223_S_contig_15931.region001.gbk_region_1,C3338536,None,0.51,Yes (No MIBiG connection)
CHL22_SR_220328_F_contig_20153.region001.gbk_region_1,C3338536,None,0.51,Yes (No MIBiG connection)
CHL22_CU_220402_F_contig_50573.region001.gbk_region_1,C3338536,None,0.51,Yes (No MIBiG connection)
ARG19_AO_190224_F_contig_1727.region001.gbk_region_1,C3338535,None,0.51,Yes (No MIBiG connection)
CHL22_CA_220323_F_contig_146658.region001.gbk_region_1,C3338535,None,0.51,Yes (No MIBiG connection)
CR18_SC180411_F_contig_7158.region001.gbk_region_1,C3338535,None,0.51,Yes (No MIBiG connection)
AEO22_AC_220827_F_contig_39.region001.gbk_region_1,C3338535,None,0.51,Yes (No MIBiG connection)
CR17_QN170220_S_contig_5666.region001.gbk_region_1,C3338535,None,0.51,Yes (No MIBiG connection)
CR18_LE180416_S_contig_18319.region001.gbk_region_1,C3338535,None,0.51,Yes (No MIBiG connection)
HYD22_FC_221023_F_contig_24632.region001.gbk_region_1,C3338535,None,0.51,Yes (No MIBiG connection)
CHL22_CN_220327_F_contig_11009.region001.gbk_region_1,C3338535,None,0.51,Yes (No MIBiG connection)
AEO22_GV_220827_F_contig_2329.region001.gbk_region_1,C3338535,None,0.51,Yes (No MIBiG connection)
CHL22_PJ_220330_F_contig_53915.region001.gbk_region_1,C3338535,None,0.51,Yes (No MIBiG connection)
GUY_SRR21545382_k141_46738.region001.gbk_region_1,C3338535,None,0.51,Yes (No MIBiG connection)
AEO22_LB_220827_F_contig_24749.region001.gbk_region_1,C3338535,None,0.51,Yes (No MIBiG connection)
AEO22_LB_220827_F_contig_29577.region001.gbk_region_1,C3338535,None,0.51,Yes (No MIBiG connection)
KJ_230721_F_NODE_3261_length_23601_cov_1.879782.region001.gbk_region_1,C3338535,None,0.51,Yes (No MIBiG connection)
AEO22_LB_220827_F_contig_2574.region001.gbk_region_1,C3338535,None,0.51,Yes (No MIBiG connection)
EPR_riftia_k141_21744.region001.gbk_region_1,C3338535,None,0.51,Yes (No MIBiG connection)
CR18_MC180404_S_contig_10884.region001.gbk_region_1,C3338535,None,0.51,Yes (No MIBiG connection)
HYD22_CB_221018_F_contig_2726.region001.gbk_region_1,C3338535,None,0.51,Yes (No MIBiG connection)
AEO22_LB_220827_F_contig_21962.region001.gbk_region_1,C3338535,None,0.51,Yes (No MIBiG connection)
GUY_SRR21545388_k141_417498.region001.gbk_region_1,C3338535,None,0.51,Yes (No MIBiG connection)
EPR_riftia_k141_235164.region001.gbk_region_1,C3338535,None,0.51,Yes (No MIBiG connection)
CR17_PG172224_S_contig_14822.region001.gbk_region_1,C3338535,None,0.51,Yes (No MIBiG connection)
GUY_SRR21545382_k141_1582692.region001.gbk_region_1,C3338535,None,0.51,Yes (No MIBiG connection)
CR17_PG172224_S_contig_523.region001.gbk_region_1,C3338535,None,0.51,Yes (No MIBiG connection)
GUY_SRR21545382_k141_701686.region001.gbk_region_1,C3338535,None,0.51,Yes (No MIBiG connection)
CHL22_RS_220319_F_contig_20386.region001.gbk_region_1,C3338535,None,0.51,Yes (No MIBiG connection)
CHL22_LC_220316_F_contig_58494.region001.gbk_region_1,C3338535,None,0.51,Yes (No MIBiG connection)
EPR_riftia_k141_260841.region001.gbk_region_1,C3338535,None,0.51,Yes (No MIBiG connection)
GUY_SRR21545382_k141_1057848.region001.gbk_region_1,C3338535,None,0.51,Yes (No MIBiG connection)
AEO22_LB_220827_F_contig_17645.region001.gbk_region_1,C3338535,None,0.51,Yes (No MIBiG connection)
GUY_SRR21545382_k141_1318445.region001.gbk_region_1,C3338535,None,0.51,Yes (No MIBiG connection)
AEO22_LB_220827_F_contig_31221.region001.gbk_region_1,C3338535,None,0.51,Yes (No MIBiG connection)
CHL22_CN_220327_F_contig_30749.region001.gbk_region_1,C3338535,None,0.51,Yes (No MIBiG connection)
CR18_CV180410_F_contig_34.region001.gbk_region_1,C3338536,None,0.51,Yes (No MIBiG connection)
CR18_CL180409_F_contig_100.region001.gbk_region_1,C3338536,None,0.51,Yes (No MIBiG connection)
CHL22_PQ_220401_F_contig_158.region001.gbk_region_1,C3338536,None,0.51,Yes (No MIBiG connection)
CHL22_OA_220325_F_contig_71200.region001.gbk_region_1,C3338537,None,0.51,Yes (No MIBiG connection)
CR17_FA170219_1_S_contig_13457.region001.gbk_region_1,C3338537,None,0.51,Yes (No MIBiG connection)
CR17_PG172224_S_contig_73973.region001.gbk_region_1,C3338537,None,0.51,Yes (No MIBiG connection)
CR17_SI170217_S_contig_50781.region001.gbk_region_1,C3338537,None,0.51,Yes (No MIBiG connection)
CR18_RR180407_F_contig_11429.region001.gbk_region_1,C3338537,None,0.51,Yes (No MIBiG connection)
CR18_HA180403_F_contig_21874.region001.gbk_region_1,C3338537,None,0.51,Yes (No MIBiG connection)
HYD22_FC_221023_F_contig_65884.region001.gbk_region_1,C3338537,None,0.51,Yes (No MIBiG connection)
CR18_PX180416_S_contig_31419.region001.gbk_region_1,C3338537,None,0.51,Yes (No MIBiG connection)
CR17_CY170214_S_contig_47343.region001.gbk_region_1,C3338537,None,0.51,Yes (No MIBiG connection)
CR17_EP170215_S_contig_8272.region001.gbk_region_1,C3338535,None,0.51,Yes (No MIBiG connection)
CHL22_QN_220317_F_contig_161968.region001.gbk_region_1,C3338538,None,0.51,Yes (No MIBiG connection)
CHL22_CH_220319_F_contig_37895.region001.gbk_region_1,C3338538,None,0.51,Yes (No MIBiG connection)
CR18_LB180410_F_contig_20475.region001.gbk_region_1,C3338538,None,0.51,Yes (No MIBiG connection)
CHL22_CA_220323_F_contig_128811.region001.gbk_region_1,C3338538,None,0.51,Yes (No MIBiG connection)
CR18_LB180410_F_contig_1275.region001.gbk_region_1,C3338535,None,0.51,Yes (No MIBiG connection)
CR18_LB180410_S_contig_354.region001.gbk_region_1,C3338535,None,0.51,Yes (No MIBiG connection)
CR18_CH180410_F_contig_1819.region001.gbk_region_1,C3338535,None,0.51,Yes (No MIBiG connection)
CR18_BC180410_contig_577.region001.gbk_region_1,C3338535,None,0.51,Yes (No MIBiG connection)
AEO22_LB_220827_F_contig_1094.region001.gbk_region_1,C3338535,None,0.51,Yes (No MIBiG connection)
AEO22_LB_220827_F_contig_3108.region001.gbk_region_1,C3338535,None,0.51,Yes (No MIBiG connection)
AEO22_GV_220827_F_contig_731.region001.gbk_region_1,C3338535,None,0.51,Yes (No MIBiG connection)
AEO22_GV_220827_F_contig_6151.region001.gbk_region_1,C3338535,None,0.51,Yes (No MIBiG connection)
ARG19_AO_190224_F_contig_3603.region001.gbk_region_1,C3338535,None,0.51,Yes (No MIBiG connection)
HYD22_FC_221023_F_contig_895.region001.gbk_region_1,C3338536,None,0.51,Yes (No MIBiG connection)
GUY_SRR21545382_k141_936388.region001.gbk_region_1,C3338542,None,0.51,Yes (No MIBiG connection)
CHL22_CN_220327_F_contig_17569.region001.gbk_region_1,C3338542,None,0.51,Yes (No MIBiG connection)
CHL22_CR_220324_F_contig_17306.region001.gbk_region_1,C3338542,None,0.51,Yes (No MIBiG connection)
CHL22_OA_220325_F_contig_21559.region001.gbk_region_1,C3338539,BGC0002022.gbk_region_1,0.49,No (Directly observed)
CR18_BS180407_F_contig_1009.region001.gbk_region_1,C3338536,None,0.51,Yes (No MIBiG connection)
GUY_SRR21545382_k141_36009.region001.gbk_region_1,C3338536,None,0.51,Yes (No MIBiG connection)
GUY_SRR21545382_k141_1012838.region001.gbk_region_1,C3338536,None,0.51,Yes (No MIBiG connection)
AEO22_LB_220827_F_contig_34282.region001.gbk_region_1,C3338536,None,0.51,Yes (No MIBiG connection)
FEN_LS_F_NODE_2361_length_8840_cov_3.958110.region001.gbk_region_1,C3338536,None,0.51,Yes (No MIBiG connection)
CHL22_LA_220331_F_contig_6566.region001.gbk_region_1,C3338536,None,0.51,Yes (No MIBiG connection)
CHL22_OA_220325_F_contig_102536.region001.gbk_region_1,C3338535,None,0.51,Yes (No MIBiG connection)
CHL22_SR_220328_F_contig_11060.region001.gbk_region_1,C3338535,BGC0000231.gbk_region_1,0.49,No (Directly observed)
CR18_CH180410_F_contig_11433.region001.gbk_region_1,C3338535,None,0.51,Yes (No MIBiG connection)
CHL22_CC_220324_F_contig_57133.region001.gbk_region_1,C3338536,None,0.51,Yes (No MIBiG connection)
CHL22_CC_220324_F_contig_74922.region001.gbk_region_1,C3338536,None,0.51,Yes (No MIBiG connection)
AEO22_OS_220830_F_contig_13770.region001.gbk_region_1,C3338536,None,0.51,Yes (No MIBiG connection)
CHL22_PR_220403_F_contig_8417.region001.gbk_region_1,C3338535,None,0.51,Yes (No MIBiG connection)
CHL22_SR_220328_F_contig_3485.region001.gbk_region_1,C3338535,None,0.51,Yes (No MIBiG connection)
CHL22_CN_220327_F_contig_28354.region001.gbk_region_1,C3338535,None,0.51,Yes (No MIBiG connection)
CHL22_QN_220317_F_contig_6323.region001.gbk_region_1,C3338535,None,0.51,Yes (No MIBiG connection)
CHL22_LA_220331_F_contig_7939.region001.gbk_region_1,C3338535,None,0.51,Yes (No MIBiG connection)
CR18_BS180407_F_contig_1428.region001.gbk_region_1,C3338536,None,0.51,Yes (No MIBiG connection)
HYD22_FC_221023_F_contig_6591.region001.gbk_region_1,C3338536,None,0.51,Yes (No MIBiG connection)
CR18_RC180404_F_contig_3521.region001.gbk_region_1,C3338536,None,0.51,Yes (No MIBiG connection)
CHL22_CU_220402_F_contig_58640.region001.gbk_region_1,C3338535,None,0.51,Yes (No MIBiG connection)
CR18_CZ180409_F_contig_18746.region001.gbk_region_1,C3338535,None,0.51,Yes (No MIBiG connection)
CR18_CZ180409_F_contig_20500.region001.gbk_region_1,C3338535,None,0.51,Yes (No MIBiG connection)
CR18_CZ180409_F_contig_16902.region001.gbk_region_1,C3338535,None,0.51,Yes (No MIBiG connection)
CR18_LW180405_S_contig_16504.region001.gbk_region_1,C3338537,None,0.51,Yes (No MIBiG connection)
CR18_YR180404_F_contig_32275.region001.gbk_region_1,C3338537,None,0.51,Yes (No MIBiG connection)
CHL22_CC_220324_F_contig_34840.region001.gbk_region_1,C3338537,None,0.51,Yes (No MIBiG connection)
CR18_CH180410_S_contig_961.region001.gbk_region_1,C3338535,None,0.51,Yes (No MIBiG connection)
TR_230731_S_NODE_15020_length_4995_cov_1.175431.region001.gbk_region_1,C3338537,BGC0000282.gbk_region_1,0.31,No (Directly observed)
CHL22_GB_220322_F_contig_13469.region001.gbk_region_1,C3338537,None,0.51,Yes (No MIBiG connection)
CHL22_QN_220317_F_contig_19951.region001.gbk_region_1,C3338537,None,0.51,Yes (No MIBiG connection)
CHL22_LV_220331_F_contig_31990.region001.gbk_region_1,C3338537,None,0.51,Yes (No MIBiG connection)
CHL22_IS_220328_F_contig_18621.region001.gbk_region_1,C3338537,None,0.51,Yes (No MIBiG connection)
CHL22_GB_220322_F_contig_11922.region001.gbk_region_1,C3338537,None,0.51,Yes (No MIBiG connection)
KJ_230721_F_NODE_123_length_192710_cov_2.225363.region001.gbk_region_1,C3338537,None,0.51,Yes (No MIBiG connection)
CR18_LH180406_F_contig_1897.region001.gbk_region_1,C3338537,None,0.51,Yes (No MIBiG connection)
CHL22_LP_220401_F_contig_104935.region001.gbk_region_1,C3338537,None,0.51,Yes (No MIBiG connection)
CR18_CH180410_S_contig_23.region001.gbk_region_1,C3338537,None,0.51,Yes (No MIBiG connection)
KJ_230721_F_NODE_43233_length_3368_cov_2.045665.region001.gbk_region_1,C3338537,None,0.51,Yes (No MIBiG connection)
CHL22_CA_220323_F_contig_30216.region001.gbk_region_1,C3338537,BGC0000282.gbk_region_1,0.38,No (Directly observed)
CHL22_CZ_220329_F_contig_21091.region001.gbk_region_1,C3338537,None,0.51,Yes (No MIBiG connection)
CR18_LP180406_F_contig_7908.region001.gbk_region_1,C3338537,None,0.51,Yes (No MIBiG connection)
CHL22_LA_220331_F_contig_17503.region001.gbk_region_1,C3338537,None,0.51,Yes (No MIBiG connection)
CHL22_LR_220331_F_contig_41874.region001.gbk_region_1,C3338537,None,0.51,Yes (No MIBiG connection)
CHL22_LC_220316_F_contig_146850.region001.gbk_region_1,C3338537,None,0.51,Yes (No MIBiG connection)
CHL22_LN_220321_F_contig_23995.region001.gbk_region_1,C3338537,None,0.51,Yes (No MIBiG connection)
AEO22_OS_220830_F_contig_1071.region001.gbk_region_1,C3338537,BGC0000282.gbk_region_1,0.36,No (Directly observed)
CHL22_CZ_220329_F_contig_55902.region001.gbk_region_1,C3338537,None,0.51,Yes (No MIBiG connection)
HYD22_FC_221023_F_contig_831.region001.gbk_region_1,C3338537,BGC0000282.gbk_region_1,0.45,No (Directly observed)
CHL22_CZ_220329_F_contig_25652.region001.gbk_region_1,C3338537,None,0.51,Yes (No MIBiG connection)
FEN_LS_S_NODE_471_length_38380_cov_8.507971.region001.gbk_region_1,C3338537,None,0.51,Yes (No MIBiG connection)
CR18_CV180410_S_contig_767.region001.gbk_region_1,C3338537,None,0.51,Yes (No MIBiG connection)
HYD22_SC_221020_F_contig_14191.region001.gbk_region_1,C3338537,None,0.51,Yes (No MIBiG connection)
CR17_CY170214_S_contig_6589.region001.gbk_region_1,C3338537,None,0.51,Yes (No MIBiG connection)
CHL22_CA_220323_F_contig_127115.region001.gbk_region_1,C3338537,BGC0000282.gbk_region_1,0.49,No (Directly observed)
CHL22_EQ_220330_F_contig_27164.region001.gbk_region_1,C3338537,None,0.51,Yes (No MIBiG connection)
CHL22_CN_220327_F_contig_25011.region001.gbk_region_1,C3338537,BGC0000282.gbk_region_1,0.42,No (Directly observed)
CHL22_LC_220316_F_contig_109861.region001.gbk_region_1,C3338537,None,0.51,Yes (No MIBiG connection)
CR17_QN170220_S_contig_4577.region001.gbk_region_1,C3338537,None,0.51,Yes (No MIBiG connection)
CHL22_OA_220325_F_contig_100743.region001.gbk_region_1,C3338537,None,0.51,Yes (No MIBiG connection)
CHL22_LN_220321_F_contig_8758.region001.gbk_region_1,C3338537,None,0.51,Yes (No MIBiG connection)
CHL22_OA_220325_F_contig_120971.region001.gbk_region_1,C3338537,None,0.51,Yes (No MIBiG connection)
CHL22_OA_220325_F_contig_80703.region001.gbk_region_1,C3338537,None,0.51,Yes (No MIBiG connection)
KJ_230721_F_NODE_4459_length_18399_cov_1.757607.region001.gbk_region_1,C3338537,None,0.51,Yes (No MIBiG connection)
CR18_GE180403_S_contig_9826.region001.gbk_region_1,C3338537,None,0.51,Yes (No MIBiG connection)
HYD22_CB_221018_F_contig_1284.region001.gbk_region_1,C3338537,None,0.51,Yes (No MIBiG connection)
CHL22_LV_220331_F_contig_30393.region001.gbk_region_1,C3338537,None,0.51,Yes (No MIBiG connection)
CR17_ET170220_1_S_contig_612.region001.gbk_region_1,C3338537,None,0.51,Yes (No MIBiG connection)
CHL22_QN_220317_F_contig_19428.region001.gbk_region_1,C3338537,None,0.51,Yes (No MIBiG connection)
CHL22_QN_220317_F_contig_11603.region001.gbk_region_1,C3338537,None,0.51,Yes (No MIBiG connection)
CHL22_QN_220317_F_contig_48372.region001.gbk_region_1,C3338537,None,0.51,Yes (No MIBiG connection)
CR18_LB180410_S_contig_6327.region001.gbk_region_1,C3338537,None,0.51,Yes (No MIBiG connection)
CR18_LW180405_S_contig_94.region001.gbk_region_1,C3338537,None,0.51,Yes (No MIBiG connection)
CHL22_CC_220324_F_contig_45275.region001.gbk_region_1,C3338537,None,0.51,Yes (No MIBiG connection)
CR17_SI170217_S_contig_28796.region001.gbk_region_1,C3338537,None,0.51,Yes (No MIBiG connection)
CHL22_LP_220401_F_contig_87127.region001.gbk_region_1,C3338537,None,0.51,Yes (No MIBiG connection)
CR18_BW180407_F_contig_410.region001.gbk_region_1,C3338537,BGC0000282.gbk_region_1,0.35,No (Directly observed)
CHL22_OA_220325_F_contig_6962.region001.gbk_region_1,C3338537,None,0.51,Yes (No MIBiG connection)
CR18_GE180403_S_contig_2444.region001.gbk_region_1,C3338537,None,0.51,Yes (No MIBiG connection)
CR18_GE180403_S_contig_286.region001.gbk_region_1,C3338537,None,0.51,Yes (No MIBiG connection)
CHL22_QN_220317_F_contig_2744.region001.gbk_region_1,C3338537,None,0.51,Yes (No MIBiG connection)
CR18_RC180404_S_contig_25184.region001.gbk_region_1,C3338537,None,0.51,Yes (No MIBiG connection)
CHL22_CC_220324_F_contig_6332.region001.gbk_region_1,C3338537,None,0.51,Yes (No MIBiG connection)
CHL22_QN_220317_F_contig_983.region001.gbk_region_1,C3338537,None,0.51,Yes (No MIBiG connection)
CR18_BW180407_F_contig_1984.region001.gbk_region_1,C3338537,None,0.51,Yes (No MIBiG connection)
KJ_230721_F_NODE_19331_length_6005_cov_1.354883.region001.gbk_region_1,C3338537,None,0.51,Yes (No MIBiG connection)
CHL22_LA_220331_F_contig_9797.region001.gbk_region_1,C3338537,None,0.51,Yes (No MIBiG connection)
CHL22_PJ_220330_F_contig_53618.region001.gbk_region_1,C3338537,None,0.51,Yes (No MIBiG connection)
CR18_LH180406_F_contig_393.region001.gbk_region_1,C3338537,None,0.51,Yes (No MIBiG connection)
KJ_230721_F_NODE_21805_length_5498_cov_4.920127.region001.gbk_region_1,C3338537,None,0.51,Yes (No MIBiG connection)
CR17_ET170220_1_S_contig_90.region001.gbk_region_1,C3338537,None,0.51,Yes (No MIBiG connection)
CR18_RC180404_S_contig_12096.region001.gbk_region_1,C3338537,None,0.51,Yes (No MIBiG connection)
CHL22_PJ_220330_F_contig_50815.region001.gbk_region_1,C3338537,None,0.51,Yes (No MIBiG connection)
CR18_LP180406_F_contig_4503.region001.gbk_region_1,C3338537,BGC0001647.gbk_region_1,0.49,No (Directly observed)
EPR_teddybear_k141_564139.region001.gbk_region_1,C3338537,None,0.51,Yes (No MIBiG connection)
CHL22_CA_220323_F_contig_43209.region001.gbk_region_1,C3338537,None,0.51,Yes (No MIBiG connection)
KJ_230721_F_NODE_5157_length_16443_cov_1.027151.region001.gbk_region_1,C3338537,None,0.51,Yes (No MIBiG connection)
CHL22_EQ_220330_F_contig_12122.region001.gbk_region_1,C3338537,None,0.51,Yes (No MIBiG connection)
CHL22_CA_220323_F_contig_155064.region001.gbk_region_1,C3338537,None,0.51,Yes (No MIBiG connection)
CHL22_RS_220319_F_contig_4813.region001.gbk_region_1,C3338537,None,0.51,Yes (No MIBiG connection)
EPR_riftia_k141_455929.region001.gbk_region_1,C3338535,None,0.51,Yes (No MIBiG connection)
CHL22_CC_220324_F_contig_6965.region001.gbk_region_1,C3338537,None,0.51,Yes (No MIBiG connection)
AEO22_LB_220827_F_contig_8115.region001.gbk_region_1,C3338535,None,0.51,Yes (No MIBiG connection)
GUY_SRR21545382_k141_113950.region001.gbk_region_1,C3338535,None,0.51,Yes (No MIBiG connection)
CR17_ES170215_1_F_contig_10795.region001.gbk_region_1,C3338535,None,0.51,Yes (No MIBiG connection)
CHL22_LC_220316_F_contig_126016.region001.gbk_region_1,C3338536,None,0.51,Yes (No MIBiG connection)
CR18_BW180407_F_contig_28.region001.gbk_region_1,C3338537,None,0.51,Yes (No MIBiG connection)
CR18_PX180416_S_contig_1482.region001.gbk_region_1,C3338537,None,0.51,Yes (No MIBiG connection)
CR18_CW180415_F_contig_6368.region001.gbk_region_1,C3338537,None,0.51,Yes (No MIBiG connection)
CR18_CZ180409_F_contig_541.region001.gbk_region_1,C3338537,None,0.51,Yes (No MIBiG connection)
CHL22_QN_220317_F_contig_146936.region001.gbk_region_1,C3338537,None,0.51,Yes (No MIBiG connection)
AEO22_OS_220830_F_contig_72.region001.gbk_region_1,C3338537,None,0.51,Yes (No MIBiG connection)
AEO22_BS_220902_F_contig_4284.region001.gbk_region_1,C3338537,None,0.51,Yes (No MIBiG connection)
CR18_RR180407_F_contig_212.region001.gbk_region_1,C3338537,BGC0000282.gbk_region_1,0.35,No (Directly observed)
CHL22_CZ_220329_F_contig_18324.region001.gbk_region_1,C3338537,None,0.51,Yes (No MIBiG connection)
CHL22_LP_220401_F_contig_12547.region001.gbk_region_1,C3338537,None,0.51,Yes (No MIBiG connection)
CR18_PX180416_S_contig_23464.region001.gbk_region_1,C3338537,None,0.51,Yes (No MIBiG connection)
AEO22_CF_220902_F_contig_29748.region001.gbk_region_1,C3338537,BGC0002987.gbk_region_1,0.42,No (Directly observed)
AEO22_CF_220902_F_contig_9513.region001.gbk_region_1,C3338537,None,0.51,Yes (No MIBiG connection)
CHL22_PJ_220330_F_contig_60048.region001.gbk_region_1,C3338535,None,0.51,Yes (No MIBiG connection)
CHL22_CZ_220329_F_contig_91537.region001.gbk_region_1,C3338535,None,0.51,Yes (No MIBiG connection)
KJ_230721_F_NODE_3182_length_24055_cov_1.562772.region001.gbk_region_1,C3338535,None,0.51,Yes (No MIBiG connection)
HYD22_FC_221023_F_contig_23052.region001.gbk_region_1,C3338535,None,0.51,Yes (No MIBiG connection)
CR19_BR1_190716_S_contig_2589.region001.gbk_region_1,C3338535,None,0.51,Yes (No MIBiG connection)
CR17_FA170219_1_S_contig_2955.region001.gbk_region_1,C3338535,None,0.51,Yes (No MIBiG connection)
AEO22_CF_220902_F_contig_8704.region001.gbk_region_1,C3338535,None,0.51,Yes (No MIBiG connection)
GUY_SRR21545382_k141_848471.region001.gbk_region_1,C3338535,None,0.51,Yes (No MIBiG connection)
CHL22_LA_220331_F_contig_496.region001.gbk_region_1,C3338537,None,0.51,Yes (No MIBiG connection)
CHL22_LP_220401_F_contig_63727.region001.gbk_region_1,C3338537,None,0.51,Yes (No MIBiG connection)
CR18_CV180410_S_contig_9302.region001.gbk_region_1,C3338537,None,0.51,Yes (No MIBiG connection)
CHL22_OA_220325_F_contig_109572.region001.gbk_region_1,C3338537,None,0.51,Yes (No MIBiG connection)
CHL22_QN_220317_F_contig_181017.region001.gbk_region_1,C3338537,BGC0001831.gbk_region_1,0.49,No (Directly observed)
CHL22_LP_220401_F_contig_55458.region001.gbk_region_1,C3338537,None,0.51,Yes (No MIBiG connection)
CHL22_LC_220316_F_contig_2022.region001.gbk_region_1,C3338537,None,0.51,Yes (No MIBiG connection)
CHL22_LC_220316_F_contig_119440.region001.gbk_region_1,C3338537,BGC0000282.gbk_region_1,0.5,No (Directly observed)
CR18_LP180406_F_contig_9748.region001.gbk_region_1,C3338537,None,0.51,Yes (No MIBiG connection)
NR_230731_F_NODE_24361_length_2908_cov_0.653722.region001.gbk_region_1,C3338537,None,0.51,Yes (No MIBiG connection)
EPR_alvinella_k141_49166.region001.gbk_region_1,C3338535,None,0.51,Yes (No MIBiG connection)
FEN_VR_S_NODE_4402_length_3243_cov_4.223338.region001.gbk_region_1,C3338535,None,0.51,Yes (No MIBiG connection)
HYD22_CB_221018_F_contig_35897.region001.gbk_region_1,C3338536,None,0.51,Yes (No MIBiG connection)
CHL22_LP_220401_F_contig_91792.region001.gbk_region_1,C3338536,None,0.51,Yes (No MIBiG connection)
CHL22_GB_220322_F_contig_29386.region001.gbk_region_1,C3338536,None,0.51,Yes (No MIBiG connection)
CHL22_CC_220324_F_contig_58175.region001.gbk_region_1,C3338536,None,0.51,Yes (No MIBiG connection)
CHL22_CU_220402_F_contig_36263.region001.gbk_region_1,C3338537,None,0.51,Yes (No MIBiG connection)
HYD22_FC_221023_F_contig_7796.region001.gbk_region_1,C3338537,None,0.51,Yes (No MIBiG connection)
CHL22_SR_220328_F_contig_95.region001.gbk_region_1,C3338537,None,0.51,Yes (No MIBiG connection)
CHL22_CZ_220329_F_contig_55088.region001.gbk_region_1,C3338537,None,0.51,Yes (No MIBiG connection)
GUY_SRR21545388_k141_1786781.region001.gbk_region_1,C3338535,None,0.51,Yes (No MIBiG connection)
HYD22_SC_221020_F_contig_185.region001.gbk_region_1,C3338535,None,0.51,Yes (No MIBiG connection)
CR18_HA180403_F_contig_16209.region001.gbk_region_1,C3338535,BGC0002547.gbk_region_1,0.42,No (Directly observed)
CHL22_LN_220321_F_contig_4289.region001.gbk_region_1,C3338535,None,0.51,Yes (No MIBiG connection)
CHL22_GB_220322_F_contig_12276.region001.gbk_region_1,C3338535,None,0.51,Yes (No MIBiG connection)
CHL22_CN_220327_F_contig_33594.region001.gbk_region_1,C3338538,BGC0001164.gbk_region_1,0.35,No (Directly observed)
CHL22_CC_220324_F_contig_18510.region001.gbk_region_1,C3338538,BGC0001164.gbk_region_1,0.3,No (Directly observed)
CHL22_EQ_220330_F_contig_38904.region001.gbk_region_1,C3338538,BGC0001164.gbk_region_1,0.4,No (Directly observed)
CHL22_PJ_220330_F_contig_28960.region001.gbk_region_1,C3338538,BGC0001160.gbk_region_1,0.45,No (Directly observed)
ARG19_IN_190223_S_contig_925.region001.gbk_region_1,C3338536,None,0.51,Yes (No MIBiG connection)
CHL22_LC_220316_F_contig_88954.region001.gbk_region_1,C3338535,None,0.51,Yes (No MIBiG connection)
CHL22_CH_220319_F_contig_95827.region001.gbk_region_1,C3338535,None,0.51,Yes (No MIBiG connection)
CR17_PG172224_S_contig_1849.region001.gbk_region_1,C3338535,None,0.51,Yes (No MIBiG connection)
HYD22_FC_221023_F_contig_1433.region001.gbk_region_1,C3338535,None,0.51,Yes (No MIBiG connection)
EPR_riftia_k141_577444.region001.gbk_region_1,C3338535,None,0.51,Yes (No MIBiG connection)
CR18_RC180404_F_contig_3105.region001.gbk_region_1,C3338535,None,0.51,Yes (No MIBiG connection)
CHL22_CZ_220329_F_contig_1800.region001.gbk_region_1,C3338535,BGC0000256.gbk_region_1,0.4,No (Directly observed)
CR17_TC170221_S_contig_2997.region001.gbk_region_1,C3338535,None,0.51,Yes (No MIBiG connection)
CHL22_TT_220331_F_contig_3430.region001.gbk_region_1,C3338535,None,0.51,Yes (No MIBiG connection)
CR18_LH180406_S_contig_323.region001.gbk_region_1,C3338535,None,0.51,Yes (No MIBiG connection)
CR17_PG172224_S_contig_8719.region001.gbk_region_1,C3338535,None,0.51,Yes (No MIBiG connection)
CR18_LH180406_F_contig_6629.region001.gbk_region_1,C3338535,None,0.51,Yes (No MIBiG connection)
CHL22_TT_220331_F_contig_4113.region001.gbk_region_1,C3338537,None,0.51,Yes (No MIBiG connection)
CR17_SI170217_S_contig_4274.region001.gbk_region_1,C3338537,None,0.51,Yes (No MIBiG connection)
CHL22_RS_220319_F_contig_39287.region001.gbk_region_1,C3338536,None,0.51,Yes (No MIBiG connection)
ARG19_IN_190223_S_contig_10069.region001.gbk_region_1,C3338536,None,0.51,Yes (No MIBiG connection)
CHL22_LV_220331_F_contig_8064.region001.gbk_region_1,C3338537,None,0.51,Yes (No MIBiG connection)
CR17_PF170222_S_contig_8358.region001.gbk_region_1,C3338537,None,0.51,Yes (No MIBiG connection)
CHL22_CA_220323_F_contig_136512.region001.gbk_region_1,C3338537,None,0.51,Yes (No MIBiG connection)
CR18_LP180406_F_contig_19086.region001.gbk_region_1,C3338536,None,0.51,Yes (No MIBiG connection)
SJ_230730_S_NODE_3588_length_3605_cov_3.021825.region001.gbk_region_1,C3338536,None,0.51,Yes (No MIBiG connection)
CHL22_QN_220317_F_contig_29111.region001.gbk_region_1,C3338537,BGC0001186.gbk_region_1,0.47,No (Directly observed)
AEO22_LB_220827_F_contig_126075.region001.gbk_region_1,C3338535,None,0.51,Yes (No MIBiG connection)
CR17_CY170214_S_contig_4210.region001.gbk_region_1,C3338537,None,0.51,Yes (No MIBiG connection)
CHL22_OA_220325_F_contig_89631.region001.gbk_region_1,C3338537,None,0.51,Yes (No MIBiG connection)
CR17_CY170214_S_contig_150.region001.gbk_region_1,C3338537,None,0.51,Yes (No MIBiG connection)
CHL22_LP_220401_F_contig_79924.region001.gbk_region_1,C3338537,None,0.51,Yes (No MIBiG connection)
CHL22_QN_220317_F_contig_10164.region001.gbk_region_1,C3338537,None,0.51,Yes (No MIBiG connection)
CR18_RC180404_S_contig_2785.region001.gbk_region_1,C3338537,None,0.51,Yes (No MIBiG connection)
CHL22_CN_220327_F_contig_18417.region001.gbk_region_1,C3338537,None,0.51,Yes (No MIBiG connection)
CHL22_CC_220324_F_contig_31440.region001.gbk_region_1,C3338537,None,0.51,Yes (No MIBiG connection)
CHL22_QN_220317_F_contig_59530.region001.gbk_region_1,C3338537,None,0.51,Yes (No MIBiG connection)
CR18_LE180416_S_contig_12865.region001.gbk_region_1,C3338537,None,0.51,Yes (No MIBiG connection)
FEN_LS_S_NODE_73_length_97167_cov_11.058479.region001.gbk_region_1,C3338537,None,0.51,Yes (No MIBiG connection)
CR18_RC180404_S_contig_130.region001.gbk_region_1,C3338537,None,0.51,Yes (No MIBiG connection)
KJ_230721_F_NODE_6223_length_14131_cov_1.500286.region001.gbk_region_1,C3338537,None,0.51,Yes (No MIBiG connection)
CHL22_OA_220325_F_contig_20342.region001.gbk_region_1,C3338537,None,0.51,Yes (No MIBiG connection)
CR17_PG172224_S_contig_320.region001.gbk_region_1,C3338537,None,0.51,Yes (No MIBiG connection)
CHL22_OA_220325_F_contig_85838.region001.gbk_region_1,C3338537,None,0.51,Yes (No MIBiG connection)
FEN_LS_S_NODE_3737_length_9159_cov_3.599297.region001.gbk_region_1,C3338537,None,0.51,Yes (No MIBiG connection)
CHL22_LN_220321_F_contig_21914.region001.gbk_region_1,C3338537,None,0.51,Yes (No MIBiG connection)
FEN_LS_F_NODE_4_length_218411_cov_13.047294.region001.gbk_region_1,C3338537,None,0.51,Yes (No MIBiG connection)
FEN_GA_F_NODE_526_length_25828_cov_15.859039.region001.gbk_region_1,C3338537,None,0.51,Yes (No MIBiG connection)
AEO22_OS_220830_F_contig_808.region001.gbk_region_1,C3338537,None,0.51,Yes (No MIBiG connection)
CHL22_QN_220317_F_contig_102.region001.gbk_region_1,C3338537,None,0.51,Yes (No MIBiG connection)
CHL22_OA_220325_F_contig_110746.region001.gbk_region_1,C3338537,None,0.51,Yes (No MIBiG connection)
CR18_LB180410_S_contig_10300.region001.gbk_region_1,C3338536,None,0.51,Yes (No MIBiG connection)
CR17_EP170215_S_contig_46476.region001.gbk_region_1,C3338536,None,0.51,Yes (No MIBiG connection)
CHL22_CZ_220329_F_contig_80721.region001.gbk_region_1,C3338535,None,0.51,Yes (No MIBiG connection)
CHL22_CA_220323_F_contig_201006.region001.gbk_region_1,C3338536,None,0.51,Yes (No MIBiG connection)
CHL22_QN_220317_F_contig_193130.region001.gbk_region_1,C3338536,None,0.51,Yes (No MIBiG connection)
EPR_teddybear_k141_645671.region001.gbk_region_1,C3338536,None,0.51,Yes (No MIBiG connection)
KJ_230721_F_NODE_32714_length_4104_cov_1.464923.region001.gbk_region_1,C3338536,None,0.51,Yes (No MIBiG connection)
CHL22_CZ_220329_F_contig_652.region001.gbk_region_1,C3338536,None,0.51,Yes (No MIBiG connection)
CHL22_LA_220331_F_contig_26060.region001.gbk_region_1,C3338536,None,0.51,Yes (No MIBiG connection)
CHL22_OA_220325_F_contig_121438.region001.gbk_region_1,C3338536,None,0.51,Yes (No MIBiG connection)
NR_230731_F_NODE_31851_length_2445_cov_0.856773.region001.gbk_region_1,C3338536,None,0.51,Yes (No MIBiG connection)
CHL22_QN_220317_F_contig_3399.region001.gbk_region_1,C3338536,None,0.51,Yes (No MIBiG connection)
CR17_PG172224_S_contig_2311.region001.gbk_region_1,C3338536,None,0.51,Yes (No MIBiG connection)
AEO22_BO_220829_F_contig_3614.region001.gbk_region_1,C3338536,None,0.51,Yes (No MIBiG connection)
HYD22_SC_221020_F_contig_7004.region001.gbk_region_1,C3338536,None,0.51,Yes (No MIBiG connection)
CHL22_QN_220317_F_contig_2417.region001.gbk_region_1,C3338536,None,0.51,Yes (No MIBiG connection)
CR17_BR170218_1_F_contig_18.region001.gbk_region_1,C3338537,None,0.51,Yes (No MIBiG connection)
CR18_LH180406_S_contig_55.region001.gbk_region_1,C3338537,None,0.51,Yes (No MIBiG connection)
CR17_TC170221_F_contig_1299.region001.gbk_region_1,C3338537,None,0.51,Yes (No MIBiG connection)
CR17_BR170218_1_S_contig_17.region001.gbk_region_1,C3338537,None,0.51,Yes (No MIBiG connection)
CR17_MT170219_F_contig_3203.region001.gbk_region_1,C3338537,None,0.51,Yes (No MIBiG connection)
CR19_AC_190614_S_contig_4658.region001.gbk_region_1,C3338537,None,0.51,Yes (No MIBiG connection)
CR17_QH170213_1_S_contig_12920.region001.gbk_region_1,C3338537,None,0.51,Yes (No MIBiG connection)
HYD22_CB_221018_F_contig_51756.region001.gbk_region_1,C3338537,None,0.51,Yes (No MIBiG connection)
CR19_LR_190628_S_contig_10520.region001.gbk_region_1,C3338537,BGC0000282.gbk_region_1,0.49,No (Directly observed)
CR17_FA170219_1_S_contig_10.region001.gbk_region_1,C3338537,None,0.51,Yes (No MIBiG connection)
CR18_RC180404_S_contig_485.region001.gbk_region_1,C3338537,None,0.51,Yes (No MIBiG connection)
CHL22_CU_220402_F_contig_43538.region001.gbk_region_1,C3338535,None,0.51,Yes (No MIBiG connection)
GUY_SRR21545382_k141_220619.region001.gbk_region_1,C3338535,None,0.51,Yes (No MIBiG connection)
CHL22_CU_220402_F_contig_52036.region001.gbk_region_1,C3338535,None,0.51,Yes (No MIBiG connection)
CHL22_CU_220402_F_contig_108466.region001.gbk_region_1,C3338535,None,0.51,Yes (No MIBiG connection)
GUY_SRR21545382_k141_1161996.region001.gbk_region_1,C3338535,None,0.51,Yes (No MIBiG connection)
GUY_SRR21545388_k141_673668.region001.gbk_region_1,C3338535,None,0.51,Yes (No MIBiG connection)
CHL22_OA_220325_F_contig_101275.region001.gbk_region_1,C3338535,None,0.51,Yes (No MIBiG connection)
CHL22_LN_220321_F_contig_28824.region001.gbk_region_1,C3338535,None,0.51,Yes (No MIBiG connection)
EPR_riftia_k141_526662.region001.gbk_region_1,C3338535,None,0.51,Yes (No MIBiG connection)
AEO22_HO_220830_F_contig_316.region001.gbk_region_1,C3338535,None,0.51,Yes (No MIBiG connection)
CHL22_CH_220319_F_contig_4494.region001.gbk_region_1,C3338535,None,0.51,Yes (No MIBiG connection)
EPR_alvinella_k141_282153.region001.gbk_region_1,C3338535,None,0.51,Yes (No MIBiG connection)
EPR_teddybear_k141_344926.region001.gbk_region_1,C3338535,None,0.51,Yes (No MIBiG connection)
CHL22_LC_220316_F_contig_37138.region001.gbk_region_1,C3338535,None,0.51,Yes (No MIBiG connection)
CHL22_LC_220316_F_contig_23766.region002.gbk_region_2,C3338535,None,0.51,Yes (No MIBiG connection)
HYD22_FC_221023_F_contig_1073.region001.gbk_region_1,C3338535,None,0.51,Yes (No MIBiG connection)
CR18_CH180410_S_contig_15825.region001.gbk_region_1,C3338535,None,0.51,Yes (No MIBiG connection)
CR19_BR2_190717_contig_237.region001.gbk_region_1,C3338535,None,0.51,Yes (No MIBiG connection)
CHL22_CC_220324_F_contig_53037.region001.gbk_region_1,C3338535,None,0.51,Yes (No MIBiG connection)
CHL22_LC_220316_F_contig_65325.region001.gbk_region_1,C3338535,None,0.51,Yes (No MIBiG connection)
CHL22_LC_220316_F_contig_99126.region001.gbk_region_1,C3338535,None,0.51,Yes (No MIBiG connection)
CHL22_QN_220317_F_contig_2554.region001.gbk_region_1,C3338535,None,0.51,Yes (No MIBiG connection)
HYD22_CB_221018_F_contig_72.region001.gbk_region_1,C3338535,None,0.51,Yes (No MIBiG connection)
CHL22_CH_220319_F_contig_12133.region001.gbk_region_1,C3338535,None,0.51,Yes (No MIBiG connection)
CHL22_LC_220316_F_contig_2845.region001.gbk_region_1,C3338535,None,0.51,Yes (No MIBiG connection)
CHL22_OA_220325_F_contig_3132.region001.gbk_region_1,C3338535,None,0.51,Yes (No MIBiG connection)
CHL22_OA_220325_F_contig_109353.region001.gbk_region_1,C3338535,None,0.51,Yes (No MIBiG connection)
AEO22_LB_220827_F_contig_1705.region001.gbk_region_1,C3338535,None,0.51,Yes (No MIBiG connection)
GUY_SRR21545388_k141_1502081.region001.gbk_region_1,C3338535,None,0.51,Yes (No MIBiG connection)
CHL22_CZ_220329_F_contig_9677.region001.gbk_region_1,C3338535,None,0.51,Yes (No MIBiG connection)
AEO22_AC_220827_F_contig_8499.region001.gbk_region_1,C3338535,None,0.51,Yes (No MIBiG connection)
CHL22_CH_220319_F_contig_11689.region001.gbk_region_1,C3338535,None,0.51,Yes (No MIBiG connection)
CH20_TF_200303_F_contig_812.region001.gbk_region_1,C3338535,None,0.51,Yes (No MIBiG connection)
CHL22_OA_220325_F_contig_120689.region001.gbk_region_1,C3338535,None,0.51,Yes (No MIBiG connection)
AEO22_LB_220827_F_contig_1084.region001.gbk_region_1,C3338535,None,0.51,Yes (No MIBiG connection)
CHL22_QN_220317_F_contig_26612.region001.gbk_region_1,C3338535,None,0.51,Yes (No MIBiG connection)
CR18_CV180410_S_contig_3.region001.gbk_region_1,C3338535,None,0.51,Yes (No MIBiG connection)
CR17_RS170216_F_contig_2985.region001.gbk_region_1,C3338535,None,0.51,Yes (No MIBiG connection)
CHL22_CU_220402_F_contig_9861.region001.gbk_region_1,C3338535,None,0.51,Yes (No MIBiG connection)
CR17_MT170219_F_contig_409.region001.gbk_region_1,C3338535,None,0.51,Yes (No MIBiG connection)
GUY_SRR21545388_k141_1299746.region001.gbk_region_1,C3338535,None,0.51,Yes (No MIBiG connection)
AEO22_TC_220902_F_contig_13428.region001.gbk_region_1,C3338535,None,0.51,Yes (No MIBiG connection)
CR17_FA170219_1_S_contig_2847.region001.gbk_region_1,C3338535,None,0.51,Yes (No MIBiG connection)
CHL22_QN_220317_F_contig_850.region001.gbk_region_1,C3338535,None,0.51,Yes (No MIBiG connection)
CR18_RC180404_F_contig_93.region001.gbk_region_1,C3338535,None,0.51,Yes (No MIBiG connection)
EPR_riftia_k141_338167.region001.gbk_region_1,C3338535,None,0.51,Yes (No MIBiG connection)
CHL22_OA_220325_F_contig_79489.region001.gbk_region_1,C3338535,None,0.51,Yes (No MIBiG connection)
CHL22_CN_220327_F_contig_55334.region001.gbk_region_1,C3338535,None,0.51,Yes (No MIBiG connection)
EPR_CV88_k141_313220.region001.gbk_region_1,C3338535,None,0.51,Yes (No MIBiG connection)
CR17_FA170219_1_S_contig_7294.region001.gbk_region_1,C3338535,None,0.51,Yes (No MIBiG connection)
CHL22_LP_220401_F_contig_14070.region002.gbk_region_2,C3338535,None,0.51,Yes (No MIBiG connection)
CR17_BR170218_2_F_contig_83.region001.gbk_region_1,C3338535,None,0.51,Yes (No MIBiG connection)
CHL22_CU_220402_F_contig_52129.region001.gbk_region_1,C3338535,None,0.51,Yes (No MIBiG connection)
CHL22_CU_220402_F_contig_71105.region001.gbk_region_1,C3338535,None,0.51,Yes (No MIBiG connection)
CHL22_QN_220317_F_contig_2425.region001.gbk_region_1,C3338535,None,0.51,Yes (No MIBiG connection)
CHL22_LC_220316_F_contig_101107.region001.gbk_region_1,C3338535,None,0.51,Yes (No MIBiG connection)
CHL22_CZ_220329_F_contig_60407.region001.gbk_region_1,C3338535,None,0.51,Yes (No MIBiG connection)
CR17_BR170218_2_F_contig_3757.region001.gbk_region_1,C3338535,None,0.51,Yes (No MIBiG connection)
CHL22_RS_220319_F_contig_14828.region001.gbk_region_1,C3338535,None,0.51,Yes (No MIBiG connection)
AEO22_LB_220827_F_contig_60465.region001.gbk_region_1,C3338535,None,0.51,Yes (No MIBiG connection)
CR18_LE180416_F_contig_35.region001.gbk_region_1,C3338535,None,0.51,Yes (No MIBiG connection)
CHL22_LP_220401_F_contig_95614.region001.gbk_region_1,C3338535,None,0.51,Yes (No MIBiG connection)
CHL22_CN_220327_F_contig_17273.region001.gbk_region_1,C3338535,None,0.51,Yes (No MIBiG connection)
EPR_teddybear_k141_723750.region001.gbk_region_1,C3338535,None,0.51,Yes (No MIBiG connection)
CR18_CW180415_S_contig_10557.region001.gbk_region_1,C3338535,None,0.51,Yes (No MIBiG connection)
CHL22_CH_220319_F_contig_27277.region001.gbk_region_1,C3338535,None,0.51,Yes (No MIBiG connection)
CR18_RR180407_F_contig_8517.region001.gbk_region_1,C3338535,None,0.51,Yes (No MIBiG connection)
CHL22_LP_220401_F_contig_20302.region001.gbk_region_1,C3338537,None,0.51,Yes (No MIBiG connection)
EPR_riftia_k141_623698.region001.gbk_region_1,C3338538,None,0.51,Yes (No MIBiG connection)
GUY_SRR21545388_k141_920055.region001.gbk_region_1,C3338536,None,0.51,Yes (No MIBiG connection)
CHL22_LC_220316_F_contig_71030.region001.gbk_region_1,C3338536,None,0.51,Yes (No MIBiG connection)
GUY_SRR21545388_k141_2509037.region001.gbk_region_1,C3338536,BGC0000017.gbk_region_1,0.46,No (Directly observed)
CHL22_SR_220328_F_contig_28236.region001.gbk_region_1,C3338537,None,0.51,Yes (No MIBiG connection)
CHL22_CH_220319_F_contig_50463.region001.gbk_region_1,C3338537,None,0.51,Yes (No MIBiG connection)
CR18_PX180416_S_contig_10856.region001.gbk_region_1,C3338537,None,0.51,Yes (No MIBiG connection)
HYD22_CB_221018_F_contig_29240.region001.gbk_region_1,C3338537,None,0.51,Yes (No MIBiG connection)
CR18_CL180409_F_contig_10022.region001.gbk_region_1,C3338537,None,0.51,Yes (No MIBiG connection)
CHL22_LV_220331_F_contig_31203.region001.gbk_region_1,C3338537,None,0.51,Yes (No MIBiG connection)
CR18_BW180407_F_contig_5509.region001.gbk_region_1,C3338537,None,0.51,Yes (No MIBiG connection)
CHL22_CC_220324_F_contig_74861.region001.gbk_region_1,C3338536,None,0.51,Yes (No MIBiG connection)
AEO22_LB_220827_F_contig_48328.region001.gbk_region_1,C3338535,None,0.51,Yes (No MIBiG connection)
CHL22_CH_220319_F_contig_45664.region001.gbk_region_1,C3338535,None,0.51,Yes (No MIBiG connection)
HYD22_FC_221023_F_contig_56851.region001.gbk_region_1,C3338535,None,0.51,Yes (No MIBiG connection)
CR18_SC180411_F_contig_26322.region001.gbk_region_1,C3338535,None,0.51,Yes (No MIBiG connection)
CR18_LE180416_S_contig_2489.region001.gbk_region_1,C3338538,None,0.51,Yes (No MIBiG connection)
FEN_GA_F_NODE_7287_length_3525_cov_4.407781.region001.gbk_region_1,C3338538,None,0.51,Yes (No MIBiG connection)
CHL22_CC_220324_F_contig_44653.region001.gbk_region_1,C3338538,None,0.51,Yes (No MIBiG connection)
CR18_CH180410_F_contig_8415.region001.gbk_region_1,C3338538,None,0.51,Yes (No MIBiG connection)
CR17_QH170213_1_S_contig_3493.region001.gbk_region_1,C3338536,None,0.51,Yes (No MIBiG connection)
KJ_230721_F_NODE_882_length_60278_cov_1.598993.region001.gbk_region_1,C3338536,None,0.51,Yes (No MIBiG connection)
FEN_SP_S_NODE_1260_length_12970_cov_6.861247.region001.gbk_region_1,C3338536,None,0.51,Yes (No MIBiG connection)
CHL22_LC_220316_F_contig_57215.region001.gbk_region_1,C3338535,None,0.51,Yes (No MIBiG connection)
HYD22_CB_221018_F_contig_74711.region001.gbk_region_1,C3338535,None,0.51,Yes (No MIBiG connection)
CHL22_CU_220402_F_contig_108.region001.gbk_region_1,C3338535,None,0.51,Yes (No MIBiG connection)
EPR_teddybear_k141_44026.region001.gbk_region_1,C3338535,None,0.51,Yes (No MIBiG connection)
CHL22_QN_220317_F_contig_175072.region001.gbk_region_1,C3338535,None,0.51,Yes (No MIBiG connection)
AEO22_LB_220827_F_contig_31761.region001.gbk_region_1,C3338535,None,0.51,Yes (No MIBiG connection)
ARG19_PM_190223_S_contig_33.region001.gbk_region_1,C3338536,BGC0000869.gbk_region_1,0.48,No (Directly observed)
CR18_RC180404_S_contig_982.region001.gbk_region_1,C3338536,None,0.51,Yes (No MIBiG connection)
CR18_CI180408_S_contig_589.region001.gbk_region_1,C3338536,BGC0000869.gbk_region_1,0.47,No (Directly observed)
CR17_QH170213_1_S_contig_359.region001.gbk_region_1,C3338536,BGC0000869.gbk_region_1,0.48,No (Directly observed)
ARG19_PM_190223_F_contig_47.region001.gbk_region_1,C3338536,BGC0000869.gbk_region_1,0.48,No (Directly observed)
CR18_CL180409_F_contig_719.region001.gbk_region_1,C3338536,BGC0000869.gbk_region_1,0.48,No (Directly observed)
CHL22_LP_220401_F_contig_70106.region001.gbk_region_1,C3338535,None,0.51,Yes (No MIBiG connection)
CR17_PG172224_S_contig_40693.region001.gbk_region_1,C3338536,None,0.51,Yes (No MIBiG connection)
CR18_LE180416_F_contig_47211.region001.gbk_region_1,C3338536,None,0.51,Yes (No MIBiG connection)
CHL22_LC_220316_F_contig_109430.region001.gbk_region_1,C3338536,None,0.51,Yes (No MIBiG connection)
GUY_SRR21545382_k141_699018.region001.gbk_region_1,C3338536,None,0.51,Yes (No MIBiG connection)
CHL22_CH_220319_F_contig_106857.region001.gbk_region_1,C3338536,None,0.51,Yes (No MIBiG connection)
CHL22_CA_220323_F_contig_123578.region001.gbk_region_1,C3338536,None,0.51,Yes (No MIBiG connection)
KJ_230721_F_NODE_58342_length_2721_cov_0.771010.region001.gbk_region_1,C3338536,None,0.51,Yes (No MIBiG connection)
CHL22_GB_220322_F_contig_17597.region001.gbk_region_1,C3338535,None,0.51,Yes (No MIBiG connection)
AEO22_HO_220830_F_contig_5037.region001.gbk_region_1,C3338535,None,0.51,Yes (No MIBiG connection)
CHL22_CU_220402_F_contig_73050.region001.gbk_region_1,C3338537,None,0.51,Yes (No MIBiG connection)
HYD22_FC_221023_F_contig_17308.region001.gbk_region_1,C3338538,None,0.51,Yes (No MIBiG connection)
CHL22_GB_220322_F_contig_9227.region001.gbk_region_1,C3338538,None,0.51,Yes (No MIBiG connection)
HYD22_CB_221018_F_contig_36729.region001.gbk_region_1,C3338538,None,0.51,Yes (No MIBiG connection)
CHL22_CC_220324_F_contig_20486.region001.gbk_region_1,C3338538,None,0.51,Yes (No MIBiG connection)
CHL22_IS_220328_F_contig_9287.region001.gbk_region_1,C3338538,None,0.51,Yes (No MIBiG connection)
CHL22_EQ_220330_F_contig_13577.region001.gbk_region_1,C3338538,None,0.51,Yes (No MIBiG connection)
CHL22_LP_220401_F_contig_57837.region001.gbk_region_1,C3338538,None,0.51,Yes (No MIBiG connection)
CHL22_PJ_220330_F_contig_4875.region001.gbk_region_1,C3338538,None,0.51,Yes (No MIBiG connection)
GUY_SRR21545388_k141_1091183.region001.gbk_region_1,C3338535,None,0.51,Yes (No MIBiG connection)
CR17_SL170214_F_contig_1544.region001.gbk_region_1,C3338535,None,0.51,Yes (No MIBiG connection)
CHL22_SR_220328_F_contig_8983.region001.gbk_region_1,C3338535,None,0.51,Yes (No MIBiG connection)
AEO22_BO_220829_F_contig_3302.region001.gbk_region_1,C3338535,None,0.51,Yes (No MIBiG connection)
CR18_CH180410_S_contig_14533.region001.gbk_region_1,C3338535,None,0.51,Yes (No MIBiG connection)
EPR_teddybear_k141_445713.region001.gbk_region_1,C3338535,None,0.51,Yes (No MIBiG connection)
CHL22_CC_220324_F_contig_55351.region001.gbk_region_1,C3338535,None,0.51,Yes (No MIBiG connection)
AEO22_LB_220827_F_contig_5673.region001.gbk_region_1,C3338535,None,0.51,Yes (No MIBiG connection)
CR17_BR170218_2_S_contig_19777.region001.gbk_region_1,C3338535,None,0.51,Yes (No MIBiG connection)
GUY_SRR21545388_k141_2414669.region001.gbk_region_1,C3338535,None,0.51,Yes (No MIBiG connection)
CR17_SL170214_S_contig_7077.region001.gbk_region_1,C3338535,None,0.51,Yes (No MIBiG connection)
GUY_SRR21545388_k141_2986043.region001.gbk_region_1,C3338535,None,0.51,Yes (No MIBiG connection)
AEO22_BP2_220829_F_contig_11897.region001.gbk_region_1,C3338535,None,0.51,Yes (No MIBiG connection)
KJ_230721_F_NODE_16997_length_6606_cov_4.766322.region001.gbk_region_1,C3338535,None,0.51,Yes (No MIBiG connection)
FEN_LS_S_NODE_1564_length_17256_cov_4.952386.region001.gbk_region_1,C3338535,None,0.51,Yes (No MIBiG connection)
CR18_YR180404_F_contig_699.region001.gbk_region_1,C3338535,None,0.51,Yes (No MIBiG connection)
EPR_alvinella_k141_415873.region001.gbk_region_1,C3338535,None,0.51,Yes (No MIBiG connection)
CHL22_LA_220331_F_contig_12092.region001.gbk_region_1,C3338535,None,0.51,Yes (No MIBiG connection)
CR18_LE180416_F_contig_696.region001.gbk_region_1,C3338538,None,0.51,Yes (No MIBiG connection)
CHL22_QN_220317_F_contig_26186.region001.gbk_region_1,C3338538,None,0.51,Yes (No MIBiG connection)
HYD22_SP_221019_F_contig_36606.region001.gbk_region_1,C3338535,None,0.51,Yes (No MIBiG connection)
HYD22_SP_221019_F_contig_31873.region001.gbk_region_1,C3338535,None,0.51,Yes (No MIBiG connection)
CHL22_CU_220402_F_contig_89517.region001.gbk_region_1,C3338537,None,0.51,Yes (No MIBiG connection)
CHL22_CU_220402_F_contig_53551.region001.gbk_region_1,C3338537,None,0.51,Yes (No MIBiG connection)
ARG19_AO_190224_F_contig_6454.region001.gbk_region_1,C3338537,None,0.51,Yes (No MIBiG connection)
EPR_teddybear_k141_599531.region001.gbk_region_1,C3338537,None,0.51,Yes (No MIBiG connection)
KJ_230721_F_NODE_57710_length_2741_cov_1.383703.region001.gbk_region_1,C3338537,None,0.51,Yes (No MIBiG connection)
CHL22_CU_220402_F_contig_103220.region001.gbk_region_1,C3338537,None,0.51,Yes (No MIBiG connection)
CHL22_CU_220402_F_contig_39628.region001.gbk_region_1,C3338537,None,0.51,Yes (No MIBiG connection)
CHL22_CU_220402_F_contig_86582.region001.gbk_region_1,C3338537,None,0.51,Yes (No MIBiG connection)
CR18_LP180406_F_contig_23109.region001.gbk_region_1,C3338537,None,0.51,Yes (No MIBiG connection)
NR_230731_F_NODE_33988_length_2346_cov_7.588103.region001.gbk_region_1,C3338537,None,0.51,Yes (No MIBiG connection)
CHL22_LP_220401_F_contig_81491.region001.gbk_region_1,C3338537,None,0.51,Yes (No MIBiG connection)
CHL22_QN_220317_F_contig_34893.region001.gbk_region_1,C3338537,None,0.51,Yes (No MIBiG connection)
FEN_GA_F_NODE_288_length_37969_cov_6.497916.region001.gbk_region_1,C3338537,None,0.51,Yes (No MIBiG connection)
EPR_teddybear_k141_341035.region001.gbk_region_1,C3338537,None,0.51,Yes (No MIBiG connection)
EPR_teddybear_k141_77343.region001.gbk_region_1,C3338537,None,0.51,Yes (No MIBiG connection)
CR18_CH180410_F_contig_1985.region001.gbk_region_1,C3338536,None,0.51,Yes (No MIBiG connection)
HYD22_SP_221019_F_contig_9807.region001.gbk_region_1,C3338536,None,0.51,Yes (No MIBiG connection)
HYD22_SB_221021_F_contig_180.region001.gbk_region_1,C3338536,None,0.51,Yes (No MIBiG connection)
CHL22_CH_220319_F_contig_91679.region001.gbk_region_1,C3338536,None,0.51,Yes (No MIBiG connection)
HYD22_SP_221019_F_contig_11105.region001.gbk_region_1,C3338536,None,0.51,Yes (No MIBiG connection)
KJ_230721_F_NODE_32406_length_4133_cov_0.887419.region001.gbk_region_1,C3338536,None,0.51,Yes (No MIBiG connection)
CR17_PG172224_S_contig_24990.region001.gbk_region_1,C3338536,None,0.51,Yes (No MIBiG connection)
CHL22_CA_220323_F_contig_95767.region001.gbk_region_1,C3338536,None,0.51,Yes (No MIBiG connection)
FEN_SI_2_NODE_3717_length_3304_cov_39.783626.region001.gbk_region_1,C3338536,None,0.51,Yes (No MIBiG connection)
AEO22_BO_220829_F_contig_15790.region001.gbk_region_1,C3338536,None,0.51,Yes (No MIBiG connection)
CR17_PG172224_S_contig_28057.region001.gbk_region_1,C3338536,None,0.51,Yes (No MIBiG connection)
CHL22_LN_220321_F_contig_37805.region001.gbk_region_1,C3338536,None,0.51,Yes (No MIBiG connection)
GUY_SRR21545388_k141_1027532.region001.gbk_region_1,C3338535,None,0.51,Yes (No MIBiG connection)
GUY_SRR21545388_k141_1546330.region001.gbk_region_1,C3338535,None,0.51,Yes (No MIBiG connection)
GUY_SRR21545382_k141_706474.region001.gbk_region_1,C3338535,None,0.51,Yes (No MIBiG connection)
AEO22_OS_220830_F_contig_4515.region001.gbk_region_1,C3338535,None,0.51,Yes (No MIBiG connection)
CR17_PG172224_S_contig_27644.region001.gbk_region_1,C3338535,None,0.51,Yes (No MIBiG connection)
GUY_SRR21545388_k141_144146.region001.gbk_region_1,C3338535,None,0.51,Yes (No MIBiG connection)
HYD22_SB_221021_F_contig_23689.region001.gbk_region_1,C3338535,None,0.51,Yes (No MIBiG connection)
GUY_SRR21545382_k141_1843916.region001.gbk_region_1,C3338535,None,0.51,Yes (No MIBiG connection)
GUY_SRR21545382_k141_70192.region001.gbk_region_1,C3338535,BGC0000836.gbk_region_1,0.5,No (Directly observed)
CR17_SI170217_S_contig_4461.region001.gbk_region_1,C3338535,None,0.51,Yes (No MIBiG connection)
EPR_riftia_k141_483977.region001.gbk_region_1,C3338535,None,0.51,Yes (No MIBiG connection)
CHL22_CN_220327_F_contig_51202.region001.gbk_region_1,C3338535,None,0.51,Yes (No MIBiG connection)
CHL22_CH_220319_F_contig_115017.region001.gbk_region_1,C3338535,None,0.51,Yes (No MIBiG connection)
CHL22_CU_220402_F_contig_97966.region001.gbk_region_1,C3338536,BGC0000863.gbk_region_1,0.2,No (Directly observed)
CHL22_PR_220403_F_contig_7488.region001.gbk_region_1,C3338536,BGC0000863.gbk_region_1,0.37,No (Directly observed)
CHL22_PR_220403_F_contig_1086.region001.gbk_region_1,C3338536,BGC0000863.gbk_region_1,0.37,No (Directly observed)
CHL22_PR_220403_F_contig_25480.region001.gbk_region_1,C3338536,BGC0000863.gbk_region_1,0.19,No (Directly observed)
FEN_GA_S_NODE_731_length_3719_cov_3.648472.region001.gbk_region_1,C3338538,None,0.51,Yes (No MIBiG connection)
CR19_AC_190614_S_contig_2118.region001.gbk_region_1,C3338538,None,0.51,Yes (No MIBiG connection)
CR17_ET170220_1_S_contig_14929.region001.gbk_region_1,C3338538,None,0.51,Yes (No MIBiG connection)
GUY_SRR21545388_k141_190607.region001.gbk_region_1,C3338538,None,0.51,Yes (No MIBiG connection)
CHL22_OA_220325_F_contig_17805.region001.gbk_region_1,C3338538,None,0.51,Yes (No MIBiG connection)
CR17_EP170215_S_contig_16958.region001.gbk_region_1,C3338538,None,0.51,Yes (No MIBiG connection)
NR_230731_S_NODE_12911_length_3315_cov_0.605395.region001.gbk_region_1,C3338538,None,0.51,Yes (No MIBiG connection)
CR17_ET170220_1_S_contig_15208.region001.gbk_region_1,C3338538,None,0.51,Yes (No MIBiG connection)
CR18_LE180416_F_contig_8162.region001.gbk_region_1,C3338538,None,0.51,Yes (No MIBiG connection)
KJ_230721_F_NODE_40771_length_3512_cov_0.910487.region001.gbk_region_1,C3338538,None,0.51,Yes (No MIBiG connection)
CHL22_LN_220321_F_contig_8800.region001.gbk_region_1,C3338538,None,0.51,Yes (No MIBiG connection)
CHL22_LA_220331_F_contig_19158.region001.gbk_region_1,C3338537,None,0.51,Yes (No MIBiG connection)
CHL22_PJ_220330_F_contig_53784.region001.gbk_region_1,C3338537,None,0.51,Yes (No MIBiG connection)
CR18_LH180406_F_contig_25623.region001.gbk_region_1,C3338537,None,0.51,Yes (No MIBiG connection)
CHL22_CN_220327_F_contig_3851.region001.gbk_region_1,C3338537,None,0.51,Yes (No MIBiG connection)
FEN_CG_F_NODE_77_length_26392_cov_10.301705.region001.gbk_region_1,C3338536,None,0.51,Yes (No MIBiG connection)
CHL22_QN_220317_F_contig_172803.region001.gbk_region_1,C3338536,None,0.51,Yes (No MIBiG connection)
CHL22_OA_220325_F_contig_83763.region001.gbk_region_1,C3338537,None,0.51,Yes (No MIBiG connection)
HYD22_SC_221020_F_contig_29236.region001.gbk_region_1,C3338537,None,0.51,Yes (No MIBiG connection)
HYD22_FC_221023_F_contig_8970.region001.gbk_region_1,C3338537,None,0.51,Yes (No MIBiG connection)
CR18_LB180410_F_contig_10431.region001.gbk_region_1,C3338537,None,0.51,Yes (No MIBiG connection)
CHL22_RS_220319_F_contig_83681.region001.gbk_region_1,C3338537,None,0.51,Yes (No MIBiG connection)
CHL22_LC_220316_F_contig_29594.region001.gbk_region_1,C3338537,None,0.51,Yes (No MIBiG connection)
CHL22_QN_220317_F_contig_190880.region001.gbk_region_1,C3338537,None,0.51,Yes (No MIBiG connection)
KJ_230721_F_NODE_80078_length_2169_cov_1.085700.region001.gbk_region_1,C3338537,None,0.51,Yes (No MIBiG connection)
CR18_LB180410_S_contig_8224.region001.gbk_region_1,C3338537,None,0.51,Yes (No MIBiG connection)
AEO22_TC_220902_F_contig_22187.region001.gbk_region_1,C3338537,None,0.51,Yes (No MIBiG connection)
CHL22_LA_220331_F_contig_17611.region001.gbk_region_1,C3338537,None,0.51,Yes (No MIBiG connection)
CR18_LB180410_F_contig_7770.region001.gbk_region_1,C3338537,None,0.51,Yes (No MIBiG connection)
CHL22_OA_220325_F_contig_116088.region001.gbk_region_1,C3338537,None,0.51,Yes (No MIBiG connection)
CR17_CY170214_S_contig_12161.region001.gbk_region_1,C3338537,None,0.51,Yes (No MIBiG connection)
CR18_LH180406_F_contig_22139.region001.gbk_region_1,C3338537,None,0.51,Yes (No MIBiG connection)
CHL22_CC_220324_F_contig_8093.region001.gbk_region_1,C3338537,None,0.51,Yes (No MIBiG connection)
CHL22_LC_220316_F_contig_18689.region001.gbk_region_1,C3338537,None,0.51,Yes (No MIBiG connection)
AEO22_BO_220829_F_contig_9163.region001.gbk_region_1,C3338537,None,0.51,Yes (No MIBiG connection)
CHL22_CZ_220329_F_contig_6486.region001.gbk_region_1,C3338537,BGC0001962.gbk_region_1,0.48,No (Directly observed)
CR18_LP180406_F_contig_2524.region001.gbk_region_1,C3338537,None,0.51,Yes (No MIBiG connection)
CHL22_EQ_220330_F_contig_30885.region001.gbk_region_1,C3338537,None,0.51,Yes (No MIBiG connection)
CHL22_LN_220321_F_contig_39660.region001.gbk_region_1,C3338537,None,0.51,Yes (No MIBiG connection)
CHL22_LP_220401_F_contig_60521.region001.gbk_region_1,C3338536,None,0.51,Yes (No MIBiG connection)
CR17_RS170216_S_contig_1227.region001.gbk_region_1,C3338536,None,0.51,Yes (No MIBiG connection)
CR17_EP170215_F_contig_28.region001.gbk_region_1,C3338536,None,0.51,Yes (No MIBiG connection)
CR18_LW180405_S_contig_12800.region001.gbk_region_1,C3338537,None,0.51,Yes (No MIBiG connection)
CHL22_PR_220403_F_contig_23056.region001.gbk_region_1,C3338537,None,0.51,Yes (No MIBiG connection)
CHL22_CH_220319_F_contig_120577.region001.gbk_region_1,C3338537,None,0.51,Yes (No MIBiG connection)
HYD22_FC_221023_F_contig_10580.region001.gbk_region_1,C3338535,None,0.51,Yes (No MIBiG connection)
CHL22_CH_220319_F_contig_54882.region001.gbk_region_1,C3338537,None,0.51,Yes (No MIBiG connection)
CR17_PF170222_F_contig_3843.region001.gbk_region_1,C3338537,None,0.51,Yes (No MIBiG connection)
CR17_QN170220_S_contig_4826.region001.gbk_region_1,C3338537,None,0.51,Yes (No MIBiG connection)
CR17_PF170222_F_contig_4212.region001.gbk_region_1,C3338537,None,0.51,Yes (No MIBiG connection)
CHL22_CH_220319_F_contig_14942.region001.gbk_region_1,C3338537,None,0.51,Yes (No MIBiG connection)
CR18_LW180405_S_contig_466.region001.gbk_region_1,C3338537,None,0.51,Yes (No MIBiG connection)
HYD22_FC_221023_F_contig_35340.region001.gbk_region_1,C3338535,None,0.51,Yes (No MIBiG connection)
CHL22_LV_220331_F_contig_29548.region001.gbk_region_1,C3338537,None,0.51,Yes (No MIBiG connection)
HYD22_FC_221023_F_contig_11679.region001.gbk_region_1,C3338537,None,0.51,Yes (No MIBiG connection)
CR18_LH180406_S_contig_27854.region001.gbk_region_1,C3338537,None,0.51,Yes (No MIBiG connection)
AEO22_GV_220827_F_contig_9731.region001.gbk_region_1,C3338537,None,0.51,Yes (No MIBiG connection)
CHL22_OA_220325_F_contig_89822.region001.gbk_region_1,C3338537,None,0.51,Yes (No MIBiG connection)
EPR_teddybear_k141_193903.region001.gbk_region_1,C3338537,None,0.51,Yes (No MIBiG connection)
CHL22_LC_220316_F_contig_146523.region001.gbk_region_1,C3338537,None,0.51,Yes (No MIBiG connection)
CHL22_GB_220322_F_contig_19411.region001.gbk_region_1,C3338537,None,0.51,Yes (No MIBiG connection)
HYD22_CB_221018_F_contig_1379.region001.gbk_region_1,C3338535,None,0.51,Yes (No MIBiG connection)
EPR_teddybear_k141_874974.region001.gbk_region_1,C3338536,None,0.51,Yes (No MIBiG connection)
EPR_teddybear_k141_702097.region001.gbk_region_1,C3338536,None,0.51,Yes (No MIBiG connection)
FEN_LS_F_NODE_13564_length_2670_cov_2.791587.region001.gbk_region_1,C3338536,None,0.51,Yes (No MIBiG connection)
AEO22_BO_220829_F_contig_65742.region001.gbk_region_1,C3338536,None,0.51,Yes (No MIBiG connection)
CHL22_QN_220317_F_contig_159346.region001.gbk_region_1,C3338536,None,0.51,Yes (No MIBiG connection)
CR18_LB180410_F_contig_20604.region001.gbk_region_1,C3338536,None,0.51,Yes (No MIBiG connection)
HYD22_FC_221023_F_contig_57897.region001.gbk_region_1,C3338536,None,0.51,Yes (No MIBiG connection)
CHL22_OA_220325_F_contig_75955.region001.gbk_region_1,C3338538,None,0.51,Yes (No MIBiG connection)
GUY_SRR21545388_k141_3124190.region001.gbk_region_1,C3338538,None,0.51,Yes (No MIBiG connection)
CHL22_PJ_220330_F_contig_9901.region001.gbk_region_1,C3338538,None,0.51,Yes (No MIBiG connection)
CHL22_OA_220325_F_contig_117109.region001.gbk_region_1,C3338538,None,0.51,Yes (No MIBiG connection)
CR18_CI180408_S_contig_2118.region001.gbk_region_1,C3338538,None,0.51,Yes (No MIBiG connection)
CR18_LE180416_F_contig_8918.region001.gbk_region_1,C3338538,None,0.51,Yes (No MIBiG connection)
TR_230731_S_NODE_37928_length_2257_cov_0.692488.region001.gbk_region_1,C3338535,None,0.51,Yes (No MIBiG connection)
CR18_RR180407_F_contig_11559.region001.gbk_region_1,C3338535,None,0.51,Yes (No MIBiG connection)
CHL22_GB_220322_F_contig_20436.region001.gbk_region_1,C3338535,None,0.51,Yes (No MIBiG connection)
ARG19_IN_190223_S_contig_20529.region001.gbk_region_1,C3338535,None,0.51,Yes (No MIBiG connection)
AEO22_CF_220902_F_contig_7794.region001.gbk_region_1,C3338537,BGC0000282.gbk_region_1,0.38,No (Directly observed)
GUY_SRR21545388_k141_2203568.region001.gbk_region_1,C3338537,BGC0000282.gbk_region_1,0.47,No (Directly observed)
CR17_BR170218_2_S_contig_38157.region001.gbk_region_1,C3338537,BGC0000282.gbk_region_1,0.49,No (Directly observed)
CHL22_CZ_220329_F_contig_9486.region001.gbk_region_1,C3338537,BGC0001831.gbk_region_1,0.46,No (Directly observed)
FEN_PI_F_NODE_575_length_9101_cov_4.427040.region001.gbk_region_1,C3338537,BGC0001831.gbk_region_1,0.44,No (Directly observed)
CR17_QH170213_1_S_contig_5793.region001.gbk_region_1,C3338537,BGC0001831.gbk_region_1,0.49,No (Directly observed)
CHL22_EQ_220330_F_contig_43160.region001.gbk_region_1,C3338537,BGC0000282.gbk_region_1,0.41,No (Directly observed)
CR17_PG172224_S_contig_14861.region001.gbk_region_1,C3338537,BGC0001831.gbk_region_1,0.46,No (Directly observed)
AEO22_AC_220827_F_contig_26409.region001.gbk_region_1,C3338537,BGC0000282.gbk_region_1,0.44,No (Directly observed)
CR17_QN170220_S_contig_225.region001.gbk_region_1,C3338537,None,0.51,Yes (No MIBiG connection)
CR17_PG172224_S_contig_51051.region001.gbk_region_1,C3338537,BGC0001831.gbk_region_1,0.44,No (Directly observed)
CHL22_QN_220317_F_contig_13273.region001.gbk_region_1,C3338537,BGC0000282.gbk_region_1,0.47,No (Directly observed)
CR18_RR180407_F_contig_15107.region001.gbk_region_1,C3338537,BGC0001831.gbk_region_1,0.45,No (Directly observed)
CR18_LW180405_S_contig_4305.region001.gbk_region_1,C3338537,BGC0000282.gbk_region_1,0.45,No (Directly observed)
CHL22_QN_220317_F_contig_66417.region001.gbk_region_1,C3338537,BGC0000282.gbk_region_1,0.49,No (Directly observed)
FEN_LS_S_NODE_30_length_132126_cov_8.100105.region001.gbk_region_1,C3338537,None,0.51,Yes (No MIBiG connection)
CR17_ET170220_1_S_contig_4600.region001.gbk_region_1,C3338537,BGC0000282.gbk_region_1,0.44,No (Directly observed)
CR18_LB180410_S_contig_14953.region001.gbk_region_1,C3338537,BGC0001831.gbk_region_1,0.49,No (Directly observed)
CHL22_CC_220324_F_contig_5280.region001.gbk_region_1,C3338537,None,0.51,Yes (No MIBiG connection)
CR18_RR180407_F_contig_6959.region001.gbk_region_1,C3338537,BGC0000282.gbk_region_1,0.33,No (Directly observed)
CR17_FA170219_1_S_contig_44763.region001.gbk_region_1,C3338537,BGC0000282.gbk_region_1,0.48,No (Directly observed)
FEN_PI_S_NODE_113_length_26346_cov_23.106843.region001.gbk_region_1,C3338537,BGC0001831.gbk_region_1,0.44,No (Directly observed)
CR18_LE180416_S_contig_21524.region001.gbk_region_1,C3338537,BGC0001831.gbk_region_1,0.39,No (Directly observed)
AEO22_TC_220902_F_contig_17969.region001.gbk_region_1,C3338537,BGC0000282.gbk_region_1,0.49,No (Directly observed)
CHL22_LP_220401_F_contig_88198.region001.gbk_region_1,C3338537,BGC0000282.gbk_region_1,0.42,No (Directly observed)
HYD22_FC_221023_F_contig_14310.region001.gbk_region_1,C3338537,BGC0000282.gbk_region_1,0.49,No (Directly observed)
CH20_SP_200306_S_contig_412.region001.gbk_region_1,C3338537,BGC0000282.gbk_region_1,0.37,No (Directly observed)
CHL22_PJ_220330_F_contig_40479.region001.gbk_region_1,C3338537,BGC0001831.gbk_region_1,0.41,No (Directly observed)
CHL22_LC_220316_F_contig_39753.region001.gbk_region_1,C3338537,BGC0000282.gbk_region_1,0.39,No (Directly observed)
CHL22_OA_220325_F_contig_40019.region002.gbk_region_2,C3338537,BGC0000282.gbk_region_1,0.48,No (Directly observed)
CHL22_OA_220325_F_contig_98699.region001.gbk_region_1,C3338537,BGC0000282.gbk_region_1,0.35,No (Directly observed)
HYD22_CB_221018_F_contig_50151.region001.gbk_region_1,C3338537,BGC0000282.gbk_region_1,0.46,No (Directly observed)
CR18_LE180416_F_contig_38520.region001.gbk_region_1,C3338537,BGC0001831.gbk_region_1,0.46,No (Directly observed)
FEN_LS_S_NODE_19073_length_2744_cov_13.441428.region001.gbk_region_1,C3338537,BGC0001831.gbk_region_1,0.35,No (Directly observed)
CHL22_LC_220316_F_contig_89044.region001.gbk_region_1,C3338538,None,0.51,Yes (No MIBiG connection)
FEN_LS_F_NODE_13944_length_2620_cov_3.406238.region001.gbk_region_1,C3338535,None,0.51,Yes (No MIBiG connection)
CHL22_LR_220331_F_contig_23361.region001.gbk_region_1,C3338535,None,0.51,Yes (No MIBiG connection)
KJ_230721_F_NODE_8732_length_10951_cov_1.660661.region001.gbk_region_1,C3338538,None,0.51,Yes (No MIBiG connection)
CHL22_LC_220316_F_contig_69791.region001.gbk_region_1,C3338538,None,0.51,Yes (No MIBiG connection)
CHL22_CU_220402_F_contig_109144.region001.gbk_region_1,C3338538,None,0.51,Yes (No MIBiG connection)
CHL22_RS_220319_F_contig_8384.region001.gbk_region_1,C3338536,BGC0002497.gbk_region_1,0.46,No (Directly observed)
FEN_GA_F_NODE_218_length_45068_cov_9.998823.region001.gbk_region_1,C3338536,None,0.51,Yes (No MIBiG connection)
CR18_CH180410_S_contig_4152.region001.gbk_region_1,C3338536,BGC0002497.gbk_region_1,0.45,No (Directly observed)
CR19_BR2_190717_contig_2433.region001.gbk_region_1,C3338536,None,0.51,Yes (No MIBiG connection)
CHL22_CU_220402_F_contig_65381.region001.gbk_region_1,C3338536,None,0.51,Yes (No MIBiG connection)
CR18_PX180416_S_contig_20.region001.gbk_region_1,C3338536,None,0.51,Yes (No MIBiG connection)
EPR_alvinella_k141_439969.region001.gbk_region_1,C3338535,None,0.51,Yes (No MIBiG connection)
HYD22_SP_221019_F_contig_51997.region001.gbk_region_1,C3338535,None,0.51,Yes (No MIBiG connection)
CR18_HA180403_F_contig_3622.region001.gbk_region_1,C3338536,None,0.51,Yes (No MIBiG connection)
AEO22_LB_220827_F_contig_71254.region001.gbk_region_1,C3338536,None,0.51,Yes (No MIBiG connection)
HYD22_FC_221023_F_contig_7971.region001.gbk_region_1,C3338536,None,0.51,Yes (No MIBiG connection)
CHL22_CA_220323_F_contig_112871.region001.gbk_region_1,C3338536,None,0.51,Yes (No MIBiG connection)
CR17_QN170220_F_contig_8327.region001.gbk_region_1,C3338536,None,0.51,Yes (No MIBiG connection)
ISL21_HV2_210602_S_contig_1260.region001.gbk_region_1,C3338536,None,0.51,Yes (No MIBiG connection)
KJ_230721_F_NODE_30849_length_4279_cov_1.337909.region001.gbk_region_1,C3338536,None,0.51,Yes (No MIBiG connection)
CR18_XF180416_F_contig_10224.region001.gbk_region_1,C3338536,None,0.51,Yes (No MIBiG connection)
CR18_LH180406_F_contig_9098.region001.gbk_region_1,C3338536,None,0.51,Yes (No MIBiG connection)
CR18_XF180416_F_contig_24936.region001.gbk_region_1,C3338536,None,0.51,Yes (No MIBiG connection)
EPR_riftia_k141_217407.region001.gbk_region_1,C3338536,None,0.51,Yes (No MIBiG connection)
CHL22_CC_220324_F_contig_8979.region001.gbk_region_1,C3338537,None,0.51,Yes (No MIBiG connection)
CHL22_LC_220316_F_contig_142535.region001.gbk_region_1,C3338537,None,0.51,Yes (No MIBiG connection)
CHL22_QN_220317_F_contig_1990.region001.gbk_region_1,C3338535,None,0.51,Yes (No MIBiG connection)
CHL22_JR_220403_F_contig_3.region002.gbk_region_2,C3338537,None,0.51,Yes (No MIBiG connection)
CHL22_GB_220322_F_contig_12042.region001.gbk_region_1,C3338537,None,0.51,Yes (No MIBiG connection)
CHL22_PJ_220330_F_contig_9143.region001.gbk_region_1,C3338537,None,0.51,Yes (No MIBiG connection)
CHL22_CE_220402_F_contig_3.region002.gbk_region_2,C3338537,None,0.51,Yes (No MIBiG connection)
CHL22_CA_220323_F_contig_186996.region001.gbk_region_1,C3338537,None,0.51,Yes (No MIBiG connection)
CHL22_IS_220328_F_contig_15941.region001.gbk_region_1,C3338537,None,0.51,Yes (No MIBiG connection)
CHL22_SR_220328_F_contig_4.region001.gbk_region_1,C3338537,None,0.51,Yes (No MIBiG connection)
CHL22_CZ_220329_F_contig_74154.region001.gbk_region_1,C3338537,None,0.51,Yes (No MIBiG connection)
CHL22_CR_220324_F_contig_50841.region002.gbk_region_2,C3338537,None,0.51,Yes (No MIBiG connection)
CHL22_RS_220319_F_contig_3.region002.gbk_region_2,C3338537,None,0.51,Yes (No MIBiG connection)
CHL22_OA_220325_F_contig_2408.region001.gbk_region_1,C3338537,None,0.51,Yes (No MIBiG connection)
CHL22_TL_220327_F_contig_468.region001.gbk_region_1,C3338537,None,0.51,Yes (No MIBiG connection)
CHL22_QN_220317_F_contig_131.region001.gbk_region_1,C3338537,None,0.51,Yes (No MIBiG connection)
CHL22_LR_220331_F_contig_54482.region001.gbk_region_1,C3338537,None,0.51,Yes (No MIBiG connection)
CHL22_EQ_220330_F_contig_38919.region001.gbk_region_1,C3338537,None,0.51,Yes (No MIBiG connection)
CHL22_CC_220324_F_contig_5563.region001.gbk_region_1,C3338537,None,0.51,Yes (No MIBiG connection)
NR_230731_S_NODE_5_length_633196_cov_40.514018.region001.gbk_region_1,C3338537,None,0.51,Yes (No MIBiG connection)
CHL22_LV_220331_F_contig_21985.region001.gbk_region_1,C3338537,None,0.51,Yes (No MIBiG connection)
CHL22_QN_220317_F_contig_99.region001.gbk_region_1,C3338536,None,0.51,Yes (No MIBiG connection)
CHL22_QN_220317_F_contig_16802.region001.gbk_region_1,C3338536,None,0.51,Yes (No MIBiG connection)
CHL22_CN_220327_F_contig_35840.region001.gbk_region_1,C3338536,None,0.51,Yes (No MIBiG connection)
CR18_LE180416_F_contig_845.region001.gbk_region_1,C3338536,None,0.51,Yes (No MIBiG connection)
AEO22_BO_220829_F_contig_149.region001.gbk_region_1,C3338536,None,0.51,Yes (No MIBiG connection)
CHL22_OA_220325_F_contig_45457.region001.gbk_region_1,C3338535,None,0.51,Yes (No MIBiG connection)
CR17_PG172224_S_contig_13672.region001.gbk_region_1,C3338535,None,0.51,Yes (No MIBiG connection)
HYD22_FC_221023_F_contig_26478.region001.gbk_region_1,C3338535,None,0.51,Yes (No MIBiG connection)
CHL22_CU_220402_F_contig_109280.region001.gbk_region_1,C3338536,None,0.51,Yes (No MIBiG connection)
GUY_SRR21545382_k141_1638813.region001.gbk_region_1,C3338536,BGC0003037.gbk_region_1,0.49,No (Directly observed)
ISL21_HV2_210602_S_contig_542.region001.gbk_region_1,C3338536,None,0.51,Yes (No MIBiG connection)
CHL22_LC_220316_F_contig_146292.region001.gbk_region_1,C3338536,BGC0001658.gbk_region_1,0.49,No (Directly observed)
CHL22_OA_220325_F_contig_93863.region001.gbk_region_1,C3338536,BGC0001658.gbk_region_1,0.49,No (Directly observed)
CHL22_OA_220325_F_contig_10008.region001.gbk_region_1,C3338536,None,0.51,Yes (No MIBiG connection)
CHL22_OA_220325_F_contig_122170.region001.gbk_region_1,C3338536,None,0.51,Yes (No MIBiG connection)
AEO22_OS_220830_F_contig_11853.region001.gbk_region_1,C3338536,None,0.51,Yes (No MIBiG connection)
CR18_BW180407_F_contig_41166.region001.gbk_region_1,C3338536,None,0.51,Yes (No MIBiG connection)
CHL22_LC_220316_F_contig_46508.region001.gbk_region_1,C3338536,BGC0001658.gbk_region_1,0.4,No (Directly observed)
CHL22_CR_220324_F_contig_54510.region001.gbk_region_1,C3338536,None,0.51,Yes (No MIBiG connection)
CR18_LH180406_S_contig_18846.region001.gbk_region_1,C3338536,BGC0003037.gbk_region_1,0.49,No (Directly observed)
KJ_230721_F_NODE_33711_length_4016_cov_0.901003.region001.gbk_region_1,C3338536,BGC0000127.gbk_region_1,0.44,No (Directly observed)
AEO22_OS_220830_F_contig_51205.region001.gbk_region_1,C3338536,None,0.51,Yes (No MIBiG connection)
CHL22_PR_220403_F_contig_48253.region001.gbk_region_1,C3338536,None,0.51,Yes (No MIBiG connection)
HYD22_CB_221018_F_contig_40890.region001.gbk_region_1,C3338536,None,0.51,Yes (No MIBiG connection)
CR18_LH180406_F_contig_29776.region001.gbk_region_1,C3338536,None,0.51,Yes (No MIBiG connection)
CR18_LE180416_F_contig_14963.region001.gbk_region_1,C3338536,None,0.51,Yes (No MIBiG connection)
CHL22_LA_220331_F_contig_1722.region001.gbk_region_1,C3338536,BGC0001658.gbk_region_1,0.48,No (Directly observed)
CHL22_OA_220325_F_contig_17256.region001.gbk_region_1,C3338536,None,0.51,Yes (No MIBiG connection)
CHL22_PJ_220330_F_contig_288.region001.gbk_region_1,C3338536,None,0.51,Yes (No MIBiG connection)
CHL22_LP_220401_F_contig_44083.region001.gbk_region_1,C3338536,None,0.51,Yes (No MIBiG connection)
CR18_CL180409_F_contig_30329.region001.gbk_region_1,C3338536,BGC0001658.gbk_region_1,0.5,No (Directly observed)
GUY_SRR21545382_k141_1035567.region001.gbk_region_1,C3338536,None,0.51,Yes (No MIBiG connection)
CHL22_CU_220402_F_contig_36795.region001.gbk_region_1,C3338536,None,0.51,Yes (No MIBiG connection)
CR18_YR180404_F_contig_35059.region001.gbk_region_1,C3338536,None,0.51,Yes (No MIBiG connection)
EPR_teddybear_k141_86339.region001.gbk_region_1,C3338536,BGC0001658.gbk_region_1,0.49,No (Directly observed)
CHL22_CH_220319_F_contig_57082.region001.gbk_region_1,C3338536,None,0.51,Yes (No MIBiG connection)
CHL22_LC_220316_F_contig_16439.region001.gbk_region_1,C3338536,BGC0001658.gbk_region_1,0.49,No (Directly observed)
CHL22_CN_220327_F_contig_45291.region001.gbk_region_1,C3338536,None,0.51,Yes (No MIBiG connection)
CHL22_LC_220316_F_contig_75161.region001.gbk_region_1,C3338536,None,0.51,Yes (No MIBiG connection)
CHL22_OA_220325_F_contig_82009.region001.gbk_region_1,C3338536,None,0.51,Yes (No MIBiG connection)
CR18_LE180416_S_contig_17190.region001.gbk_region_1,C3338536,BGC0003037.gbk_region_1,0.47,No (Directly observed)
CR17_FA170219_1_S_contig_34761.region001.gbk_region_1,C3338536,None,0.51,Yes (No MIBiG connection)
CHL22_QN_220317_F_contig_148923.region001.gbk_region_1,C3338536,None,0.51,Yes (No MIBiG connection)
CHL22_CC_220324_F_contig_31092.region001.gbk_region_1,C3338536,None,0.51,Yes (No MIBiG connection)
EPR_teddybear_k141_613578.region001.gbk_region_1,C3338536,BGC0001658.gbk_region_1,0.49,No (Directly observed)
GUY_SRR21545382_k141_1095328.region001.gbk_region_1,C3338536,None,0.51,Yes (No MIBiG connection)
GUY_SRR21545388_k141_1859785.region001.gbk_region_1,C3338536,None,0.51,Yes (No MIBiG connection)
HYD22_FC_221023_F_contig_54406.region001.gbk_region_1,C3338535,None,0.51,Yes (No MIBiG connection)
HYD22_FC_221023_F_contig_1438.region001.gbk_region_1,C3338535,None,0.51,Yes (No MIBiG connection)
HYD22_FC_221023_F_contig_10452.region001.gbk_region_1,C3338535,None,0.51,Yes (No MIBiG connection)
CHL22_CN_220327_F_contig_14256.region001.gbk_region_1,C3338535,None,0.51,Yes (No MIBiG connection)
CHL22_PJ_220330_F_contig_34206.region001.gbk_region_1,C3338535,None,0.51,Yes (No MIBiG connection)
HYD22_FC_221023_F_contig_70674.region001.gbk_region_1,C3338535,None,0.51,Yes (No MIBiG connection)
AEO22_HO_220830_F_contig_47011.region001.gbk_region_1,C3338535,None,0.51,Yes (No MIBiG connection)
CHL22_CC_220324_F_contig_73973.region001.gbk_region_1,C3338535,None,0.51,Yes (No MIBiG connection)
GUY_SRR21545382_k141_987435.region001.gbk_region_1,C3338538,None,0.51,Yes (No MIBiG connection)
GUY_SRR21545388_k141_715611.region001.gbk_region_1,C3338535,None,0.51,Yes (No MIBiG connection)
CR17_ES170215_1_F_contig_10576.region001.gbk_region_1,C3338535,None,0.51,Yes (No MIBiG connection)
EPR_teddybear_k141_243625.region001.gbk_region_1,C3338535,None,0.51,Yes (No MIBiG connection)
CHL22_CC_220324_F_contig_63695.region001.gbk_region_1,C3338536,BGC0001244.gbk_region_1,0.49,No (Directly observed)
CHL22_CC_220324_F_contig_34776.region001.gbk_region_1,C3338539,BGC0001244.gbk_region_1,0.5,No (Directly observed)
CHL22_CN_220327_F_contig_19917.region001.gbk_region_1,C3338536,None,0.51,Yes (No MIBiG connection)
HYD22_CB_221018_F_contig_36205.region001.gbk_region_1,C3338536,None,0.51,Yes (No MIBiG connection)
CHL22_QN_220317_F_contig_75789.region001.gbk_region_1,C3338536,None,0.51,Yes (No MIBiG connection)
CHL22_LC_220316_F_contig_47040.region001.gbk_region_1,C3338536,None,0.51,Yes (No MIBiG connection)
AEO22_GV_220827_F_contig_54173.region001.gbk_region_1,C3338535,None,0.51,Yes (No MIBiG connection)
AEO22_CF_220902_F_contig_1024.region001.gbk_region_1,C3338535,None,0.51,Yes (No MIBiG connection)
CR18_HA180403_F_contig_21891.region001.gbk_region_1,C3338538,None,0.51,Yes (No MIBiG connection)
AEO22_BP2_220829_F_contig_8748.region001.gbk_region_1,C3338536,None,0.51,Yes (No MIBiG connection)
CHL22_CN_220327_F_contig_48531.region001.gbk_region_1,C3338536,None,0.51,Yes (No MIBiG connection)
CR18_CW180415_S_contig_31.region001.gbk_region_1,C3338536,None,0.51,Yes (No MIBiG connection)
CHL22_SR_220328_F_contig_8752.region001.gbk_region_1,C3338536,None,0.51,Yes (No MIBiG connection)
CR17_SI170217_S_contig_6285.region001.gbk_region_1,C3338536,None,0.51,Yes (No MIBiG connection)
CHL22_RS_220319_F_contig_60.region001.gbk_region_1,C3338536,None,0.51,Yes (No MIBiG connection)
CR17_EP170215_S_contig_813.region001.gbk_region_1,C3338536,None,0.51,Yes (No MIBiG connection)
CHL22_CN_220327_F_contig_35654.region001.gbk_region_1,C3338536,None,0.51,Yes (No MIBiG connection)
AEO22_AC_220827_F_contig_47421.region001.gbk_region_1,C3338536,None,0.51,Yes (No MIBiG connection)
HYD22_TA_221020_F_contig_28478.region001.gbk_region_1,C3338536,None,0.51,Yes (No MIBiG connection)
CHL22_LR_220331_F_contig_22187.region001.gbk_region_1,C3338536,None,0.51,Yes (No MIBiG connection)
CHL22_LR_220331_F_contig_25076.region001.gbk_region_1,C3338536,None,0.51,Yes (No MIBiG connection)
CR18_CI180408_S_contig_10478.region001.gbk_region_1,C3338536,None,0.51,Yes (No MIBiG connection)
CR17_EP170215_S_contig_16225.region001.gbk_region_1,C3338536,None,0.51,Yes (No MIBiG connection)
CR17_RS170216_S_contig_6524.region001.gbk_region_1,C3338536,None,0.51,Yes (No MIBiG connection)
CHL22_QN_220317_F_contig_68340.region001.gbk_region_1,C3338536,None,0.51,Yes (No MIBiG connection)
HYD22_SC_221020_F_contig_17238.region001.gbk_region_1,C3338536,None,0.51,Yes (No MIBiG connection)
CHL22_CR_220324_F_contig_347.region001.gbk_region_1,C3338536,None,0.51,Yes (No MIBiG connection)
CR18_LE180416_F_contig_18506.region001.gbk_region_1,C3338536,None,0.51,Yes (No MIBiG connection)
GUY_SRR21545382_k141_681774.region001.gbk_region_1,C3338536,None,0.51,Yes (No MIBiG connection)
CR17_PF170222_S_contig_3347.region001.gbk_region_1,C3338536,None,0.51,Yes (No MIBiG connection)
CR17_EP170215_S_contig_17644.region001.gbk_region_1,C3338536,None,0.51,Yes (No MIBiG connection)
CR19_VB_190611_F_contig_91.region001.gbk_region_1,C3338537,None,0.51,Yes (No MIBiG connection)
CHL22_OA_220325_F_contig_18768.region001.gbk_region_1,C3338537,None,0.51,Yes (No MIBiG connection)
HYD22_CB_221018_F_contig_38355.region001.gbk_region_1,C3338537,None,0.51,Yes (No MIBiG connection)
CHL22_LP_220401_F_contig_51293.region001.gbk_region_1,C3338536,None,0.51,Yes (No MIBiG connection)
CHL22_PR_220403_F_contig_5359.region001.gbk_region_1,C3338535,BGC0000837.gbk_region_1,0.34,No (Directly observed)
AEO22_CF_220902_F_contig_28118.region001.gbk_region_1,C3338535,BGC0000836.gbk_region_1,0.44,No (Directly observed)
CR18_CV180410_S_contig_17597.region001.gbk_region_1,C3338535,BGC0000836.gbk_region_1,0.49,No (Directly observed)
CHL22_CH_220319_F_contig_9241.region001.gbk_region_1,C3338535,None,0.51,Yes (No MIBiG connection)
CHL22_CU_220402_F_contig_9118.region001.gbk_region_1,C3338535,BGC0000837.gbk_region_1,0.3,No (Directly observed)
CR18_LP180406_F_contig_10825.region001.gbk_region_1,C3338535,BGC0000836.gbk_region_1,0.34,No (Directly observed)
CHL22_CU_220402_F_contig_86247.region001.gbk_region_1,C3338535,BGC0000836.gbk_region_1,0.49,No (Directly observed)
CR18_LE180416_F_contig_20578.region001.gbk_region_1,C3338535,BGC0000837.gbk_region_1,0.33,No (Directly observed)
CHL22_CA_220323_F_contig_170205.region001.gbk_region_1,C3338535,BGC0000836.gbk_region_1,0.41,No (Directly observed)
CR18_CZ180409_F_contig_5592.region001.gbk_region_1,C3338535,BGC0000837.gbk_region_1,0.37,No (Directly observed)
HYD22_CB_221018_F_contig_24679.region001.gbk_region_1,C3338535,BGC0000837.gbk_region_1,0.46,No (Directly observed)
CR18_LE180416_F_contig_25655.region001.gbk_region_1,C3338535,BGC0000836.gbk_region_1,0.48,No (Directly observed)
CHL22_QN_220317_F_contig_73902.region001.gbk_region_1,C3338535,BGC0000836.gbk_region_1,0.4,No (Directly observed)
CR18_LP180406_F_contig_10736.region001.gbk_region_1,C3338535,BGC0000836.gbk_region_1,0.28,No (Directly observed)
CR18_RR180407_F_contig_589.region001.gbk_region_1,C3338535,BGC0000836.gbk_region_1,0.34,No (Directly observed)
CHL22_LC_220316_F_contig_29843.region001.gbk_region_1,C3338535,BGC0002008.gbk_region_1,0.3,No (Directly observed)
KJ_230721_F_NODE_5603_length_15439_cov_1.128723.region001.gbk_region_1,C3338535,BGC0000836.gbk_region_1,0.09,No (Directly observed)
KJ_230721_F_NODE_5281_length_16148_cov_1.306535.region001.gbk_region_1,C3338535,None,0.51,Yes (No MIBiG connection)
CHL22_IS_220328_F_contig_7480.region001.gbk_region_1,C3338535,BGC0000836.gbk_region_1,0.37,No (Directly observed)
CHL22_LC_220316_F_contig_41452.region001.gbk_region_1,C3338535,BGC0000836.gbk_region_1,0.39,No (Directly observed)
CHL22_LC_220316_F_contig_64149.region001.gbk_region_1,C3338535,BGC0000836.gbk_region_1,0.4,No (Directly observed)
CHL22_CU_220402_F_contig_78390.region001.gbk_region_1,C3338535,BGC0000837.gbk_region_1,0.34,No (Directly observed)
CHL22_OA_220325_F_contig_31837.region001.gbk_region_1,C3338535,BGC0000836.gbk_region_1,0.37,No (Directly observed)
CHL22_EQ_220330_F_contig_51326.region001.gbk_region_1,C3338535,BGC0000836.gbk_region_1,0.16,No (Directly observed)
CHL22_CU_220402_F_contig_75590.region001.gbk_region_1,C3338535,BGC0000836.gbk_region_1,0.43,No (Directly observed)
CHL22_CU_220402_F_contig_46432.region001.gbk_region_1,C3338535,BGC0000836.gbk_region_1,0.43,No (Directly observed)
CHL22_CU_220402_F_contig_15707.region001.gbk_region_1,C3338535,BGC0000837.gbk_region_1,0.33,No (Directly observed)
AEO22_HO_220830_F_contig_12518.region001.gbk_region_1,C3338535,BGC0000836.gbk_region_1,0.42,No (Directly observed)
KJ_230721_F_NODE_2660_length_27611_cov_2.836268.region001.gbk_region_1,C3338535,None,0.51,Yes (No MIBiG connection)
CHL22_IS_220328_F_contig_819.region001.gbk_region_1,C3338535,None,0.51,Yes (No MIBiG connection)
CHL22_CU_220402_F_contig_59650.region002.gbk_region_2,C3338535,None,0.51,Yes (No MIBiG connection)
HYD22_CB_221018_F_contig_37850.region001.gbk_region_1,C3338535,BGC0000837.gbk_region_1,0.47,No (Directly observed)
CR18_PX180416_S_contig_37664.region001.gbk_region_1,C3338535,BGC0000837.gbk_region_1,0.4,No (Directly observed)
CHL22_LC_220316_F_contig_5555.region001.gbk_region_1,C3338535,BGC0000836.gbk_region_1,0.4,No (Directly observed)
GUY_SRR21545382_k141_200860.region001.gbk_region_1,C3338535,BGC0000836.gbk_region_1,0.45,No (Directly observed)
CHL22_CU_220402_F_contig_67691.region001.gbk_region_1,C3338535,BGC0000836.gbk_region_1,0.34,No (Directly observed)
CHL22_PR_220403_F_contig_27589.region001.gbk_region_1,C3338535,BGC0002008.gbk_region_1,0.26,No (Directly observed)
KJ_230721_F_NODE_89018_length_2012_cov_0.776658.region001.gbk_region_1,C3338535,BGC0000836.gbk_region_1,0.34,No (Directly observed)
CHL22_CU_220402_F_contig_744.region001.gbk_region_1,C3338535,BGC0000837.gbk_region_1,0.42,No (Directly observed)
CR17_QN170220_S_contig_21573.region001.gbk_region_1,C3338535,BGC0000836.gbk_region_1,0.46,No (Directly observed)
CHL22_CU_220402_F_contig_31109.region001.gbk_region_1,C3338535,BGC0000837.gbk_region_1,0.38,No (Directly observed)
EPR_alvinella_k141_167891.region001.gbk_region_1,C3338535,BGC0000836.gbk_region_1,0.48,No (Directly observed)
CHL22_OA_220325_F_contig_102147.region001.gbk_region_1,C3338535,BGC0000836.gbk_region_1,0.42,No (Directly observed)
CHL22_CN_220327_F_contig_21564.region001.gbk_region_1,C3338536,None,0.51,Yes (No MIBiG connection)
CHL22_QN_220317_F_contig_39043.region001.gbk_region_1,C3338536,None,0.51,Yes (No MIBiG connection)
CR18_LE180416_S_contig_2872.region001.gbk_region_1,C3338537,None,0.51,Yes (No MIBiG connection)
CHL22_QN_220317_F_contig_168918.region001.gbk_region_1,C3338537,None,0.51,Yes (No MIBiG connection)
TR_230731_F_NODE_22430_length_3124_cov_1.145479.region001.gbk_region_1,C3338537,None,0.51,Yes (No MIBiG connection)
CHL22_CU_220402_F_contig_63810.region001.gbk_region_1,C3338537,BGC0002034.gbk_region_1,0.44,No (Directly observed)
CR17_BR170218_2_S_contig_6255.region001.gbk_region_1,C3338537,None,0.51,Yes (No MIBiG connection)
CR18_YR180404_F_contig_33045.region001.gbk_region_1,C3338537,None,0.51,Yes (No MIBiG connection)
CR17_FA170219_1_S_contig_6462.region001.gbk_region_1,C3338537,None,0.51,Yes (No MIBiG connection)
CR17_PG172224_S_contig_50170.region001.gbk_region_1,C3338537,None,0.51,Yes (No MIBiG connection)
EPR_teddybear_k141_59862.region001.gbk_region_1,C3338536,None,0.51,Yes (No MIBiG connection)
CHL22_LC_220316_F_contig_129674.region001.gbk_region_1,C3338536,None,0.51,Yes (No MIBiG connection)
CR18_MC180404_S_contig_7761.region001.gbk_region_1,C3338536,None,0.51,Yes (No MIBiG connection)
CHL22_QN_220317_F_contig_37498.region001.gbk_region_1,C3338536,None,0.51,Yes (No MIBiG connection)
CHL22_CN_220327_F_contig_17745.region001.gbk_region_1,C3338536,None,0.51,Yes (No MIBiG connection)
CR18_LE180416_S_contig_2091.region001.gbk_region_1,C3338536,None,0.51,Yes (No MIBiG connection)
CHL22_CZ_220329_F_contig_89462.region001.gbk_region_1,C3338536,None,0.51,Yes (No MIBiG connection)
CHL22_OA_220325_F_contig_25.region001.gbk_region_1,C3338536,None,0.51,Yes (No MIBiG connection)
GUY_SRR21545388_k141_3088813.region001.gbk_region_1,C3338536,None,0.51,Yes (No MIBiG connection)
HYD22_CB_221018_F_contig_16528.region001.gbk_region_1,C3338538,None,0.51,Yes (No MIBiG connection)
CR17_CY170214_S_contig_640.region001.gbk_region_1,C3338538,None,0.51,Yes (No MIBiG connection)
CR18_LE180416_F_contig_3284.region001.gbk_region_1,C3338538,None,0.51,Yes (No MIBiG connection)
CR17_ET170220_1_S_contig_342.region001.gbk_region_1,C3338538,None,0.51,Yes (No MIBiG connection)
CR18_LE180416_S_contig_170.region001.gbk_region_1,C3338538,None,0.51,Yes (No MIBiG connection)
CHL22_LC_220316_F_contig_70890.region001.gbk_region_1,C3338535,BGC0000836.gbk_region_1,0.38,No (Directly observed)
ARG19_PG_190225_F_contig_1840.region001.gbk_region_1,C3338535,None,0.51,Yes (No MIBiG connection)
CHL22_CH_220319_F_contig_53670.region001.gbk_region_1,C3338535,None,0.51,Yes (No MIBiG connection)
CR17_RS170216_S_contig_2490.region001.gbk_region_1,C3338535,None,0.51,Yes (No MIBiG connection)
GUY_SRR21545388_k141_1907872.region001.gbk_region_1,C3338535,None,0.51,Yes (No MIBiG connection)
CR18_XF180416_F_contig_1339.region001.gbk_region_1,C3338535,None,0.51,Yes (No MIBiG connection)
HYD22_FC_221023_F_contig_2236.region001.gbk_region_1,C3338535,None,0.51,Yes (No MIBiG connection)
CR18_CV180410_F_contig_1146.region001.gbk_region_1,C3338535,None,0.51,Yes (No MIBiG connection)
CHL22_CH_220319_F_contig_58416.region001.gbk_region_1,C3338535,None,0.51,Yes (No MIBiG connection)
CR18_BW180407_F_contig_574.region001.gbk_region_1,C3338537,None,0.51,Yes (No MIBiG connection)
CHL22_CZ_220329_F_contig_3124.region001.gbk_region_1,C3338536,None,0.51,Yes (No MIBiG connection)
CHL22_EQ_220330_F_contig_7722.region001.gbk_region_1,C3338536,None,0.51,Yes (No MIBiG connection)
CHL22_LC_220316_F_contig_9669.region001.gbk_region_1,C3338536,None,0.51,Yes (No MIBiG connection)
TR_230731_F_NODE_19431_length_3509_cov_1.340035.region001.gbk_region_1,C3338536,None,0.51,Yes (No MIBiG connection)
CHL22_CZ_220329_F_contig_89011.region001.gbk_region_1,C3338536,None,0.51,Yes (No MIBiG connection)
CHL22_CZ_220329_F_contig_68736.region001.gbk_region_1,C3338536,None,0.51,Yes (No MIBiG connection)
CR17_PG172224_S_contig_49529.region001.gbk_region_1,C3338536,BGC0001653.gbk_region_1,0.49,No (Directly observed)
CR17_EP170215_F_contig_11248.region001.gbk_region_1,C3338536,None,0.51,Yes (No MIBiG connection)
EPR_riftia_k141_311701.region001.gbk_region_1,C3338536,None,0.51,Yes (No MIBiG connection)
CR17_RS170216_S_contig_31158.region001.gbk_region_1,C3338536,BGC0001653.gbk_region_1,0.49,No (Directly observed)
GUY_SRR21545388_k141_293972.region001.gbk_region_1,C3338536,None,0.51,Yes (No MIBiG connection)
NR_230731_F_NODE_6197_length_7081_cov_5.279264.region001.gbk_region_1,C3338536,None,0.51,Yes (No MIBiG connection)
AEO22_LB_220827_F_contig_27714.region001.gbk_region_1,C3338535,None,0.51,Yes (No MIBiG connection)
GUY_SRR21545384_k141_300423.region001.gbk_region_1,C3338536,None,0.51,Yes (No MIBiG connection)
CR17_EP170215_F_contig_90.region001.gbk_region_1,C3338536,None,0.51,Yes (No MIBiG connection)
CR17_PG172224_S_contig_1612.region001.gbk_region_1,C3338536,None,0.51,Yes (No MIBiG connection)
CHL22_PJ_220330_F_contig_64836.region001.gbk_region_1,C3338536,BGC0000869.gbk_region_1,0.48,No (Directly observed)
CR18_RC180404_S_contig_5978.region001.gbk_region_1,C3338536,None,0.51,Yes (No MIBiG connection)
ARG19_IN_190223_S_contig_416.region001.gbk_region_1,C3338536,None,0.51,Yes (No MIBiG connection)
CR18_CI180408_S_contig_4078.region001.gbk_region_1,C3338536,BGC0000869.gbk_region_1,0.38,No (Directly observed)
ARG19_PM_190223_F_contig_70.region001.gbk_region_1,C3338536,None,0.51,Yes (No MIBiG connection)
HYD22_CB_221018_F_contig_10713.region001.gbk_region_1,C3338536,BGC0000869.gbk_region_1,0.45,No (Directly observed)
CR17_QH170213_1_S_contig_524.region001.gbk_region_1,C3338536,None,0.51,Yes (No MIBiG connection)
ARG19_PM_190223_S_contig_75.region001.gbk_region_1,C3338536,None,0.51,Yes (No MIBiG connection)
CR18_CI180408_S_contig_782.region001.gbk_region_1,C3338536,None,0.51,Yes (No MIBiG connection)
CR17_QN170220_S_contig_15569.region001.gbk_region_1,C3338535,None,0.51,Yes (No MIBiG connection)
CHL22_CN_220327_F_contig_36766.region001.gbk_region_1,C3338535,None,0.51,Yes (No MIBiG connection)
AEO22_FV_220827_F_contig_2260.region001.gbk_region_1,C3338535,None,0.51,Yes (No MIBiG connection)
CHL22_LC_220316_F_contig_103500.region001.gbk_region_1,C3338535,None,0.51,Yes (No MIBiG connection)
CHL22_CC_220324_F_contig_58367.region001.gbk_region_1,C3338535,None,0.51,Yes (No MIBiG connection)
CHL22_SR_220328_F_contig_29409.region001.gbk_region_1,C3338535,None,0.51,Yes (No MIBiG connection)
CHL22_PJ_220330_F_contig_15075.region001.gbk_region_1,C3338535,None,0.51,Yes (No MIBiG connection)
GUY_SRR21545382_k141_599677.region001.gbk_region_1,C3338535,None,0.51,Yes (No MIBiG connection)
CR18_RC180404_F_contig_5969.region001.gbk_region_1,C3338535,None,0.51,Yes (No MIBiG connection)
CR17_EP170215_S_contig_30529.region001.gbk_region_1,C3338535,None,0.51,Yes (No MIBiG connection)
CHL22_CZ_220329_F_contig_41241.region001.gbk_region_1,C3338535,None,0.51,Yes (No MIBiG connection)
CHL22_CZ_220329_F_contig_17616.region001.gbk_region_1,C3338536,None,0.51,Yes (No MIBiG connection)
CR17_FA170219_1_S_contig_11077.region001.gbk_region_1,C3338536,None,0.51,Yes (No MIBiG connection)
ARG19_PM_190223_S_contig_9165.region001.gbk_region_1,C3338536,None,0.51,Yes (No MIBiG connection)
CR19_SG_190719_F_contig_2877.region001.gbk_region_1,C3338536,None,0.51,Yes (No MIBiG connection)
CR17_PG172224_S_contig_45782.region001.gbk_region_1,C3338536,BGC0001213.gbk_region_1,0.48,No (Directly observed)
GUY_SRR21545388_k141_339918.region001.gbk_region_1,C3338536,BGC0001292.gbk_region_1,0.47,No (Directly observed)
GUY_SRR21545388_k141_2705664.region001.gbk_region_1,C3338535,None,0.51,Yes (No MIBiG connection)
NR_230731_F_NODE_28949_length_2605_cov_0.773204.region001.gbk_region_1,C3338535,None,0.51,Yes (No MIBiG connection)
GUY_SRR21545382_k141_1487978.region001.gbk_region_1,C3338535,None,0.51,Yes (No MIBiG connection)
CHL22_LR_220331_F_contig_3429.region001.gbk_region_1,C3338535,None,0.51,Yes (No MIBiG connection)
EPR_alvinella_k141_399872.region001.gbk_region_1,C3338535,None,0.51,Yes (No MIBiG connection)
CHL22_CZ_220329_F_contig_87299.region001.gbk_region_1,C3338535,None,0.51,Yes (No MIBiG connection)
KJ_230721_F_NODE_85135_length_2077_cov_1.350769.region001.gbk_region_1,C3338535,None,0.51,Yes (No MIBiG connection)
CHL22_LC_220316_F_contig_2946.region001.gbk_region_1,C3338535,None,0.51,Yes (No MIBiG connection)
CR17_PF170222_F_contig_11635.region001.gbk_region_1,C3338535,None,0.51,Yes (No MIBiG connection)
CHL22_LN_220321_F_contig_19619.region001.gbk_region_1,C3338535,None,0.51,Yes (No MIBiG connection)
CHL22_LA_220331_F_contig_20384.region001.gbk_region_1,C3338535,BGC0000231.gbk_region_1,0.47,No (Directly observed)
EPR_riftia_k141_305111.region001.gbk_region_1,C3338535,None,0.51,Yes (No MIBiG connection)
GUY_SRR21545388_k141_1962700.region001.gbk_region_1,C3338535,None,0.51,Yes (No MIBiG connection)
HYD22_FC_221023_F_contig_72521.region001.gbk_region_1,C3338536,None,0.51,Yes (No MIBiG connection)
HYD22_FC_221023_F_contig_665.region001.gbk_region_1,C3338536,None,0.51,Yes (No MIBiG connection)
HYD22_FC_221023_F_contig_10310.region001.gbk_region_1,C3338536,None,0.51,Yes (No MIBiG connection)
CR18_LE180416_F_contig_2281.region001.gbk_region_1,C3338536,None,0.51,Yes (No MIBiG connection)
AEO22_TC_220902_F_contig_26645.region001.gbk_region_1,C3338536,None,0.51,Yes (No MIBiG connection)
FEN_VR_S_NODE_376_length_21846_cov_7.300353.region001.gbk_region_1,C3338536,None,0.51,Yes (No MIBiG connection)
HYD22_CB_221018_F_contig_432.region001.gbk_region_1,C3338536,None,0.51,Yes (No MIBiG connection)
CR18_BW180407_F_contig_657.region001.gbk_region_1,C3338536,None,0.51,Yes (No MIBiG connection)
CR17_QN170220_S_contig_238.region001.gbk_region_1,C3338536,None,0.51,Yes (No MIBiG connection)
EPR_riftia_k141_180771.region001.gbk_region_1,C3338536,None,0.51,Yes (No MIBiG connection)
CHL22_LC_220316_F_contig_77387.region002.gbk_region_2,C3338536,None,0.51,Yes (No MIBiG connection)
CR18_LE180416_F_contig_32.region001.gbk_region_1,C3338536,None,0.51,Yes (No MIBiG connection)
KJ_230721_F_NODE_9758_length_10072_cov_1.442534.region001.gbk_region_1,C3338536,None,0.51,Yes (No MIBiG connection)
FEN_VR_S_NODE_265_length_26251_cov_16.074668.region001.gbk_region_1,C3338536,None,0.51,Yes (No MIBiG connection)
AEO22_LB_220827_F_contig_123.region001.gbk_region_1,C3338536,None,0.51,Yes (No MIBiG connection)
CHL22_PR_220403_F_contig_45723.region001.gbk_region_1,C3338536,None,0.51,Yes (No MIBiG connection)
CR17_PF170222_S_contig_7257.region001.gbk_region_1,C3338536,None,0.51,Yes (No MIBiG connection)
CR18_CW180415_F_contig_2.region002.gbk_region_2,C3338537,None,0.51,Yes (No MIBiG connection)
CR18_XF180416_F_contig_1.region002.gbk_region_2,C3338537,None,0.51,Yes (No MIBiG connection)
CHL22_CC_220324_F_contig_68242.region001.gbk_region_1,C3338536,BGC0000051.gbk_region_1,0.47,No (Directly observed)
HYD22_FC_221023_F_contig_7842.region001.gbk_region_1,C3338536,None,0.51,Yes (No MIBiG connection)
AEO22_GV_220827_F_contig_5188.region001.gbk_region_1,C3338537,None,0.51,Yes (No MIBiG connection)
CR18_LE180416_S_contig_15380.region001.gbk_region_1,C3338537,None,0.51,Yes (No MIBiG connection)
CHL22_LC_220316_F_contig_25143.region001.gbk_region_1,C3338537,None,0.51,Yes (No MIBiG connection)
CHL22_CU_220402_F_contig_49257.region001.gbk_region_1,C3338535,None,0.51,Yes (No MIBiG connection)
CHL22_CU_220402_F_contig_96213.region001.gbk_region_1,C3338535,None,0.51,Yes (No MIBiG connection)
CHL22_OA_220325_F_contig_93462.region001.gbk_region_1,C3338535,None,0.51,Yes (No MIBiG connection)
CHL22_CH_220319_F_contig_62125.region001.gbk_region_1,C3338535,None,0.51,Yes (No MIBiG connection)
AEO22_OS_220830_F_contig_56692.region001.gbk_region_1,C3338535,None,0.51,Yes (No MIBiG connection)
CR17_QN170220_F_contig_3562.region001.gbk_region_1,C3338535,None,0.51,Yes (No MIBiG connection)
HYD22_SP_221019_F_contig_14390.region001.gbk_region_1,C3338535,None,0.51,Yes (No MIBiG connection)
CR18_LE180416_F_contig_43352.region001.gbk_region_1,C3338535,None,0.51,Yes (No MIBiG connection)
AEO22_FV_220827_F_contig_319.region001.gbk_region_1,C3338535,None,0.51,Yes (No MIBiG connection)
CHL22_CH_220319_F_contig_1929.region001.gbk_region_1,C3338535,None,0.51,Yes (No MIBiG connection)
CR18_RR180407_F_contig_28842.region001.gbk_region_1,C3338535,None,0.51,Yes (No MIBiG connection)
CR19_BR1_190716_S_contig_8842.region001.gbk_region_1,C3338535,None,0.51,Yes (No MIBiG connection)
CR17_FA170219_1_S_contig_453.region001.gbk_region_1,C3338535,None,0.51,Yes (No MIBiG connection)
CHL22_LN_220321_F_contig_389.region001.gbk_region_1,C3338535,None,0.51,Yes (No MIBiG connection)
CR17_SL170214_F_contig_1602.region001.gbk_region_1,C3338535,None,0.51,Yes (No MIBiG connection)
EPR_riftia_k141_532639.region001.gbk_region_1,C3338535,None,0.51,Yes (No MIBiG connection)
CHL22_GB_220322_F_contig_11327.region001.gbk_region_1,C3338535,None,0.51,Yes (No MIBiG connection)
CHL22_LV_220331_F_contig_11185.region001.gbk_region_1,C3338535,None,0.51,Yes (No MIBiG connection)
CHL22_CN_220327_F_contig_32057.region001.gbk_region_1,C3338535,None,0.51,Yes (No MIBiG connection)
GUY_SRR21545382_k141_1869688.region001.gbk_region_1,C3338535,None,0.51,Yes (No MIBiG connection)
CR17_BR170218_2_S_contig_13310.region001.gbk_region_1,C3338535,None,0.51,Yes (No MIBiG connection)
CHL22_EQ_220330_F_contig_47291.region001.gbk_region_1,C3338537,None,0.51,Yes (No MIBiG connection)
CR18_XF180416_S_contig_714.region001.gbk_region_1,C3338537,None,0.51,Yes (No MIBiG connection)
CR17_CY170214_S_contig_48026.region001.gbk_region_1,C3338537,None,0.51,Yes (No MIBiG connection)
HYD22_CB_221018_F_contig_8402.region001.gbk_region_1,C3338537,None,0.51,Yes (No MIBiG connection)
CR18_RC180404_F_contig_3589.region001.gbk_region_1,C3338535,BGC0000837.gbk_region_1,0.35,No (Directly observed)
CHL22_PR_220403_F_contig_15070.region001.gbk_region_1,C3338536,None,0.51,Yes (No MIBiG connection)
CR18_ER180415_F_contig_9643.region001.gbk_region_1,C3338536,None,0.51,Yes (No MIBiG connection)
CR18_RC180404_S_contig_21318.region001.gbk_region_1,C3338536,None,0.51,Yes (No MIBiG connection)
SJ_230730_S_NODE_2076_length_6032_cov_4.575483.region001.gbk_region_1,C3338535,None,0.51,Yes (No MIBiG connection)
CR18_LW180405_S_contig_59.region001.gbk_region_1,C3338535,None,0.51,Yes (No MIBiG connection)
CHL22_GB_220322_F_contig_22212.region001.gbk_region_1,C3338535,None,0.51,Yes (No MIBiG connection)
CHL22_LC_220316_F_contig_88630.region001.gbk_region_1,C3338535,None,0.51,Yes (No MIBiG connection)
GUY_SRR21545382_k141_670045.region001.gbk_region_1,C3338535,None,0.51,Yes (No MIBiG connection)
CR18_LP180406_F_contig_144.region001.gbk_region_1,C3338535,None,0.51,Yes (No MIBiG connection)
CHL22_CN_220327_F_contig_17217.region001.gbk_region_1,C3338535,None,0.51,Yes (No MIBiG connection)
AEO22_LB_220827_F_contig_24485.region001.gbk_region_1,C3338535,None,0.51,Yes (No MIBiG connection)
CHL22_LP_220401_F_contig_10751.region001.gbk_region_1,C3338535,None,0.51,Yes (No MIBiG connection)
NR_230731_S_NODE_6078_length_6020_cov_2.455795.region001.gbk_region_1,C3338535,None,0.51,Yes (No MIBiG connection)
CHL22_PJ_220330_F_contig_6996.region001.gbk_region_1,C3338535,None,0.51,Yes (No MIBiG connection)
SJ_230730_F_NODE_60_length_95776_cov_76.293117.region001.gbk_region_1,C3338535,None,0.51,Yes (No MIBiG connection)
CHL22_OA_220325_F_contig_111768.region001.gbk_region_1,C3338535,None,0.51,Yes (No MIBiG connection)
CHL22_CH_220319_F_contig_112141.region001.gbk_region_1,C3338535,None,0.51,Yes (No MIBiG connection)
CR18_BW180407_F_contig_424.region001.gbk_region_1,C3338535,None,0.51,Yes (No MIBiG connection)
CHL22_OA_220325_F_contig_49623.region001.gbk_region_1,C3338535,None,0.51,Yes (No MIBiG connection)
CR17_FA170219_1_S_contig_927.region001.gbk_region_1,C3338535,None,0.51,Yes (No MIBiG connection)
CHL22_PJ_220330_F_contig_56490.region001.gbk_region_1,C3338535,None,0.51,Yes (No MIBiG connection)
CR18_CW180415_F_contig_155.region001.gbk_region_1,C3338535,None,0.51,Yes (No MIBiG connection)
CHL22_IS_220328_F_contig_17726.region001.gbk_region_1,C3338535,None,0.51,Yes (No MIBiG connection)
EPR_alvinella_k141_120202.region001.gbk_region_1,C3338535,None,0.51,Yes (No MIBiG connection)
CR18_LH180406_F_contig_5964.region001.gbk_region_1,C3338535,None,0.51,Yes (No MIBiG connection)
HYD22_CB_221018_F_contig_1411.region001.gbk_region_1,C3338535,None,0.51,Yes (No MIBiG connection)
AEO22_OS_220830_F_contig_9.region002.gbk_region_2,C3338535,None,0.51,Yes (No MIBiG connection)
AEO22_LB_220827_F_contig_129067.region001.gbk_region_1,C3338535,None,0.51,Yes (No MIBiG connection)
EPR_CV67_k141_358167.region001.gbk_region_1,C3338535,None,0.51,Yes (No MIBiG connection)
CHL22_PJ_220330_F_contig_5317.region001.gbk_region_1,C3338535,None,0.51,Yes (No MIBiG connection)
CR18_CZ180409_F_contig_1498.region001.gbk_region_1,C3338535,None,0.51,Yes (No MIBiG connection)
CR18_RC180404_F_contig_116.region001.gbk_region_1,C3338535,None,0.51,Yes (No MIBiG connection)
CHL22_LC_220316_F_contig_33852.region001.gbk_region_1,C3338535,None,0.51,Yes (No MIBiG connection)
CHL22_LC_220316_F_contig_80870.region001.gbk_region_1,C3338535,None,0.51,Yes (No MIBiG connection)
CHL22_EQ_220330_F_contig_1877.region001.gbk_region_1,C3338535,None,0.51,Yes (No MIBiG connection)
CHL22_LR_220331_F_contig_28697.region001.gbk_region_1,C3338535,None,0.51,Yes (No MIBiG connection)
HYD22_CB_221018_F_contig_210.region001.gbk_region_1,C3338535,None,0.51,Yes (No MIBiG connection)
CHL22_PJ_220330_F_contig_64688.region001.gbk_region_1,C3338535,None,0.51,Yes (No MIBiG connection)
CHL22_LA_220331_F_contig_14375.region001.gbk_region_1,C3338535,None,0.51,Yes (No MIBiG connection)
GUY_SRR21545388_k141_1443284.region001.gbk_region_1,C3338535,None,0.51,Yes (No MIBiG connection)
GUY_SRR21545382_k141_18574.region001.gbk_region_1,C3338535,None,0.51,Yes (No MIBiG connection)
CHL22_PJ_220330_F_contig_36925.region001.gbk_region_1,C3338535,None,0.51,Yes (No MIBiG connection)
CHL22_OA_220325_F_contig_83242.region001.gbk_region_1,C3338535,None,0.51,Yes (No MIBiG connection)
CHL22_IS_220328_F_contig_2894.region001.gbk_region_1,C3338535,None,0.51,Yes (No MIBiG connection)
CHL22_LR_220331_F_contig_5841.region001.gbk_region_1,C3338535,None,0.51,Yes (No MIBiG connection)
HYD22_CB_221018_F_contig_2150.region001.gbk_region_1,C3338535,None,0.51,Yes (No MIBiG connection)
CR18_GE180403_S_contig_911.region001.gbk_region_1,C3338535,None,0.51,Yes (No MIBiG connection)
CHL22_LP_220401_F_contig_25282.region001.gbk_region_1,C3338535,None,0.51,Yes (No MIBiG connection)
CHL22_CH_220319_F_contig_53456.region001.gbk_region_1,C3338535,None,0.51,Yes (No MIBiG connection)
CHL22_JR_220403_F_contig_36.region001.gbk_region_1,C3338535,None,0.51,Yes (No MIBiG connection)
CHL22_CZ_220329_F_contig_48225.region001.gbk_region_1,C3338535,None,0.51,Yes (No MIBiG connection)
CR17_BR170218_2_S_contig_1097.region001.gbk_region_1,C3338535,None,0.51,Yes (No MIBiG connection)
AEO22_AC_220827_F_contig_5513.region001.gbk_region_1,C3338535,None,0.51,Yes (No MIBiG connection)
CHL22_LA_220331_F_contig_7618.region001.gbk_region_1,C3338535,None,0.51,Yes (No MIBiG connection)
CHL22_CZ_220329_F_contig_63238.region001.gbk_region_1,C3338535,None,0.51,Yes (No MIBiG connection)
CHL22_CZ_220329_F_contig_44086.region001.gbk_region_1,C3338535,None,0.51,Yes (No MIBiG connection)
AEO22_BS_220902_F_contig_103.region001.gbk_region_1,C3338535,None,0.51,Yes (No MIBiG connection)
CR17_EP170215_S_contig_9080.region001.gbk_region_1,C3338535,None,0.51,Yes (No MIBiG connection)
CHL22_CN_220327_F_contig_51313.region001.gbk_region_1,C3338535,None,0.51,Yes (No MIBiG connection)
CHL22_OA_220325_F_contig_87398.region001.gbk_region_1,C3338535,None,0.51,Yes (No MIBiG connection)
GUY_SRR21545388_k141_2242379.region001.gbk_region_1,C3338535,None,0.51,Yes (No MIBiG connection)
CHL22_LR_220331_F_contig_3676.region001.gbk_region_1,C3338535,None,0.51,Yes (No MIBiG connection)
EPR_teddybear_k141_691365.region001.gbk_region_1,C3338535,None,0.51,Yes (No MIBiG connection)
GUY_SRR21545382_k141_1572356.region001.gbk_region_1,C3338535,None,0.51,Yes (No MIBiG connection)
CR17_PG172224_S_contig_46162.region001.gbk_region_1,C3338535,None,0.51,Yes (No MIBiG connection)
GUY_SRR21545388_k141_233663.region001.gbk_region_1,C3338535,None,0.51,Yes (No MIBiG connection)
EPR_CV67_k141_17114.region001.gbk_region_1,C3338535,None,0.51,Yes (No MIBiG connection)
CHL22_CN_220327_F_contig_39503.region001.gbk_region_1,C3338535,None,0.51,Yes (No MIBiG connection)
FEN_LS_S_NODE_4_length_220346_cov_17.132130.region001.gbk_region_1,C3338535,None,0.51,Yes (No MIBiG connection)
TR_230731_F_NODE_9833_length_5987_cov_1.861092.region001.gbk_region_1,C3338535,None,0.51,Yes (No MIBiG connection)
CHL22_SR_220328_F_contig_30.region001.gbk_region_1,C3338535,None,0.51,Yes (No MIBiG connection)
NR_230731_F_NODE_211_length_51652_cov_22.499971.region001.gbk_region_1,C3338535,None,0.51,Yes (No MIBiG connection)
EPR_teddybear_k141_880852.region001.gbk_region_1,C3338535,None,0.51,Yes (No MIBiG connection)
ISL21_HV2_210602_S_contig_98.region001.gbk_region_1,C3338535,None,0.51,Yes (No MIBiG connection)
EPR_teddybear_k141_293652.region001.gbk_region_1,C3338536,None,0.51,Yes (No MIBiG connection)
HYD22_CB_221018_F_contig_3425.region001.gbk_region_1,C3338538,BGC0001663.gbk_region_1,0.5,No (Directly observed)
CR17_ET170220_1_S_contig_6.region001.gbk_region_1,C3338538,None,0.51,Yes (No MIBiG connection)
HYD22_CB_221018_F_contig_8503.region001.gbk_region_1,C3338538,BGC0000017.gbk_region_1,0.45,No (Directly observed)
CR18_LE180416_S_contig_1745.region001.gbk_region_1,C3338538,None,0.51,Yes (No MIBiG connection)
CR17_CY170214_S_contig_815.region001.gbk_region_1,C3338536,None,0.51,Yes (No MIBiG connection)
GUY_SRR21545382_k141_6670.region001.gbk_region_1,C3338538,None,0.51,Yes (No MIBiG connection)
HYD22_CB_221018_F_contig_7312.region001.gbk_region_1,C3338536,None,0.51,Yes (No MIBiG connection)
CR18_LE180416_S_contig_4.region001.gbk_region_1,C3338538,None,0.51,Yes (No MIBiG connection)
CHL22_LN_220321_F_contig_6871.region001.gbk_region_1,C3338536,None,0.51,Yes (No MIBiG connection)
AEO22_TC_220902_F_contig_1573.region001.gbk_region_1,C3338536,BGC0002926.gbk_region_1,0.5,No (Directly observed)
CR18_LH180406_F_contig_2836.region001.gbk_region_1,C3338536,None,0.51,Yes (No MIBiG connection)
CR18_YR180404_F_contig_3297.region001.gbk_region_1,C3338536,None,0.51,Yes (No MIBiG connection)
CHL22_OA_220325_F_contig_51238.region001.gbk_region_1,C3338536,None,0.51,Yes (No MIBiG connection)
CR17_PG172224_S_contig_1986.region001.gbk_region_1,C3338536,None,0.51,Yes (No MIBiG connection)
CHL22_OA_220325_F_contig_63483.region001.gbk_region_1,C3338535,None,0.51,Yes (No MIBiG connection)
CHL22_QN_220317_F_contig_63031.region001.gbk_region_1,C3338535,None,0.51,Yes (No MIBiG connection)
EPR_alvinella_k141_18521.region001.gbk_region_1,C3338535,None,0.51,Yes (No MIBiG connection)
GUY_SRR21545388_k141_1964786.region001.gbk_region_1,C3338535,None,0.51,Yes (No MIBiG connection)
GUY_SRR21545388_k141_772811.region001.gbk_region_1,C3338535,None,0.51,Yes (No MIBiG connection)
EPR_riftia_k141_16604.region001.gbk_region_1,C3338535,None,0.51,Yes (No MIBiG connection)
EPR_CV88_k141_24110.region001.gbk_region_1,C3338535,None,0.51,Yes (No MIBiG connection)
GUY_SRR21545388_k141_866294.region001.gbk_region_1,C3338535,None,0.51,Yes (No MIBiG connection)
GUY_SRR21545388_k141_2083387.region001.gbk_region_1,C3338535,None,0.51,Yes (No MIBiG connection)
GUY_SRR21545388_k141_506905.region001.gbk_region_1,C3338535,None,0.51,Yes (No MIBiG connection)
GUY_SRR21545388_k141_3155112.region001.gbk_region_1,C3338535,None,0.51,Yes (No MIBiG connection)
GUY_SRR21545382_k141_1359547.region001.gbk_region_1,C3338535,None,0.51,Yes (No MIBiG connection)
EPR_alvinella_k141_449704.region001.gbk_region_1,C3338535,None,0.51,Yes (No MIBiG connection)
GUY_SRR21545388_k141_607190.region001.gbk_region_1,C3338535,None,0.51,Yes (No MIBiG connection)
EPR_CV74_k141_150892.region001.gbk_region_1,C3338535,None,0.51,Yes (No MIBiG connection)
GUY_SRR21545388_k141_879828.region001.gbk_region_1,C3338535,None,0.51,Yes (No MIBiG connection)
EPR_alvinella_k141_449155.region001.gbk_region_1,C3338535,None,0.51,Yes (No MIBiG connection)
EPR_alvinella_k141_446574.region001.gbk_region_1,C3338535,None,0.51,Yes (No MIBiG connection)
CR19_BR2_190717_contig_5163.region001.gbk_region_1,C3338537,None,0.51,Yes (No MIBiG connection)
CR17_BR170218_1_S_contig_1615.region001.gbk_region_1,C3338537,None,0.51,Yes (No MIBiG connection)
CH20_TF_200303_F_contig_222.region001.gbk_region_1,C3338537,None,0.51,Yes (No MIBiG connection)
CR17_FA170219_1_S_contig_206.region001.gbk_region_1,C3338537,None,0.51,Yes (No MIBiG connection)
CR17_BR170218_1_F_contig_983.region001.gbk_region_1,C3338537,None,0.51,Yes (No MIBiG connection)
CR17_CY170214_S_contig_5006.region001.gbk_region_1,C3338536,None,0.51,Yes (No MIBiG connection)
CR18_CW180415_F_contig_10369.region001.gbk_region_1,C3338536,None,0.51,Yes (No MIBiG connection)
CR17_SI170217_F_contig_37.region001.gbk_region_1,C3338536,None,0.51,Yes (No MIBiG connection)
HYD22_SP_221019_F_contig_20416.region001.gbk_region_1,C3338536,None,0.51,Yes (No MIBiG connection)
CR18_LP180406_F_contig_11953.region001.gbk_region_1,C3338536,None,0.51,Yes (No MIBiG connection)
FEN_SP_S_NODE_302_length_34534_cov_10.278430.region001.gbk_region_1,C3338536,None,0.51,Yes (No MIBiG connection)
KJ_230721_F_NODE_4350_length_18724_cov_25.813088.region001.gbk_region_1,C3338536,None,0.51,Yes (No MIBiG connection)
FEN_GA_F_NODE_3929_length_5874_cov_6.238357.region001.gbk_region_1,C3338536,None,0.51,Yes (No MIBiG connection)
CR17_ES170215_1_F_contig_62.region001.gbk_region_1,C3338536,None,0.51,Yes (No MIBiG connection)
HYD22_SB_221021_F_contig_2324.region001.gbk_region_1,C3338536,None,0.51,Yes (No MIBiG connection)
CR18_ER180415_S_contig_3851.region001.gbk_region_1,C3338536,None,0.51,Yes (No MIBiG connection)
CR17_MT170219_F_contig_686.region001.gbk_region_1,C3338536,None,0.51,Yes (No MIBiG connection)
CR17_PB170224_contig_988.region001.gbk_region_1,C3338536,None,0.51,Yes (No MIBiG connection)
AEO22_BO_220829_F_contig_8029.region001.gbk_region_1,C3338536,None,0.51,Yes (No MIBiG connection)
FEN_GA_S_NODE_310_length_5228_cov_4.622463.region001.gbk_region_1,C3338536,None,0.51,Yes (No MIBiG connection)
CHL22_CN_220327_F_contig_9644.region001.gbk_region_1,C3338536,None,0.51,Yes (No MIBiG connection)
CR18_MC180404_S_contig_15130.region001.gbk_region_1,C3338536,None,0.51,Yes (No MIBiG connection)
AEO22_BS_220902_F_contig_1528.region001.gbk_region_1,C3338536,None,0.51,Yes (No MIBiG connection)
CHL22_LC_220316_F_contig_138465.region001.gbk_region_1,C3338536,None,0.51,Yes (No MIBiG connection)
CHL22_PJ_220330_F_contig_60804.region001.gbk_region_1,C3338536,None,0.51,Yes (No MIBiG connection)
CHL22_CA_220323_F_contig_89476.region001.gbk_region_1,C3338536,None,0.51,Yes (No MIBiG connection)
CR17_PB170224_contig_470.region001.gbk_region_1,C3338536,None,0.51,Yes (No MIBiG connection)
CR17_BR170218_2_S_contig_15649.region001.gbk_region_1,C3338536,None,0.51,Yes (No MIBiG connection)
CR17_QH170213_1_S_contig_9520.region001.gbk_region_1,C3338536,None,0.51,Yes (No MIBiG connection)
ARG19_IN_190223_F_contig_479.region001.gbk_region_1,C3338536,None,0.51,Yes (No MIBiG connection)
HYD22_SC_221020_F_contig_29470.region001.gbk_region_1,C3338536,None,0.51,Yes (No MIBiG connection)
AEO22_LB_220827_F_contig_82597.region001.gbk_region_1,C3338536,None,0.51,Yes (No MIBiG connection)
CR17_PG172224_S_contig_64326.region001.gbk_region_1,C3338536,None,0.51,Yes (No MIBiG connection)
CHL22_LN_220321_F_contig_36277.region001.gbk_region_1,C3338536,None,0.51,Yes (No MIBiG connection)
CR17_QH170213_1_S_contig_9521.region001.gbk_region_1,C3338536,None,0.51,Yes (No MIBiG connection)
FEN_SI_2_NODE_6437_length_2203_cov_4.219274.region001.gbk_region_1,C3338536,None,0.51,Yes (No MIBiG connection)
CHL22_QN_220317_F_contig_111276.region001.gbk_region_1,C3338536,None,0.51,Yes (No MIBiG connection)
CR18_GE180403_S_contig_18605.region001.gbk_region_1,C3338536,None,0.51,Yes (No MIBiG connection)
CHL22_QN_220317_F_contig_79797.region001.gbk_region_1,C3338536,None,0.51,Yes (No MIBiG connection)
CHL22_CH_220319_F_contig_45218.region001.gbk_region_1,C3338536,None,0.51,Yes (No MIBiG connection)
GUY_SRR21545388_k141_1174397.region001.gbk_region_1,C3338536,None,0.51,Yes (No MIBiG connection)
GUY_SRR21545388_k141_1216138.region001.gbk_region_1,C3338536,None,0.51,Yes (No MIBiG connection)
CR17_SI170217_S_contig_24829.region001.gbk_region_1,C3338536,None,0.51,Yes (No MIBiG connection)
CR18_BW180407_F_contig_43779.region001.gbk_region_1,C3338536,BGC0000980.gbk_region_1,0.48,No (Directly observed)
CHL22_QN_220317_F_contig_43278.region001.gbk_region_1,C3338536,None,0.51,Yes (No MIBiG connection)
CR18_YR180404_F_contig_22360.region001.gbk_region_1,C3338536,None,0.51,Yes (No MIBiG connection)
CR18_RC180404_S_contig_21909.region001.gbk_region_1,C3338536,None,0.51,Yes (No MIBiG connection)
CHL22_QN_220317_F_contig_52557.region001.gbk_region_1,C3338536,None,0.51,Yes (No MIBiG connection)
GUY_SRR21545388_k141_2680189.region001.gbk_region_1,C3338536,None,0.51,Yes (No MIBiG connection)
CHL22_OA_220325_F_contig_96635.region001.gbk_region_1,C3338536,None,0.51,Yes (No MIBiG connection)
CHL22_CZ_220329_F_contig_82634.region001.gbk_region_1,C3338536,None,0.51,Yes (No MIBiG connection)
AEO22_BO_220829_F_contig_51114.region001.gbk_region_1,C3338536,None,0.51,Yes (No MIBiG connection)
CHL22_CZ_220329_F_contig_15724.region001.gbk_region_1,C3338536,None,0.51,Yes (No MIBiG connection)
CR17_ET170220_1_S_contig_7499.region001.gbk_region_1,C3338536,BGC0001292.gbk_region_1,0.48,No (Directly observed)
ARG19_IN_190223_S_contig_3274.region001.gbk_region_1,C3338536,None,0.51,Yes (No MIBiG connection)
CR19_SG_190719_S_contig_2255.region001.gbk_region_1,C3338536,None,0.51,Yes (No MIBiG connection)
CR17_PG172224_S_contig_8642.region001.gbk_region_1,C3338536,None,0.51,Yes (No MIBiG connection)
FEN_SP_F_NODE_2930_length_2033_cov_3.098079.region001.gbk_region_1,C3338536,None,0.51,Yes (No MIBiG connection)
CR18_LE180416_S_contig_16435.region001.gbk_region_1,C3338536,None,0.51,Yes (No MIBiG connection)
CR17_SI170217_S_contig_731.region001.gbk_region_1,C3338536,None,0.51,Yes (No MIBiG connection)
CHL22_TT_220331_F_contig_4864.region001.gbk_region_1,C3338536,None,0.51,Yes (No MIBiG connection)
CR18_LH180406_S_contig_13249.region001.gbk_region_1,C3338536,None,0.51,Yes (No MIBiG connection)
CHL22_EQ_220330_F_contig_20127.region001.gbk_region_1,C3338536,None,0.51,Yes (No MIBiG connection)
AEO22_LB_220827_F_contig_149570.region001.gbk_region_1,C3338536,None,0.51,Yes (No MIBiG connection)
CHL22_CC_220324_F_contig_61712.region001.gbk_region_1,C3338535,None,0.51,Yes (No MIBiG connection)
CR17_EP170215_S_contig_22647.region001.gbk_region_1,C3338535,None,0.51,Yes (No MIBiG connection)
GUY_SRR21545388_k141_548924.region001.gbk_region_1,C3338535,None,0.51,Yes (No MIBiG connection)
CH20_TF_200303_S_contig_35.region001.gbk_region_1,C3338537,None,0.51,Yes (No MIBiG connection)
CR17_BR170218_2_S_contig_24571.region001.gbk_region_1,C3338537,None,0.51,Yes (No MIBiG connection)
HYD22_CB_221018_F_contig_55307.region001.gbk_region_1,C3338537,None,0.51,Yes (No MIBiG connection)
CR17_CY170214_S_contig_126.region001.gbk_region_1,C3338537,None,0.51,Yes (No MIBiG connection)
CR17_FA170219_1_S_contig_19334.region001.gbk_region_1,C3338537,None,0.51,Yes (No MIBiG connection)
CR17_ET170220_1_S_contig_20384.region001.gbk_region_1,C3338537,None,0.51,Yes (No MIBiG connection)
CR17_BR170218_1_F_contig_345.region001.gbk_region_1,C3338537,None,0.51,Yes (No MIBiG connection)
EPR_riftia_k141_546575.region001.gbk_region_1,C3338535,None,0.51,Yes (No MIBiG connection)
HYD22_FC_221023_F_contig_37107.region001.gbk_region_1,C3338536,None,0.51,Yes (No MIBiG connection)
CHL22_CN_220327_F_contig_53540.region001.gbk_region_1,C3338536,None,0.51,Yes (No MIBiG connection)
GUY_SRR21545382_k141_1401815.region001.gbk_region_1,C3338536,None,0.51,Yes (No MIBiG connection)
CHL22_CC_220324_F_contig_31569.region001.gbk_region_1,C3338536,None,0.51,Yes (No MIBiG connection)
GUY_SRR21545382_k141_1058392.region001.gbk_region_1,C3338536,None,0.51,Yes (No MIBiG connection)
CHL22_LA_220331_F_contig_466.region001.gbk_region_1,C3338536,None,0.51,Yes (No MIBiG connection)
AEO22_BO_220829_F_contig_20229.region001.gbk_region_1,C3338535,None,0.51,Yes (No MIBiG connection)
GUY_SRR21545382_k141_1061301.region001.gbk_region_1,C3338535,None,0.51,Yes (No MIBiG connection)
CHL22_PR_220403_F_contig_20905.region001.gbk_region_1,C3338535,None,0.51,Yes (No MIBiG connection)
CHL22_CN_220327_F_contig_13853.region001.gbk_region_1,C3338535,None,0.51,Yes (No MIBiG connection)
ARG19_AO_190224_F_contig_6370.region001.gbk_region_1,C3338535,None,0.51,Yes (No MIBiG connection)
EPR_riftia_k141_135769.region001.gbk_region_1,C3338535,None,0.51,Yes (No MIBiG connection)
CR18_BC180410_contig_384.region001.gbk_region_1,C3338535,None,0.51,Yes (No MIBiG connection)
CR18_SC180411_F_contig_1315.region001.gbk_region_1,C3338535,None,0.51,Yes (No MIBiG connection)
KJ_230721_F_NODE_73301_length_2310_cov_0.575813.region001.gbk_region_1,C3338535,None,0.51,Yes (No MIBiG connection)
CH20_BM_200304_F_contig_57.region001.gbk_region_1,C3338535,None,0.51,Yes (No MIBiG connection)
AEO22_BO_220829_F_contig_60569.region001.gbk_region_1,C3338535,None,0.51,Yes (No MIBiG connection)
CR18_YR180404_F_contig_28049.region001.gbk_region_1,C3338537,None,0.51,Yes (No MIBiG connection)
CR18_LH180406_F_contig_26852.region001.gbk_region_1,C3338537,None,0.51,Yes (No MIBiG connection)
CHL22_CZ_220329_F_contig_67301.region001.gbk_region_1,C3338537,None,0.51,Yes (No MIBiG connection)
KJ_230721_F_NODE_13204_length_7977_cov_1.655032.region001.gbk_region_1,C3338537,None,0.51,Yes (No MIBiG connection)
CHL22_CU_220402_F_contig_24924.region001.gbk_region_1,C3338537,None,0.51,Yes (No MIBiG connection)
GUY_SRR21545388_k141_2406238.region001.gbk_region_1,C3338536,None,0.51,Yes (No MIBiG connection)
CR18_RC180404_S_contig_5088.region001.gbk_region_1,C3338536,None,0.51,Yes (No MIBiG connection)
GUY_SRR21545382_k141_1288907.region001.gbk_region_1,C3338536,None,0.51,Yes (No MIBiG connection)
GUY_SRR21545382_k141_497262.region001.gbk_region_1,C3338536,None,0.51,Yes (No MIBiG connection)
CR17_FA170219_1_S_contig_12487.region001.gbk_region_1,C3338536,None,0.51,Yes (No MIBiG connection)
CR18_CV180410_S_contig_3440.region001.gbk_region_1,C3338536,None,0.51,Yes (No MIBiG connection)
GUY_SRR21545388_k141_1431045.region001.gbk_region_1,C3338536,None,0.51,Yes (No MIBiG connection)
GUY_SRR21545388_k141_1583246.region001.gbk_region_1,C3338536,None,0.51,Yes (No MIBiG connection)
CHL22_CH_220319_F_contig_54299.region001.gbk_region_1,C3338536,None,0.51,Yes (No MIBiG connection)
CHL22_CH_220319_F_contig_69831.region001.gbk_region_1,C3338536,None,0.51,Yes (No MIBiG connection)
CR18_LP180406_F_contig_14581.region001.gbk_region_1,C3338539,BGC0000084.gbk_region_1,0.45,No (Directly observed)
CHL22_CC_220324_F_contig_24437.region001.gbk_region_1,C3338535,None,0.51,Yes (No MIBiG connection)
AEO22_OS_220830_F_contig_80064.region001.gbk_region_1,C3338535,None,0.51,Yes (No MIBiG connection)
HYD22_SP_221019_F_contig_15367.region001.gbk_region_1,C3338535,None,0.51,Yes (No MIBiG connection)
CHL22_CU_220402_F_contig_90644.region001.gbk_region_1,C3338535,None,0.51,Yes (No MIBiG connection)
AEO22_AC_220827_F_contig_36942.region001.gbk_region_1,C3338535,None,0.51,Yes (No MIBiG connection)
HYD22_SB_221021_F_contig_38058.region001.gbk_region_1,C3338535,None,0.51,Yes (No MIBiG connection)
CHL22_CR_220324_F_contig_34803.region001.gbk_region_1,C3338535,None,0.51,Yes (No MIBiG connection)
KJ_230721_F_NODE_33907_length_3998_cov_1.733144.region001.gbk_region_1,C3338535,None,0.51,Yes (No MIBiG connection)
CHL22_OA_220325_F_contig_100573.region001.gbk_region_1,C3338535,None,0.51,Yes (No MIBiG connection)
CR18_GE180403_S_contig_16158.region001.gbk_region_1,C3338535,None,0.51,Yes (No MIBiG connection)
CHL22_LC_220316_F_contig_78972.region001.gbk_region_1,C3338535,None,0.51,Yes (No MIBiG connection)
CHL22_OA_220325_F_contig_4833.region001.gbk_region_1,C3338535,None,0.51,Yes (No MIBiG connection)
HYD22_CB_221018_F_contig_600.region001.gbk_region_1,C3338535,None,0.51,Yes (No MIBiG connection)
CHL22_PJ_220330_F_contig_9320.region001.gbk_region_1,C3338535,None,0.51,Yes (No MIBiG connection)
CHL22_CA_220323_F_contig_28061.region001.gbk_region_1,C3338535,None,0.51,Yes (No MIBiG connection)
CR18_ER180415_F_contig_574.region001.gbk_region_1,C3338536,None,0.51,Yes (No MIBiG connection)
FEN_CF_F_NODE_282_length_11270_cov_18.755239.region001.gbk_region_1,C3338536,None,0.51,Yes (No MIBiG connection)
CHL22_CN_220327_F_contig_18246.region001.gbk_region_1,C3338536,None,0.51,Yes (No MIBiG connection)
AEO22_CF_220902_F_contig_639.region001.gbk_region_1,C3338536,BGC0002926.gbk_region_1,0.49,No (Directly observed)
CH20_GS_200305_F_contig_481.region001.gbk_region_1,C3338536,None,0.51,Yes (No MIBiG connection)
CH20_CT_200308_F_contig_33.region001.gbk_region_1,C3338536,None,0.51,Yes (No MIBiG connection)
CR17_EP170215_S_contig_18661.region001.gbk_region_1,C3338537,BGC0000282.gbk_region_1,0.49,No (Directly observed)
AEO22_TC_220902_F_contig_2630.region001.gbk_region_1,C3338537,BGC0001831.gbk_region_1,0.41,No (Directly observed)
CR17_PG172224_S_contig_1054.region001.gbk_region_1,C3338537,BGC0001831.gbk_region_1,0.47,No (Directly observed)
CR17_PG172224_S_contig_19282.region001.gbk_region_1,C3338537,BGC0001831.gbk_region_1,0.26,No (Directly observed)
HYD22_CB_221018_F_contig_8514.region001.gbk_region_1,C3338537,BGC0000282.gbk_region_1,0.39,No (Directly observed)
CHL22_OA_220325_F_contig_87071.region001.gbk_region_1,C3338537,BGC0000282.gbk_region_1,0.49,No (Directly observed)
CHL22_CR_220324_F_contig_42232.region001.gbk_region_1,C3338537,BGC0001962.gbk_region_1,0.29,No (Directly observed)
CR17_PF170222_S_contig_149.region001.gbk_region_1,C3338537,None,0.51,Yes (No MIBiG connection)
CR17_QN170220_S_contig_150.region001.gbk_region_1,C3338537,BGC0001831.gbk_region_1,0.46,No (Directly observed)
CHL22_EQ_220330_F_contig_23323.region001.gbk_region_1,C3338537,BGC0001831.gbk_region_1,0.39,No (Directly observed)
EPR_teddybear_k141_139013.region001.gbk_region_1,C3338537,None,0.51,Yes (No MIBiG connection)
CHL22_LC_220316_F_contig_64469.region001.gbk_region_1,C3338537,BGC0001647.gbk_region_1,0.48,No (Directly observed)
CR18_RR180407_F_contig_14199.region001.gbk_region_1,C3338537,BGC0000282.gbk_region_1,0.34,No (Directly observed)
GUY_SRR21545388_k141_2057063.region001.gbk_region_1,C3338537,BGC0000282.gbk_region_1,0.48,No (Directly observed)
HYD22_FC_221023_F_contig_742.region001.gbk_region_1,C3338537,BGC0000282.gbk_region_1,0.47,No (Directly observed)
CR17_QN170220_S_contig_8668.region001.gbk_region_1,C3338537,BGC0001831.gbk_region_1,0.31,No (Directly observed)
HYD22_SC_221020_F_contig_55612.region001.gbk_region_1,C3338537,None,0.51,Yes (No MIBiG connection)
CR18_RR180407_F_contig_9263.region001.gbk_region_1,C3338537,BGC0003089.gbk_region_1,0.35,No (Directly observed)
FEN_LS_S_NODE_645_length_31348_cov_5.940562.region001.gbk_region_1,C3338537,BGC0000282.gbk_region_1,0.48,No (Directly observed)
EPR_teddybear_k141_862891.region001.gbk_region_1,C3338537,None,0.51,Yes (No MIBiG connection)
CR17_BR170218_2_S_contig_34594.region001.gbk_region_1,C3338537,None,0.51,Yes (No MIBiG connection)
AEO22_BO_220829_F_contig_41516.region001.gbk_region_1,C3338537,None,0.51,Yes (No MIBiG connection)
CHL22_RS_220319_F_contig_125.region001.gbk_region_1,C3338537,BGC0000282.gbk_region_1,0.47,No (Directly observed)
CHL22_OA_220325_F_contig_52792.region001.gbk_region_1,C3338537,BGC0001831.gbk_region_1,0.49,No (Directly observed)
CR17_QN170220_S_contig_3898.region001.gbk_region_1,C3338537,BGC0001831.gbk_region_1,0.24,No (Directly observed)
CR17_PF170222_S_contig_2224.region001.gbk_region_1,C3338537,None,0.51,Yes (No MIBiG connection)
CR17_QN170220_S_contig_870.region001.gbk_region_1,C3338537,BGC0001831.gbk_region_1,0.39,No (Directly observed)
AEO22_HO_220830_F_contig_4482.region001.gbk_region_1,C3338536,None,0.51,Yes (No MIBiG connection)
CHL22_LN_220321_F_contig_5260.region001.gbk_region_1,C3338536,BGC0000869.gbk_region_1,0.5,No (Directly observed)
CHL22_LN_220321_F_contig_12984.region001.gbk_region_1,C3338536,None,0.51,Yes (No MIBiG connection)
CHL22_LN_220321_F_contig_28818.region001.gbk_region_1,C3338536,None,0.51,Yes (No MIBiG connection)
CHL22_GB_220322_F_contig_21439.region001.gbk_region_1,C3338536,None,0.51,Yes (No MIBiG connection)
CHL22_GB_220322_F_contig_10141.region001.gbk_region_1,C3338536,None,0.51,Yes (No MIBiG connection)
AEO22_TC_220902_F_contig_28461.region001.gbk_region_1,C3338536,BGC0000869.gbk_region_1,0.5,No (Directly observed)
HYD22_CB_221018_F_contig_1783.region001.gbk_region_1,C3338536,None,0.51,Yes (No MIBiG connection)
CHL22_CU_220402_F_contig_42701.region001.gbk_region_1,C3338536,None,0.51,Yes (No MIBiG connection)
CR18_PX180416_S_contig_1545.region001.gbk_region_1,C3338536,None,0.51,Yes (No MIBiG connection)
CHL22_LP_220401_F_contig_102290.region001.gbk_region_1,C3338536,None,0.51,Yes (No MIBiG connection)
FEN_LS_F_NODE_2829_length_7813_cov_4.768755.region001.gbk_region_1,C3338536,None,0.51,Yes (No MIBiG connection)
GUY_SRR21545388_k141_17313.region001.gbk_region_1,C3338536,None,0.51,Yes (No MIBiG connection)
CHL22_SR_220328_F_contig_27.region001.gbk_region_1,C3338536,None,0.51,Yes (No MIBiG connection)
CR18_LE180416_F_contig_3885.region001.gbk_region_1,C3338536,None,0.51,Yes (No MIBiG connection)
CHL22_PJ_220330_F_contig_8172.region001.gbk_region_1,C3338536,None,0.51,Yes (No MIBiG connection)
CHL22_RS_220319_F_contig_4894.region001.gbk_region_1,C3338536,None,0.51,Yes (No MIBiG connection)
CR18_LE180416_F_contig_9506.region001.gbk_region_1,C3338536,None,0.51,Yes (No MIBiG connection)
CHL22_RS_220319_F_contig_86890.region001.gbk_region_1,C3338536,None,0.51,Yes (No MIBiG connection)
CHL22_PJ_220330_F_contig_65719.region001.gbk_region_1,C3338536,None,0.51,Yes (No MIBiG connection)
CHL22_CH_220319_F_contig_37270.region001.gbk_region_1,C3338536,None,0.51,Yes (No MIBiG connection)
CHL22_CH_220319_F_contig_22323.region001.gbk_region_1,C3338536,None,0.51,Yes (No MIBiG connection)
HYD22_FC_221023_F_contig_2107.region001.gbk_region_1,C3338536,None,0.51,Yes (No MIBiG connection)
CHL22_CA_220323_F_contig_167106.region001.gbk_region_1,C3338535,None,0.51,Yes (No MIBiG connection)
FEN_VR_S_NODE_476_length_18194_cov_71.075418.region001.gbk_region_1,C3338535,None,0.51,Yes (No MIBiG connection)
EPR_teddybear_k141_699928.region001.gbk_region_1,C3338537,None,0.51,Yes (No MIBiG connection)
AEO22_BO_220829_F_contig_31916.region001.gbk_region_1,C3338537,None,0.51,Yes (No MIBiG connection)
CR17_CY170214_S_contig_21350.region001.gbk_region_1,C3338537,None,0.51,Yes (No MIBiG connection)
CR18_BW180407_F_contig_39500.region001.gbk_region_1,C3338537,None,0.51,Yes (No MIBiG connection)
CHL22_CU_220402_F_contig_22804.region001.gbk_region_1,C3338537,None,0.51,Yes (No MIBiG connection)
AEO22_GV_220827_F_contig_3346.region001.gbk_region_1,C3338537,None,0.51,Yes (No MIBiG connection)
EPR_riftia_k141_217836.region001.gbk_region_1,C3338535,None,0.51,Yes (No MIBiG connection)
CR18_CV180410_S_contig_15855.region001.gbk_region_1,C3338535,None,0.51,Yes (No MIBiG connection)
CHL22_CZ_220329_F_contig_85167.region001.gbk_region_1,C3338535,None,0.51,Yes (No MIBiG connection)
GUY_SRR21545382_k141_710212.region001.gbk_region_1,C3338535,None,0.51,Yes (No MIBiG connection)
CR18_YR180404_F_contig_9757.region001.gbk_region_1,C3338535,None,0.51,Yes (No MIBiG connection)
CR17_PG172224_S_contig_57634.region001.gbk_region_1,C3338535,None,0.51,Yes (No MIBiG connection)
GUY_SRR21545388_k141_2857641.region001.gbk_region_1,C3338536,None,0.51,Yes (No MIBiG connection)
AEO22_OS_220830_F_contig_2666.region001.gbk_region_1,C3338535,None,0.51,Yes (No MIBiG connection)
AEO22_LB_220827_F_contig_87290.region001.gbk_region_1,C3338535,None,0.51,Yes (No MIBiG connection)
FEN_SI_1_NODE_9829_length_2402_cov_2.786110.region001.gbk_region_1,C3338536,None,0.51,Yes (No MIBiG connection)
CR17_PG172224_S_contig_1621.region001.gbk_region_1,C3338536,None,0.51,Yes (No MIBiG connection)
CR17_QH170213_1_F_contig_8135.region001.gbk_region_1,C3338536,None,0.51,Yes (No MIBiG connection)
GUY_SRR21545388_k141_3001649.region001.gbk_region_1,C3338536,None,0.51,Yes (No MIBiG connection)
EPR_teddybear_k141_869007.region001.gbk_region_1,C3338536,None,0.51,Yes (No MIBiG connection)
EPR_riftia_k141_268095.region001.gbk_region_1,C3338536,BGC0000863.gbk_region_1,0.5,No (Directly observed)
HYD22_FC_221023_F_contig_55631.region001.gbk_region_1,C3338536,None,0.51,Yes (No MIBiG connection)
CHL22_CA_220323_F_contig_109334.region001.gbk_region_1,C3338536,None,0.51,Yes (No MIBiG connection)
NR_230731_F_NODE_7095_length_6467_cov_1.115773.region001.gbk_region_1,C3338536,None,0.51,Yes (No MIBiG connection)
CR17_QN170220_S_contig_12467.region001.gbk_region_1,C3338536,None,0.51,Yes (No MIBiG connection)
CHL22_CH_220319_F_contig_77272.region001.gbk_region_1,C3338535,None,0.51,Yes (No MIBiG connection)
GUY_SRR21545388_k141_474160.region001.gbk_region_1,C3338535,None,0.51,Yes (No MIBiG connection)
CHL22_OA_220325_F_contig_76872.region001.gbk_region_1,C3338535,None,0.51,Yes (No MIBiG connection)
CR18_XF180416_F_contig_7485.region001.gbk_region_1,C3338535,None,0.51,Yes (No MIBiG connection)
CHL22_PR_220403_F_contig_9710.region001.gbk_region_1,C3338535,None,0.51,Yes (No MIBiG connection)
GUY_SRR21545382_k141_569645.region001.gbk_region_1,C3338535,None,0.51,Yes (No MIBiG connection)
GUY_SRR21545388_k141_1759588.region001.gbk_region_1,C3338535,None,0.51,Yes (No MIBiG connection)
GUY_SRR21545388_k141_2988846.region001.gbk_region_1,C3338535,None,0.51,Yes (No MIBiG connection)
FEN_SI_1_NODE_6045_length_3262_cov_3.559089.region001.gbk_region_1,C3338535,BGC0002008.gbk_region_1,0.47,No (Directly observed)
AEO22_LB_220827_F_contig_51473.region001.gbk_region_1,C3338535,None,0.51,Yes (No MIBiG connection)
HYD22_FC_221023_F_contig_10751.region001.gbk_region_1,C3338535,BGC0000836.gbk_region_1,0.44,No (Directly observed)
GUY_SRR21545382_k141_1953241.region001.gbk_region_1,C3338535,BGC0000836.gbk_region_1,0.43,No (Directly observed)
CHL22_CH_220319_F_contig_86055.region001.gbk_region_1,C3338535,None,0.51,Yes (No MIBiG connection)
CHL22_CH_220319_F_contig_76370.region001.gbk_region_1,C3338535,None,0.51,Yes (No MIBiG connection)
GUY_SRR21545388_k141_1896122.region001.gbk_region_1,C3338535,None,0.51,Yes (No MIBiG connection)
CHL22_CH_220319_F_contig_36972.region001.gbk_region_1,C3338535,None,0.51,Yes (No MIBiG connection)
SJ_230730_F_NODE_4749_length_3784_cov_3.611276.region001.gbk_region_1,C3338535,BGC0000837.gbk_region_1,0.35,No (Directly observed)
EPR_riftia_k141_126454.region001.gbk_region_1,C3338535,None,0.51,Yes (No MIBiG connection)
EPR_riftia_k141_276922.region001.gbk_region_1,C3338535,None,0.51,Yes (No MIBiG connection)
GUY_SRR21545382_k141_1936542.region001.gbk_region_1,C3338535,None,0.51,Yes (No MIBiG connection)
CHL22_LP_220401_F_contig_18957.region001.gbk_region_1,C3338535,None,0.51,Yes (No MIBiG connection)
HYD22_FC_221023_F_contig_1261.region001.gbk_region_1,C3338535,None,0.51,Yes (No MIBiG connection)
CHL22_OA_220325_F_contig_72315.region001.gbk_region_1,C3338535,None,0.51,Yes (No MIBiG connection)
AEO22_TC_220902_F_contig_54318.region001.gbk_region_1,C3338535,None,0.51,Yes (No MIBiG connection)
CHL22_LC_220316_F_contig_127119.region001.gbk_region_1,C3338535,None,0.51,Yes (No MIBiG connection)
CHL22_CH_220319_F_contig_7936.region001.gbk_region_1,C3338535,None,0.51,Yes (No MIBiG connection)
GUY_SRR21545388_k141_130016.region001.gbk_region_1,C3338535,None,0.51,Yes (No MIBiG connection)
HYD22_SP_221019_F_contig_2982.region001.gbk_region_1,C3338535,None,0.51,Yes (No MIBiG connection)
CR17_BR170218_2_S_contig_52761.region001.gbk_region_1,C3338535,None,0.51,Yes (No MIBiG connection)
EPR_riftia_k141_217782.region001.gbk_region_1,C3338535,None,0.51,Yes (No MIBiG connection)
CHL22_LC_220316_F_contig_117548.region001.gbk_region_1,C3338535,None,0.51,Yes (No MIBiG connection)
ARG19_AO_190224_F_contig_428.region001.gbk_region_1,C3338535,None,0.51,Yes (No MIBiG connection)
CHL22_LC_220316_F_contig_123687.region001.gbk_region_1,C3338535,None,0.51,Yes (No MIBiG connection)
KJ_230721_F_NODE_571_length_81928_cov_1.713512.region001.gbk_region_1,C3338535,None,0.51,Yes (No MIBiG connection)
CHL22_CC_220324_F_contig_86694.region001.gbk_region_1,C3338535,None,0.51,Yes (No MIBiG connection)
GUY_SRR21545388_k141_2206714.region001.gbk_region_1,C3338535,None,0.51,Yes (No MIBiG connection)
CHL22_CC_220324_F_contig_51981.region001.gbk_region_1,C3338535,None,0.51,Yes (No MIBiG connection)
AEO22_LB_220827_F_contig_144503.region001.gbk_region_1,C3338535,None,0.51,Yes (No MIBiG connection)
CHL22_LC_220316_F_contig_58360.region001.gbk_region_1,C3338535,None,0.51,Yes (No MIBiG connection)
EPR_CV67_k141_250288.region001.gbk_region_1,C3338535,None,0.51,Yes (No MIBiG connection)
AEO22_BO_220829_F_contig_70267.region001.gbk_region_1,C3338535,None,0.51,Yes (No MIBiG connection)
CHL22_CH_220319_F_contig_77634.region001.gbk_region_1,C3338535,None,0.51,Yes (No MIBiG connection)
EPR_alvinella_k141_181674.region001.gbk_region_1,C3338535,None,0.51,Yes (No MIBiG connection)
CHL22_RS_220319_F_contig_74457.region001.gbk_region_1,C3338535,None,0.51,Yes (No MIBiG connection)
GUY_SRR21545382_k141_455749.region001.gbk_region_1,C3338535,None,0.51,Yes (No MIBiG connection)
CHL22_CZ_220329_F_contig_49523.region001.gbk_region_1,C3338535,None,0.51,Yes (No MIBiG connection)
CHL22_CH_220319_F_contig_107145.region001.gbk_region_1,C3338537,None,0.51,Yes (No MIBiG connection)
CR17_BR170218_1_F_contig_2285.region001.gbk_region_1,C3338537,None,0.51,Yes (No MIBiG connection)
CR18_HA180403_F_contig_524.region001.gbk_region_1,C3338537,None,0.51,Yes (No MIBiG connection)
HYD22_SC_221020_F_contig_22689.region001.gbk_region_1,C3338537,BGC0001647.gbk_region_1,0.43,No (Directly observed)
KJ_230721_F_NODE_6455_length_13731_cov_7.571303.region001.gbk_region_1,C3338537,None,0.51,Yes (No MIBiG connection)
CR18_BS180407_F_contig_39882.region001.gbk_region_1,C3338537,None,0.51,Yes (No MIBiG connection)
HYD22_CB_221018_F_contig_47964.region001.gbk_region_1,C3338537,None,0.51,Yes (No MIBiG connection)
CR18_RC180404_S_contig_33228.region001.gbk_region_1,C3338537,BGC0000282.gbk_region_1,0.47,No (Directly observed)
CR17_MT170219_F_contig_449.region001.gbk_region_1,C3338537,None,0.51,Yes (No MIBiG connection)
NR_230731_F_NODE_28029_length_2658_cov_1.615172.region001.gbk_region_1,C3338537,BGC0001647.gbk_region_1,0.48,No (Directly observed)
CHL22_QN_220317_F_contig_134851.region001.gbk_region_1,C3338537,BGC0001647.gbk_region_1,0.48,No (Directly observed)
CR18_LH180406_S_contig_118.region001.gbk_region_1,C3338537,None,0.51,Yes (No MIBiG connection)
CHL22_CU_220402_F_contig_50334.region001.gbk_region_1,C3338537,BGC0001647.gbk_region_1,0.46,No (Directly observed)
CR18_RR180407_F_contig_2957.region001.gbk_region_1,C3338537,BGC0000282.gbk_region_1,0.35,No (Directly observed)
CR17_QH170213_1_S_contig_3.region001.gbk_region_1,C3338537,None,0.51,Yes (No MIBiG connection)
CR17_SI170217_S_contig_9443.region001.gbk_region_1,C3338537,None,0.51,Yes (No MIBiG connection)
CHL22_CU_220402_F_contig_87891.region001.gbk_region_1,C3338537,BGC0000282.gbk_region_1,0.48,No (Directly observed)
CR17_SI170217_S_contig_9475.region001.gbk_region_1,C3338537,None,0.51,Yes (No MIBiG connection)
HYD22_CB_221018_F_contig_24152.region001.gbk_region_1,C3338537,BGC0001647.gbk_region_1,0.49,No (Directly observed)
CHL22_RS_220319_F_contig_23806.region001.gbk_region_1,C3338537,BGC0001647.gbk_region_1,0.48,No (Directly observed)
CR18_CL180409_F_contig_480.region001.gbk_region_1,C3338537,None,0.51,Yes (No MIBiG connection)
CR17_BR170218_1_S_contig_16052.region001.gbk_region_1,C3338537,BGC0001647.gbk_region_1,0.47,No (Directly observed)
CHL22_CZ_220329_F_contig_81123.region001.gbk_region_1,C3338537,BGC0001647.gbk_region_1,0.44,No (Directly observed)
CHL22_OA_220325_F_contig_101604.region001.gbk_region_1,C3338537,BGC0001647.gbk_region_1,0.41,No (Directly observed)
CR18_RR180407_F_contig_12188.region001.gbk_region_1,C3338537,BGC0001647.gbk_region_1,0.31,No (Directly observed)
CHL22_OA_220325_F_contig_53743.region001.gbk_region_1,C3338537,BGC0001647.gbk_region_1,0.5,No (Directly observed)
CHL22_QN_220317_F_contig_57246.region001.gbk_region_1,C3338537,BGC0001647.gbk_region_1,0.46,No (Directly observed)
CHL22_CN_220327_F_contig_2820.region001.gbk_region_1,C3338537,None,0.51,Yes (No MIBiG connection)
CR18_LP180406_F_contig_26684.region001.gbk_region_1,C3338537,None,0.51,Yes (No MIBiG connection)
CR17_ES170215_1_F_contig_10264.region001.gbk_region_1,C3338537,BGC0001647.gbk_region_1,0.48,No (Directly observed)
TR_230731_F_NODE_5876_length_8780_cov_1.013868.region001.gbk_region_1,C3338537,None,0.51,Yes (No MIBiG connection)
CHL22_QN_220317_F_contig_69725.region001.gbk_region_1,C3338537,BGC0000282.gbk_region_1,0.46,No (Directly observed)
KJ_230721_F_NODE_3474_length_22413_cov_14.159472.region001.gbk_region_1,C3338537,None,0.51,Yes (No MIBiG connection)
CR18_BS180407_F_contig_17937.region001.gbk_region_1,C3338537,BGC0000282.gbk_region_1,0.44,No (Directly observed)
CHL22_OA_220325_F_contig_103509.region001.gbk_region_1,C3338537,None,0.51,Yes (No MIBiG connection)
ARG19_VV_190228_F_contig_794.region001.gbk_region_1,C3338537,None,0.51,Yes (No MIBiG connection)
CR18_MC180404_F_contig_2900.region001.gbk_region_1,C3338537,BGC0000282.gbk_region_1,0.48,No (Directly observed)
CR17_BR170218_1_F_contig_3455.region001.gbk_region_1,C3338537,BGC0001647.gbk_region_1,0.47,No (Directly observed)
CHL22_QN_220317_F_contig_47463.region001.gbk_region_1,C3338537,BGC0001647.gbk_region_1,0.34,No (Directly observed)
KJ_230721_F_NODE_22453_length_5383_cov_0.791096.region001.gbk_region_1,C3338537,BGC0001647.gbk_region_1,0.44,No (Directly observed)
CR18_CH180410_F_contig_6542.region001.gbk_region_1,C3338537,BGC0001647.gbk_region_1,0.49,No (Directly observed)
CHL22_QN_220317_F_contig_57400.region001.gbk_region_1,C3338537,None,0.51,Yes (No MIBiG connection)
CHL22_CC_220324_F_contig_33302.region001.gbk_region_1,C3338537,BGC0001647.gbk_region_1,0.47,No (Directly observed)
CR18_RR180407_F_contig_6506.region001.gbk_region_1,C3338537,BGC0001647.gbk_region_1,0.37,No (Directly observed)
NR_230731_F_NODE_1130_length_19776_cov_1.530002.region001.gbk_region_1,C3338537,None,0.51,Yes (No MIBiG connection)
SJ_230730_F_NODE_2177_length_6539_cov_4.913494.region001.gbk_region_1,C3338537,BGC0001647.gbk_region_1,0.43,No (Directly observed)
ARG19_PP_190301_S_contig_247.region001.gbk_region_1,C3338537,None,0.51,Yes (No MIBiG connection)
HYD22_CB_221018_F_contig_48867.region001.gbk_region_1,C3338537,None,0.51,Yes (No MIBiG connection)
SJ_230730_F_NODE_10163_length_2274_cov_4.007738.region001.gbk_region_1,C3338537,BGC0001647.gbk_region_1,0.44,No (Directly observed)
CHL22_LC_220316_F_contig_136511.region001.gbk_region_1,C3338537,BGC0001647.gbk_region_1,0.43,No (Directly observed)
CHL22_QN_220317_F_contig_75734.region001.gbk_region_1,C3338537,BGC0001647.gbk_region_1,0.44,No (Directly observed)
CHL22_QN_220317_F_contig_136093.region001.gbk_region_1,C3338537,None,0.51,Yes (No MIBiG connection)
CR17_CY170214_F_contig_2479.region001.gbk_region_1,C3338537,BGC0001647.gbk_region_1,0.45,No (Directly observed)
CHL22_LC_220316_F_contig_123275.region001.gbk_region_1,C3338537,BGC0001962.gbk_region_1,0.5,No (Directly observed)
CR17_TC170221_F_contig_400.region001.gbk_region_1,C3338537,None,0.51,Yes (No MIBiG connection)
AEO22_BS_220902_F_contig_1042.region001.gbk_region_1,C3338537,None,0.51,Yes (No MIBiG connection)
CR18_RR180407_F_contig_1405.region001.gbk_region_1,C3338537,None,0.51,Yes (No MIBiG connection)
CR17_ET170220_1_S_contig_23300.region001.gbk_region_1,C3338537,None,0.51,Yes (No MIBiG connection)
CHL22_OA_220325_F_contig_412.region001.gbk_region_1,C3338537,None,0.51,Yes (No MIBiG connection)
CHL22_LC_220316_F_contig_42035.region001.gbk_region_1,C3338537,BGC0001647.gbk_region_1,0.49,No (Directly observed)
CHL22_LP_220401_F_contig_1200.region001.gbk_region_1,C3338537,None,0.51,Yes (No MIBiG connection)
NR_230731_F_NODE_21621_length_3148_cov_11.918570.region001.gbk_region_1,C3338537,None,0.51,Yes (No MIBiG connection)
CR17_BR170218_1_S_contig_3187.region001.gbk_region_1,C3338537,None,0.51,Yes (No MIBiG connection)
AEO22_OS_220830_F_contig_183.region001.gbk_region_1,C3338537,None,0.51,Yes (No MIBiG connection)
CHL22_OA_220325_F_contig_24194.region001.gbk_region_1,C3338537,None,0.51,Yes (No MIBiG connection)
CR17_SL170214_F_contig_22.region001.gbk_region_1,C3338537,None,0.51,Yes (No MIBiG connection)
CHL22_AV_220320_F_contig_32.region001.gbk_region_1,C3338537,None,0.51,Yes (No MIBiG connection)
CR18_CI180408_F_contig_4219.region001.gbk_region_1,C3338537,None,0.51,Yes (No MIBiG connection)
GUY_SRR21545388_k141_250509.region001.gbk_region_1,C3338536,None,0.51,Yes (No MIBiG connection)
CHL22_GB_220322_F_contig_28199.region001.gbk_region_1,C3338536,BGC0001292.gbk_region_1,0.5,No (Directly observed)
CR18_CI180408_F_contig_1759.region001.gbk_region_1,C3338536,None,0.51,Yes (No MIBiG connection)
AEO22_TC_220902_F_contig_59245.region001.gbk_region_1,C3338536,BGC0001292.gbk_region_1,0.46,No (Directly observed)
CHL22_LC_220316_F_contig_19704.region001.gbk_region_1,C3338536,BGC0001292.gbk_region_1,0.48,No (Directly observed)
CR17_MT170219_F_contig_7628.region001.gbk_region_1,C3338536,None,0.51,Yes (No MIBiG connection)
GUY_SRR21545382_k141_1729144.region001.gbk_region_1,C3338536,None,0.51,Yes (No MIBiG connection)
CHL22_RS_220319_F_contig_68811.region001.gbk_region_1,C3338536,None,0.51,Yes (No MIBiG connection)
CR18_LE180416_S_contig_11931.region001.gbk_region_1,C3338536,BGC0001292.gbk_region_1,0.48,No (Directly observed)
CHL22_RS_220319_F_contig_63012.region001.gbk_region_1,C3338536,BGC0001292.gbk_region_1,0.4,No (Directly observed)
CR18_RC180404_S_contig_40505.region001.gbk_region_1,C3338536,BGC0001292.gbk_region_1,0.46,No (Directly observed)
KJ_230721_F_NODE_59349_length_2687_cov_1.227734.region001.gbk_region_1,C3338536,BGC0001292.gbk_region_1,0.49,No (Directly observed)
HYD22_CB_221018_F_contig_56899.region001.gbk_region_1,C3338536,BGC0001292.gbk_region_1,0.45,No (Directly observed)
CR18_PX180416_S_contig_499.region001.gbk_region_1,C3338536,None,0.51,Yes (No MIBiG connection)
CHL22_CR_220324_F_contig_6395.region001.gbk_region_1,C3338535,None,0.51,Yes (No MIBiG connection)
CHL22_CH_220319_F_contig_132604.region001.gbk_region_1,C3338535,None,0.51,Yes (No MIBiG connection)
GUY_SRR21545382_k141_871286.region001.gbk_region_1,C3338535,None,0.51,Yes (No MIBiG connection)
CHL22_CZ_220329_F_contig_22170.region001.gbk_region_1,C3338535,None,0.51,Yes (No MIBiG connection)
CHL22_CN_220327_F_contig_10330.region001.gbk_region_1,C3338536,BGC0000869.gbk_region_1,0.38,No (Directly observed)
AEO22_GV_220827_F_contig_24408.region001.gbk_region_1,C3338536,None,0.51,Yes (No MIBiG connection)
AEO22_LB_220827_F_contig_1689.region001.gbk_region_1,C3338536,None,0.51,Yes (No MIBiG connection)
FEN_LS_S_NODE_244_length_53940_cov_6.911441.region001.gbk_region_1,C3338536,None,0.51,Yes (No MIBiG connection)
AEO22_LB_220827_F_contig_24903.region001.gbk_region_1,C3338536,BGC0000869.gbk_region_1,0.47,No (Directly observed)
CR18_LE180416_F_contig_14075.region001.gbk_region_1,C3338536,BGC0000869.gbk_region_1,0.38,No (Directly observed)
CR17_FA170219_1_S_contig_160.region001.gbk_region_1,C3338536,None,0.51,Yes (No MIBiG connection)
CHL22_OA_220325_F_contig_28805.region001.gbk_region_1,C3338536,BGC0000869.gbk_region_1,0.38,No (Directly observed)
GUY_SRR21545388_k141_338937.region001.gbk_region_1,C3338536,BGC0000869.gbk_region_1,0.47,No (Directly observed)
CHL22_LV_220331_F_contig_951.region001.gbk_region_1,C3338536,BGC0000869.gbk_region_1,0.38,No (Directly observed)
CHL22_OA_220325_F_contig_56260.region001.gbk_region_1,C3338536,None,0.51,Yes (No MIBiG connection)
GUY_SRR21545388_k141_2375468.region001.gbk_region_1,C3338536,BGC0000869.gbk_region_1,0.44,No (Directly observed)
GUY_SRR21545382_k141_1056376.region001.gbk_region_1,C3338536,BGC0000869.gbk_region_1,0.45,No (Directly observed)
CHL22_CN_220327_F_contig_40186.region001.gbk_region_1,C3338536,None,0.51,Yes (No MIBiG connection)
GUY_SRR21545384_k141_703513.region001.gbk_region_1,C3338536,None,0.51,Yes (No MIBiG connection)
CHL22_SR_220328_F_contig_533.region001.gbk_region_1,C3338536,None,0.51,Yes (No MIBiG connection)
GUY_SRR21545382_k141_1617915.region001.gbk_region_1,C3338536,BGC0000869.gbk_region_1,0.39,No (Directly observed)
CHL22_CH_220319_F_contig_27916.region001.gbk_region_1,C3338536,None,0.51,Yes (No MIBiG connection)
GUY_SRR21545382_k141_55365.region001.gbk_region_1,C3338536,BGC0000869.gbk_region_1,0.42,No (Directly observed)
CHL22_CC_220324_F_contig_20333.region001.gbk_region_1,C3338536,None,0.51,Yes (No MIBiG connection)
CHL22_SR_220328_F_contig_246.region001.gbk_region_1,C3338536,None,0.51,Yes (No MIBiG connection)
CHL22_QN_220317_F_contig_47629.region001.gbk_region_1,C3338536,BGC0000869.gbk_region_1,0.46,No (Directly observed)
CHL22_LC_220316_F_contig_28380.region001.gbk_region_1,C3338536,BGC0000869.gbk_region_1,0.45,No (Directly observed)
CR18_CI180408_S_contig_193.region001.gbk_region_1,C3338536,None,0.51,Yes (No MIBiG connection)
GUY_SRR21545382_k141_969689.region001.gbk_region_1,C3338536,BGC0000869.gbk_region_1,0.41,No (Directly observed)
CHL22_CN_220327_F_contig_42509.region001.gbk_region_1,C3338536,None,0.51,Yes (No MIBiG connection)
GUY_SRR21545388_k141_752228.region001.gbk_region_1,C3338536,None,0.51,Yes (No MIBiG connection)
CHL22_CU_220402_F_contig_90119.region001.gbk_region_1,C3338537,None,0.51,Yes (No MIBiG connection)
HYD22_SC_221020_F_contig_37296.region001.gbk_region_1,C3338537,None,0.51,Yes (No MIBiG connection)
FEN_LS_F_NODE_16964_length_2285_cov_2.542601.region001.gbk_region_1,C3338536,BGC0001658.gbk_region_1,0.49,No (Directly observed)
CR18_LE180416_F_contig_44772.region001.gbk_region_1,C3338536,None,0.51,Yes (No MIBiG connection)
CHL22_OA_220325_F_contig_56247.region001.gbk_region_1,C3338536,None,0.51,Yes (No MIBiG connection)
CHL22_LC_220316_F_contig_51350.region001.gbk_region_1,C3338536,None,0.51,Yes (No MIBiG connection)
HYD22_FC_221023_F_contig_41557.region001.gbk_region_1,C3338536,None,0.51,Yes (No MIBiG connection)
CHL22_CC_220324_F_contig_10352.region001.gbk_region_1,C3338536,BGC0000140.gbk_region_1,0.5,No (Directly observed)
CH20_CT_200308_F_contig_970.region001.gbk_region_1,C3338536,None,0.51,Yes (No MIBiG connection)
TR_230731_S_NODE_25110_length_3202_cov_0.606504.region001.gbk_region_1,C3338536,None,0.51,Yes (No MIBiG connection)
CHL22_LC_220316_F_contig_137251.region001.gbk_region_1,C3338536,None,0.51,Yes (No MIBiG connection)
CR18_LE180416_F_contig_30164.region001.gbk_region_1,C3338536,BGC0001348.gbk_region_1,0.38,No (Directly observed)
CR18_LE180416_S_contig_21379.region001.gbk_region_1,C3338536,BGC0000140.gbk_region_1,0.47,No (Directly observed)
CR17_SI170217_S_contig_31364.region001.gbk_region_1,C3338536,None,0.51,Yes (No MIBiG connection)
AEO22_OS_220830_F_contig_56064.region001.gbk_region_1,C3338536,None,0.51,Yes (No MIBiG connection)
CHL22_OA_220325_F_contig_65961.region001.gbk_region_1,C3338536,None,0.51,Yes (No MIBiG connection)
CHL22_LV_220331_F_contig_31467.region001.gbk_region_1,C3338536,BGC0000140.gbk_region_1,0.48,No (Directly observed)
CR17_BR170218_2_F_contig_8347.region001.gbk_region_1,C3338536,None,0.51,Yes (No MIBiG connection)
FEN_PI_S_NODE_2766_length_2769_cov_89.820560.region001.gbk_region_1,C3338536,None,0.51,Yes (No MIBiG connection)
FEN_LS_S_NODE_16671_length_3016_cov_3.077676.region001.gbk_region_1,C3338536,None,0.51,Yes (No MIBiG connection)
CR17_QN170220_F_contig_10012.region001.gbk_region_1,C3338536,None,0.51,Yes (No MIBiG connection)
CHL22_PJ_220330_F_contig_12544.region001.gbk_region_1,C3338536,None,0.51,Yes (No MIBiG connection)
CR18_LE180416_F_contig_24175.region001.gbk_region_1,C3338536,BGC0001061.gbk_region_1,0.5,No (Directly observed)
EPR_teddybear_k141_673850.region001.gbk_region_1,C3338536,None,0.51,Yes (No MIBiG connection)
HYD22_FC_221023_F_contig_41967.region001.gbk_region_1,C3338536,None,0.51,Yes (No MIBiG connection)
GUY_SRR21545382_k141_1873897.region001.gbk_region_1,C3338536,None,0.51,Yes (No MIBiG connection)
GUY_SRR21545382_k141_315504.region001.gbk_region_1,C3338536,None,0.51,Yes (No MIBiG connection)
CHL22_OA_220325_F_contig_55077.region001.gbk_region_1,C3338535,None,0.51,Yes (No MIBiG connection)
CR18_XF180416_S_contig_496.region001.gbk_region_1,C3338535,None,0.51,Yes (No MIBiG connection)
FEN_LS_S_NODE_626_length_31863_cov_7.759872.region001.gbk_region_1,C3338535,None,0.51,Yes (No MIBiG connection)
AEO22_HO_220830_F_contig_3.region001.gbk_region_1,C3338535,None,0.51,Yes (No MIBiG connection)
CHL22_PJ_220330_F_contig_14171.region001.gbk_region_1,C3338535,None,0.51,Yes (No MIBiG connection)
CHL22_CU_220402_F_contig_10832.region001.gbk_region_1,C3338535,None,0.51,Yes (No MIBiG connection)
AEO22_CF_220902_F_contig_4.region001.gbk_region_1,C3338535,None,0.51,Yes (No MIBiG connection)
CHL22_LR_220331_F_contig_41072.region001.gbk_region_1,C3338535,None,0.51,Yes (No MIBiG connection)
AEO22_OS_220830_F_contig_2623.region001.gbk_region_1,C3338535,None,0.51,Yes (No MIBiG connection)
CHL22_LC_220316_F_contig_43223.region001.gbk_region_1,C3338535,None,0.51,Yes (No MIBiG connection)
CR18_LH180406_F_contig_28.region001.gbk_region_1,C3338535,None,0.51,Yes (No MIBiG connection)
CR17_QN170220_F_contig_94.region001.gbk_region_1,C3338535,None,0.51,Yes (No MIBiG connection)
CR18_CL180409_F_contig_2454.region001.gbk_region_1,C3338535,None,0.51,Yes (No MIBiG connection)
CHL22_LP_220401_F_contig_85459.region001.gbk_region_1,C3338535,None,0.51,Yes (No MIBiG connection)
CHL22_PR_220403_F_contig_40862.region001.gbk_region_1,C3338535,None,0.51,Yes (No MIBiG connection)
CR17_QN170220_S_contig_2372.region001.gbk_region_1,C3338535,None,0.51,Yes (No MIBiG connection)
CR18_GE180403_S_contig_646.region001.gbk_region_1,C3338535,None,0.51,Yes (No MIBiG connection)
CHL22_IS_220328_F_contig_14683.region001.gbk_region_1,C3338535,BGC0000837.gbk_region_1,0.44,No (Directly observed)
CHL22_LC_220316_F_contig_94186.region001.gbk_region_1,C3338535,None,0.51,Yes (No MIBiG connection)
CHL22_CU_220402_F_contig_57568.region001.gbk_region_1,C3338535,BGC0000837.gbk_region_1,0.49,No (Directly observed)
CR18_RC180404_F_contig_521.region001.gbk_region_1,C3338535,None,0.51,Yes (No MIBiG connection)
AEO22_TC_220902_F_contig_916.region001.gbk_region_1,C3338535,None,0.51,Yes (No MIBiG connection)
CR18_BS180407_F_contig_715.region001.gbk_region_1,C3338535,None,0.51,Yes (No MIBiG connection)
CR18_LP180406_F_contig_2390.region001.gbk_region_1,C3338535,None,0.51,Yes (No MIBiG connection)
CHL22_EQ_220330_F_contig_9904.region001.gbk_region_1,C3338535,BGC0000837.gbk_region_1,0.44,No (Directly observed)
CR18_YR180404_F_contig_1652.region001.gbk_region_1,C3338535,None,0.51,Yes (No MIBiG connection)
EPR_riftia_k141_645296.region001.gbk_region_1,C3338535,None,0.51,Yes (No MIBiG connection)
CHL22_CU_220402_F_contig_86896.region001.gbk_region_1,C3338535,None,0.51,Yes (No MIBiG connection)
CR18_LH180406_S_contig_27.region001.gbk_region_1,C3338535,None,0.51,Yes (No MIBiG connection)
CHL22_LC_220316_F_contig_141341.region001.gbk_region_1,C3338535,None,0.51,Yes (No MIBiG connection)
CR18_YR180404_F_contig_1038.region001.gbk_region_1,C3338535,None,0.51,Yes (No MIBiG connection)
KJ_230721_F_NODE_296_length_120683_cov_22.419871.region001.gbk_region_1,C3338535,None,0.51,Yes (No MIBiG connection)
AEO22_TC_220902_F_contig_45.region001.gbk_region_1,C3338535,None,0.51,Yes (No MIBiG connection)
FEN_LS_S_NODE_4_length_220346_cov_17.132130.region002.gbk_region_2,C3338535,None,0.51,Yes (No MIBiG connection)
CHL22_PR_220403_F_contig_3253.region001.gbk_region_1,C3338535,None,0.51,Yes (No MIBiG connection)
CR18_LE180416_F_contig_4777.region001.gbk_region_1,C3338535,BGC0000837.gbk_region_1,0.48,No (Directly observed)
CR18_LW180405_S_contig_12.region001.gbk_region_1,C3338535,None,0.51,Yes (No MIBiG connection)
CR19_SG_190719_F_contig_554.region001.gbk_region_1,C3338535,None,0.51,Yes (No MIBiG connection)
CR18_CZ180409_F_contig_40.region001.gbk_region_1,C3338535,None,0.51,Yes (No MIBiG connection)
CR18_RC180404_S_contig_766.region001.gbk_region_1,C3338535,None,0.51,Yes (No MIBiG connection)
CR18_CW180415_F_contig_321.region001.gbk_region_1,C3338535,None,0.51,Yes (No MIBiG connection)
AEO22_TC_220902_F_contig_3137.region001.gbk_region_1,C3338535,None,0.51,Yes (No MIBiG connection)
CR18_CL180409_F_contig_101.region002.gbk_region_2,C3338535,None,0.51,Yes (No MIBiG connection)
CR18_CI180408_F_contig_30.region001.gbk_region_1,C3338535,None,0.51,Yes (No MIBiG connection)
CHL22_QN_220317_F_contig_175251.region001.gbk_region_1,C3338535,None,0.51,Yes (No MIBiG connection)
CR18_CV180410_F_contig_1388.region001.gbk_region_1,C3338535,BGC0000837.gbk_region_1,0.45,No (Directly observed)
CR18_LH180406_F_contig_1455.region001.gbk_region_1,C3338535,None,0.51,Yes (No MIBiG connection)
KJ_230721_F_NODE_565_length_82381_cov_22.852858.region001.gbk_region_1,C3338535,None,0.51,Yes (No MIBiG connection)
CR18_CZ180409_F_contig_808.region001.gbk_region_1,C3338535,None,0.51,Yes (No MIBiG connection)
CHL22_CA_220323_F_contig_170317.region001.gbk_region_1,C3338535,None,0.51,Yes (No MIBiG connection)
AEO22_TC_220902_F_contig_4893.region001.gbk_region_1,C3338535,None,0.51,Yes (No MIBiG connection)
AEO22_CF_220902_F_contig_251.region002.gbk_region_2,C3338535,BGC0002008.gbk_region_1,0.49,No (Directly observed)
HYD22_CB_221018_F_contig_154.region001.gbk_region_1,C3338535,None,0.51,Yes (No MIBiG connection)
HYD22_CB_221018_F_contig_1937.region001.gbk_region_1,C3338535,None,0.51,Yes (No MIBiG connection)
CR17_QN170220_F_contig_17.region001.gbk_region_1,C3338535,None,0.51,Yes (No MIBiG connection)
CR18_RC180404_S_contig_2363.region001.gbk_region_1,C3338536,None,0.51,Yes (No MIBiG connection)
HYD22_FC_221023_F_contig_23536.region001.gbk_region_1,C3338536,None,0.51,Yes (No MIBiG connection)
AEO22_OS_220830_F_contig_21050.region001.gbk_region_1,C3338536,None,0.51,Yes (No MIBiG connection)
HYD22_FC_221023_F_contig_19955.region001.gbk_region_1,C3338536,None,0.51,Yes (No MIBiG connection)
AEO22_OS_220830_F_contig_3876.region001.gbk_region_1,C3338536,None,0.51,Yes (No MIBiG connection)
CHL22_CC_220324_F_contig_2163.region001.gbk_region_1,C3338536,None,0.51,Yes (No MIBiG connection)
CHL22_LN_220321_F_contig_23.region001.gbk_region_1,C3338536,BGC0000080.gbk_region_1,0.46,No (Directly observed)
CHL22_OA_220325_F_contig_1539.region001.gbk_region_1,C3338536,None,0.51,Yes (No MIBiG connection)
CR18_LE180416_F_contig_511.region001.gbk_region_1,C3338536,BGC0001244.gbk_region_1,0.49,No (Directly observed)
CHL22_CC_220324_F_contig_11290.region001.gbk_region_1,C3338536,None,0.51,Yes (No MIBiG connection)
CR18_LE180416_F_contig_7250.region001.gbk_region_1,C3338536,BGC0002517.gbk_region_1,0.47,No (Directly observed)
KJ_230721_F_NODE_66596_length_2472_cov_4.887846.region001.gbk_region_1,C3338535,None,0.51,Yes (No MIBiG connection)
TR_230731_S_NODE_1537_length_27203_cov_6.944933.region001.gbk_region_1,C3338536,None,0.51,Yes (No MIBiG connection)
CHL22_LN_220321_F_contig_6227.region001.gbk_region_1,C3338536,None,0.51,Yes (No MIBiG connection)
CHL22_TT_220331_F_contig_10418.region001.gbk_region_1,C3338536,None,0.51,Yes (No MIBiG connection)
AEO22_TC_220902_F_contig_3548.region001.gbk_region_1,C3338536,BGC0000869.gbk_region_1,0.4,No (Directly observed)
EPR_riftia_k141_625588.region001.gbk_region_1,C3338536,None,0.51,Yes (No MIBiG connection)
HYD22_SC_221020_F_contig_25030.region001.gbk_region_1,C3338536,None,0.51,Yes (No MIBiG connection)
EPR_riftia_k141_369987.region001.gbk_region_1,C3338536,None,0.51,Yes (No MIBiG connection)
AEO22_OS_220830_F_contig_8113.region001.gbk_region_1,C3338536,BGC0000869.gbk_region_1,0.45,No (Directly observed)
CHL22_CN_220327_F_contig_59880.region001.gbk_region_1,C3338536,None,0.51,Yes (No MIBiG connection)
CR17_QN170220_S_contig_8631.region001.gbk_region_1,C3338536,None,0.51,Yes (No MIBiG connection)
CHL22_CC_220324_F_contig_38486.region001.gbk_region_1,C3338538,BGC0001064.gbk_region_1,0.44,No (Directly observed)
CHL22_LA_220331_F_contig_6483.region001.gbk_region_1,C3338538,BGC0001566.gbk_region_1,0.46,No (Directly observed)
EPR_teddybear_k141_544882.region001.gbk_region_1,C3338538,None,0.51,Yes (No MIBiG connection)
CR18_YR180404_F_contig_32175.region001.gbk_region_1,C3338535,None,0.51,Yes (No MIBiG connection)
CHL22_PJ_220330_F_contig_27652.region001.gbk_region_1,C3338535,None,0.51,Yes (No MIBiG connection)
CHL22_LP_220401_F_contig_101989.region001.gbk_region_1,C3338535,None,0.51,Yes (No MIBiG connection)
CR18_DS_F_contig_3341.region001.gbk_region_1,C3338535,None,0.51,Yes (No MIBiG connection)
CR18_RR180407_F_contig_25169.region001.gbk_region_1,C3338537,BGC0003089.gbk_region_1,0.34,No (Directly observed)
CHL22_PJ_220330_F_contig_38087.region001.gbk_region_1,C3338537,BGC0001964.gbk_region_1,0.49,No (Directly observed)
CR17_PG172224_S_contig_59209.region001.gbk_region_1,C3338537,BGC0001831.gbk_region_1,0.25,No (Directly observed)
HYD22_FC_221023_F_contig_51758.region001.gbk_region_1,C3338537,BGC0001647.gbk_region_1,0.47,No (Directly observed)
CR18_CV180410_S_contig_10944.region001.gbk_region_1,C3338537,BGC0001964.gbk_region_1,0.47,No (Directly observed)
CR17_PG172224_S_contig_64527.region001.gbk_region_1,C3338537,BGC0000282.gbk_region_1,0.4,No (Directly observed)
CR18_RR180407_F_contig_30097.region001.gbk_region_1,C3338537,BGC0001647.gbk_region_1,0.36,No (Directly observed)
CHL22_RS_220319_F_contig_31736.region001.gbk_region_1,C3338537,BGC0001647.gbk_region_1,0.39,No (Directly observed)
CR17_PG172224_S_contig_40680.region001.gbk_region_1,C3338537,BGC0001831.gbk_region_1,0.25,No (Directly observed)
HYD22_FC_221023_F_contig_3600.region001.gbk_region_1,C3338537,BGC0000282.gbk_region_1,0.48,No (Directly observed)
CHL22_LC_220316_F_contig_135629.region001.gbk_region_1,C3338535,None,0.51,Yes (No MIBiG connection)
CR18_YR180404_F_contig_8611.region001.gbk_region_1,C3338537,None,0.51,Yes (No MIBiG connection)
CR18_SC180411_F_contig_6588.region001.gbk_region_1,C3338536,None,0.51,Yes (No MIBiG connection)
CR18_LB180410_F_contig_463.region001.gbk_region_1,C3338536,None,0.51,Yes (No MIBiG connection)
CR18_SC180411_S_contig_7759.region001.gbk_region_1,C3338536,None,0.51,Yes (No MIBiG connection)
CHL22_LP_220401_F_contig_45657.region001.gbk_region_1,C3338536,None,0.51,Yes (No MIBiG connection)
GUY_SRR21545388_k141_48893.region001.gbk_region_1,C3338536,BGC0000869.gbk_region_1,0.47,No (Directly observed)
CR17_EP170215_S_contig_12767.region001.gbk_region_1,C3338536,None,0.51,Yes (No MIBiG connection)
CHL22_QN_220317_F_contig_26063.region001.gbk_region_1,C3338536,None,0.51,Yes (No MIBiG connection)
CHL22_OA_220325_F_contig_76187.region001.gbk_region_1,C3338536,None,0.51,Yes (No MIBiG connection)
CHL22_PR_220403_F_contig_25195.region001.gbk_region_1,C3338537,None,0.51,Yes (No MIBiG connection)
AEO22_AC_220827_F_contig_139.region001.gbk_region_1,C3338536,BGC0002926.gbk_region_1,0.48,No (Directly observed)
HYD22_CB_221018_F_contig_17999.region001.gbk_region_1,C3338536,BGC0002926.gbk_region_1,0.39,No (Directly observed)
AEO22_AC_220827_F_contig_641.region001.gbk_region_1,C3338536,BGC0002926.gbk_region_1,0.47,No (Directly observed)
KJ_230721_F_NODE_126_length_189707_cov_24.258535.region001.gbk_region_1,C3338536,BGC0002926.gbk_region_1,0.41,No (Directly observed)
CHL22_LC_220316_F_contig_105093.region001.gbk_region_1,C3338536,BGC0002926.gbk_region_1,0.39,No (Directly observed)
CHL22_LC_220316_F_contig_16870.region001.gbk_region_1,C3338535,None,0.51,Yes (No MIBiG connection)
FEN_LS_S_NODE_17123_length_2963_cov_4.759972.region001.gbk_region_1,C3338537,None,0.51,Yes (No MIBiG connection)
CHL22_GB_220322_F_contig_11497.region001.gbk_region_1,C3338537,None,0.51,Yes (No MIBiG connection)
CHL22_SR_220328_F_contig_27563.region001.gbk_region_1,C3338537,None,0.51,Yes (No MIBiG connection)
HYD22_SC_221020_F_contig_2529.region001.gbk_region_1,C3338536,None,0.51,Yes (No MIBiG connection)
CHL22_CH_220319_F_contig_121211.region001.gbk_region_1,C3338536,None,0.51,Yes (No MIBiG connection)
CR17_PG172224_S_contig_3802.region001.gbk_region_1,C3338536,None,0.51,Yes (No MIBiG connection)
FEN_CG_S_NODE_879_length_5932_cov_25.474222.region001.gbk_region_1,C3338536,None,0.51,Yes (No MIBiG connection)
CR18_LE180416_S_contig_3316.region001.gbk_region_1,C3338536,None,0.51,Yes (No MIBiG connection)
HYD22_FR_221020_F_contig_23485.region001.gbk_region_1,C3338536,None,0.51,Yes (No MIBiG connection)
NR_230731_F_NODE_11345_length_4802_cov_1.926631.region001.gbk_region_1,C3338536,None,0.51,Yes (No MIBiG connection)
FEN_LS_F_NODE_782_length_19891_cov_7.411020.region001.gbk_region_1,C3338536,None,0.51,Yes (No MIBiG connection)
HYD22_SP_221019_F_contig_5776.region001.gbk_region_1,C3338536,None,0.51,Yes (No MIBiG connection)
FEN_VR_S_NODE_906_length_11175_cov_7.533543.region001.gbk_region_1,C3338536,None,0.51,Yes (No MIBiG connection)
CR18_ER180415_S_contig_4709.region001.gbk_region_1,C3338536,None,0.51,Yes (No MIBiG connection)
FEN_CF_F_NODE_100_length_31019_cov_13.485532.region001.gbk_region_1,C3338536,None,0.51,Yes (No MIBiG connection)
CHL22_CH_220319_F_contig_23429.region001.gbk_region_1,C3338536,None,0.51,Yes (No MIBiG connection)
CHL22_LN_220321_F_contig_30179.region001.gbk_region_1,C3338536,None,0.51,Yes (No MIBiG connection)
CHL22_OA_220325_F_contig_118666.region001.gbk_region_1,C3338536,None,0.51,Yes (No MIBiG connection)
HYD22_SC_221020_F_contig_21352.region001.gbk_region_1,C3338536,None,0.51,Yes (No MIBiG connection)
CR18_CL180409_F_contig_2657.region001.gbk_region_1,C3338536,None,0.51,Yes (No MIBiG connection)
CR18_ER180415_S_contig_4175.region001.gbk_region_1,C3338536,None,0.51,Yes (No MIBiG connection)
FEN_SI_2_NODE_54_length_42531_cov_23.971396.region001.gbk_region_1,C3338536,None,0.51,Yes (No MIBiG connection)
CR17_QN170220_S_contig_126.region001.gbk_region_1,C3338536,None,0.51,Yes (No MIBiG connection)
CR17_QH170213_1_F_contig_3088.region001.gbk_region_1,C3338536,None,0.51,Yes (No MIBiG connection)
CR18_CV180410_F_contig_2310.region001.gbk_region_1,C3338535,None,0.51,Yes (No MIBiG connection)
EPR_teddybear_k141_827396.region001.gbk_region_1,C3338535,None,0.51,Yes (No MIBiG connection)
CHL22_QN_220317_F_contig_10.region002.gbk_region_2,C3338535,None,0.51,Yes (No MIBiG connection)
CHL22_EQ_220330_F_contig_44198.region001.gbk_region_1,C3338535,BGC0000837.gbk_region_1,0.39,No (Directly observed)
AEO22_CF_220902_F_contig_12573.region001.gbk_region_1,C3338535,None,0.51,Yes (No MIBiG connection)
KJ_230721_F_NODE_4400_length_18578_cov_1.161238.region001.gbk_region_1,C3338535,None,0.51,Yes (No MIBiG connection)
CHL22_CU_220402_F_contig_96034.region001.gbk_region_1,C3338535,None,0.51,Yes (No MIBiG connection)
CR18_LH180406_F_contig_5859.region001.gbk_region_1,C3338535,BGC0000836.gbk_region_1,0.31,No (Directly observed)
CR18_LH180406_F_contig_2985.region001.gbk_region_1,C3338535,None,0.51,Yes (No MIBiG connection)
CHL22_IS_220328_F_contig_6379.region001.gbk_region_1,C3338535,BGC0000837.gbk_region_1,0.49,No (Directly observed)
CHL22_LC_220316_F_contig_110447.region001.gbk_region_1,C3338535,None,0.51,Yes (No MIBiG connection)
CHL22_PR_220403_F_contig_19768.region001.gbk_region_1,C3338535,BGC0002008.gbk_region_1,0.48,No (Directly observed)
CR18_LE180416_F_contig_3083.region001.gbk_region_1,C3338535,None,0.51,Yes (No MIBiG connection)
CHL22_CU_220402_F_contig_20582.region001.gbk_region_1,C3338535,None,0.51,Yes (No MIBiG connection)
CHL22_LC_220316_F_contig_134879.region001.gbk_region_1,C3338535,None,0.51,Yes (No MIBiG connection)
CHL22_PR_220403_F_contig_5107.region001.gbk_region_1,C3338535,None,0.51,Yes (No MIBiG connection)
AEO22_TC_220902_F_contig_232.region001.gbk_region_1,C3338535,None,0.51,Yes (No MIBiG connection)
CHL22_LC_220316_F_contig_128678.region001.gbk_region_1,C3338535,None,0.51,Yes (No MIBiG connection)
CHL22_LP_220401_F_contig_41217.region001.gbk_region_1,C3338535,BGC0000836.gbk_region_1,0.49,No (Directly observed)
KJ_230721_F_NODE_24235_length_5084_cov_0.954811.region001.gbk_region_1,C3338535,None,0.51,Yes (No MIBiG connection)
KJ_230721_F_NODE_5078_length_16626_cov_10.311170.region001.gbk_region_1,C3338535,None,0.51,Yes (No MIBiG connection)
CHL22_CC_220324_F_contig_16445.region001.gbk_region_1,C3338535,None,0.51,Yes (No MIBiG connection)
CHL22_EQ_220330_F_contig_21413.region001.gbk_region_1,C3338535,BGC0002008.gbk_region_1,0.32,No (Directly observed)
CHL22_CU_220402_F_contig_19594.region001.gbk_region_1,C3338535,BGC0002008.gbk_region_1,0.4,No (Directly observed)
CHL22_CU_220402_F_contig_65621.region001.gbk_region_1,C3338535,None,0.51,Yes (No MIBiG connection)
AEO22_AC_220827_F_contig_1252.region001.gbk_region_1,C3338535,None,0.51,Yes (No MIBiG connection)
AEO22_OS_220830_F_contig_8432.region001.gbk_region_1,C3338535,None,0.51,Yes (No MIBiG connection)
HYD22_FC_221023_F_contig_1.region002.gbk_region_2,C3338535,BGC0000836.gbk_region_1,0.45,No (Directly observed)
AEO22_TC_220902_F_contig_569.region001.gbk_region_1,C3338535,None,0.51,Yes (No MIBiG connection)
CR18_PX180416_S_contig_8762.region001.gbk_region_1,C3338538,None,0.51,Yes (No MIBiG connection)
CR18_SC180411_S_contig_849.region001.gbk_region_1,C3338538,None,0.51,Yes (No MIBiG connection)
CR18_RC180404_S_contig_5918.region001.gbk_region_1,C3338538,None,0.51,Yes (No MIBiG connection)
CR18_BW180407_F_contig_14023.region001.gbk_region_1,C3338538,None,0.51,Yes (No MIBiG connection)
HYD22_CB_221018_F_contig_27217.region001.gbk_region_1,C3338538,None,0.51,Yes (No MIBiG connection)
CHL22_OA_220325_F_contig_63578.region001.gbk_region_1,C3338538,None,0.51,Yes (No MIBiG connection)
CHL22_CU_220402_F_contig_76392.region001.gbk_region_1,C3338538,None,0.51,Yes (No MIBiG connection)
ARG19_PM_190223_S_contig_576.region001.gbk_region_1,C3338538,None,0.51,Yes (No MIBiG connection)
CR18_SC180411_S_contig_1418.region001.gbk_region_1,C3338538,None,0.51,Yes (No MIBiG connection)
GUY_SRR21545384_k141_307489.region001.gbk_region_1,C3338538,None,0.51,Yes (No MIBiG connection)
CHL22_QN_220317_F_contig_61286.region001.gbk_region_1,C3338538,None,0.51,Yes (No MIBiG connection)
HYD22_FC_221023_F_contig_35841.region001.gbk_region_1,C3338538,None,0.51,Yes (No MIBiG connection)
GUY_SRR21545382_k141_637036.region001.gbk_region_1,C3338538,None,0.51,Yes (No MIBiG connection)
GUY_SRR21545382_k141_662839.region001.gbk_region_1,C3338538,None,0.51,Yes (No MIBiG connection)
CR18_LH180406_F_contig_11614.region001.gbk_region_1,C3338538,None,0.51,Yes (No MIBiG connection)
CHL22_SR_220328_F_contig_3469.region001.gbk_region_1,C3338538,None,0.51,Yes (No MIBiG connection)
EPR_teddybear_k141_553403.region001.gbk_region_1,C3338538,None,0.51,Yes (No MIBiG connection)
CR18_CI180408_F_contig_3509.region001.gbk_region_1,C3338538,None,0.51,Yes (No MIBiG connection)
CR17_QH170213_1_S_contig_2927.region001.gbk_region_1,C3338538,None,0.51,Yes (No MIBiG connection)
GUY_SRR21545382_k141_1687120.region001.gbk_region_1,C3338538,None,0.51,Yes (No MIBiG connection)
AEO22_BO_220829_F_contig_15997.region001.gbk_region_1,C3338536,None,0.51,Yes (No MIBiG connection)
CHL22_CC_220324_F_contig_38184.region001.gbk_region_1,C3338536,None,0.51,Yes (No MIBiG connection)
AEO22_BO_220829_F_contig_56207.region001.gbk_region_1,C3338536,None,0.51,Yes (No MIBiG connection)
CR17_SL170214_F_contig_15242.region001.gbk_region_1,C3338536,None,0.51,Yes (No MIBiG connection)
AEO22_CF_220902_F_contig_23915.region001.gbk_region_1,C3338536,None,0.51,Yes (No MIBiG connection)
AEO22_CF_220902_F_contig_26981.region001.gbk_region_1,C3338536,None,0.51,Yes (No MIBiG connection)
CR18_CW180415_F_contig_2005.region001.gbk_region_1,C3338538,None,0.51,Yes (No MIBiG connection)
CHL22_PR_220403_F_contig_47840.region001.gbk_region_1,C3338538,None,0.51,Yes (No MIBiG connection)
CHL22_CU_220402_F_contig_81172.region001.gbk_region_1,C3338538,None,0.51,Yes (No MIBiG connection)
CR18_ER180415_S_contig_1061.region001.gbk_region_1,C3338538,None,0.51,Yes (No MIBiG connection)
CR18_XF180416_F_contig_3595.region001.gbk_region_1,C3338538,None,0.51,Yes (No MIBiG connection)
AEO22_HO_220830_F_contig_5430.region001.gbk_region_1,C3338538,None,0.51,Yes (No MIBiG connection)
AEO22_LB_220827_F_contig_8174.region001.gbk_region_1,C3338538,None,0.51,Yes (No MIBiG connection)
CR18_SC180411_F_contig_1503.region001.gbk_region_1,C3338538,None,0.51,Yes (No MIBiG connection)
CR17_ES170215_1_F_contig_1702.region001.gbk_region_1,C3338538,None,0.51,Yes (No MIBiG connection)
CR18_XF180416_F_contig_378.region001.gbk_region_1,C3338538,None,0.51,Yes (No MIBiG connection)
CHL22_LA_220331_F_contig_7788.region001.gbk_region_1,C3338538,None,0.51,Yes (No MIBiG connection)
NR_230731_S_NODE_648_length_31817_cov_2.559325.region001.gbk_region_1,C3338538,None,0.51,Yes (No MIBiG connection)
AEO22_CF_220902_F_contig_3230.region001.gbk_region_1,C3338538,None,0.51,Yes (No MIBiG connection)
CR18_LH180406_F_contig_2749.region001.gbk_region_1,C3338538,None,0.51,Yes (No MIBiG connection)
CR17_SI170217_S_contig_14210.region001.gbk_region_1,C3338538,None,0.51,Yes (No MIBiG connection)
CHL22_LA_220331_F_contig_302.region001.gbk_region_1,C3338538,None,0.51,Yes (No MIBiG connection)
CR18_LP180406_F_contig_3878.region001.gbk_region_1,C3338538,None,0.51,Yes (No MIBiG connection)
FEN_GA_F_NODE_983_length_17283_cov_5.385129.region001.gbk_region_1,C3338538,None,0.51,Yes (No MIBiG connection)
CR18_RC180404_S_contig_2056.region001.gbk_region_1,C3338538,None,0.51,Yes (No MIBiG connection)
CR18_CI180408_S_contig_2578.region001.gbk_region_1,C3338538,None,0.51,Yes (No MIBiG connection)
CR18_LE180416_F_contig_2365.region001.gbk_region_1,C3338538,None,0.51,Yes (No MIBiG connection)
AEO22_OS_220830_F_contig_10708.region001.gbk_region_1,C3338538,None,0.51,Yes (No MIBiG connection)
CHL22_PR_220403_F_contig_10989.region001.gbk_region_1,C3338538,None,0.51,Yes (No MIBiG connection)
CR18_MC180404_F_contig_3407.region001.gbk_region_1,C3338538,None,0.51,Yes (No MIBiG connection)
NR_230731_S_NODE_432_length_43950_cov_4.961116.region001.gbk_region_1,C3338538,None,0.51,Yes (No MIBiG connection)
CR17_ES170215_1_F_contig_1066.region001.gbk_region_1,C3338538,None,0.51,Yes (No MIBiG connection)
CHL22_LV_220331_F_contig_7294.region001.gbk_region_1,C3338538,None,0.51,Yes (No MIBiG connection)
HYD22_FC_221023_F_contig_8113.region001.gbk_region_1,C3338538,None,0.51,Yes (No MIBiG connection)
CHL22_LC_220316_F_contig_101537.region001.gbk_region_1,C3338538,None,0.51,Yes (No MIBiG connection)
CR18_LH180406_F_contig_682.region001.gbk_region_1,C3338538,None,0.51,Yes (No MIBiG connection)
CR18_HA180403_F_contig_1331.region001.gbk_region_1,C3338538,None,0.51,Yes (No MIBiG connection)
CHL22_CC_220324_F_contig_25416.region001.gbk_region_1,C3338538,None,0.51,Yes (No MIBiG connection)
CHL22_LN_220321_F_contig_30519.region001.gbk_region_1,C3338538,None,0.51,Yes (No MIBiG connection)
CHL22_CN_220327_F_contig_42244.region001.gbk_region_1,C3338538,None,0.51,Yes (No MIBiG connection)
CR19_EP_190616_S_contig_25.region001.gbk_region_1,C3338538,None,0.51,Yes (No MIBiG connection)
CHL22_LR_220331_F_contig_22699.region001.gbk_region_1,C3338538,None,0.51,Yes (No MIBiG connection)
EPR_teddybear_k141_786764.region001.gbk_region_1,C3338538,None,0.51,Yes (No MIBiG connection)
HYD22_SP_221019_F_contig_29017.region001.gbk_region_1,C3338538,None,0.51,Yes (No MIBiG connection)
CHL22_OA_220325_F_contig_54776.region001.gbk_region_1,C3338538,None,0.51,Yes (No MIBiG connection)
CHL22_LC_220316_F_contig_69439.region001.gbk_region_1,C3338538,None,0.51,Yes (No MIBiG connection)
FEN_LS_S_NODE_27419_length_2130_cov_2.588916.region001.gbk_region_1,C3338538,None,0.51,Yes (No MIBiG connection)
HYD22_SP_221019_F_contig_50401.region001.gbk_region_1,C3338538,None,0.51,Yes (No MIBiG connection)
CR18_CH180410_S_contig_24748.region001.gbk_region_1,C3338538,None,0.51,Yes (No MIBiG connection)
EPR_teddybear_k141_784000.region001.gbk_region_1,C3338538,None,0.51,Yes (No MIBiG connection)
CHL22_LN_220321_F_contig_16672.region001.gbk_region_1,C3338536,None,0.51,Yes (No MIBiG connection)
AEO22_CF_220902_F_contig_1004.region001.gbk_region_1,C3338536,None,0.51,Yes (No MIBiG connection)
ARG19_BJ_190227_S_contig_728.region001.gbk_region_1,C3338536,None,0.51,Yes (No MIBiG connection)
NR_230731_F_NODE_4633_length_8586_cov_2.063483.region001.gbk_region_1,C3338536,None,0.51,Yes (No MIBiG connection)
HYD22_FC_221023_F_contig_9649.region001.gbk_region_1,C3338536,None,0.51,Yes (No MIBiG connection)
HYD22_SC_221020_F_contig_5928.region001.gbk_region_1,C3338536,BGC0000869.gbk_region_1,0.37,No (Directly observed)
CR18_BW180407_F_contig_11412.region001.gbk_region_1,C3338536,None,0.51,Yes (No MIBiG connection)
HYD22_CB_221018_F_contig_2790.region001.gbk_region_1,C3338536,BGC0000869.gbk_region_1,0.36,No (Directly observed)
CR17_SI170217_S_contig_2220.region001.gbk_region_1,C3338536,None,0.51,Yes (No MIBiG connection)
GUY_SRR21545388_k141_24268.region001.gbk_region_1,C3338536,None,0.51,Yes (No MIBiG connection)
CR17_EP170215_F_contig_13349.region001.gbk_region_1,C3338536,None,0.51,Yes (No MIBiG connection)
CHL22_CH_220319_F_contig_73279.region001.gbk_region_1,C3338536,None,0.51,Yes (No MIBiG connection)
CHL22_QN_220317_F_contig_60366.region001.gbk_region_1,C3338536,None,0.51,Yes (No MIBiG connection)
CR18_CW180415_F_contig_1576.region001.gbk_region_1,C3338536,BGC0002497.gbk_region_1,0.46,No (Directly observed)
HYD22_CB_221018_F_contig_60.region001.gbk_region_1,C3338536,BGC0000869.gbk_region_1,0.48,No (Directly observed)
CR17_QH170213_1_S_contig_760.region001.gbk_region_1,C3338536,BGC0000869.gbk_region_1,0.34,No (Directly observed)
HYD22_CB_221018_F_contig_7516.region001.gbk_region_1,C3338536,None,0.51,Yes (No MIBiG connection)
CHL22_LN_220321_F_contig_29698.region001.gbk_region_1,C3338536,None,0.51,Yes (No MIBiG connection)
CHL22_QN_220317_F_contig_87139.region001.gbk_region_1,C3338536,None,0.51,Yes (No MIBiG connection)
CR17_PG172224_S_contig_6622.region001.gbk_region_1,C3338536,BGC0000869.gbk_region_1,0.48,No (Directly observed)
ARG19_IN_190223_F_contig_85.region001.gbk_region_1,C3338536,BGC0000869.gbk_region_1,0.45,No (Directly observed)
CHL22_LC_220316_F_contig_36581.region001.gbk_region_1,C3338536,BGC0000140.gbk_region_1,0.49,No (Directly observed)
AEO22_TC_220902_F_contig_86.region001.gbk_region_1,C3338536,None,0.51,Yes (No MIBiG connection)
CR17_QH170213_2_S_contig_16050.region001.gbk_region_1,C3338536,None,0.51,Yes (No MIBiG connection)
CHL22_PJ_220330_F_contig_47241.region001.gbk_region_1,C3338536,None,0.51,Yes (No MIBiG connection)
CR18_CL180409_F_contig_5119.region001.gbk_region_1,C3338536,None,0.51,Yes (No MIBiG connection)
CHL22_RS_220319_F_contig_960.region001.gbk_region_1,C3338536,BGC0000869.gbk_region_1,0.43,No (Directly observed)
CHL22_LA_220331_F_contig_21284.region001.gbk_region_1,C3338536,None,0.51,Yes (No MIBiG connection)
GUY_SRR21545388_k141_2617185.region001.gbk_region_1,C3338536,None,0.51,Yes (No MIBiG connection)
CHL22_CH_220319_F_contig_127307.region001.gbk_region_1,C3338536,None,0.51,Yes (No MIBiG connection)
CHL22_LN_220321_F_contig_19116.region001.gbk_region_1,C3338536,None,0.51,Yes (No MIBiG connection)
FEN_LS_S_NODE_3883_length_8919_cov_6.891810.region001.gbk_region_1,C3338536,None,0.51,Yes (No MIBiG connection)
CHL22_CE_220402_F_contig_855.region001.gbk_region_1,C3338536,None,0.51,Yes (No MIBiG connection)
CR17_QH170213_1_S_contig_2069.region001.gbk_region_1,C3338536,BGC0000869.gbk_region_1,0.36,No (Directly observed)
TR_230731_F_NODE_21633_length_3216_cov_1.561023.region001.gbk_region_1,C3338536,None,0.51,Yes (No MIBiG connection)
CHL22_CU_220402_F_contig_92075.region001.gbk_region_1,C3338536,None,0.51,Yes (No MIBiG connection)
CR19_EP_190616_S_contig_232.region001.gbk_region_1,C3338536,BGC0000869.gbk_region_1,0.32,No (Directly observed)
CR17_QN170220_S_contig_2367.region001.gbk_region_1,C3338536,None,0.51,Yes (No MIBiG connection)
CR18_RC180404_F_contig_2570.region001.gbk_region_1,C3338536,None,0.51,Yes (No MIBiG connection)
KJ_230721_F_NODE_7822_length_11890_cov_1.584120.region001.gbk_region_1,C3338536,BGC0000869.gbk_region_1,0.35,No (Directly observed)
CR17_RS170216_S_contig_3936.region001.gbk_region_1,C3338536,BGC0000869.gbk_region_1,0.48,No (Directly observed)
CR17_SI170217_S_contig_8943.region001.gbk_region_1,C3338536,BGC0000869.gbk_region_1,0.37,No (Directly observed)
CR17_BR170218_1_S_contig_10831.region001.gbk_region_1,C3338536,None,0.51,Yes (No MIBiG connection)
CR17_SI170217_S_contig_1599.region001.gbk_region_1,C3338536,None,0.51,Yes (No MIBiG connection)
CHL22_CZ_220329_F_contig_46919.region001.gbk_region_1,C3338536,None,0.51,Yes (No MIBiG connection)
SJ_230730_S_NODE_943_length_10893_cov_4.686483.region001.gbk_region_1,C3338536,None,0.51,Yes (No MIBiG connection)
HYD22_SC_221020_F_contig_2256.region001.gbk_region_1,C3338536,None,0.51,Yes (No MIBiG connection)
CR17_MT170219_F_contig_5864.region001.gbk_region_1,C3338536,None,0.51,Yes (No MIBiG connection)
CR17_EP170215_S_contig_1528.region001.gbk_region_1,C3338536,BGC0000869.gbk_region_1,0.48,No (Directly observed)
CR17_EP170215_S_contig_395.region001.gbk_region_1,C3338536,None,0.51,Yes (No MIBiG connection)
KJ_230721_F_NODE_406_length_101143_cov_1.516681.region001.gbk_region_1,C3338536,BGC0000869.gbk_region_1,0.48,No (Directly observed)
CHL22_AV_220320_F_contig_423.region001.gbk_region_1,C3338536,None,0.51,Yes (No MIBiG connection)
CHL22_CH_220319_F_contig_10624.region001.gbk_region_1,C3338536,BGC0000869.gbk_region_1,0.35,No (Directly observed)
HYD22_SC_221020_F_contig_1137.region001.gbk_region_1,C3338536,None,0.51,Yes (No MIBiG connection)
TR_230731_S_NODE_7324_length_9032_cov_1.355980.region001.gbk_region_1,C3338536,BGC0000869.gbk_region_1,0.44,No (Directly observed)
HYD22_SP_221019_F_contig_13016.region001.gbk_region_1,C3338536,None,0.51,Yes (No MIBiG connection)
HYD22_FC_221023_F_contig_27221.region001.gbk_region_1,C3338536,None,0.51,Yes (No MIBiG connection)
CHL22_OA_220325_F_contig_6125.region001.gbk_region_1,C3338535,None,0.51,Yes (No MIBiG connection)
CHL22_OA_220325_F_contig_52783.region001.gbk_region_1,C3338535,None,0.51,Yes (No MIBiG connection)
CR18_LE180416_F_contig_125.region001.gbk_region_1,C3338535,None,0.51,Yes (No MIBiG connection)
CHL22_OA_220325_F_contig_73269.region001.gbk_region_1,C3338535,BGC0003038.gbk_region_1,0.47,No (Directly observed)
CR17_SI170217_S_contig_45236.region001.gbk_region_1,C3338535,None,0.51,Yes (No MIBiG connection)
CR17_CY170214_S_contig_6561.region001.gbk_region_1,C3338535,None,0.51,Yes (No MIBiG connection)
CHL22_GB_220322_F_contig_8268.region002.gbk_region_2,C3338535,None,0.51,Yes (No MIBiG connection)
AEO22_HO_220830_F_contig_37981.region001.gbk_region_1,C3338535,None,0.51,Yes (No MIBiG connection)
CHL22_LP_220401_F_contig_80920.region001.gbk_region_1,C3338535,None,0.51,Yes (No MIBiG connection)
CHL22_LN_220321_F_contig_20015.region002.gbk_region_2,C3338535,None,0.51,Yes (No MIBiG connection)
CR18_LH180406_S_contig_9487.region001.gbk_region_1,C3338535,None,0.51,Yes (No MIBiG connection)
GUY_SRR21545388_k141_324010.region001.gbk_region_1,C3338535,None,0.51,Yes (No MIBiG connection)
FEN_GA_F_NODE_729_length_21269_cov_6.669369.region001.gbk_region_1,C3338535,None,0.51,Yes (No MIBiG connection)
ARG19_AO_190224_F_contig_479.region001.gbk_region_1,C3338535,None,0.51,Yes (No MIBiG connection)
AEO22_LB_220827_F_contig_14583.region001.gbk_region_1,C3338535,None,0.51,Yes (No MIBiG connection)
AEO22_LB_220827_F_contig_1829.region001.gbk_region_1,C3338535,None,0.51,Yes (No MIBiG connection)
CR18_BC180410_contig_720.region001.gbk_region_1,C3338535,None,0.51,Yes (No MIBiG connection)
CHL22_LC_220316_F_contig_90514.region001.gbk_region_1,C3338535,None,0.51,Yes (No MIBiG connection)
HYD22_FC_221023_F_contig_500.region001.gbk_region_1,C3338535,None,0.51,Yes (No MIBiG connection)
CR18_GE180403_S_contig_2091.region001.gbk_region_1,C3338535,None,0.51,Yes (No MIBiG connection)
CHL22_PR_220403_F_contig_30581.region001.gbk_region_1,C3338535,None,0.51,Yes (No MIBiG connection)
CHL22_CH_220319_F_contig_43907.region001.gbk_region_1,C3338535,None,0.51,Yes (No MIBiG connection)
EPR_riftia_k141_36998.region001.gbk_region_1,C3338535,None,0.51,Yes (No MIBiG connection)
GUY_SRR21545382_k141_1329548.region001.gbk_region_1,C3338535,None,0.51,Yes (No MIBiG connection)
HYD22_FC_221023_F_contig_13136.region001.gbk_region_1,C3338535,None,0.51,Yes (No MIBiG connection)
CR18_MC180404_S_contig_62.region001.gbk_region_1,C3338535,None,0.51,Yes (No MIBiG connection)
AEO22_GV_220827_F_contig_2373.region001.gbk_region_1,C3338535,None,0.51,Yes (No MIBiG connection)
CR18_GE180403_S_contig_170.region001.gbk_region_1,C3338535,None,0.51,Yes (No MIBiG connection)
CR17_PG172224_S_contig_458.region001.gbk_region_1,C3338535,None,0.51,Yes (No MIBiG connection)
CR18_YR180404_F_contig_285.region001.gbk_region_1,C3338535,None,0.51,Yes (No MIBiG connection)
CHL22_CR_220324_F_contig_44588.region001.gbk_region_1,C3338535,None,0.51,Yes (No MIBiG connection)
GUY_SRR21545388_k141_2696706.region001.gbk_region_1,C3338535,None,0.51,Yes (No MIBiG connection)
EPR_teddybear_k141_64712.region001.gbk_region_1,C3338535,None,0.51,Yes (No MIBiG connection)
HYD22_SP_221019_F_contig_2063.region001.gbk_region_1,C3338535,None,0.51,Yes (No MIBiG connection)
CHL22_CC_220324_F_contig_6233.region001.gbk_region_1,C3338535,None,0.51,Yes (No MIBiG connection)
CHL22_RS_220319_F_contig_802.region001.gbk_region_1,C3338535,None,0.51,Yes (No MIBiG connection)
CHL22_CN_220327_F_contig_60603.region001.gbk_region_1,C3338535,None,0.51,Yes (No MIBiG connection)
CHL22_PJ_220330_F_contig_36041.region001.gbk_region_1,C3338535,None,0.51,Yes (No MIBiG connection)
CHL22_PJ_220330_F_contig_67814.region001.gbk_region_1,C3338536,None,0.51,Yes (No MIBiG connection)
CHL22_LC_220316_F_contig_14407.region001.gbk_region_1,C3338536,None,0.51,Yes (No MIBiG connection)
HYD22_FC_221023_F_contig_27174.region001.gbk_region_1,C3338536,None,0.51,Yes (No MIBiG connection)
GUY_SRR21545382_k141_1714109.region001.gbk_region_1,C3338536,None,0.51,Yes (No MIBiG connection)
AEO22_HO_220830_F_contig_61525.region001.gbk_region_1,C3338536,BGC0001653.gbk_region_1,0.45,No (Directly observed)
CHL22_CH_220319_F_contig_31933.region001.gbk_region_1,C3338536,None,0.51,Yes (No MIBiG connection)
CHL22_LR_220331_F_contig_32217.region001.gbk_region_1,C3338536,None,0.51,Yes (No MIBiG connection)
CR18_LE180416_F_contig_2898.region001.gbk_region_1,C3338536,BGC0000869.gbk_region_1,0.42,No (Directly observed)
CR18_CV180410_S_contig_9057.region001.gbk_region_1,C3338536,None,0.51,Yes (No MIBiG connection)
CR17_EP170215_S_contig_15056.region001.gbk_region_1,C3338536,None,0.51,Yes (No MIBiG connection)
HYD22_SC_221020_F_contig_42698.region001.gbk_region_1,C3338536,None,0.51,Yes (No MIBiG connection)
CHL22_OA_220325_F_contig_109467.region001.gbk_region_1,C3338536,BGC0000869.gbk_region_1,0.47,No (Directly observed)
EPR_riftia_k141_91730.region001.gbk_region_1,C3338536,None,0.51,Yes (No MIBiG connection)
FEN_SP_S_NODE_4005_length_4888_cov_3.456445.region001.gbk_region_1,C3338536,None,0.51,Yes (No MIBiG connection)
CHL22_QN_220317_F_contig_41634.region001.gbk_region_1,C3338536,None,0.51,Yes (No MIBiG connection)
CR18_SC180411_S_contig_17845.region001.gbk_region_1,C3338536,None,0.51,Yes (No MIBiG connection)
CHL22_CA_220323_F_contig_80528.region001.gbk_region_1,C3338536,None,0.51,Yes (No MIBiG connection)
CHL22_OA_220325_F_contig_121532.region001.gbk_region_1,C3338536,BGC0000869.gbk_region_1,0.42,No (Directly observed)
HYD22_SP_221019_F_contig_22976.region001.gbk_region_1,C3338536,BGC0000869.gbk_region_1,0.44,No (Directly observed)
AEO22_HO_220830_F_contig_23400.region001.gbk_region_1,C3338536,None,0.51,Yes (No MIBiG connection)
CR18_LH180406_F_contig_72.region001.gbk_region_1,C3338536,BGC0002926.gbk_region_1,0.45,No (Directly observed)
NR_230731_F_NODE_74_length_87437_cov_8.961940.region001.gbk_region_1,C3338536,BGC0002926.gbk_region_1,0.48,No (Directly observed)
AEO22_HO_220830_F_contig_1539.region001.gbk_region_1,C3338536,BGC0002926.gbk_region_1,0.31,No (Directly observed)
CHL22_LV_220331_F_contig_32565.region001.gbk_region_1,C3338536,None,0.51,Yes (No MIBiG connection)
CHL22_CU_220402_F_contig_9276.region001.gbk_region_1,C3338536,BGC0002926.gbk_region_1,0.33,No (Directly observed)
HYD22_CB_221018_F_contig_499.region001.gbk_region_1,C3338536,BGC0002926.gbk_region_1,0.43,No (Directly observed)
CHL22_OA_220325_F_contig_48829.region001.gbk_region_1,C3338536,None,0.51,Yes (No MIBiG connection)
CHL22_CN_220327_F_contig_10701.region001.gbk_region_1,C3338536,None,0.51,Yes (No MIBiG connection)
CHL22_LR_220331_F_contig_37724.region001.gbk_region_1,C3338536,None,0.51,Yes (No MIBiG connection)
CR19_HC_220127_F_contig_95.region001.gbk_region_1,C3338536,BGC0002926.gbk_region_1,0.34,No (Directly observed)
CR18_LB180410_F_contig_62.region001.gbk_region_1,C3338536,BGC0002926.gbk_region_1,0.41,No (Directly observed)
CR18_GE180403_S_contig_142.region001.gbk_region_1,C3338536,BGC0002926.gbk_region_1,0.45,No (Directly observed)
CHL22_CR_220324_F_contig_20460.region001.gbk_region_1,C3338536,BGC0002926.gbk_region_1,0.34,No (Directly observed)
CHL22_LA_220331_F_contig_13146.region001.gbk_region_1,C3338536,BGC0002926.gbk_region_1,0.4,No (Directly observed)
CHL22_RS_220319_F_contig_1142.region001.gbk_region_1,C3338536,BGC0002926.gbk_region_1,0.44,No (Directly observed)
CR18_XF180416_F_contig_2565.region001.gbk_region_1,C3338536,None,0.51,Yes (No MIBiG connection)
CHL22_LR_220331_F_contig_25221.region001.gbk_region_1,C3338536,BGC0002926.gbk_region_1,0.42,No (Directly observed)
CR18_LB180410_S_contig_66.region001.gbk_region_1,C3338536,BGC0002926.gbk_region_1,0.48,No (Directly observed)
CHL22_CU_220402_F_contig_44868.region001.gbk_region_1,C3338536,BGC0002926.gbk_region_1,0.33,No (Directly observed)
CHL22_LA_220331_F_contig_9476.region001.gbk_region_1,C3338536,BGC0002926.gbk_region_1,0.39,No (Directly observed)
FEN_GA_F_NODE_104_length_68823_cov_7.367584.region001.gbk_region_1,C3338536,BGC0002926.gbk_region_1,0.48,No (Directly observed)
CHL22_OA_220325_F_contig_9947.region001.gbk_region_1,C3338536,None,0.51,Yes (No MIBiG connection)
GUY_SRR21545382_k141_26239.region001.gbk_region_1,C3338536,None,0.51,Yes (No MIBiG connection)
CHL22_PR_220403_F_contig_32239.region001.gbk_region_1,C3338536,BGC0002926.gbk_region_1,0.49,No (Directly observed)
CHL22_GB_220322_F_contig_22270.region001.gbk_region_1,C3338536,BGC0002926.gbk_region_1,0.43,No (Directly observed)
CHL22_IS_220328_F_contig_16503.region001.gbk_region_1,C3338536,BGC0002926.gbk_region_1,0.44,No (Directly observed)
CR17_QH170213_2_S_contig_1058.region001.gbk_region_1,C3338536,BGC0002926.gbk_region_1,0.37,No (Directly observed)
EPR_teddybear_k141_768443.region001.gbk_region_1,C3338536,None,0.51,Yes (No MIBiG connection)
CHL22_PR_220403_F_contig_24005.region001.gbk_region_1,C3338536,BGC0002926.gbk_region_1,0.42,No (Directly observed)
CHL22_LR_220331_F_contig_3150.region001.gbk_region_1,C3338536,None,0.51,Yes (No MIBiG connection)
SJ_230730_F_NODE_165_length_46566_cov_96.115812.region001.gbk_region_1,C3338536,BGC0002926.gbk_region_1,0.48,No (Directly observed)
CHL22_CZ_220329_F_contig_58042.region001.gbk_region_1,C3338536,BGC0002926.gbk_region_1,0.49,No (Directly observed)
CHL22_LV_220331_F_contig_24457.region001.gbk_region_1,C3338536,BGC0002926.gbk_region_1,0.39,No (Directly observed)
AEO22_TC_220902_F_contig_5104.region001.gbk_region_1,C3338536,BGC0002926.gbk_region_1,0.13,No (Directly observed)
AEO22_AC_220827_F_contig_429.region001.gbk_region_1,C3338536,BGC0002926.gbk_region_1,0.4,No (Directly observed)
CHL22_CU_220402_F_contig_85887.region001.gbk_region_1,C3338536,BGC0002926.gbk_region_1,0.33,No (Directly observed)
CHL22_LC_220316_F_contig_92629.region001.gbk_region_1,C3338536,BGC0002926.gbk_region_1,0.32,No (Directly observed)
CR18_MC180404_F_contig_350.region001.gbk_region_1,C3338536,BGC0002926.gbk_region_1,0.43,No (Directly observed)
AEO22_CF_220902_F_contig_3428.region001.gbk_region_1,C3338536,BGC0002926.gbk_region_1,0.13,No (Directly observed)
CHL22_LV_220331_F_contig_37585.region001.gbk_region_1,C3338536,BGC0002926.gbk_region_1,0.42,No (Directly observed)
CHL22_PR_220403_F_contig_16522.region001.gbk_region_1,C3338536,BGC0002926.gbk_region_1,0.42,No (Directly observed)
FEN_VR_S_NODE_382_length_21559_cov_25.472377.region001.gbk_region_1,C3338536,BGC0002926.gbk_region_1,0.42,No (Directly observed)
AEO22_OS_220830_F_contig_774.region001.gbk_region_1,C3338536,BGC0002926.gbk_region_1,0.13,No (Directly observed)
CHL22_CR_220324_F_contig_192.region001.gbk_region_1,C3338536,BGC0002926.gbk_region_1,0.31,No (Directly observed)
CHL22_PJ_220330_F_contig_34259.region001.gbk_region_1,C3338536,None,0.51,Yes (No MIBiG connection)
CHL22_CU_220402_F_contig_3906.region001.gbk_region_1,C3338536,None,0.51,Yes (No MIBiG connection)
CHL22_QN_220317_F_contig_6130.region001.gbk_region_1,C3338536,None,0.51,Yes (No MIBiG connection)
CHL22_RS_220319_F_contig_6127.region001.gbk_region_1,C3338536,BGC0002926.gbk_region_1,0.38,No (Directly observed)
CR18_LB180410_F_contig_3603.region001.gbk_region_1,C3338536,BGC0002926.gbk_region_1,0.48,No (Directly observed)
CHL22_LC_220316_F_contig_110513.region001.gbk_region_1,C3338536,None,0.51,Yes (No MIBiG connection)
CHL22_CR_220324_F_contig_2398.region001.gbk_region_1,C3338536,None,0.51,Yes (No MIBiG connection)
CHL22_CZ_220329_F_contig_15052.region001.gbk_region_1,C3338536,BGC0002926.gbk_region_1,0.49,No (Directly observed)
CR17_QN170220_F_contig_148.region001.gbk_region_1,C3338536,BGC0002926.gbk_region_1,0.31,No (Directly observed)
CH20_CT_200308_F_contig_127.region001.gbk_region_1,C3338536,BGC0002926.gbk_region_1,0.49,No (Directly observed)
CHL22_CR_220324_F_contig_52589.region001.gbk_region_1,C3338536,BGC0002926.gbk_region_1,0.44,No (Directly observed)
CHL22_CR_220324_F_contig_30739.region001.gbk_region_1,C3338536,None,0.51,Yes (No MIBiG connection)
CHL22_PR_220403_F_contig_45328.region001.gbk_region_1,C3338536,BGC0002926.gbk_region_1,0.13,No (Directly observed)
FEN_SI_2_NODE_656_length_10413_cov_10.498359.region001.gbk_region_1,C3338536,BGC0002926.gbk_region_1,0.41,No (Directly observed)
CR17_QH170213_1_S_contig_1923.region001.gbk_region_1,C3338536,BGC0002926.gbk_region_1,0.37,No (Directly observed)
CHL22_PR_220403_F_contig_1684.region001.gbk_region_1,C3338536,BGC0002926.gbk_region_1,0.47,No (Directly observed)
CHL22_CN_220327_F_contig_9924.region001.gbk_region_1,C3338536,None,0.51,Yes (No MIBiG connection)
HYD22_SB_221021_F_contig_249.region001.gbk_region_1,C3338536,BGC0002926.gbk_region_1,0.38,No (Directly observed)
CHL22_CR_220324_F_contig_54517.region001.gbk_region_1,C3338536,BGC0002926.gbk_region_1,0.46,No (Directly observed)
CHL22_CU_220402_F_contig_83267.region001.gbk_region_1,C3338536,BGC0002926.gbk_region_1,0.33,No (Directly observed)
CHL22_CZ_220329_F_contig_57761.region001.gbk_region_1,C3338536,BGC0002926.gbk_region_1,0.44,No (Directly observed)
CR18_CI180408_S_contig_3241.region001.gbk_region_1,C3338537,BGC0000136.gbk_region_1,0.45,No (Directly observed)
CR18_CI180408_F_contig_5684.region001.gbk_region_1,C3338537,BGC0000136.gbk_region_1,0.45,No (Directly observed)
CR19_BR2_190717_contig_630.region001.gbk_region_1,C3338536,None,0.51,Yes (No MIBiG connection)
CHL22_QN_220317_F_contig_63883.region001.gbk_region_1,C3338536,None,0.51,Yes (No MIBiG connection)
HYD22_FC_221023_F_contig_14450.region001.gbk_region_1,C3338536,BGC0002497.gbk_region_1,0.41,No (Directly observed)
CR18_GE180403_S_contig_9640.region001.gbk_region_1,C3338536,None,0.51,Yes (No MIBiG connection)
ARG19_IN_190223_F_contig_15.region001.gbk_region_1,C3338536,None,0.51,Yes (No MIBiG connection)
CR18_RC180404_S_contig_3521.region001.gbk_region_1,C3338536,None,0.51,Yes (No MIBiG connection)
CR17_QH170213_1_S_contig_34.region001.gbk_region_1,C3338536,None,0.51,Yes (No MIBiG connection)
ARG19_PM_190223_F_contig_40.region001.gbk_region_1,C3338536,None,0.51,Yes (No MIBiG connection)
CHL22_OA_220325_F_contig_118965.region001.gbk_region_1,C3338536,None,0.51,Yes (No MIBiG connection)
HYD22_SC_221020_F_contig_14153.region001.gbk_region_1,C3338536,None,0.51,Yes (No MIBiG connection)
CHL22_GB_220322_F_contig_24357.region001.gbk_region_1,C3338536,None,0.51,Yes (No MIBiG connection)
CR18_RC180404_S_contig_3884.region001.gbk_region_1,C3338536,None,0.51,Yes (No MIBiG connection)
CHL22_CU_220402_F_contig_95923.region001.gbk_region_1,C3338536,None,0.51,Yes (No MIBiG connection)
GUY_SRR21545388_k141_656434.region001.gbk_region_1,C3338536,None,0.51,Yes (No MIBiG connection)
ARG19_PM_190223_S_contig_23.region001.gbk_region_1,C3338536,None,0.51,Yes (No MIBiG connection)
CR18_CI180408_S_contig_564.region001.gbk_region_1,C3338536,None,0.51,Yes (No MIBiG connection)
NR_230731_F_NODE_1137_length_19697_cov_2.274144.region001.gbk_region_1,C3338538,None,0.51,Yes (No MIBiG connection)
KJ_230721_F_NODE_445_length_95786_cov_6.375239.region001.gbk_region_1,C3338538,None,0.51,Yes (No MIBiG connection)
KJ_230721_F_NODE_7199_length_12689_cov_3.301465.region001.gbk_region_1,C3338538,None,0.51,Yes (No MIBiG connection)
CHL22_OA_220325_F_contig_83968.region001.gbk_region_1,C3338535,BGC0000836.gbk_region_1,0.43,No (Directly observed)
FEN_LS_S_NODE_7286_length_5507_cov_3.256787.region001.gbk_region_1,C3338535,None,0.51,Yes (No MIBiG connection)
CR17_BR170218_2_F_contig_2776.region001.gbk_region_1,C3338535,None,0.51,Yes (No MIBiG connection)
CR17_BR170218_2_F_contig_1743.region001.gbk_region_1,C3338535,None,0.51,Yes (No MIBiG connection)
CR17_PL170224_S_contig_921.region001.gbk_region_1,C3338535,None,0.51,Yes (No MIBiG connection)
CR17_TC170221_S_contig_2895.region001.gbk_region_1,C3338535,None,0.51,Yes (No MIBiG connection)
CR17_TC170221_F_contig_5195.region001.gbk_region_1,C3338535,None,0.51,Yes (No MIBiG connection)
CR19_SG_190719_F_contig_726.region001.gbk_region_1,C3338535,BGC0000836.gbk_region_1,0.34,No (Directly observed)
CR17_PL170224_S_contig_1026.region001.gbk_region_1,C3338535,BGC0000836.gbk_region_1,0.33,No (Directly observed)
AEO22_LB_220827_F_contig_119490.region001.gbk_region_1,C3338535,BGC0000837.gbk_region_1,0.48,No (Directly observed)
CR19_BR1_190716_S_contig_4363.region001.gbk_region_1,C3338535,None,0.51,Yes (No MIBiG connection)
AEO22_CF_220902_F_contig_15257.region001.gbk_region_1,C3338535,None,0.51,Yes (No MIBiG connection)
CHL22_EQ_220330_F_contig_49948.region001.gbk_region_1,C3338535,None,0.51,Yes (No MIBiG connection)
CR18_LE180416_S_contig_20993.region001.gbk_region_1,C3338535,None,0.51,Yes (No MIBiG connection)
HYD22_SC_221020_F_contig_25169.region001.gbk_region_1,C3338535,None,0.51,Yes (No MIBiG connection)
CR18_CV180410_S_contig_32.region001.gbk_region_1,C3338537,None,0.51,Yes (No MIBiG connection)
CR17_FA170219_1_S_contig_9346.region001.gbk_region_1,C3338535,None,0.51,Yes (No MIBiG connection)
HYD22_SC_221020_F_contig_9200.region001.gbk_region_1,C3338535,None,0.51,Yes (No MIBiG connection)
HYD22_CB_221018_F_contig_15716.region001.gbk_region_1,C3338535,None,0.51,Yes (No MIBiG connection)
CHL22_LC_220316_F_contig_36579.region001.gbk_region_1,C3338535,None,0.51,Yes (No MIBiG connection)
CR17_PG172224_S_contig_11.region001.gbk_region_1,C3338535,None,0.51,Yes (No MIBiG connection)
AEO22_LB_220827_F_contig_40004.region001.gbk_region_1,C3338535,None,0.51,Yes (No MIBiG connection)
CR17_PG172224_S_contig_7292.region001.gbk_region_1,C3338535,None,0.51,Yes (No MIBiG connection)
CHL22_EQ_220330_F_contig_32533.region001.gbk_region_1,C3338535,None,0.51,Yes (No MIBiG connection)
CR17_EP170215_F_contig_7035.region001.gbk_region_1,C3338535,None,0.51,Yes (No MIBiG connection)
CR17_PG172224_S_contig_64243.region001.gbk_region_1,C3338535,None,0.51,Yes (No MIBiG connection)
CR18_LE180416_S_contig_3327.region001.gbk_region_1,C3338535,None,0.51,Yes (No MIBiG connection)
SJ_230730_S_NODE_3270_length_3962_cov_3.489318.region001.gbk_region_1,C3338535,None,0.51,Yes (No MIBiG connection)
FEN_LS_S_NODE_5703_length_6677_cov_8.174117.region001.gbk_region_1,C3338535,None,0.51,Yes (No MIBiG connection)
CHL22_OA_220325_F_contig_34395.region001.gbk_region_1,C3338535,BGC0000231.gbk_region_1,0.48,No (Directly observed)
CR17_PG172224_F_contig_40.region001.gbk_region_1,C3338536,None,0.51,Yes (No MIBiG connection)
CHL22_QN_220317_F_contig_80936.region001.gbk_region_1,C3338536,None,0.51,Yes (No MIBiG connection)
HYD22_FC_221023_F_contig_8338.region001.gbk_region_1,C3338536,BGC0000869.gbk_region_1,0.49,No (Directly observed)
HYD22_SC_221020_F_contig_358.region001.gbk_region_1,C3338536,BGC0000869.gbk_region_1,0.41,No (Directly observed)
CR18_SC180411_F_contig_2716.region001.gbk_region_1,C3338536,BGC0001872.gbk_region_1,0.47,No (Directly observed)
CHL22_LC_220316_F_contig_76771.region001.gbk_region_1,C3338536,None,0.51,Yes (No MIBiG connection)
AEO22_HO_220830_F_contig_566.region001.gbk_region_1,C3338536,None,0.51,Yes (No MIBiG connection)
CHL22_CR_220324_F_contig_54607.region001.gbk_region_1,C3338536,None,0.51,Yes (No MIBiG connection)
EPR_teddybear_k141_216888.region001.gbk_region_1,C3338536,None,0.51,Yes (No MIBiG connection)
CR17_PG172224_S_contig_72274.region001.gbk_region_1,C3338535,None,0.51,Yes (No MIBiG connection)
CHL22_EQ_220330_F_contig_41979.region001.gbk_region_1,C3338535,None,0.51,Yes (No MIBiG connection)
CHL22_PJ_220330_F_contig_21649.region001.gbk_region_1,C3338535,None,0.51,Yes (No MIBiG connection)
EPR_alvinella_k141_478027.region001.gbk_region_1,C3338535,None,0.51,Yes (No MIBiG connection)
CHL22_PR_220403_F_contig_45291.region001.gbk_region_1,C3338535,None,0.51,Yes (No MIBiG connection)
CR18_CZ180409_F_contig_7175.region001.gbk_region_1,C3338535,None,0.51,Yes (No MIBiG connection)
CR17_CY170214_S_contig_16705.region001.gbk_region_1,C3338535,None,0.51,Yes (No MIBiG connection)
CHL22_LC_220316_F_contig_7617.region001.gbk_region_1,C3338535,None,0.51,Yes (No MIBiG connection)
CHL22_CC_220324_F_contig_57130.region001.gbk_region_1,C3338535,None,0.51,Yes (No MIBiG connection)
GUY_SRR21545382_k141_404965.region001.gbk_region_1,C3338535,None,0.51,Yes (No MIBiG connection)
CHL22_LP_220401_F_contig_85549.region001.gbk_region_1,C3338535,None,0.51,Yes (No MIBiG connection)
CR17_QN170220_S_contig_16630.region001.gbk_region_1,C3338535,None,0.51,Yes (No MIBiG connection)
EPR_riftia_k141_59010.region001.gbk_region_1,C3338535,None,0.51,Yes (No MIBiG connection)
GUY_SRR21545382_k141_430614.region001.gbk_region_1,C3338535,None,0.51,Yes (No MIBiG connection)
CHL22_SR_220328_F_contig_9684.region001.gbk_region_1,C3338535,None,0.51,Yes (No MIBiG connection)
EPR_teddybear_k141_299752.region001.gbk_region_1,C3338535,None,0.51,Yes (No MIBiG connection)
CHL22_RS_220319_F_contig_24167.region001.gbk_region_1,C3338537,None,0.51,Yes (No MIBiG connection)
KJ_230721_F_NODE_53954_length_2877_cov_0.833091.region001.gbk_region_1,C3338535,None,0.51,Yes (No MIBiG connection)
KJ_230721_F_NODE_80567_length_2160_cov_3.730448.region001.gbk_region_1,C3338535,None,0.51,Yes (No MIBiG connection)
CR18_CV180410_F_contig_12297.region001.gbk_region_1,C3338535,None,0.51,Yes (No MIBiG connection)
CR17_RV170221_F_contig_1687.region001.gbk_region_1,C3338535,None,0.51,Yes (No MIBiG connection)
CR18_LP180406_F_contig_8541.region001.gbk_region_1,C3338535,None,0.51,Yes (No MIBiG connection)
CHL22_CH_220319_F_contig_130845.region001.gbk_region_1,C3338535,None,0.51,Yes (No MIBiG connection)
CR17_BR170218_2_F_contig_5959.region001.gbk_region_1,C3338535,None,0.51,Yes (No MIBiG connection)
CHL22_CR_220324_F_contig_12970.region001.gbk_region_1,C3338535,None,0.51,Yes (No MIBiG connection)
CHL22_CC_220324_F_contig_6347.region001.gbk_region_1,C3338535,None,0.51,Yes (No MIBiG connection)
AEO22_TC_220902_F_contig_22509.region001.gbk_region_1,C3338536,None,0.51,Yes (No MIBiG connection)
CR17_EP170215_F_contig_5125.region001.gbk_region_1,C3338536,None,0.51,Yes (No MIBiG connection)
CHL22_CN_220327_F_contig_26988.region001.gbk_region_1,C3338536,None,0.51,Yes (No MIBiG connection)
CR18_YR180404_F_contig_10153.region001.gbk_region_1,C3338536,None,0.51,Yes (No MIBiG connection)
CR17_EP170215_S_contig_16147.region001.gbk_region_1,C3338536,None,0.51,Yes (No MIBiG connection)
CR17_SL170214_F_contig_1069.region001.gbk_region_1,C3338536,BGC0000111.gbk_region_1,0.49,No (Directly observed)
FEN_GA_F_NODE_5154_length_4669_cov_3.649328.region001.gbk_region_1,C3338536,BGC0000072.gbk_region_1,0.48,No (Directly observed)
AEO22_CF_220902_F_contig_7631.region001.gbk_region_1,C3338536,None,0.51,Yes (No MIBiG connection)
AEO22_LB_220827_F_contig_33787.region001.gbk_region_1,C3338536,None,0.51,Yes (No MIBiG connection)
CR19_BR1_190716_S_contig_246.region001.gbk_region_1,C3338535,BGC0000836.gbk_region_1,0.48,No (Directly observed)
CHL22_LC_220316_F_contig_73335.region001.gbk_region_1,C3338535,None,0.51,Yes (No MIBiG connection)
HYD22_CB_221018_F_contig_63.region001.gbk_region_1,C3338535,None,0.51,Yes (No MIBiG connection)
CR17_BR170218_1_F_contig_573.region001.gbk_region_1,C3338535,None,0.51,Yes (No MIBiG connection)
CR17_BR170218_1_S_contig_61.region001.gbk_region_1,C3338535,None,0.51,Yes (No MIBiG connection)
CR19_SG_190719_F_contig_4234.region001.gbk_region_1,C3338535,None,0.51,Yes (No MIBiG connection)
CR17_TC170221_S_contig_296.region001.gbk_region_1,C3338535,None,0.51,Yes (No MIBiG connection)
CHL22_QN_220317_F_contig_126410.region001.gbk_region_1,C3338535,None,0.51,Yes (No MIBiG connection)
CR18_YR180404_F_contig_5.region001.gbk_region_1,C3338535,None,0.51,Yes (No MIBiG connection)
EPR_mussel_k141_28584.region001.gbk_region_1,C3338535,None,0.51,Yes (No MIBiG connection)
AEO22_CF_220902_F_contig_9468.region001.gbk_region_1,C3338535,None,0.51,Yes (No MIBiG connection)
CHL22_CU_220402_F_contig_41629.region001.gbk_region_1,C3338535,None,0.51,Yes (No MIBiG connection)
AEO22_TC_220902_F_contig_692.region001.gbk_region_1,C3338535,None,0.51,Yes (No MIBiG connection)
CHL22_OA_220325_F_contig_540.region001.gbk_region_1,C3338535,None,0.51,Yes (No MIBiG connection)
AEO22_TC_220902_F_contig_4076.region001.gbk_region_1,C3338535,None,0.51,Yes (No MIBiG connection)
CHL22_LC_220316_F_contig_109160.region001.gbk_region_1,C3338535,None,0.51,Yes (No MIBiG connection)
CHL22_CU_220402_F_contig_36683.region001.gbk_region_1,C3338535,BGC0000837.gbk_region_1,0.45,No (Directly observed)
CHL22_LC_220316_F_contig_115058.region001.gbk_region_1,C3338535,None,0.51,Yes (No MIBiG connection)
CR17_QN170220_S_contig_6381.region001.gbk_region_1,C3338535,None,0.51,Yes (No MIBiG connection)
CHL22_CU_220402_F_contig_107492.region001.gbk_region_1,C3338535,None,0.51,Yes (No MIBiG connection)
CR17_QN170220_F_contig_14004.region001.gbk_region_1,C3338535,None,0.51,Yes (No MIBiG connection)
CR17_BR170218_2_S_contig_10.region001.gbk_region_1,C3338535,None,0.51,Yes (No MIBiG connection)
CHL22_LC_220316_F_contig_54686.region001.gbk_region_1,C3338535,None,0.51,Yes (No MIBiG connection)
CHL22_CU_220402_F_contig_17118.region001.gbk_region_1,C3338535,None,0.51,Yes (No MIBiG connection)
CHL22_IS_220328_F_contig_4789.region001.gbk_region_1,C3338539,BGC0000128.gbk_region_1,0.02,No (Directly observed)
KJ_230721_F_NODE_79423_length_2182_cov_0.668613.region001.gbk_region_1,C3338537,None,0.51,Yes (No MIBiG connection)
CR18_BS180407_F_contig_9766.region001.gbk_region_1,C3338539,BGC0000128.gbk_region_1,0.32,No (Directly observed)
GUY_SRR21545388_k141_838500.region001.gbk_region_1,C3338535,None,0.51,Yes (No MIBiG connection)
CHL22_LR_220331_F_contig_38238.region001.gbk_region_1,C3338535,None,0.51,Yes (No MIBiG connection)
CHL22_LR_220331_F_contig_34859.region001.gbk_region_1,C3338535,None,0.51,Yes (No MIBiG connection)
GUY_SRR21545388_k141_2811819.region001.gbk_region_1,C3338535,None,0.51,Yes (No MIBiG connection)
EPR_teddybear_k141_413629.region001.gbk_region_1,C3338535,None,0.51,Yes (No MIBiG connection)
AEO22_AC_220827_F_contig_12332.region001.gbk_region_1,C3338535,None,0.51,Yes (No MIBiG connection)
CHL22_CU_220402_F_contig_112802.region001.gbk_region_1,C3338535,None,0.51,Yes (No MIBiG connection)
EPR_teddybear_k141_720999.region001.gbk_region_1,C3338535,None,0.51,Yes (No MIBiG connection)
CHL22_LC_220316_F_contig_139491.region001.gbk_region_1,C3338535,None,0.51,Yes (No MIBiG connection)
CHL22_CC_220324_F_contig_44257.region001.gbk_region_1,C3338535,None,0.51,Yes (No MIBiG connection)
HYD22_CB_221018_F_contig_45227.region001.gbk_region_1,C3338535,None,0.51,Yes (No MIBiG connection)
CHL22_EQ_220330_F_contig_23618.region001.gbk_region_1,C3338535,None,0.51,Yes (No MIBiG connection)
CHL22_CU_220402_F_contig_74479.region001.gbk_region_1,C3338535,None,0.51,Yes (No MIBiG connection)
ISL21_HV2_210602_S_contig_1998.region001.gbk_region_1,C3338535,None,0.51,Yes (No MIBiG connection)
CR18_CW180415_F_contig_680.region001.gbk_region_1,C3338535,None,0.51,Yes (No MIBiG connection)
CR18_CV180410_F_contig_85.region001.gbk_region_1,C3338535,None,0.51,Yes (No MIBiG connection)
CHL22_SR_220328_F_contig_17003.region001.gbk_region_1,C3338536,None,0.51,Yes (No MIBiG connection)
GUY_SRR21545388_k141_2334402.region001.gbk_region_1,C3338535,None,0.51,Yes (No MIBiG connection)
AEO22_BO_220829_F_contig_43993.region001.gbk_region_1,C3338535,None,0.51,Yes (No MIBiG connection)
GUY_SRR21545388_k141_455985.region001.gbk_region_1,C3338535,None,0.51,Yes (No MIBiG connection)
EPR_alvinella_k141_340745.region001.gbk_region_1,C3338535,None,0.51,Yes (No MIBiG connection)
CR18_LH180406_S_contig_22068.region001.gbk_region_1,C3338535,None,0.51,Yes (No MIBiG connection)
CHL22_LC_220316_F_contig_18071.region001.gbk_region_1,C3338535,None,0.51,Yes (No MIBiG connection)
EPR_riftia_k141_355320.region001.gbk_region_1,C3338535,None,0.51,Yes (No MIBiG connection)
GUY_SRR21545388_k141_2160550.region001.gbk_region_1,C3338535,None,0.51,Yes (No MIBiG connection)
GUY_SRR21545382_k141_861808.region001.gbk_region_1,C3338535,None,0.51,Yes (No MIBiG connection)
GUY_SRR21545382_k141_1210820.region001.gbk_region_1,C3338535,None,0.51,Yes (No MIBiG connection)
GUY_SRR21545382_k141_940020.region001.gbk_region_1,C3338535,None,0.51,Yes (No MIBiG connection)
GUY_SRR21545388_k141_2938950.region001.gbk_region_1,C3338535,None,0.51,Yes (No MIBiG connection)
CHL22_LC_220316_F_contig_101987.region001.gbk_region_1,C3338535,None,0.51,Yes (No MIBiG connection)
HYD22_SC_221020_F_contig_54652.region001.gbk_region_1,C3338535,None,0.51,Yes (No MIBiG connection)
AEO22_LB_220827_F_contig_36635.region001.gbk_region_1,C3338535,None,0.51,Yes (No MIBiG connection)
GUY_SRR21545382_k141_1298530.region001.gbk_region_1,C3338535,None,0.51,Yes (No MIBiG connection)
CHL22_CU_220402_F_contig_2252.region001.gbk_region_1,C3338535,None,0.51,Yes (No MIBiG connection)
HYD22_FC_221023_F_contig_32743.region001.gbk_region_1,C3338535,None,0.51,Yes (No MIBiG connection)
CHL22_CA_220323_F_contig_127041.region001.gbk_region_1,C3338535,None,0.51,Yes (No MIBiG connection)
CHL22_CA_220323_F_contig_79464.region001.gbk_region_1,C3338535,None,0.51,Yes (No MIBiG connection)
AEO22_LB_220827_F_contig_83161.region001.gbk_region_1,C3338535,None,0.51,Yes (No MIBiG connection)
CHL22_PR_220403_F_contig_9168.region001.gbk_region_1,C3338535,None,0.51,Yes (No MIBiG connection)
GUY_SRR21545388_k141_684701.region001.gbk_region_1,C3338535,None,0.51,Yes (No MIBiG connection)
CR17_FA170219_1_S_contig_4809.region001.gbk_region_1,C3338535,None,0.51,Yes (No MIBiG connection)
CR17_BR170218_2_S_contig_9588.region001.gbk_region_1,C3338535,None,0.51,Yes (No MIBiG connection)
CR18_CL180409_F_contig_2378.region001.gbk_region_1,C3338535,None,0.51,Yes (No MIBiG connection)
CR18_CL180409_F_contig_1209.region001.gbk_region_1,C3338535,None,0.51,Yes (No MIBiG connection)
CR17_BR170218_2_S_contig_5536.region001.gbk_region_1,C3338535,None,0.51,Yes (No MIBiG connection)
CR17_PG172224_S_contig_58984.region001.gbk_region_1,C3338537,None,0.51,Yes (No MIBiG connection)
CHL22_OA_220325_F_contig_51747.region001.gbk_region_1,C3338537,None,0.51,Yes (No MIBiG connection)
CR18_CV180410_F_contig_6246.region001.gbk_region_1,C3338537,None,0.51,Yes (No MIBiG connection)
CR18_CL180409_F_contig_547.region001.gbk_region_1,C3338536,None,0.51,Yes (No MIBiG connection)
CR18_PX180416_S_contig_37066.region001.gbk_region_1,C3338537,None,0.51,Yes (No MIBiG connection)
CHL22_EQ_220330_F_contig_25031.region001.gbk_region_1,C3338537,None,0.51,Yes (No MIBiG connection)
CR18_RC180404_S_contig_4918.region001.gbk_region_1,C3338537,None,0.51,Yes (No MIBiG connection)
CHL22_PJ_220330_F_contig_582.region001.gbk_region_1,C3338537,BGC0001647.gbk_region_1,0.43,No (Directly observed)
CR18_XF180416_F_contig_16906.region001.gbk_region_1,C3338537,None,0.51,Yes (No MIBiG connection)
GUY_SRR21545388_k141_2325117.region001.gbk_region_1,C3338537,None,0.51,Yes (No MIBiG connection)
CR18_LE180416_S_contig_2683.region001.gbk_region_1,C3338537,None,0.51,Yes (No MIBiG connection)
CR17_CY170214_S_contig_18008.region001.gbk_region_1,C3338537,None,0.51,Yes (No MIBiG connection)
CHL22_LP_220401_F_contig_78123.region001.gbk_region_1,C3338537,None,0.51,Yes (No MIBiG connection)
CR18_LE180416_F_contig_28422.region001.gbk_region_1,C3338537,None,0.51,Yes (No MIBiG connection)
GUY_SRR21545382_k141_806998.region001.gbk_region_1,C3338535,None,0.51,Yes (No MIBiG connection)
CHL22_LP_220401_F_contig_56736.region001.gbk_region_1,C3338535,None,0.51,Yes (No MIBiG connection)
CHL22_CC_220324_F_contig_17383.region001.gbk_region_1,C3338535,None,0.51,Yes (No MIBiG connection)
EPR_riftia_k141_5388.region001.gbk_region_1,C3338535,None,0.51,Yes (No MIBiG connection)
CR18_SC180411_S_contig_1497.region001.gbk_region_1,C3338535,None,0.51,Yes (No MIBiG connection)
HYD22_FC_221023_F_contig_353.region001.gbk_region_1,C3338537,None,0.51,Yes (No MIBiG connection)
EPR_riftia_k141_60063.region001.gbk_region_1,C3338537,None,0.51,Yes (No MIBiG connection)
FEN_BA_S_NODE_11380_length_2140_cov_2.886811.region001.gbk_region_1,C3338537,None,0.51,Yes (No MIBiG connection)
CR18_CV180410_F_contig_1283.region001.gbk_region_1,C3338537,None,0.51,Yes (No MIBiG connection)
HYD22_SB_221021_F_contig_40353.region001.gbk_region_1,C3338537,None,0.51,Yes (No MIBiG connection)
HYD22_SC_221020_F_contig_2101.region001.gbk_region_1,C3338536,None,0.51,Yes (No MIBiG connection)
HYD22_FC_221023_F_contig_12958.region001.gbk_region_1,C3338536,None,0.51,Yes (No MIBiG connection)
CHL22_GB_220322_F_contig_36435.region001.gbk_region_1,C3338535,None,0.51,Yes (No MIBiG connection)
AEO22_AC_220827_F_contig_11193.region001.gbk_region_1,C3338535,None,0.51,Yes (No MIBiG connection)
CR17_PG172224_S_contig_28559.region001.gbk_region_1,C3338535,BGC0000231.gbk_region_1,0.47,No (Directly observed)
CHL22_CR_220324_F_contig_12279.region001.gbk_region_1,C3338535,None,0.51,Yes (No MIBiG connection)
AEO22_HO_220830_F_contig_15612.region001.gbk_region_1,C3338535,None,0.51,Yes (No MIBiG connection)
CHL22_EQ_220330_F_contig_21544.region001.gbk_region_1,C3338536,None,0.51,Yes (No MIBiG connection)
CHL22_LN_220321_F_contig_8021.region001.gbk_region_1,C3338535,None,0.51,Yes (No MIBiG connection)
CR18_RC180404_F_contig_3438.region001.gbk_region_1,C3338535,None,0.51,Yes (No MIBiG connection)
CR17_QN170220_S_contig_13713.region001.gbk_region_1,C3338535,None,0.51,Yes (No MIBiG connection)
AEO22_BO_220829_F_contig_27640.region001.gbk_region_1,C3338535,None,0.51,Yes (No MIBiG connection)
CR18_SC180411_S_contig_5749.region001.gbk_region_1,C3338535,None,0.51,Yes (No MIBiG connection)
CHL22_CR_220324_F_contig_8862.region001.gbk_region_1,C3338535,None,0.51,Yes (No MIBiG connection)
HYD22_SP_221019_F_contig_2061.region001.gbk_region_1,C3338535,None,0.51,Yes (No MIBiG connection)
CR17_CY170214_S_contig_48776.region001.gbk_region_1,C3338535,BGC0001520.gbk_region_1,0.25,No (Directly observed)
HYD22_SP_221019_F_contig_1082.region001.gbk_region_1,C3338535,None,0.51,Yes (No MIBiG connection)
CR17_SI170217_F_contig_211.region001.gbk_region_1,C3338535,None,0.51,Yes (No MIBiG connection)
CR17_QH170213_2_S_contig_476.region001.gbk_region_1,C3338535,None,0.51,Yes (No MIBiG connection)
AEO22_LB_220827_F_contig_85188.region001.gbk_region_1,C3338535,None,0.51,Yes (No MIBiG connection)
AEO22_LB_220827_F_contig_67836.region001.gbk_region_1,C3338535,None,0.51,Yes (No MIBiG connection)
HYD22_SP_221019_F_contig_7463.region001.gbk_region_1,C3338535,None,0.51,Yes (No MIBiG connection)
KJ_230721_F_NODE_62987_length_2576_cov_13.305839.region001.gbk_region_1,C3338535,BGC0001761.gbk_region_1,0.5,No (Directly observed)
CR18_BS180407_F_contig_8364.region001.gbk_region_1,C3338535,None,0.51,Yes (No MIBiG connection)
CHL22_QN_220317_F_contig_37929.region001.gbk_region_1,C3338535,None,0.51,Yes (No MIBiG connection)
AEO22_LB_220827_F_contig_2664.region001.gbk_region_1,C3338535,None,0.51,Yes (No MIBiG connection)
CR17_QH170213_1_F_contig_342.region001.gbk_region_1,C3338535,None,0.51,Yes (No MIBiG connection)
CR18_ER180415_F_contig_625.region001.gbk_region_1,C3338535,None,0.51,Yes (No MIBiG connection)
CR18_CL180409_F_contig_29521.region001.gbk_region_1,C3338535,None,0.51,Yes (No MIBiG connection)
FEN_CA_F_NODE_8_length_141053_cov_29.531951.region001.gbk_region_1,C3338535,None,0.51,Yes (No MIBiG connection)
CHL22_CZ_220329_F_contig_11899.region001.gbk_region_1,C3338535,None,0.51,Yes (No MIBiG connection)
GUY_SRR21545388_k141_1023926.region001.gbk_region_1,C3338535,None,0.51,Yes (No MIBiG connection)
GUY_SRR21545382_k141_1926768.region001.gbk_region_1,C3338535,None,0.51,Yes (No MIBiG connection)
FEN_SP_S_NODE_11214_length_2155_cov_3.838571.region001.gbk_region_1,C3338535,None,0.51,Yes (No MIBiG connection)
CH20_GS_200305_F_contig_12.region001.gbk_region_1,C3338535,None,0.51,Yes (No MIBiG connection)
KJ_230721_F_NODE_69684_length_2393_cov_10.476169.region001.gbk_region_1,C3338535,None,0.51,Yes (No MIBiG connection)
GUY_SRR21545388_k141_2287750.region001.gbk_region_1,C3338535,None,0.51,Yes (No MIBiG connection)
CR18_ER180415_S_contig_1352.region001.gbk_region_1,C3338535,None,0.51,Yes (No MIBiG connection)
CR18_HA180403_F_contig_6812.region001.gbk_region_1,C3338535,None,0.51,Yes (No MIBiG connection)
GUY_SRR21545382_k141_186082.region001.gbk_region_1,C3338535,None,0.51,Yes (No MIBiG connection)
CR18_BC180410_contig_16922.region001.gbk_region_1,C3338535,None,0.51,Yes (No MIBiG connection)
CR19_GU_190718_S_contig_4492.region001.gbk_region_1,C3338535,None,0.51,Yes (No MIBiG connection)
AEO22_LB_220827_F_contig_106526.region001.gbk_region_1,C3338535,None,0.51,Yes (No MIBiG connection)
CR18_RC180404_F_contig_986.region001.gbk_region_1,C3338535,None,0.51,Yes (No MIBiG connection)
CHL22_PJ_220330_F_contig_23586.region001.gbk_region_1,C3338537,None,0.51,Yes (No MIBiG connection)
CR17_S14_S_contig_1387.region001.gbk_region_1,C3338537,None,0.51,Yes (No MIBiG connection)
AEO22_TC_220902_F_contig_7749.region001.gbk_region_1,C3338537,None,0.51,Yes (No MIBiG connection)
CR17_PG172224_S_contig_7247.region001.gbk_region_1,C3338537,None,0.51,Yes (No MIBiG connection)
CHL22_CE_220402_F_contig_473.region001.gbk_region_1,C3338537,None,0.51,Yes (No MIBiG connection)
CR18_XF180416_F_contig_9218.region001.gbk_region_1,C3338537,None,0.51,Yes (No MIBiG connection)
CHL22_CN_220327_F_contig_14335.region001.gbk_region_1,C3338537,None,0.51,Yes (No MIBiG connection)
CHL22_QN_220317_F_contig_120851.region001.gbk_region_1,C3338537,None,0.51,Yes (No MIBiG connection)
AEO22_BO_220829_F_contig_43009.region001.gbk_region_1,C3338536,None,0.51,Yes (No MIBiG connection)
FEN_LS_F_NODE_13011_length_2748_cov_3.785741.region001.gbk_region_1,C3338536,None,0.51,Yes (No MIBiG connection)
CR17_FA170219_1_S_contig_43348.region001.gbk_region_1,C3338536,None,0.51,Yes (No MIBiG connection)
CR18_RC180404_S_contig_32740.region001.gbk_region_1,C3338536,None,0.51,Yes (No MIBiG connection)
CR18_BC180410_contig_17955.region001.gbk_region_1,C3338536,None,0.51,Yes (No MIBiG connection)
EPR_teddybear_k141_891217.region001.gbk_region_1,C3338536,None,0.51,Yes (No MIBiG connection)
GUY_SRR21545388_k141_671890.region001.gbk_region_1,C3338536,None,0.51,Yes (No MIBiG connection)
EPR_teddybear_k141_409191.region001.gbk_region_1,C3338536,None,0.51,Yes (No MIBiG connection)
HYD22_SB_221021_F_contig_46194.region001.gbk_region_1,C3338536,None,0.51,Yes (No MIBiG connection)
CHL22_OA_220325_F_contig_102254.region001.gbk_region_1,C3338536,None,0.51,Yes (No MIBiG connection)
CHL22_LV_220331_F_contig_32094.region001.gbk_region_1,C3338536,None,0.51,Yes (No MIBiG connection)
CR18_LB180410_S_contig_6945.region001.gbk_region_1,C3338536,None,0.51,Yes (No MIBiG connection)
CHL22_LC_220316_F_contig_84784.region001.gbk_region_1,C3338536,None,0.51,Yes (No MIBiG connection)
CR18_LE180416_F_contig_19412.region001.gbk_region_1,C3338536,None,0.51,Yes (No MIBiG connection)
CR19_EP_190616_S_contig_1678.region001.gbk_region_1,C3338536,BGC0002673.gbk_region_1,0.27,No (Directly observed)
CR17_PF170222_S_contig_6300.region001.gbk_region_1,C3338536,None,0.51,Yes (No MIBiG connection)
GUY_SRR21545382_k141_1404876.region001.gbk_region_1,C3338536,None,0.51,Yes (No MIBiG connection)
CR18_HA180403_F_contig_25037.region001.gbk_region_1,C3338536,None,0.51,Yes (No MIBiG connection)
CR18_BW180407_F_contig_6901.region001.gbk_region_1,C3338536,None,0.51,Yes (No MIBiG connection)
CR17_EP170215_S_contig_36191.region001.gbk_region_1,C3338536,None,0.51,Yes (No MIBiG connection)
AEO22_BP2_220829_F_contig_13799.region001.gbk_region_1,C3338536,None,0.51,Yes (No MIBiG connection)
CHL22_RS_220319_F_contig_49991.region001.gbk_region_1,C3338536,None,0.51,Yes (No MIBiG connection)
HYD22_FC_221023_F_contig_27896.region001.gbk_region_1,C3338536,None,0.51,Yes (No MIBiG connection)
AEO22_OS_220830_F_contig_1339.region001.gbk_region_1,C3338536,None,0.51,Yes (No MIBiG connection)
CHL22_CR_220324_F_contig_18069.region001.gbk_region_1,C3338536,None,0.51,Yes (No MIBiG connection)
GUY_SRR21545388_k141_745823.region001.gbk_region_1,C3338536,None,0.51,Yes (No MIBiG connection)
EPR_riftia_k141_72299.region001.gbk_region_1,C3338535,None,0.51,Yes (No MIBiG connection)
GUY_SRR21545382_k141_1612934.region001.gbk_region_1,C3338535,None,0.51,Yes (No MIBiG connection)
GUY_SRR21545388_k141_1622547.region001.gbk_region_1,C3338535,None,0.51,Yes (No MIBiG connection)
EPR_riftia_k141_329123.region001.gbk_region_1,C3338535,None,0.51,Yes (No MIBiG connection)
CHL22_LC_220316_F_contig_118014.region001.gbk_region_1,C3338535,None,0.51,Yes (No MIBiG connection)
CR18_SC180411_F_contig_21404.region001.gbk_region_1,C3338535,None,0.51,Yes (No MIBiG connection)
GUY_SRR21545382_k141_634862.region001.gbk_region_1,C3338535,None,0.51,Yes (No MIBiG connection)
AEO22_LB_220827_F_contig_91322.region001.gbk_region_1,C3338535,None,0.51,Yes (No MIBiG connection)
GUY_SRR21545382_k141_88352.region001.gbk_region_1,C3338535,None,0.51,Yes (No MIBiG connection)
HYD22_FC_221023_F_contig_20877.region001.gbk_region_1,C3338535,None,0.51,Yes (No MIBiG connection)
CHL22_CU_220402_F_contig_31805.region001.gbk_region_1,C3338535,None,0.51,Yes (No MIBiG connection)
KJ_230721_F_NODE_56464_length_2785_cov_1.422498.region001.gbk_region_1,C3338535,None,0.51,Yes (No MIBiG connection)
EPR_riftia_k141_345266.region001.gbk_region_1,C3338535,None,0.51,Yes (No MIBiG connection)
CR18_CV180410_F_contig_12120.region001.gbk_region_1,C3338535,None,0.51,Yes (No MIBiG connection)
CHL22_LC_220316_F_contig_140608.region001.gbk_region_1,C3338535,None,0.51,Yes (No MIBiG connection)
AEO22_GV_220827_F_contig_59639.region001.gbk_region_1,C3338535,None,0.51,Yes (No MIBiG connection)
GUY_SRR21545388_k141_1089540.region001.gbk_region_1,C3338535,None,0.51,Yes (No MIBiG connection)
GUY_SRR21545388_k141_2624443.region001.gbk_region_1,C3338535,None,0.51,Yes (No MIBiG connection)
GUY_SRR21545382_k141_547742.region001.gbk_region_1,C3338535,None,0.51,Yes (No MIBiG connection)
CHL22_CU_220402_F_contig_97734.region001.gbk_region_1,C3338535,None,0.51,Yes (No MIBiG connection)
HYD22_FC_221023_F_contig_9188.region001.gbk_region_1,C3338535,None,0.51,Yes (No MIBiG connection)
GUY_SRR21545382_k141_1449956.region001.gbk_region_1,C3338535,None,0.51,Yes (No MIBiG connection)
GUY_SRR21545388_k141_2003160.region001.gbk_region_1,C3338535,None,0.51,Yes (No MIBiG connection)
GUY_SRR21545388_k141_1199162.region001.gbk_region_1,C3338535,None,0.51,Yes (No MIBiG connection)
GUY_SRR21545388_k141_1529093.region001.gbk_region_1,C3338535,None,0.51,Yes (No MIBiG connection)
HYD22_SP_221019_F_contig_19188.region001.gbk_region_1,C3338535,None,0.51,Yes (No MIBiG connection)
GUY_SRR21545384_k141_467563.region001.gbk_region_1,C3338535,None,0.51,Yes (No MIBiG connection)
EPR_CV79_k141_469378.region001.gbk_region_1,C3338535,None,0.51,Yes (No MIBiG connection)
CHL22_PJ_220330_F_contig_35613.region001.gbk_region_1,C3338537,None,0.51,Yes (No MIBiG connection)
CHL22_SR_220328_F_contig_180.region001.gbk_region_1,C3338537,None,0.51,Yes (No MIBiG connection)
CHL22_OA_220325_F_contig_13030.region001.gbk_region_1,C3338537,None,0.51,Yes (No MIBiG connection)
CHL22_LC_220316_F_contig_14112.region001.gbk_region_1,C3338537,None,0.51,Yes (No MIBiG connection)
AEO22_TC_220902_F_contig_17568.region001.gbk_region_1,C3338537,None,0.51,Yes (No MIBiG connection)
GUY_SRR21545382_k141_658678.region001.gbk_region_1,C3338535,None,0.51,Yes (No MIBiG connection)
EPR_riftia_k141_256170.region001.gbk_region_1,C3338535,None,0.51,Yes (No MIBiG connection)
GUY_SRR21545388_k141_734685.region001.gbk_region_1,C3338535,None,0.51,Yes (No MIBiG connection)
CHL22_LC_220316_F_contig_60593.region001.gbk_region_1,C3338535,None,0.51,Yes (No MIBiG connection)
GUY_SRR21545388_k141_656199.region001.gbk_region_1,C3338535,None,0.51,Yes (No MIBiG connection)
GUY_SRR21545388_k141_2628192.region001.gbk_region_1,C3338535,None,0.51,Yes (No MIBiG connection)
GUY_SRR21545382_k141_265067.region001.gbk_region_1,C3338535,None,0.51,Yes (No MIBiG connection)
GUY_SRR21545382_k141_127678.region001.gbk_region_1,C3338535,None,0.51,Yes (No MIBiG connection)
EPR_mussel_k141_584323.region001.gbk_region_1,C3338535,None,0.51,Yes (No MIBiG connection)
CR17_QN170220_S_contig_3232.region001.gbk_region_1,C3338535,None,0.51,Yes (No MIBiG connection)
GUY_SRR21545388_k141_779793.region001.gbk_region_1,C3338535,None,0.51,Yes (No MIBiG connection)
CHL22_CH_220319_F_contig_3282.region001.gbk_region_1,C3338535,None,0.51,Yes (No MIBiG connection)
GUY_SRR21545388_k141_903202.region001.gbk_region_1,C3338535,None,0.51,Yes (No MIBiG connection)
CR18_PX180416_S_contig_5367.region001.gbk_region_1,C3338535,BGC0002008.gbk_region_1,0.48,No (Directly observed)
CHL22_PR_220403_F_contig_13791.region001.gbk_region_1,C3338535,None,0.51,Yes (No MIBiG connection)
EPR_CV79_k141_541289.region001.gbk_region_1,C3338535,None,0.51,Yes (No MIBiG connection)
CR17_PG172224_S_contig_2388.region001.gbk_region_1,C3338535,None,0.51,Yes (No MIBiG connection)
CR18_LE180416_F_contig_2073.region001.gbk_region_1,C3338537,None,0.51,Yes (No MIBiG connection)
CR18_LE180416_S_contig_5132.region001.gbk_region_1,C3338537,None,0.51,Yes (No MIBiG connection)
EPR_riftia_k141_236618.region001.gbk_region_1,C3338535,None,0.51,Yes (No MIBiG connection)
CHL22_CH_220319_F_contig_91665.region001.gbk_region_1,C3338535,None,0.51,Yes (No MIBiG connection)
CR17_RS170216_S_contig_644.region001.gbk_region_1,C3338535,None,0.51,Yes (No MIBiG connection)
CHL22_CH_220319_F_contig_660.region001.gbk_region_1,C3338535,None,0.51,Yes (No MIBiG connection)
GUY_SRR21545382_k141_23170.region001.gbk_region_1,C3338535,None,0.51,Yes (No MIBiG connection)
HYD22_FC_221023_F_contig_4840.region001.gbk_region_1,C3338535,None,0.51,Yes (No MIBiG connection)
CR17_PG172224_S_contig_875.region001.gbk_region_1,C3338535,None,0.51,Yes (No MIBiG connection)
CHL22_CH_220319_F_contig_11081.region001.gbk_region_1,C3338535,None,0.51,Yes (No MIBiG connection)
CHL22_EQ_220330_F_contig_16017.region001.gbk_region_1,C3338535,None,0.51,Yes (No MIBiG connection)
AEO22_AC_220827_F_contig_21104.region001.gbk_region_1,C3338535,None,0.51,Yes (No MIBiG connection)
CR18_LW180405_F_contig_18.region001.gbk_region_1,C3338535,None,0.51,Yes (No MIBiG connection)
CR17_PG172224_S_contig_3807.region001.gbk_region_1,C3338535,None,0.51,Yes (No MIBiG connection)
CR18_LE180416_F_contig_28088.region001.gbk_region_1,C3338535,None,0.51,Yes (No MIBiG connection)
CR18_GE180403_S_contig_6434.region001.gbk_region_1,C3338535,None,0.51,Yes (No MIBiG connection)
EPR_alvinella_k141_52075.region001.gbk_region_1,C3338535,None,0.51,Yes (No MIBiG connection)
CR18_LE180416_F_contig_38084.region001.gbk_region_1,C3338535,None,0.51,Yes (No MIBiG connection)
CR18_LW180405_S_contig_2723.region001.gbk_region_1,C3338535,None,0.51,Yes (No MIBiG connection)
AEO22_LB_220827_F_contig_2078.region001.gbk_region_1,C3338535,None,0.51,Yes (No MIBiG connection)
CR18_LP180406_F_contig_18028.region001.gbk_region_1,C3338535,None,0.51,Yes (No MIBiG connection)
CHL22_CZ_220329_F_contig_45560.region001.gbk_region_1,C3338535,None,0.51,Yes (No MIBiG connection)
CR19_HC_220127_F_contig_5.region001.gbk_region_1,C3338535,None,0.51,Yes (No MIBiG connection)
HYD22_SC_221020_F_contig_74003.region001.gbk_region_1,C3338535,None,0.51,Yes (No MIBiG connection)
CHL22_CC_220324_F_contig_66052.region001.gbk_region_1,C3338535,None,0.51,Yes (No MIBiG connection)
AEO22_BO_220829_F_contig_6251.region001.gbk_region_1,C3338535,None,0.51,Yes (No MIBiG connection)
KJ_230721_F_NODE_15802_length_6972_cov_3.284149.region001.gbk_region_1,C3338535,None,0.51,Yes (No MIBiG connection)
CHL22_CZ_220329_F_contig_70415.region001.gbk_region_1,C3338535,None,0.51,Yes (No MIBiG connection)
CHL22_LP_220401_F_contig_54696.region001.gbk_region_1,C3338535,None,0.51,Yes (No MIBiG connection)
FEN_VR_S_NODE_4342_length_3274_cov_4.383038.region001.gbk_region_1,C3338535,None,0.51,Yes (No MIBiG connection)
CR18_RC180404_S_contig_13319.region001.gbk_region_1,C3338535,None,0.51,Yes (No MIBiG connection)
ISL21_HV2_210602_S_contig_3136.region001.gbk_region_1,C3338535,None,0.51,Yes (No MIBiG connection)
CHL22_PR_220403_F_contig_19157.region001.gbk_region_1,C3338535,None,0.51,Yes (No MIBiG connection)
CR17_PL170224_S_contig_2976.region001.gbk_region_1,C3338535,None,0.51,Yes (No MIBiG connection)
CHL22_OA_220325_F_contig_14069.region001.gbk_region_1,C3338535,None,0.51,Yes (No MIBiG connection)
CR18_CV180410_F_contig_86.region001.gbk_region_1,C3338535,None,0.51,Yes (No MIBiG connection)
CHL22_OA_220325_F_contig_58379.region001.gbk_region_1,C3338535,None,0.51,Yes (No MIBiG connection)
CR17_PG172224_S_contig_8801.region001.gbk_region_1,C3338535,None,0.51,Yes (No MIBiG connection)
HYD22_CB_221018_F_contig_22140.region001.gbk_region_1,C3338535,None,0.51,Yes (No MIBiG connection)
CR18_RR180407_F_contig_6379.region001.gbk_region_1,C3338535,None,0.51,Yes (No MIBiG connection)
HYD22_TA_221020_F_contig_13962.region001.gbk_region_1,C3338535,None,0.51,Yes (No MIBiG connection)
CHL22_CZ_220329_F_contig_53377.region001.gbk_region_1,C3338535,None,0.51,Yes (No MIBiG connection)
CR18_CV180410_S_contig_151.region001.gbk_region_1,C3338535,None,0.51,Yes (No MIBiG connection)
CR19_GU_190718_F_contig_8838.region001.gbk_region_1,C3338535,None,0.51,Yes (No MIBiG connection)
CHL22_LC_220316_F_contig_14328.region002.gbk_region_2,C3338535,None,0.51,Yes (No MIBiG connection)
AEO22_BO_220829_F_contig_3696.region001.gbk_region_1,C3338535,None,0.51,Yes (No MIBiG connection)
HYD22_CB_221018_F_contig_4373.region001.gbk_region_1,C3338535,None,0.51,Yes (No MIBiG connection)
ISL21_HV2_210602_S_contig_1992.region001.gbk_region_1,C3338535,None,0.51,Yes (No MIBiG connection)
CHL22_OA_220325_F_contig_44150.region001.gbk_region_1,C3338535,None,0.51,Yes (No MIBiG connection)
CHL22_RS_220319_F_contig_2921.region001.gbk_region_1,C3338535,None,0.51,Yes (No MIBiG connection)
CHL22_CZ_220329_F_contig_28935.region001.gbk_region_1,C3338535,None,0.51,Yes (No MIBiG connection)
HYD22_SC_221020_F_contig_71896.region001.gbk_region_1,C3338535,None,0.51,Yes (No MIBiG connection)
CR18_CV180410_S_contig_135.region003.gbk_region_3,C3338535,None,0.51,Yes (No MIBiG connection)
AEO22_LB_220827_F_contig_58100.region001.gbk_region_1,C3338535,None,0.51,Yes (No MIBiG connection)
ISL21_HV2_210602_S_contig_423.region001.gbk_region_1,C3338535,None,0.51,Yes (No MIBiG connection)
CR18_SC180411_F_contig_125.region001.gbk_region_1,C3338535,None,0.51,Yes (No MIBiG connection)
HYD22_FC_221023_F_contig_2047.region001.gbk_region_1,C3338535,None,0.51,Yes (No MIBiG connection)
AEO22_AC_220827_F_contig_40496.region001.gbk_region_1,C3338535,None,0.51,Yes (No MIBiG connection)
FEN_CG_S_NODE_337_length_13105_cov_12.923372.region001.gbk_region_1,C3338535,None,0.51,Yes (No MIBiG connection)
CR18_CL180409_F_contig_138.region001.gbk_region_1,C3338535,None,0.51,Yes (No MIBiG connection)
CHL22_QN_220317_F_contig_28107.region001.gbk_region_1,C3338535,None,0.51,Yes (No MIBiG connection)
AEO22_TC_220902_F_contig_4266.region001.gbk_region_1,C3338535,None,0.51,Yes (No MIBiG connection)
CHL22_CH_220319_F_contig_75989.region001.gbk_region_1,C3338535,None,0.51,Yes (No MIBiG connection)
EPR_mussel_k141_100661.region001.gbk_region_1,C3338535,None,0.51,Yes (No MIBiG connection)
CHL22_LC_220316_F_contig_118199.region001.gbk_region_1,C3338535,None,0.51,Yes (No MIBiG connection)
CHL22_OA_220325_F_contig_80632.region001.gbk_region_1,C3338535,None,0.51,Yes (No MIBiG connection)
FEN_PI_S_NODE_697_length_8050_cov_9.486429.region001.gbk_region_1,C3338535,None,0.51,Yes (No MIBiG connection)
CR18_LE180416_F_contig_530.region001.gbk_region_1,C3338535,None,0.51,Yes (No MIBiG connection)
AEO22_LB_220827_F_contig_37693.region001.gbk_region_1,C3338535,None,0.51,Yes (No MIBiG connection)
CR18_YR180404_F_contig_1810.region001.gbk_region_1,C3338535,None,0.51,Yes (No MIBiG connection)
CR17_PG172224_S_contig_1075.region001.gbk_region_1,C3338535,None,0.51,Yes (No MIBiG connection)
CR17_PG172224_S_contig_20780.region001.gbk_region_1,C3338535,None,0.51,Yes (No MIBiG connection)
EPR_teddybear_k141_370361.region001.gbk_region_1,C3338535,None,0.51,Yes (No MIBiG connection)
CR17_PF170222_F_contig_12223.region001.gbk_region_1,C3338535,None,0.51,Yes (No MIBiG connection)
ARG19_BJ_190227_F_contig_1912.region001.gbk_region_1,C3338535,None,0.51,Yes (No MIBiG connection)
HYD22_SB_221021_F_contig_28134.region001.gbk_region_1,C3338535,None,0.51,Yes (No MIBiG connection)
GUY_SRR21545382_k141_1753253.region001.gbk_region_1,C3338535,None,0.51,Yes (No MIBiG connection)
CHL22_EQ_220330_F_contig_23042.region001.gbk_region_1,C3338535,None,0.51,Yes (No MIBiG connection)
AEO22_TC_220902_F_contig_47466.region001.gbk_region_1,C3338535,None,0.51,Yes (No MIBiG connection)
CHL22_CC_220324_F_contig_42583.region001.gbk_region_1,C3338535,None,0.51,Yes (No MIBiG connection)
CR18_MC180404_F_contig_16143.region001.gbk_region_1,C3338535,None,0.51,Yes (No MIBiG connection)
CHL22_CC_220324_F_contig_18650.region002.gbk_region_2,C3338535,None,0.51,Yes (No MIBiG connection)
AEO22_AC_220827_F_contig_16161.region001.gbk_region_1,C3338535,None,0.51,Yes (No MIBiG connection)
CHL22_LC_220316_F_contig_51976.region001.gbk_region_1,C3338535,None,0.51,Yes (No MIBiG connection)
FEN_VR_S_NODE_7720_length_2213_cov_71.009268.region001.gbk_region_1,C3338535,None,0.51,Yes (No MIBiG connection)
CHL22_QN_220317_F_contig_11283.region001.gbk_region_1,C3338535,None,0.51,Yes (No MIBiG connection)
CHL22_OA_220325_F_contig_21737.region001.gbk_region_1,C3338535,None,0.51,Yes (No MIBiG connection)
CHL22_PJ_220330_F_contig_28741.region001.gbk_region_1,C3338535,None,0.51,Yes (No MIBiG connection)
FEN_PI_S_NODE_544_length_9916_cov_15.963594.region001.gbk_region_1,C3338535,None,0.51,Yes (No MIBiG connection)
FEN_CG_F_NODE_193_length_13289_cov_38.908871.region001.gbk_region_1,C3338535,None,0.51,Yes (No MIBiG connection)
CR18_CH180410_F_contig_2354.region001.gbk_region_1,C3338535,None,0.51,Yes (No MIBiG connection)
CHL22_LR_220331_F_contig_61639.region001.gbk_region_1,C3338535,None,0.51,Yes (No MIBiG connection)
GUY_SRR21545388_k141_7338.region001.gbk_region_1,C3338535,None,0.51,Yes (No MIBiG connection)
CHL22_CU_220402_F_contig_37432.region001.gbk_region_1,C3338535,None,0.51,Yes (No MIBiG connection)
CHL22_GB_220322_F_contig_14333.region001.gbk_region_1,C3338535,None,0.51,Yes (No MIBiG connection)
FEN_SI_2_NODE_110_length_27725_cov_44.615107.region001.gbk_region_1,C3338535,None,0.51,Yes (No MIBiG connection)
AEO22_AC_220827_F_contig_2109.region001.gbk_region_1,C3338535,None,0.51,Yes (No MIBiG connection)
ISL21_HV2_210602_S_contig_1284.region001.gbk_region_1,C3338535,None,0.51,Yes (No MIBiG connection)
AEO22_TC_220902_F_contig_11.region003.gbk_region_3,C3338535,None,0.51,Yes (No MIBiG connection)
HYD22_SB_221021_F_contig_15939.region001.gbk_region_1,C3338535,None,0.51,Yes (No MIBiG connection)
CR17_CY170214_S_contig_20479.region001.gbk_region_1,C3338535,None,0.51,Yes (No MIBiG connection)
CHL22_LC_220316_F_contig_66421.region001.gbk_region_1,C3338535,None,0.51,Yes (No MIBiG connection)
ISL21_HV2_210602_S_contig_23.region001.gbk_region_1,C3338535,None,0.51,Yes (No MIBiG connection)
CHL22_QN_220317_F_contig_45878.region001.gbk_region_1,C3338535,None,0.51,Yes (No MIBiG connection)
EPR_teddybear_k141_745734.region001.gbk_region_1,C3338535,None,0.51,Yes (No MIBiG connection)
HYD22_TA_221020_F_contig_760.region001.gbk_region_1,C3338535,None,0.51,Yes (No MIBiG connection)
CR17_QN170220_S_contig_1191.region001.gbk_region_1,C3338535,None,0.51,Yes (No MIBiG connection)
CHL22_OA_220325_F_contig_56595.region001.gbk_region_1,C3338535,None,0.51,Yes (No MIBiG connection)
SJ_230730_F_NODE_7_length_239669_cov_79.072519.region001.gbk_region_1,C3338535,None,0.51,Yes (No MIBiG connection)
HYD22_CB_221018_F_contig_276.region001.gbk_region_1,C3338535,None,0.51,Yes (No MIBiG connection)
EPR_alvinella_k141_477783.region001.gbk_region_1,C3338535,None,0.51,Yes (No MIBiG connection)
CHL22_CR_220324_F_contig_17572.region001.gbk_region_1,C3338535,None,0.51,Yes (No MIBiG connection)
CR18_CV180410_F_contig_578.region001.gbk_region_1,C3338535,None,0.51,Yes (No MIBiG connection)
ISL21_HV2_210602_S_contig_90.region001.gbk_region_1,C3338535,None,0.51,Yes (No MIBiG connection)
CHL22_EQ_220330_F_contig_11398.region001.gbk_region_1,C3338535,None,0.51,Yes (No MIBiG connection)
CHL22_LR_220331_F_contig_16171.region001.gbk_region_1,C3338535,None,0.51,Yes (No MIBiG connection)
AEO22_AC_220827_F_contig_43521.region001.gbk_region_1,C3338535,None,0.51,Yes (No MIBiG connection)
HYD22_TA_221020_F_contig_7649.region001.gbk_region_1,C3338535,None,0.51,Yes (No MIBiG connection)
CR17_BR170218_2_F_contig_5024.region001.gbk_region_1,C3338535,None,0.51,Yes (No MIBiG connection)
EPR_riftia_k141_434302.region001.gbk_region_1,C3338535,None,0.51,Yes (No MIBiG connection)
CR18_MC180404_F_contig_10.region001.gbk_region_1,C3338535,None,0.51,Yes (No MIBiG connection)
AEO22_TC_220902_F_contig_2837.region001.gbk_region_1,C3338535,None,0.51,Yes (No MIBiG connection)
CR17_QN170220_S_contig_20437.region001.gbk_region_1,C3338535,None,0.51,Yes (No MIBiG connection)
FEN_VR_S_NODE_8215_length_2132_cov_3.586423.region001.gbk_region_1,C3338535,None,0.51,Yes (No MIBiG connection)
AEO22_AC_220827_F_contig_1004.region001.gbk_region_1,C3338535,None,0.51,Yes (No MIBiG connection)
NR_230731_F_NODE_23_length_151588_cov_8.044262.region001.gbk_region_1,C3338535,None,0.51,Yes (No MIBiG connection)
HYD22_SB_221021_F_contig_2968.region001.gbk_region_1,C3338535,None,0.51,Yes (No MIBiG connection)
CR18_YR180404_F_contig_164.region001.gbk_region_1,C3338535,None,0.51,Yes (No MIBiG connection)
GUY_SRR21545382_k141_1887592.region001.gbk_region_1,C3338535,None,0.51,Yes (No MIBiG connection)
CHL22_OA_220325_F_contig_37653.region001.gbk_region_1,C3338535,None,0.51,Yes (No MIBiG connection)
CR17_CY170214_S_contig_8387.region001.gbk_region_1,C3338535,None,0.51,Yes (No MIBiG connection)
EPR_riftia_k141_42341.region001.gbk_region_1,C3338535,None,0.51,Yes (No MIBiG connection)
CR17_PG172224_S_contig_7570.region001.gbk_region_1,C3338535,None,0.51,Yes (No MIBiG connection)
HYD22_SC_221020_F_contig_76312.region001.gbk_region_1,C3338535,None,0.51,Yes (No MIBiG connection)
CHL22_LC_220316_F_contig_33728.region001.gbk_region_1,C3338535,None,0.51,Yes (No MIBiG connection)
CR17_PB170224_contig_355.region001.gbk_region_1,C3338535,None,0.51,Yes (No MIBiG connection)
CR19_SL_190717_S_contig_1567.region001.gbk_region_1,C3338535,None,0.51,Yes (No MIBiG connection)
CHL22_CN_220327_F_contig_5135.region001.gbk_region_1,C3338535,None,0.51,Yes (No MIBiG connection)
GUY_SRR21545388_k141_1463020.region001.gbk_region_1,C3338535,None,0.51,Yes (No MIBiG connection)
HYD22_CB_221018_F_contig_12300.region001.gbk_region_1,C3338535,None,0.51,Yes (No MIBiG connection)
CR18_LP180406_F_contig_344.region001.gbk_region_1,C3338535,None,0.51,Yes (No MIBiG connection)
EPR_teddybear_k141_329775.region001.gbk_region_1,C3338535,None,0.51,Yes (No MIBiG connection)
CHL22_OA_220325_F_contig_41405.region001.gbk_region_1,C3338535,None,0.51,Yes (No MIBiG connection)
CR18_XF180416_F_contig_9340.region001.gbk_region_1,C3338535,None,0.51,Yes (No MIBiG connection)
CHL22_LC_220316_F_contig_139993.region001.gbk_region_1,C3338535,None,0.51,Yes (No MIBiG connection)
CHL22_QN_220317_F_contig_2497.region001.gbk_region_1,C3338535,None,0.51,Yes (No MIBiG connection)
CHL22_CC_220324_F_contig_80678.region001.gbk_region_1,C3338535,None,0.51,Yes (No MIBiG connection)
CHL22_CR_220324_F_contig_9269.region001.gbk_region_1,C3338535,None,0.51,Yes (No MIBiG connection)
CR17_FA170219_1_S_contig_6389.region001.gbk_region_1,C3338535,None,0.51,Yes (No MIBiG connection)
EPR_teddybear_k141_381416.region001.gbk_region_1,C3338535,None,0.51,Yes (No MIBiG connection)
EPR_riftia_k141_296805.region001.gbk_region_1,C3338535,None,0.51,Yes (No MIBiG connection)
FEN_PI_F_NODE_215_length_17073_cov_9.030850.region001.gbk_region_1,C3338535,None,0.51,Yes (No MIBiG connection)
CHL22_CR_220324_F_contig_51277.region001.gbk_region_1,C3338535,None,0.51,Yes (No MIBiG connection)
CHL22_CC_220324_F_contig_14267.region001.gbk_region_1,C3338535,None,0.51,Yes (No MIBiG connection)
ISL21_HV2_210602_S_contig_1209.region001.gbk_region_1,C3338535,None,0.51,Yes (No MIBiG connection)
CR17_SI170217_F_contig_4381.region001.gbk_region_1,C3338535,None,0.51,Yes (No MIBiG connection)
CR18_LE180416_F_contig_17090.region001.gbk_region_1,C3338535,None,0.51,Yes (No MIBiG connection)
KJ_230721_F_NODE_9780_length_10059_cov_2.087495.region001.gbk_region_1,C3338535,None,0.51,Yes (No MIBiG connection)
CR17_MT170219_F_contig_789.region001.gbk_region_1,C3338535,None,0.51,Yes (No MIBiG connection)
CHL22_CH_220319_F_contig_11950.region001.gbk_region_1,C3338535,None,0.51,Yes (No MIBiG connection)
CR17_QN170220_F_contig_1724.region001.gbk_region_1,C3338535,None,0.51,Yes (No MIBiG connection)
CHL22_CC_220324_F_contig_80151.region001.gbk_region_1,C3338535,None,0.51,Yes (No MIBiG connection)
EPR_teddybear_k141_441821.region001.gbk_region_1,C3338535,None,0.51,Yes (No MIBiG connection)
FEN_VR_S_NODE_260_length_26438_cov_28.833757.region001.gbk_region_1,C3338535,None,0.51,Yes (No MIBiG connection)
AEO22_AC_220827_F_contig_16.region001.gbk_region_1,C3338535,None,0.51,Yes (No MIBiG connection)
CR18_ER180415_S_contig_3872.region001.gbk_region_1,C3338535,None,0.51,Yes (No MIBiG connection)
CR18_HA180403_F_contig_23.region002.gbk_region_2,C3338535,None,0.51,Yes (No MIBiG connection)
CHL22_LP_220401_F_contig_76672.region001.gbk_region_1,C3338535,None,0.51,Yes (No MIBiG connection)
AEO22_TC_220902_F_contig_158.region001.gbk_region_1,C3338535,None,0.51,Yes (No MIBiG connection)
ISL21_HV2_210602_S_contig_758.region001.gbk_region_1,C3338535,None,0.51,Yes (No MIBiG connection)
CR17_PB170224_contig_255.region001.gbk_region_1,C3338535,None,0.51,Yes (No MIBiG connection)
CHL22_CH_220319_F_contig_58238.region001.gbk_region_1,C3338535,None,0.51,Yes (No MIBiG connection)
CR18_CL180409_F_contig_1055.region001.gbk_region_1,C3338535,None,0.51,Yes (No MIBiG connection)
CR18_LE180416_F_contig_194.region001.gbk_region_1,C3338535,None,0.51,Yes (No MIBiG connection)
CR18_LE180416_S_contig_25376.region001.gbk_region_1,C3338535,None,0.51,Yes (No MIBiG connection)
HYD22_SB_221021_F_contig_16933.region001.gbk_region_1,C3338535,None,0.51,Yes (No MIBiG connection)
HYD22_CB_221018_F_contig_42470.region001.gbk_region_1,C3338535,None,0.51,Yes (No MIBiG connection)
CHL22_QN_220317_F_contig_3328.region001.gbk_region_1,C3338535,None,0.51,Yes (No MIBiG connection)
CR18_MC180404_S_contig_34.region002.gbk_region_2,C3338535,None,0.51,Yes (No MIBiG connection)
CR18_CW180415_F_contig_923.region001.gbk_region_1,C3338535,None,0.51,Yes (No MIBiG connection)
CR17_QH170213_1_S_contig_7.region001.gbk_region_1,C3338535,None,0.51,Yes (No MIBiG connection)
CHL22_CH_220319_F_contig_21808.region001.gbk_region_1,C3338535,None,0.51,Yes (No MIBiG connection)
CHL22_CR_220324_F_contig_33469.region001.gbk_region_1,C3338535,None,0.51,Yes (No MIBiG connection)
GUY_SRR21545382_k141_1294451.region001.gbk_region_1,C3338535,None,0.51,Yes (No MIBiG connection)
CHL22_OA_220325_F_contig_106478.region001.gbk_region_1,C3338535,None,0.51,Yes (No MIBiG connection)
CR17_QN170220_F_contig_3042.region001.gbk_region_1,C3338535,None,0.51,Yes (No MIBiG connection)
FEN_SI_2_NODE_193_length_20658_cov_36.786002.region001.gbk_region_1,C3338535,None,0.51,Yes (No MIBiG connection)
KJ_230721_F_NODE_34220_length_3971_cov_4.200832.region001.gbk_region_1,C3338535,None,0.51,Yes (No MIBiG connection)
CHL22_GB_220322_F_contig_27961.region001.gbk_region_1,C3338535,None,0.51,Yes (No MIBiG connection)
EPR_teddybear_k141_626157.region001.gbk_region_1,C3338535,None,0.51,Yes (No MIBiG connection)
AEO22_BO_220829_F_contig_4827.region001.gbk_region_1,C3338535,None,0.51,Yes (No MIBiG connection)
CR18_MC180404_F_contig_856.region001.gbk_region_1,C3338535,None,0.51,Yes (No MIBiG connection)
AEO22_TC_220902_F_contig_9092.region001.gbk_region_1,C3338535,None,0.51,Yes (No MIBiG connection)
CHL22_SR_220328_F_contig_8140.region001.gbk_region_1,C3338535,None,0.51,Yes (No MIBiG connection)
HYD22_CB_221018_F_contig_1076.region001.gbk_region_1,C3338535,None,0.51,Yes (No MIBiG connection)
CHL22_IS_220328_F_contig_1050.region001.gbk_region_1,C3338535,None,0.51,Yes (No MIBiG connection)
CHL22_PJ_220330_F_contig_10376.region001.gbk_region_1,C3338535,None,0.51,Yes (No MIBiG connection)
CR17_QN170220_S_contig_199.region001.gbk_region_1,C3338535,None,0.51,Yes (No MIBiG connection)
CR18_HA180403_F_contig_569.region001.gbk_region_1,C3338535,None,0.51,Yes (No MIBiG connection)
EPR_riftia_k141_382330.region001.gbk_region_1,C3338535,None,0.51,Yes (No MIBiG connection)
CHL22_LC_220316_F_contig_12517.region001.gbk_region_1,C3338535,None,0.51,Yes (No MIBiG connection)
CR18_LP180406_F_contig_21577.region001.gbk_region_1,C3338535,None,0.51,Yes (No MIBiG connection)
CHL22_QN_220317_F_contig_182543.region001.gbk_region_1,C3338535,None,0.51,Yes (No MIBiG connection)
CR18_CI180408_F_contig_109.region001.gbk_region_1,C3338535,None,0.51,Yes (No MIBiG connection)
GUY_SRR21545382_k141_1264580.region001.gbk_region_1,C3338535,None,0.51,Yes (No MIBiG connection)
HYD22_SC_221020_F_contig_723.region001.gbk_region_1,C3338535,None,0.51,Yes (No MIBiG connection)
CR18_GE180403_S_contig_421.region001.gbk_region_1,C3338535,None,0.51,Yes (No MIBiG connection)
GUY_SRR21545382_k141_1840119.region001.gbk_region_1,C3338535,None,0.51,Yes (No MIBiG connection)
CHL22_CR_220324_F_contig_46800.region001.gbk_region_1,C3338535,None,0.51,Yes (No MIBiG connection)
CR18_PX180416_S_contig_61.region001.gbk_region_1,C3338535,None,0.51,Yes (No MIBiG connection)
ISL21_HV2_210602_S_contig_3765.region001.gbk_region_1,C3338535,None,0.51,Yes (No MIBiG connection)
CHL22_QN_220317_F_contig_23883.region001.gbk_region_1,C3338535,None,0.51,Yes (No MIBiG connection)
CR18_BW180407_F_contig_2484.region001.gbk_region_1,C3338535,None,0.51,Yes (No MIBiG connection)
CHL22_IS_220328_F_contig_7101.region001.gbk_region_1,C3338535,None,0.51,Yes (No MIBiG connection)
KJ_230721_F_NODE_16586_length_6732_cov_1.428160.region001.gbk_region_1,C3338535,None,0.51,Yes (No MIBiG connection)
ISL21_HV2_210602_S_contig_5651.region001.gbk_region_1,C3338535,None,0.51,Yes (No MIBiG connection)
CR18_HA180403_F_contig_8674.region001.gbk_region_1,C3338535,None,0.51,Yes (No MIBiG connection)
CR17_PG172224_S_contig_58922.region001.gbk_region_1,C3338535,None,0.51,Yes (No MIBiG connection)
CHL22_LP_220401_F_contig_60144.region001.gbk_region_1,C3338535,BGC0000211.gbk_region_1,0.46,No (Directly observed)
AEO22_AC_220827_F_contig_22115.region001.gbk_region_1,C3338535,None,0.51,Yes (No MIBiG connection)
CR18_SC180411_S_contig_23974.region001.gbk_region_1,C3338535,None,0.51,Yes (No MIBiG connection)
AEO22_AC_220827_F_contig_15321.region001.gbk_region_1,C3338535,None,0.51,Yes (No MIBiG connection)
CHL22_CZ_220329_F_contig_41797.region001.gbk_region_1,C3338535,None,0.51,Yes (No MIBiG connection)
CR18_XF180416_F_contig_4441.region001.gbk_region_1,C3338535,None,0.51,Yes (No MIBiG connection)
HYD22_CB_221018_F_contig_3603.region001.gbk_region_1,C3338535,None,0.51,Yes (No MIBiG connection)
GUY_SRR21545382_k141_484153.region001.gbk_region_1,C3338535,None,0.51,Yes (No MIBiG connection)
CHL22_CH_220319_F_contig_123169.region001.gbk_region_1,C3338535,None,0.51,Yes (No MIBiG connection)
CHL22_LP_220401_F_contig_29390.region001.gbk_region_1,C3338535,None,0.51,Yes (No MIBiG connection)
HYD22_FR_221020_F_contig_13458.region001.gbk_region_1,C3338535,None,0.51,Yes (No MIBiG connection)
CR18_YR180404_F_contig_429.region001.gbk_region_1,C3338535,None,0.51,Yes (No MIBiG connection)
HYD22_SB_221021_F_contig_317.region001.gbk_region_1,C3338535,None,0.51,Yes (No MIBiG connection)
AEO22_AC_220827_F_contig_36792.region001.gbk_region_1,C3338535,None,0.51,Yes (No MIBiG connection)
CR17_SL170214_F_contig_15471.region001.gbk_region_1,C3338535,None,0.51,Yes (No MIBiG connection)
GUY_SRR21545388_k141_248911.region001.gbk_region_1,C3338535,None,0.51,Yes (No MIBiG connection)
CR18_CL180409_F_contig_1334.region001.gbk_region_1,C3338535,None,0.51,Yes (No MIBiG connection)
CR18_ER180415_F_contig_2895.region001.gbk_region_1,C3338535,None,0.51,Yes (No MIBiG connection)
CHL22_LC_220316_F_contig_81347.region001.gbk_region_1,C3338535,None,0.51,Yes (No MIBiG connection)
CHL22_GB_220322_F_contig_4829.region001.gbk_region_1,C3338535,None,0.51,Yes (No MIBiG connection)
AEO22_BO_220829_F_contig_74571.region001.gbk_region_1,C3338535,None,0.51,Yes (No MIBiG connection)
GUY_SRR21545382_k141_673449.region001.gbk_region_1,C3338535,None,0.51,Yes (No MIBiG connection)
CHL22_LR_220331_F_contig_12458.region001.gbk_region_1,C3338535,None,0.51,Yes (No MIBiG connection)
CHL22_QN_220317_F_contig_163658.region001.gbk_region_1,C3338535,None,0.51,Yes (No MIBiG connection)
GUY_SRR21545388_k141_657043.region001.gbk_region_1,C3338535,None,0.51,Yes (No MIBiG connection)
GUY_SRR21545388_k141_1791163.region001.gbk_region_1,C3338535,None,0.51,Yes (No MIBiG connection)
KJ_230721_F_NODE_73184_length_2312_cov_0.848055.region001.gbk_region_1,C3338537,BGC0001647.gbk_region_1,0.48,No (Directly observed)
CR18_BW180407_F_contig_27764.region001.gbk_region_1,C3338537,None,0.51,Yes (No MIBiG connection)
CHL22_CU_220402_F_contig_65359.region001.gbk_region_1,C3338537,None,0.51,Yes (No MIBiG connection)
CR18_RR180407_F_contig_19443.region001.gbk_region_1,C3338537,BGC0003089.gbk_region_1,0.3,No (Directly observed)
CR18_RR180407_F_contig_20972.region001.gbk_region_1,C3338537,BGC0000282.gbk_region_1,0.47,No (Directly observed)
CR17_PG172224_S_contig_29756.region001.gbk_region_1,C3338537,BGC0001964.gbk_region_1,0.34,No (Directly observed)
CR18_CH180410_F_contig_20282.region001.gbk_region_1,C3338537,BGC0001964.gbk_region_1,0.49,No (Directly observed)
CHL22_LP_220401_F_contig_104438.region002.gbk_region_2,C3338537,None,0.51,Yes (No MIBiG connection)
CR18_LE180416_S_contig_2815.region001.gbk_region_1,C3338537,None,0.51,Yes (No MIBiG connection)
CR17_CY170214_S_contig_44245.region001.gbk_region_1,C3338537,BGC0001964.gbk_region_1,0.46,No (Directly observed)
CR18_GE180403_S_contig_2554.region001.gbk_region_1,C3338537,None,0.51,Yes (No MIBiG connection)
CHL22_PR_220403_F_contig_20478.region001.gbk_region_1,C3338537,None,0.51,Yes (No MIBiG connection)
CR18_CW180415_F_contig_2255.region001.gbk_region_1,C3338537,None,0.51,Yes (No MIBiG connection)
EPR_teddybear_k141_770771.region001.gbk_region_1,C3338537,None,0.51,Yes (No MIBiG connection)
CHL22_CU_220402_F_contig_1341.region001.gbk_region_1,C3338537,None,0.51,Yes (No MIBiG connection)
CR17_PG172224_S_contig_60968.region001.gbk_region_1,C3338536,None,0.51,Yes (No MIBiG connection)
AEO22_LB_220827_F_contig_53043.region001.gbk_region_1,C3338536,None,0.51,Yes (No MIBiG connection)
CHL22_LV_220331_F_contig_22643.region001.gbk_region_1,C3338536,BGC0001292.gbk_region_1,0.48,No (Directly observed)
EPR_riftia_k141_590547.region001.gbk_region_1,C3338536,None,0.51,Yes (No MIBiG connection)
HYD22_FC_221023_F_contig_26327.region001.gbk_region_1,C3338536,BGC0001292.gbk_region_1,0.49,No (Directly observed)
CR18_PX180416_S_contig_17624.region001.gbk_region_1,C3338536,None,0.51,Yes (No MIBiG connection)
CHL22_QN_220317_F_contig_122400.region001.gbk_region_1,C3338536,None,0.51,Yes (No MIBiG connection)
CR17_BR170218_1_F_contig_9418.region001.gbk_region_1,C3338536,BGC0001292.gbk_region_1,0.48,No (Directly observed)
EPR_teddybear_k141_102251.region001.gbk_region_1,C3338536,None,0.51,Yes (No MIBiG connection)
CR18_RC180404_S_contig_37496.region001.gbk_region_1,C3338536,BGC0001292.gbk_region_1,0.5,No (Directly observed)
GUY_SRR21545388_k141_1619980.region001.gbk_region_1,C3338536,None,0.51,Yes (No MIBiG connection)
CR18_HA180403_F_contig_17047.region001.gbk_region_1,C3338536,None,0.51,Yes (No MIBiG connection)
HYD22_FC_221023_F_contig_18903.region001.gbk_region_1,C3338536,None,0.51,Yes (No MIBiG connection)
CR18_LB180410_S_contig_3828.region001.gbk_region_1,C3338536,None,0.51,Yes (No MIBiG connection)
CHL22_OA_220325_F_contig_59769.region001.gbk_region_1,C3338536,None,0.51,Yes (No MIBiG connection)
CR18_LB180410_S_contig_9205.region001.gbk_region_1,C3338536,None,0.51,Yes (No MIBiG connection)
CR17_RS170216_F_contig_10441.region001.gbk_region_1,C3338536,None,0.51,Yes (No MIBiG connection)
CHL22_QN_220317_F_contig_184081.region001.gbk_region_1,C3338536,None,0.51,Yes (No MIBiG connection)
CR18_RC180404_S_contig_20039.region001.gbk_region_1,C3338536,None,0.51,Yes (No MIBiG connection)
CR17_QH170213_1_F_contig_10983.region001.gbk_region_1,C3338536,None,0.51,Yes (No MIBiG connection)
GUY_SRR21545382_k141_184070.region001.gbk_region_1,C3338536,None,0.51,Yes (No MIBiG connection)
CR17_PG172224_S_contig_30841.region001.gbk_region_1,C3338536,None,0.51,Yes (No MIBiG connection)
AEO22_LB_220827_F_contig_37438.region001.gbk_region_1,C3338536,None,0.51,Yes (No MIBiG connection)
CR17_QN170220_S_contig_27398.region001.gbk_region_1,C3338536,None,0.51,Yes (No MIBiG connection)
EPR_teddybear_k141_854893.region001.gbk_region_1,C3338536,None,0.51,Yes (No MIBiG connection)
CHL22_LC_220316_F_contig_138588.region001.gbk_region_1,C3338536,BGC0001292.gbk_region_1,0.48,No (Directly observed)
CHL22_QN_220317_F_contig_92599.region001.gbk_region_1,C3338536,BGC0001292.gbk_region_1,0.48,No (Directly observed)
CR17_EP170215_S_contig_781.region001.gbk_region_1,C3338536,None,0.51,Yes (No MIBiG connection)
AEO22_TC_220902_F_contig_25789.region001.gbk_region_1,C3338536,BGC0001292.gbk_region_1,0.48,No (Directly observed)
GUY_SRR21545388_k141_130887.region001.gbk_region_1,C3338536,None,0.51,Yes (No MIBiG connection)
HYD22_SC_221020_F_contig_11125.region001.gbk_region_1,C3338536,None,0.51,Yes (No MIBiG connection)
HYD22_SP_221019_F_contig_24542.region001.gbk_region_1,C3338536,None,0.51,Yes (No MIBiG connection)
CHL22_CZ_220329_F_contig_37119.region001.gbk_region_1,C3338536,None,0.51,Yes (No MIBiG connection)
AEO22_OS_220830_F_contig_34217.region001.gbk_region_1,C3338536,BGC0001292.gbk_region_1,0.48,No (Directly observed)
CR18_LE180416_S_contig_26633.region001.gbk_region_1,C3338536,None,0.51,Yes (No MIBiG connection)
HYD22_CB_221018_F_contig_63068.region001.gbk_region_1,C3338536,None,0.51,Yes (No MIBiG connection)
CHL22_LC_220316_F_contig_144719.region001.gbk_region_1,C3338536,None,0.51,Yes (No MIBiG connection)
CHL22_CC_220324_F_contig_54657.region001.gbk_region_1,C3338536,None,0.51,Yes (No MIBiG connection)
GUY_SRR21545388_k141_2779261.region001.gbk_region_1,C3338536,None,0.51,Yes (No MIBiG connection)
AEO22_LB_220827_F_contig_108625.region001.gbk_region_1,C3338536,None,0.51,Yes (No MIBiG connection)
CHL22_CA_220323_F_contig_120485.region001.gbk_region_1,C3338536,None,0.51,Yes (No MIBiG connection)
AEO22_TC_220902_F_contig_39837.region001.gbk_region_1,C3338536,None,0.51,Yes (No MIBiG connection)
CHL22_CA_220323_F_contig_193085.region001.gbk_region_1,C3338536,None,0.51,Yes (No MIBiG connection)
CHL22_LC_220316_F_contig_63893.region001.gbk_region_1,C3338536,None,0.51,Yes (No MIBiG connection)
CR18_BW180407_F_contig_42194.region001.gbk_region_1,C3338536,None,0.51,Yes (No MIBiG connection)
CR18_CL180409_F_contig_23772.region001.gbk_region_1,C3338536,None,0.51,Yes (No MIBiG connection)
FEN_SI_1_NODE_9871_length_2394_cov_3.121419.region001.gbk_region_1,C3338536,None,0.51,Yes (No MIBiG connection)
CHL22_CZ_220329_F_contig_76385.region001.gbk_region_1,C3338536,None,0.51,Yes (No MIBiG connection)
AEO22_BO_220829_F_contig_51801.region001.gbk_region_1,C3338536,None,0.51,Yes (No MIBiG connection)
CR18_BW180407_F_contig_42452.region001.gbk_region_1,C3338536,None,0.51,Yes (No MIBiG connection)
CHL22_EQ_220330_F_contig_33507.region001.gbk_region_1,C3338536,None,0.51,Yes (No MIBiG connection)
CHL22_QN_220317_F_contig_160732.region001.gbk_region_1,C3338536,None,0.51,Yes (No MIBiG connection)
CHL22_CZ_220329_F_contig_63501.region001.gbk_region_1,C3338537,None,0.51,Yes (No MIBiG connection)
CR18_ER180415_S_contig_540.region001.gbk_region_1,C3338537,None,0.51,Yes (No MIBiG connection)
HYD22_SC_221020_F_contig_133.region001.gbk_region_1,C3338537,None,0.51,Yes (No MIBiG connection)
CR18_MC180404_S_contig_143.region001.gbk_region_1,C3338537,None,0.51,Yes (No MIBiG connection)
CR17_QN170220_S_contig_859.region001.gbk_region_1,C3338537,None,0.51,Yes (No MIBiG connection)
CR18_MC180404_S_contig_971.region001.gbk_region_1,C3338537,None,0.51,Yes (No MIBiG connection)
CR17_QN170220_F_contig_662.region001.gbk_region_1,C3338537,None,0.51,Yes (No MIBiG connection)
CHL22_LN_220321_F_contig_4924.region001.gbk_region_1,C3338537,None,0.51,Yes (No MIBiG connection)
CHL22_GB_220322_F_contig_22373.region001.gbk_region_1,C3338537,None,0.51,Yes (No MIBiG connection)
CHL22_OA_220325_F_contig_80424.region001.gbk_region_1,C3338536,None,0.51,Yes (No MIBiG connection)
CHL22_CA_220323_F_contig_148352.region001.gbk_region_1,C3338536,None,0.51,Yes (No MIBiG connection)
CHL22_PJ_220330_F_contig_57637.region001.gbk_region_1,C3338536,None,0.51,Yes (No MIBiG connection)
CHL22_CZ_220329_F_contig_20870.region001.gbk_region_1,C3338535,None,0.51,Yes (No MIBiG connection)
AEO22_HO_220830_F_contig_12.region001.gbk_region_1,C3338535,None,0.51,Yes (No MIBiG connection)
CR17_BR170218_2_F_contig_329.region001.gbk_region_1,C3338535,None,0.51,Yes (No MIBiG connection)
CR17_RV170221_F_contig_764.region001.gbk_region_1,C3338535,BGC0000837.gbk_region_1,0.5,No (Directly observed)
AEO22_TC_220902_F_contig_12252.region001.gbk_region_1,C3338535,None,0.51,Yes (No MIBiG connection)
CR18_LE180416_F_contig_2916.region001.gbk_region_1,C3338535,None,0.51,Yes (No MIBiG connection)
KJ_230721_F_NODE_226_length_140269_cov_15.523319.region001.gbk_region_1,C3338535,None,0.51,Yes (No MIBiG connection)
CR18_LP180406_F_contig_735.region001.gbk_region_1,C3338535,None,0.51,Yes (No MIBiG connection)
KJ_230721_F_NODE_60323_length_2657_cov_0.590909.region001.gbk_region_1,C3338535,None,0.51,Yes (No MIBiG connection)
ISL21_GN1_210601_F_contig_19.region001.gbk_region_1,C3338535,None,0.51,Yes (No MIBiG connection)
ISL21_GN1_210601_F_contig_6.region001.gbk_region_1,C3338535,None,0.51,Yes (No MIBiG connection)
CHL22_CU_220402_F_contig_8431.region001.gbk_region_1,C3338535,None,0.51,Yes (No MIBiG connection)
CHL22_PR_220403_F_contig_6687.region001.gbk_region_1,C3338535,BGC0000837.gbk_region_1,0.44,No (Directly observed)
ISL21_GN1_210601_F_contig_1054.region001.gbk_region_1,C3338535,None,0.51,Yes (No MIBiG connection)
HYD22_CB_221018_F_contig_5673.region001.gbk_region_1,C3338535,None,0.51,Yes (No MIBiG connection)
CHL22_CU_220402_F_contig_63366.region001.gbk_region_1,C3338535,None,0.51,Yes (No MIBiG connection)
GUY_SRR21545388_k141_96079.region001.gbk_region_1,C3338536,None,0.51,Yes (No MIBiG connection)
CR17_PF170222_F_contig_5274.region001.gbk_region_1,C3338536,None,0.51,Yes (No MIBiG connection)
CHL22_CZ_220329_F_contig_74204.region001.gbk_region_1,C3338536,None,0.51,Yes (No MIBiG connection)
CHL22_RS_220319_F_contig_11934.region001.gbk_region_1,C3338536,None,0.51,Yes (No MIBiG connection)
CHL22_OA_220325_F_contig_64703.region001.gbk_region_1,C3338536,None,0.51,Yes (No MIBiG connection)
HYD22_FC_221023_F_contig_8175.region001.gbk_region_1,C3338536,None,0.51,Yes (No MIBiG connection)
HYD22_SC_221020_F_contig_19489.region001.gbk_region_1,C3338536,None,0.51,Yes (No MIBiG connection)
CHL22_OA_220325_F_contig_36724.region001.gbk_region_1,C3338536,BGC0000863.gbk_region_1,0.41,No (Directly observed)
HYD22_FC_221023_F_contig_18107.region001.gbk_region_1,C3338536,None,0.51,Yes (No MIBiG connection)
HYD22_FC_221023_F_contig_18644.region001.gbk_region_1,C3338536,BGC0000869.gbk_region_1,0.48,No (Directly observed)
GUY_SRR21545382_k141_1765088.region001.gbk_region_1,C3338536,BGC0000869.gbk_region_1,0.49,No (Directly observed)
GUY_SRR21545382_k141_784890.region001.gbk_region_1,C3338536,None,0.51,Yes (No MIBiG connection)
GUY_SRR21545388_k141_1105313.region001.gbk_region_1,C3338536,None,0.51,Yes (No MIBiG connection)
CR17_ET170220_1_S_contig_20884.region001.gbk_region_1,C3338538,None,0.51,Yes (No MIBiG connection)
CR18_CH180410_S_contig_14467.region001.gbk_region_1,C3338538,None,0.51,Yes (No MIBiG connection)
CHL22_QN_220317_F_contig_64413.region001.gbk_region_1,C3338538,None,0.51,Yes (No MIBiG connection)
AEO22_BO_220829_F_contig_19662.region001.gbk_region_1,C3338538,None,0.51,Yes (No MIBiG connection)
CHL22_CR_220324_F_contig_14375.region001.gbk_region_1,C3338538,None,0.51,Yes (No MIBiG connection)
CHL22_EQ_220330_F_contig_37553.region001.gbk_region_1,C3338538,None,0.51,Yes (No MIBiG connection)
CR18_LE180416_F_contig_11891.region001.gbk_region_1,C3338538,None,0.51,Yes (No MIBiG connection)
CHL22_OA_220325_F_contig_63440.region001.gbk_region_1,C3338538,None,0.51,Yes (No MIBiG connection)
CHL22_LP_220401_F_contig_99582.region001.gbk_region_1,C3338538,None,0.51,Yes (No MIBiG connection)
CR18_MC180404_F_contig_8290.region001.gbk_region_1,C3338538,None,0.51,Yes (No MIBiG connection)
CR17_CY170214_S_contig_2655.region001.gbk_region_1,C3338538,None,0.51,Yes (No MIBiG connection)
CHL22_LC_220316_F_contig_105734.region001.gbk_region_1,C3338538,None,0.51,Yes (No MIBiG connection)
CHL22_CA_220323_F_contig_103091.region001.gbk_region_1,C3338538,None,0.51,Yes (No MIBiG connection)
CHL22_PJ_220330_F_contig_45227.region001.gbk_region_1,C3338538,None,0.51,Yes (No MIBiG connection)
CHL22_OA_220325_F_contig_50025.region001.gbk_region_1,C3338538,None,0.51,Yes (No MIBiG connection)
CHL22_OA_220325_F_contig_25449.region001.gbk_region_1,C3338538,None,0.51,Yes (No MIBiG connection)
CHL22_CA_220323_F_contig_133369.region001.gbk_region_1,C3338538,None,0.51,Yes (No MIBiG connection)
HYD22_CB_221018_F_contig_8399.region001.gbk_region_1,C3338538,None,0.51,Yes (No MIBiG connection)
FEN_GA_S_NODE_1226_length_2964_cov_3.784118.region001.gbk_region_1,C3338538,None,0.51,Yes (No MIBiG connection)
CHL22_QN_220317_F_contig_57684.region001.gbk_region_1,C3338538,None,0.51,Yes (No MIBiG connection)
CHL22_CU_220402_F_contig_46904.region001.gbk_region_1,C3338538,None,0.51,Yes (No MIBiG connection)
CHL22_CU_220402_F_contig_14922.region001.gbk_region_1,C3338538,None,0.51,Yes (No MIBiG connection)
CR18_CI180408_S_contig_4908.region001.gbk_region_1,C3338538,None,0.51,Yes (No MIBiG connection)
CR18_LE180416_F_contig_15795.region001.gbk_region_1,C3338538,None,0.51,Yes (No MIBiG connection)
CR17_ET170220_1_S_contig_22654.region001.gbk_region_1,C3338538,None,0.51,Yes (No MIBiG connection)
CR18_LW180405_S_contig_5308.region001.gbk_region_1,C3338538,None,0.51,Yes (No MIBiG connection)
CR18_LE180416_S_contig_2714.region001.gbk_region_1,C3338538,None,0.51,Yes (No MIBiG connection)
CHL22_OA_220325_F_contig_10391.region001.gbk_region_1,C3338538,None,0.51,Yes (No MIBiG connection)
CR18_YR180404_F_contig_29579.region001.gbk_region_1,C3338538,None,0.51,Yes (No MIBiG connection)
CHL22_CC_220324_F_contig_45703.region002.gbk_region_2,C3338538,None,0.51,Yes (No MIBiG connection)
CR19_SG_190719_S_contig_1471.region001.gbk_region_1,C3338538,None,0.51,Yes (No MIBiG connection)
AEO22_GV_220827_F_contig_1804.region001.gbk_region_1,C3338538,BGC0001164.gbk_region_1,0.46,No (Directly observed)
CR18_LE180416_F_contig_14357.region001.gbk_region_1,C3338538,None,0.51,Yes (No MIBiG connection)
CR18_LB180410_F_contig_6547.region001.gbk_region_1,C3338538,None,0.51,Yes (No MIBiG connection)
HYD22_CB_221018_F_contig_30050.region001.gbk_region_1,C3338538,BGC0002022.gbk_region_1,0.49,No (Directly observed)
CHL22_LC_220316_F_contig_57227.region001.gbk_region_1,C3338538,None,0.51,Yes (No MIBiG connection)
CHL22_CC_220324_F_contig_57447.region001.gbk_region_1,C3338538,None,0.51,Yes (No MIBiG connection)
CHL22_LR_220331_F_contig_31701.region001.gbk_region_1,C3338538,None,0.51,Yes (No MIBiG connection)
CHL22_OA_220325_F_contig_74571.region001.gbk_region_1,C3338538,None,0.51,Yes (No MIBiG connection)
ARG19_IN_190223_S_contig_11796.region001.gbk_region_1,C3338538,None,0.51,Yes (No MIBiG connection)
KJ_230721_F_NODE_50644_length_3009_cov_1.311936.region001.gbk_region_1,C3338538,None,0.51,Yes (No MIBiG connection)
AEO22_LB_220827_F_contig_5037.region001.gbk_region_1,C3338538,BGC0001164.gbk_region_1,0.46,No (Directly observed)
CR17_QH170213_1_F_contig_6748.region001.gbk_region_1,C3338538,None,0.51,Yes (No MIBiG connection)
CR18_LE180416_F_contig_4218.region001.gbk_region_1,C3338538,None,0.51,Yes (No MIBiG connection)
CHL22_EQ_220330_F_contig_50025.region001.gbk_region_1,C3338538,None,0.51,Yes (No MIBiG connection)
CHL22_QN_220317_F_contig_21860.region001.gbk_region_1,C3338538,None,0.51,Yes (No MIBiG connection)
CR18_LE180416_S_contig_4062.region001.gbk_region_1,C3338538,None,0.51,Yes (No MIBiG connection)
CR18_LE180416_S_contig_2338.region001.gbk_region_1,C3338538,None,0.51,Yes (No MIBiG connection)
CR18_SC180411_F_contig_3.region001.gbk_region_1,C3338538,None,0.51,Yes (No MIBiG connection)
AEO22_BO_220829_F_contig_25496.region001.gbk_region_1,C3338538,None,0.51,Yes (No MIBiG connection)
CR18_BW180407_F_contig_20804.region001.gbk_region_1,C3338538,None,0.51,Yes (No MIBiG connection)
FEN_GA_F_NODE_6708_length_3764_cov_4.197088.region001.gbk_region_1,C3338538,None,0.51,Yes (No MIBiG connection)
CR18_LE180416_S_contig_21527.region001.gbk_region_1,C3338538,None,0.51,Yes (No MIBiG connection)
CR18_CI180408_F_contig_1778.region001.gbk_region_1,C3338538,None,0.51,Yes (No MIBiG connection)
CR18_CZ180409_F_contig_15950.region001.gbk_region_1,C3338538,None,0.51,Yes (No MIBiG connection)
CR17_ET170220_1_S_contig_14985.region001.gbk_region_1,C3338538,None,0.51,Yes (No MIBiG connection)
CHL22_QN_220317_F_contig_172030.region001.gbk_region_1,C3338538,None,0.51,Yes (No MIBiG connection)
EPR_teddybear_k141_500987.region001.gbk_region_1,C3338538,None,0.51,Yes (No MIBiG connection)
AEO22_BO_220829_F_contig_30541.region001.gbk_region_1,C3338538,None,0.51,Yes (No MIBiG connection)
ARG19_PM_190223_F_contig_5788.region001.gbk_region_1,C3338538,None,0.51,Yes (No MIBiG connection)
CHL22_OA_220325_F_contig_77414.region001.gbk_region_1,C3338538,None,0.51,Yes (No MIBiG connection)
EPR_teddybear_k141_910148.region001.gbk_region_1,C3338538,None,0.51,Yes (No MIBiG connection)
CHL22_OA_220325_F_contig_2328.region001.gbk_region_1,C3338538,None,0.51,Yes (No MIBiG connection)
CR18_LP180406_F_contig_5346.region001.gbk_region_1,C3338538,None,0.51,Yes (No MIBiG connection)
CHL22_LR_220331_F_contig_52116.region001.gbk_region_1,C3338538,None,0.51,Yes (No MIBiG connection)
CR18_BW180407_F_contig_16983.region001.gbk_region_1,C3338538,None,0.51,Yes (No MIBiG connection)
CHL22_IS_220328_F_contig_15848.region001.gbk_region_1,C3338538,None,0.51,Yes (No MIBiG connection)
CR18_LE180416_S_contig_25298.region001.gbk_region_1,C3338538,None,0.51,Yes (No MIBiG connection)
CHL22_CU_220402_F_contig_108252.region001.gbk_region_1,C3338538,None,0.51,Yes (No MIBiG connection)
CH20_BM_200304_S_contig_228.region001.gbk_region_1,C3338538,None,0.51,Yes (No MIBiG connection)
CR18_LE180416_S_contig_1904.region001.gbk_region_1,C3338538,BGC0000017.gbk_region_1,0.47,No (Directly observed)
CR17_TC170221_F_contig_25111.region001.gbk_region_1,C3338538,None,0.51,Yes (No MIBiG connection)
GUY_SRR21545388_k141_2143198.region001.gbk_region_1,C3338535,None,0.51,Yes (No MIBiG connection)
CR18_MC180404_S_contig_885.region001.gbk_region_1,C3338535,None,0.51,Yes (No MIBiG connection)
ARG19_IN_190223_S_contig_228.region001.gbk_region_1,C3338536,None,0.51,Yes (No MIBiG connection)
CHL22_QN_220317_F_contig_30092.region001.gbk_region_1,C3338536,None,0.51,Yes (No MIBiG connection)
CR18_CH180410_F_contig_1771.region001.gbk_region_1,C3338536,None,0.51,Yes (No MIBiG connection)
AEO22_HO_220830_F_contig_16396.region001.gbk_region_1,C3338536,None,0.51,Yes (No MIBiG connection)
HYD22_CB_221018_F_contig_3967.region001.gbk_region_1,C3338536,None,0.51,Yes (No MIBiG connection)
GUY_SRR21545388_k141_1325932.region001.gbk_region_1,C3338536,None,0.51,Yes (No MIBiG connection)
CHL22_LC_220316_F_contig_125051.region001.gbk_region_1,C3338539,BGC0000164.gbk_region_1,0.4,No (Directly observed)
CHL22_LC_220316_F_contig_52349.region001.gbk_region_1,C3338537,BGC0001186.gbk_region_1,0.48,No (Directly observed)
CHL22_CH_220319_F_contig_41874.region001.gbk_region_1,C3338537,BGC0001186.gbk_region_1,0.47,No (Directly observed)
CHL22_CC_220324_F_contig_15066.region002.gbk_region_2,C3338537,None,0.51,Yes (No MIBiG connection)
CHL22_LA_220331_F_contig_1639.region001.gbk_region_1,C3338537,None,0.51,Yes (No MIBiG connection)
AEO22_CF_220902_F_contig_82.region001.gbk_region_1,C3338537,None,0.51,Yes (No MIBiG connection)
CR18_LH180406_F_contig_10303.region001.gbk_region_1,C3338537,None,0.51,Yes (No MIBiG connection)
CR17_SI170217_S_contig_16502.region001.gbk_region_1,C3338537,None,0.51,Yes (No MIBiG connection)
CR18_CV180410_S_contig_14073.region001.gbk_region_1,C3338537,BGC0001186.gbk_region_1,0.47,No (Directly observed)
AEO22_OS_220830_F_contig_9461.region001.gbk_region_1,C3338537,None,0.51,Yes (No MIBiG connection)
CHL22_CZ_220329_F_contig_31596.region001.gbk_region_1,C3338537,BGC0001962.gbk_region_1,0.5,No (Directly observed)
CHL22_OA_220325_F_contig_3147.region001.gbk_region_1,C3338537,None,0.51,Yes (No MIBiG connection)
HYD22_CB_221018_F_contig_404.region001.gbk_region_1,C3338537,None,0.51,Yes (No MIBiG connection)
CR18_BS180407_F_contig_43626.region001.gbk_region_1,C3338537,None,0.51,Yes (No MIBiG connection)
CHL22_CC_220324_F_contig_84995.region001.gbk_region_1,C3338537,BGC0001186.gbk_region_1,0.48,No (Directly observed)
CHL22_GB_220322_F_contig_8518.region001.gbk_region_1,C3338537,None,0.51,Yes (No MIBiG connection)
CHL22_OA_220325_F_contig_7746.region001.gbk_region_1,C3338537,None,0.51,Yes (No MIBiG connection)
CHL22_CC_220324_F_contig_74214.region001.gbk_region_1,C3338537,None,0.51,Yes (No MIBiG connection)
CHL22_CZ_220329_F_contig_12753.region001.gbk_region_1,C3338537,None,0.51,Yes (No MIBiG connection)
CR18_LH180406_F_contig_2962.region001.gbk_region_1,C3338537,None,0.51,Yes (No MIBiG connection)
CR18_YR180404_F_contig_6994.region001.gbk_region_1,C3338537,None,0.51,Yes (No MIBiG connection)
HYD22_CB_221018_F_contig_13910.region001.gbk_region_1,C3338537,None,0.51,Yes (No MIBiG connection)
EPR_teddybear_k141_904385.region001.gbk_region_1,C3338537,BGC0001186.gbk_region_1,0.47,No (Directly observed)
AEO22_LB_220827_F_contig_100.region001.gbk_region_1,C3338537,None,0.51,Yes (No MIBiG connection)
CHL22_CR_220324_F_contig_43680.region001.gbk_region_1,C3338537,None,0.51,Yes (No MIBiG connection)
CHL22_CU_220402_F_contig_87600.region001.gbk_region_1,C3338537,None,0.51,Yes (No MIBiG connection)
CR18_XF180416_F_contig_4462.region001.gbk_region_1,C3338537,None,0.51,Yes (No MIBiG connection)
CHL22_OA_220325_F_contig_93383.region001.gbk_region_1,C3338537,None,0.51,Yes (No MIBiG connection)
AEO22_HO_220830_F_contig_23167.region001.gbk_region_1,C3338537,None,0.51,Yes (No MIBiG connection)
CHL22_OA_220325_F_contig_66509.region001.gbk_region_1,C3338537,None,0.51,Yes (No MIBiG connection)
CR18_YR180404_F_contig_12706.region001.gbk_region_1,C3338537,BGC0001186.gbk_region_1,0.49,No (Directly observed)
CHL22_CA_220323_F_contig_99231.region001.gbk_region_1,C3338537,BGC0001186.gbk_region_1,0.49,No (Directly observed)
HYD22_TA_221020_F_contig_13159.region001.gbk_region_1,C3338537,BGC0001186.gbk_region_1,0.49,No (Directly observed)
CHL22_OA_220325_F_contig_89188.region001.gbk_region_1,C3338537,None,0.51,Yes (No MIBiG connection)
CHL22_JR_220403_F_contig_673.region001.gbk_region_1,C3338537,None,0.51,Yes (No MIBiG connection)
CHL22_SR_220328_F_contig_1652.region001.gbk_region_1,C3338537,None,0.51,Yes (No MIBiG connection)
FEN_LS_S_NODE_6755_length_5847_cov_3.876899.region001.gbk_region_1,C3338537,BGC0001186.gbk_region_1,0.5,No (Directly observed)
CR17_S14_S_contig_260.region001.gbk_region_1,C3338537,None,0.51,Yes (No MIBiG connection)
CHL22_OA_220325_F_contig_119435.region001.gbk_region_1,C3338537,None,0.51,Yes (No MIBiG connection)
CR19_RV_190611_F_contig_57.region001.gbk_region_1,C3338537,None,0.51,Yes (No MIBiG connection)
CR18_CI180408_S_contig_7293.region001.gbk_region_1,C3338537,BGC0001186.gbk_region_1,0.46,No (Directly observed)
CHL22_EQ_220330_F_contig_3484.region001.gbk_region_1,C3338537,None,0.51,Yes (No MIBiG connection)
CHL22_CA_220323_F_contig_73047.region001.gbk_region_1,C3338537,None,0.51,Yes (No MIBiG connection)
AEO22_CF_220902_F_contig_67.region001.gbk_region_1,C3338537,None,0.51,Yes (No MIBiG connection)
CHL22_LP_220401_F_contig_26588.region002.gbk_region_2,C3338537,None,0.51,Yes (No MIBiG connection)
CHL22_LC_220316_F_contig_30735.region001.gbk_region_1,C3338537,None,0.51,Yes (No MIBiG connection)
CHL22_CH_220319_F_contig_92827.region001.gbk_region_1,C3338537,BGC0001186.gbk_region_1,0.47,No (Directly observed)
CHL22_PJ_220330_F_contig_29242.region001.gbk_region_1,C3338537,None,0.51,Yes (No MIBiG connection)
CHL22_SR_220328_F_contig_5013.region001.gbk_region_1,C3338537,None,0.51,Yes (No MIBiG connection)
CR18_BW180407_F_contig_39142.region001.gbk_region_1,C3338537,None,0.51,Yes (No MIBiG connection)
CHL22_CN_220327_F_contig_14320.region001.gbk_region_1,C3338537,None,0.51,Yes (No MIBiG connection)
CHL22_RS_220319_F_contig_70595.region001.gbk_region_1,C3338537,None,0.51,Yes (No MIBiG connection)
CHL22_SR_220328_F_contig_1648.region001.gbk_region_1,C3338537,None,0.51,Yes (No MIBiG connection)
CHL22_PJ_220330_F_contig_1387.region001.gbk_region_1,C3338537,None,0.51,Yes (No MIBiG connection)
CR18_BS180407_F_contig_62.region001.gbk_region_1,C3338537,None,0.51,Yes (No MIBiG connection)
NR_230731_F_NODE_5197_length_7937_cov_1.425224.region001.gbk_region_1,C3338537,BGC0001186.gbk_region_1,0.49,No (Directly observed)
CHL22_IS_220328_F_contig_13379.region001.gbk_region_1,C3338537,None,0.51,Yes (No MIBiG connection)
CR18_YR180404_F_contig_14131.region001.gbk_region_1,C3338537,None,0.51,Yes (No MIBiG connection)
HYD22_FC_221023_F_contig_56848.region001.gbk_region_1,C3338537,None,0.51,Yes (No MIBiG connection)
CHL22_CH_220319_F_contig_102599.region001.gbk_region_1,C3338537,None,0.51,Yes (No MIBiG connection)
FEN_LS_F_NODE_3798_length_6299_cov_5.098975.region001.gbk_region_1,C3338537,None,0.51,Yes (No MIBiG connection)
CR18_ER180415_S_contig_4796.region001.gbk_region_1,C3338537,None,0.51,Yes (No MIBiG connection)
CHL22_PR_220403_F_contig_18514.region001.gbk_region_1,C3338537,None,0.51,Yes (No MIBiG connection)
HYD22_FC_221023_F_contig_249.region001.gbk_region_1,C3338537,None,0.51,Yes (No MIBiG connection)
AEO22_CF_220902_F_contig_20167.region001.gbk_region_1,C3338537,BGC0000282.gbk_region_1,0.35,No (Directly observed)
CHL22_CU_220402_F_contig_100071.region001.gbk_region_1,C3338537,BGC0001964.gbk_region_1,0.45,No (Directly observed)
FEN_SP_S_NODE_1891_length_9155_cov_9.890220.region001.gbk_region_1,C3338537,None,0.51,Yes (No MIBiG connection)
CR17_PF170222_S_contig_3553.region001.gbk_region_1,C3338535,None,0.51,Yes (No MIBiG connection)
AEO22_AC_220827_F_contig_32789.region001.gbk_region_1,C3338535,None,0.51,Yes (No MIBiG connection)
CR18_LP180406_F_contig_1345.region001.gbk_region_1,C3338535,None,0.51,Yes (No MIBiG connection)
AEO22_AC_220827_F_contig_38615.region001.gbk_region_1,C3338535,None,0.51,Yes (No MIBiG connection)
AEO22_AC_220827_F_contig_17421.region001.gbk_region_1,C3338535,None,0.51,Yes (No MIBiG connection)
CHL22_CA_220323_F_contig_170610.region001.gbk_region_1,C3338535,None,0.51,Yes (No MIBiG connection)
CR18_RC180404_F_contig_44.region001.gbk_region_1,C3338535,BGC0000837.gbk_region_1,0.36,No (Directly observed)
CHL22_CU_220402_F_contig_15682.region001.gbk_region_1,C3338535,None,0.51,Yes (No MIBiG connection)
CR18_PX180416_S_contig_31068.region001.gbk_region_1,C3338535,None,0.51,Yes (No MIBiG connection)
CHL22_PJ_220330_F_contig_64788.region001.gbk_region_1,C3338535,None,0.51,Yes (No MIBiG connection)
CHL22_LC_220316_F_contig_11446.region001.gbk_region_1,C3338535,BGC0000837.gbk_region_1,0.42,No (Directly observed)
CHL22_CU_220402_F_contig_671.region001.gbk_region_1,C3338535,BGC0002008.gbk_region_1,0.35,No (Directly observed)
AEO22_BS_220902_F_contig_1890.region001.gbk_region_1,C3338535,BGC0000837.gbk_region_1,0.39,No (Directly observed)
ISL21_GN1_210601_F_contig_2535.region001.gbk_region_1,C3338535,None,0.51,Yes (No MIBiG connection)
EPR_riftia_k141_556447.region001.gbk_region_1,C3338535,None,0.51,Yes (No MIBiG connection)
EPR_teddybear_k141_64329.region001.gbk_region_1,C3338535,None,0.51,Yes (No MIBiG connection)
HYD22_CB_221018_F_contig_42904.region001.gbk_region_1,C3338535,None,0.51,Yes (No MIBiG connection)
CHL22_CU_220402_F_contig_92138.region001.gbk_region_1,C3338535,None,0.51,Yes (No MIBiG connection)
CR18_CZ180409_F_contig_14543.region001.gbk_region_1,C3338535,BGC0000836.gbk_region_1,0.35,No (Directly observed)
CHL22_IS_220328_F_contig_18775.region001.gbk_region_1,C3338535,BGC0000836.gbk_region_1,0.34,No (Directly observed)
CHL22_LC_220316_F_contig_112184.region001.gbk_region_1,C3338535,None,0.51,Yes (No MIBiG connection)
CHL22_CU_220402_F_contig_67958.region001.gbk_region_1,C3338535,None,0.51,Yes (No MIBiG connection)
CHL22_PR_220403_F_contig_5309.region001.gbk_region_1,C3338535,BGC0000837.gbk_region_1,0.38,No (Directly observed)
CHL22_CU_220402_F_contig_107515.region001.gbk_region_1,C3338535,None,0.51,Yes (No MIBiG connection)
CHL22_CU_220402_F_contig_61492.region001.gbk_region_1,C3338535,None,0.51,Yes (No MIBiG connection)
CHL22_CC_220324_F_contig_53183.region001.gbk_region_1,C3338535,None,0.51,Yes (No MIBiG connection)
FEN_LS_F_NODE_1667_length_11514_cov_6.638101.region001.gbk_region_1,C3338535,None,0.51,Yes (No MIBiG connection)
CR17_QN170220_F_contig_7823.region001.gbk_region_1,C3338535,None,0.51,Yes (No MIBiG connection)
CHL22_LP_220401_F_contig_9408.region001.gbk_region_1,C3338535,BGC0000837.gbk_region_1,0.36,No (Directly observed)
CHL22_GB_220322_F_contig_22824.region001.gbk_region_1,C3338535,BGC0000836.gbk_region_1,0.38,No (Directly observed)
EPR_teddybear_k141_530589.region001.gbk_region_1,C3338535,None,0.51,Yes (No MIBiG connection)
CHL22_CH_220319_F_contig_124606.region001.gbk_region_1,C3338535,None,0.51,Yes (No MIBiG connection)
CHL22_EQ_220330_F_contig_33656.region001.gbk_region_1,C3338535,None,0.51,Yes (No MIBiG connection)
AEO22_LB_220827_F_contig_125195.region001.gbk_region_1,C3338535,BGC0002008.gbk_region_1,0.44,No (Directly observed)
CHL22_CU_220402_F_contig_7209.region001.gbk_region_1,C3338535,BGC0002008.gbk_region_1,0.29,No (Directly observed)
EPR_riftia_k141_550649.region001.gbk_region_1,C3338535,BGC0000837.gbk_region_1,0.37,No (Directly observed)
AEO22_CF_220902_F_contig_2872.region001.gbk_region_1,C3338535,BGC0000837.gbk_region_1,0.4,No (Directly observed)
AEO22_OS_220830_F_contig_42050.region001.gbk_region_1,C3338535,BGC0000836.gbk_region_1,0.4,No (Directly observed)
CR19_SG_190719_F_contig_3827.region001.gbk_region_1,C3338535,BGC0000836.gbk_region_1,0.44,No (Directly observed)
CHL22_LC_220316_F_contig_144928.region001.gbk_region_1,C3338535,None,0.51,Yes (No MIBiG connection)
CHL22_CU_220402_F_contig_7214.region001.gbk_region_1,C3338535,BGC0000836.gbk_region_1,0.47,No (Directly observed)
CR18_LE180416_F_contig_13411.region001.gbk_region_1,C3338535,None,0.51,Yes (No MIBiG connection)
CR18_CH180410_S_contig_3861.region001.gbk_region_1,C3338537,None,0.51,Yes (No MIBiG connection)
CR18_CW180415_S_contig_22832.region001.gbk_region_1,C3338537,None,0.51,Yes (No MIBiG connection)
CHL22_CH_220319_F_contig_109163.region001.gbk_region_1,C3338537,None,0.51,Yes (No MIBiG connection)
CHL22_CH_220319_F_contig_44481.region001.gbk_region_1,C3338537,None,0.51,Yes (No MIBiG connection)
CHL22_CH_220319_F_contig_50114.region001.gbk_region_1,C3338537,None,0.51,Yes (No MIBiG connection)
CR18_BW180407_F_contig_143.region001.gbk_region_1,C3338537,None,0.51,Yes (No MIBiG connection)
CHL22_LP_220401_F_contig_76336.region001.gbk_region_1,C3338535,BGC0000231.gbk_region_1,0.22,No (Directly observed)
CHL22_IS_220328_F_contig_17353.region001.gbk_region_1,C3338535,None,0.51,Yes (No MIBiG connection)
CR18_LP180406_F_contig_25895.region001.gbk_region_1,C3338535,None,0.51,Yes (No MIBiG connection)
CR18_LE180416_F_contig_1028.region001.gbk_region_1,C3338535,None,0.51,Yes (No MIBiG connection)
CR17_MT170219_F_contig_4771.region001.gbk_region_1,C3338535,None,0.51,Yes (No MIBiG connection)
CHL22_PR_220403_F_contig_42030.region001.gbk_region_1,C3338535,None,0.51,Yes (No MIBiG connection)
CR18_CI180408_F_contig_7254.region001.gbk_region_1,C3338535,None,0.51,Yes (No MIBiG connection)
CR18_SC180411_F_contig_35512.region001.gbk_region_1,C3338535,BGC0000836.gbk_region_1,0.49,No (Directly observed)
CHL22_CU_220402_F_contig_59193.region001.gbk_region_1,C3338535,None,0.51,Yes (No MIBiG connection)
AEO22_HO_220830_F_contig_3781.region001.gbk_region_1,C3338535,None,0.51,Yes (No MIBiG connection)
AEO22_LB_220827_F_contig_120227.region001.gbk_region_1,C3338535,None,0.51,Yes (No MIBiG connection)
CR18_CZ180409_F_contig_7331.region001.gbk_region_1,C3338535,None,0.51,Yes (No MIBiG connection)
CR18_CV180410_F_contig_12282.region001.gbk_region_1,C3338535,None,0.51,Yes (No MIBiG connection)
EPR_riftia_k141_86172.region001.gbk_region_1,C3338535,None,0.51,Yes (No MIBiG connection)
CR18_BS180407_F_contig_9352.region001.gbk_region_1,C3338535,None,0.51,Yes (No MIBiG connection)
HYD22_CB_221018_F_contig_14385.region001.gbk_region_1,C3338535,None,0.51,Yes (No MIBiG connection)
CR18_BS180407_F_contig_23504.region001.gbk_region_1,C3338535,None,0.51,Yes (No MIBiG connection)
CR18_XF180416_F_contig_566.region001.gbk_region_1,C3338535,None,0.51,Yes (No MIBiG connection)
CR18_CL180409_F_contig_15395.region001.gbk_region_1,C3338535,BGC0000836.gbk_region_1,0.5,No (Directly observed)
CR19_SG_190719_F_contig_41.region001.gbk_region_1,C3338535,None,0.51,Yes (No MIBiG connection)
CR18_CZ180409_F_contig_3729.region001.gbk_region_1,C3338535,None,0.51,Yes (No MIBiG connection)
CR18_BW180407_F_contig_5338.region001.gbk_region_1,C3338535,None,0.51,Yes (No MIBiG connection)
CHL22_CU_220402_F_contig_59202.region001.gbk_region_1,C3338535,None,0.51,Yes (No MIBiG connection)
CR18_CH180410_F_contig_1312.region001.gbk_region_1,C3338535,None,0.51,Yes (No MIBiG connection)
CR18_CV180410_F_contig_3514.region001.gbk_region_1,C3338535,None,0.51,Yes (No MIBiG connection)
CHL22_CU_220402_F_contig_7028.region001.gbk_region_1,C3338535,None,0.51,Yes (No MIBiG connection)
CR18_BS180407_F_contig_4007.region001.gbk_region_1,C3338535,None,0.51,Yes (No MIBiG connection)
CR18_CI180408_S_contig_1277.region001.gbk_region_1,C3338535,None,0.51,Yes (No MIBiG connection)
CR18_CZ180409_F_contig_11753.region001.gbk_region_1,C3338535,None,0.51,Yes (No MIBiG connection)
CR18_CZ180409_F_contig_3610.region001.gbk_region_1,C3338535,None,0.51,Yes (No MIBiG connection)
CR17_QN170220_F_contig_255.region001.gbk_region_1,C3338535,None,0.51,Yes (No MIBiG connection)
HYD22_CB_221018_F_contig_2692.region001.gbk_region_1,C3338535,None,0.51,Yes (No MIBiG connection)
CHL22_RS_220319_F_contig_63764.region001.gbk_region_1,C3338535,None,0.51,Yes (No MIBiG connection)
CR18_LH180406_F_contig_7357.region001.gbk_region_1,C3338535,None,0.51,Yes (No MIBiG connection)
CR19_GU_190718_F_contig_7108.region001.gbk_region_1,C3338535,BGC0000836.gbk_region_1,0.49,No (Directly observed)
CHL22_CU_220402_F_contig_28917.region001.gbk_region_1,C3338535,None,0.51,Yes (No MIBiG connection)
CR19_GU_190718_F_contig_961.region001.gbk_region_1,C3338535,BGC0000836.gbk_region_1,0.5,No (Directly observed)
CR18_CI180408_F_contig_57.region001.gbk_region_1,C3338535,None,0.51,Yes (No MIBiG connection)
CHL22_PJ_220330_F_contig_25570.region001.gbk_region_1,C3338535,None,0.51,Yes (No MIBiG connection)
CHL22_CU_220402_F_contig_33130.region001.gbk_region_1,C3338535,None,0.51,Yes (No MIBiG connection)
CHL22_CN_220327_F_contig_18486.region001.gbk_region_1,C3338537,None,0.51,Yes (No MIBiG connection)
CR18_CV180410_F_contig_4370.region001.gbk_region_1,C3338535,None,0.51,Yes (No MIBiG connection)
CR17_TC170221_F_contig_5693.region001.gbk_region_1,C3338535,None,0.51,Yes (No MIBiG connection)
CR17_PG172224_S_contig_13346.region001.gbk_region_1,C3338535,None,0.51,Yes (No MIBiG connection)
CHL22_CZ_220329_F_contig_27050.region001.gbk_region_1,C3338535,None,0.51,Yes (No MIBiG connection)
CHL22_CU_220402_F_contig_82688.region001.gbk_region_1,C3338535,None,0.51,Yes (No MIBiG connection)
CR18_LH180406_F_contig_38857.region001.gbk_region_1,C3338535,None,0.51,Yes (No MIBiG connection)
CR18_LH180406_F_contig_6506.region001.gbk_region_1,C3338535,None,0.51,Yes (No MIBiG connection)
CR18_CW180415_F_contig_2437.region001.gbk_region_1,C3338535,None,0.51,Yes (No MIBiG connection)
CR17_QN170220_F_contig_329.region001.gbk_region_1,C3338535,None,0.51,Yes (No MIBiG connection)
CR18_CL180409_F_contig_30827.region001.gbk_region_1,C3338535,None,0.51,Yes (No MIBiG connection)
CR17_RV170221_F_contig_1667.region001.gbk_region_1,C3338535,None,0.51,Yes (No MIBiG connection)
CR18_CI180408_F_contig_1911.region001.gbk_region_1,C3338535,None,0.51,Yes (No MIBiG connection)
KJ_230721_F_NODE_262_length_129093_cov_3.011422.region001.gbk_region_1,C3338535,None,0.51,Yes (No MIBiG connection)
CHL22_PR_220403_F_contig_33940.region001.gbk_region_1,C3338535,None,0.51,Yes (No MIBiG connection)
CR17_PF170222_F_contig_13065.region001.gbk_region_1,C3338535,None,0.51,Yes (No MIBiG connection)
CR19_GU_190718_F_contig_3255.region001.gbk_region_1,C3338535,BGC0000836.gbk_region_1,0.5,No (Directly observed)
CR18_CW180415_F_contig_7862.region001.gbk_region_1,C3338535,None,0.51,Yes (No MIBiG connection)
CR18_SC180411_F_contig_17125.region001.gbk_region_1,C3338535,None,0.51,Yes (No MIBiG connection)
CR18_BS180407_F_contig_2064.region001.gbk_region_1,C3338535,None,0.51,Yes (No MIBiG connection)
CR18_CI180408_F_contig_326.region001.gbk_region_1,C3338535,None,0.51,Yes (No MIBiG connection)
CR18_CZ180409_F_contig_21535.region001.gbk_region_1,C3338535,BGC0000836.gbk_region_1,0.49,No (Directly observed)
CR18_XF180416_F_contig_488.region001.gbk_region_1,C3338535,None,0.51,Yes (No MIBiG connection)
CR17_BR170218_2_F_contig_1013.region001.gbk_region_1,C3338535,None,0.51,Yes (No MIBiG connection)
CHL22_EQ_220330_F_contig_36911.region001.gbk_region_1,C3338535,None,0.51,Yes (No MIBiG connection)
CR18_CW180415_F_contig_8917.region001.gbk_region_1,C3338535,None,0.51,Yes (No MIBiG connection)
CR18_CI180408_F_contig_579.region001.gbk_region_1,C3338535,None,0.51,Yes (No MIBiG connection)
CR18_CZ180409_F_contig_23096.region001.gbk_region_1,C3338535,BGC0000837.gbk_region_1,0.49,No (Directly observed)
CHL22_CH_220319_F_contig_109672.region001.gbk_region_1,C3338535,None,0.51,Yes (No MIBiG connection)
CR17_BR170218_2_F_contig_254.region001.gbk_region_1,C3338535,None,0.51,Yes (No MIBiG connection)
CR18_LH180406_S_contig_6542.region001.gbk_region_1,C3338535,None,0.51,Yes (No MIBiG connection)
CR18_LH180406_S_contig_24775.region001.gbk_region_1,C3338535,None,0.51,Yes (No MIBiG connection)
CHL22_CU_220402_F_contig_69949.region001.gbk_region_1,C3338535,None,0.51,Yes (No MIBiG connection)
CHL22_CU_220402_F_contig_19190.region001.gbk_region_1,C3338535,None,0.51,Yes (No MIBiG connection)
CR18_LE180416_F_contig_20841.region001.gbk_region_1,C3338535,None,0.51,Yes (No MIBiG connection)
HYD22_CB_221018_F_contig_67447.region001.gbk_region_1,C3338535,None,0.51,Yes (No MIBiG connection)
HYD22_CB_221018_F_contig_28819.region001.gbk_region_1,C3338535,None,0.51,Yes (No MIBiG connection)
CR17_RV170221_F_contig_33.region001.gbk_region_1,C3338535,None,0.51,Yes (No MIBiG connection)
CR18_BS180407_F_contig_5765.region001.gbk_region_1,C3338535,None,0.51,Yes (No MIBiG connection)
CHL22_CU_220402_F_contig_7637.region001.gbk_region_1,C3338535,None,0.51,Yes (No MIBiG connection)
CR19_RCD_190801_F_contig_33.region001.gbk_region_1,C3338535,None,0.51,Yes (No MIBiG connection)
CR18_CL180409_F_contig_11783.region001.gbk_region_1,C3338535,None,0.51,Yes (No MIBiG connection)
AEO22_TC_220902_F_contig_164.region001.gbk_region_1,C3338535,None,0.51,Yes (No MIBiG connection)
KJ_230721_F_NODE_83581_length_2104_cov_2.304502.region001.gbk_region_1,C3338535,None,0.51,Yes (No MIBiG connection)
CHL22_LP_220401_F_contig_54262.region001.gbk_region_1,C3338537,None,0.51,Yes (No MIBiG connection)
CHL22_RS_220319_F_contig_29191.region001.gbk_region_1,C3338537,None,0.51,Yes (No MIBiG connection)
CHL22_QN_220317_F_contig_121430.region001.gbk_region_1,C3338537,None,0.51,Yes (No MIBiG connection)
FEN_BA_S_NODE_17_length_187342_cov_13.195620.region001.gbk_region_1,C3338537,None,0.51,Yes (No MIBiG connection)
CHL22_CN_220327_F_contig_17519.region001.gbk_region_1,C3338536,None,0.51,Yes (No MIBiG connection)
HYD22_FC_221023_F_contig_21191.region001.gbk_region_1,C3338535,None,0.51,Yes (No MIBiG connection)
GUY_SRR21545382_k141_696122.region001.gbk_region_1,C3338535,None,0.51,Yes (No MIBiG connection)
CHL22_CN_220327_F_contig_15576.region001.gbk_region_1,C3338535,BGC0002008.gbk_region_1,0.49,No (Directly observed)
CR18_LE180416_F_contig_50732.region001.gbk_region_1,C3338535,None,0.51,Yes (No MIBiG connection)
CHL22_CH_220319_F_contig_54467.region001.gbk_region_1,C3338535,None,0.51,Yes (No MIBiG connection)
EPR_riftia_k141_281179.region001.gbk_region_1,C3338535,None,0.51,Yes (No MIBiG connection)
GUY_SRR21545388_k141_1034967.region001.gbk_region_1,C3338535,None,0.51,Yes (No MIBiG connection)
GUY_SRR21545382_k141_1313804.region001.gbk_region_1,C3338535,None,0.51,Yes (No MIBiG connection)
CR17_SI170217_S_contig_47003.region001.gbk_region_1,C3338535,None,0.51,Yes (No MIBiG connection)
CHL22_CH_220319_F_contig_36692.region001.gbk_region_1,C3338535,None,0.51,Yes (No MIBiG connection)
CHL22_CH_220319_F_contig_93266.region001.gbk_region_1,C3338535,None,0.51,Yes (No MIBiG connection)
FEN_SP_S_NODE_11600_length_2099_cov_3.431507.region001.gbk_region_1,C3338535,None,0.51,Yes (No MIBiG connection)
ARG19_BJ_190227_S_contig_5871.region001.gbk_region_1,C3338535,None,0.51,Yes (No MIBiG connection)
CR17_RS170216_S_contig_3796.region001.gbk_region_1,C3338535,None,0.51,Yes (No MIBiG connection)
CR18_LB180410_S_contig_2655.region001.gbk_region_1,C3338535,None,0.51,Yes (No MIBiG connection)
CR17_EP170215_S_contig_6625.region001.gbk_region_1,C3338535,None,0.51,Yes (No MIBiG connection)
GUY_SRR21545388_k141_468948.region001.gbk_region_1,C3338535,BGC0002008.gbk_region_1,0.48,No (Directly observed)
CR18_SC180411_F_contig_7668.region001.gbk_region_1,C3338535,None,0.51,Yes (No MIBiG connection)
EPR_CV4_k141_59441.region001.gbk_region_1,C3338535,None,0.51,Yes (No MIBiG connection)
GUY_SRR21545382_k141_37865.region001.gbk_region_1,C3338535,None,0.51,Yes (No MIBiG connection)
CR18_BC180410_contig_4258.region001.gbk_region_1,C3338535,None,0.51,Yes (No MIBiG connection)
AEO22_LB_220827_F_contig_39867.region001.gbk_region_1,C3338535,None,0.51,Yes (No MIBiG connection)
HYD22_SC_221020_F_contig_59462.region001.gbk_region_1,C3338535,None,0.51,Yes (No MIBiG connection)
GUY_SRR21545388_k141_1829302.region001.gbk_region_1,C3338535,None,0.51,Yes (No MIBiG connection)
GUY_SRR21545382_k141_293376.region001.gbk_region_1,C3338535,None,0.51,Yes (No MIBiG connection)
CHL22_CU_220402_F_contig_2755.region001.gbk_region_1,C3338535,BGC0002008.gbk_region_1,0.48,No (Directly observed)
GUY_SRR21545388_k141_772495.region001.gbk_region_1,C3338535,None,0.51,Yes (No MIBiG connection)
CHL22_LP_220401_F_contig_90285.region001.gbk_region_1,C3338535,None,0.51,Yes (No MIBiG connection)
CHL22_LC_220316_F_contig_102234.region001.gbk_region_1,C3338535,None,0.51,Yes (No MIBiG connection)
CR17_EP170215_S_contig_54864.region001.gbk_region_1,C3338535,None,0.51,Yes (No MIBiG connection)
CHL22_CC_220324_F_contig_74239.region001.gbk_region_1,C3338535,None,0.51,Yes (No MIBiG connection)
AEO22_LB_220827_F_contig_57683.region001.gbk_region_1,C3338535,None,0.51,Yes (No MIBiG connection)
CR18_LP180406_F_contig_13541.region001.gbk_region_1,C3338535,None,0.51,Yes (No MIBiG connection)
KJ_230721_F_NODE_35078_length_3901_cov_1.231320.region001.gbk_region_1,C3338535,None,0.51,Yes (No MIBiG connection)
AEO22_LB_220827_F_contig_29262.region001.gbk_region_1,C3338535,None,0.51,Yes (No MIBiG connection)
AEO22_BP2_220829_F_contig_17787.region001.gbk_region_1,C3338535,None,0.51,Yes (No MIBiG connection)
GUY_SRR21545382_k141_833963.region001.gbk_region_1,C3338535,None,0.51,Yes (No MIBiG connection)
CHL22_CH_220319_F_contig_121126.region001.gbk_region_1,C3338535,None,0.51,Yes (No MIBiG connection)
GUY_SRR21545388_k141_752699.region001.gbk_region_1,C3338535,None,0.51,Yes (No MIBiG connection)
CHL22_CU_220402_F_contig_36603.region001.gbk_region_1,C3338535,None,0.51,Yes (No MIBiG connection)
CR18_CI180408_F_contig_11458.region001.gbk_region_1,C3338537,None,0.51,Yes (No MIBiG connection)
CHL22_OA_220325_F_contig_116626.region001.gbk_region_1,C3338537,None,0.51,Yes (No MIBiG connection)
CHL22_RS_220319_F_contig_89222.region001.gbk_region_1,C3338537,None,0.51,Yes (No MIBiG connection)
CR17_EP170215_F_contig_6717.region001.gbk_region_1,C3338537,None,0.51,Yes (No MIBiG connection)
CR17_EP170215_S_contig_29810.region001.gbk_region_1,C3338537,None,0.51,Yes (No MIBiG connection)
CR18_LW180405_S_contig_332.region001.gbk_region_1,C3338537,None,0.51,Yes (No MIBiG connection)
CR17_EP170215_S_contig_26742.region001.gbk_region_1,C3338537,None,0.51,Yes (No MIBiG connection)
CHL22_CC_220324_F_contig_42904.region001.gbk_region_1,C3338537,None,0.51,Yes (No MIBiG connection)
CHL22_CU_220402_F_contig_34194.region001.gbk_region_1,C3338537,None,0.51,Yes (No MIBiG connection)
HYD22_CB_221018_F_contig_11063.region001.gbk_region_1,C3338537,None,0.51,Yes (No MIBiG connection)
CHL22_IS_220328_F_contig_5668.region001.gbk_region_1,C3338537,None,0.51,Yes (No MIBiG connection)
CHL22_LC_220316_F_contig_140035.region001.gbk_region_1,C3338537,None,0.51,Yes (No MIBiG connection)
CHL22_CU_220402_F_contig_69895.region001.gbk_region_1,C3338537,None,0.51,Yes (No MIBiG connection)
CR17_EP170215_S_contig_56421.region001.gbk_region_1,C3338537,BGC0001962.gbk_region_1,0.44,No (Directly observed)
CHL22_LC_220316_F_contig_62490.region001.gbk_region_1,C3338537,None,0.51,Yes (No MIBiG connection)
CR18_PX180416_S_contig_15442.region001.gbk_region_1,C3338537,None,0.51,Yes (No MIBiG connection)
CHL22_PJ_220330_F_contig_43851.region001.gbk_region_1,C3338537,None,0.51,Yes (No MIBiG connection)
HYD22_CB_221018_F_contig_20.region001.gbk_region_1,C3338537,None,0.51,Yes (No MIBiG connection)
CR17_S14_S_contig_2958.region001.gbk_region_1,C3338537,None,0.51,Yes (No MIBiG connection)
CHL22_IS_220328_F_contig_12426.region001.gbk_region_1,C3338537,None,0.51,Yes (No MIBiG connection)
CR18_XF180416_F_contig_12294.region001.gbk_region_1,C3338537,None,0.51,Yes (No MIBiG connection)
CR18_LE180416_F_contig_48900.region001.gbk_region_1,C3338537,None,0.51,Yes (No MIBiG connection)
CR18_CH180410_S_contig_20191.region001.gbk_region_1,C3338537,None,0.51,Yes (No MIBiG connection)
CR18_LH180406_F_contig_24304.region001.gbk_region_1,C3338537,None,0.51,Yes (No MIBiG connection)
CHL22_GB_220322_F_contig_11249.region001.gbk_region_1,C3338537,None,0.51,Yes (No MIBiG connection)
CR18_BW180407_F_contig_12494.region001.gbk_region_1,C3338537,None,0.51,Yes (No MIBiG connection)
CHL22_EQ_220330_F_contig_50466.region001.gbk_region_1,C3338537,None,0.51,Yes (No MIBiG connection)
CR18_CH180410_S_contig_27330.region001.gbk_region_1,C3338537,None,0.51,Yes (No MIBiG connection)
CR18_CW180415_S_contig_998.region001.gbk_region_1,C3338537,None,0.51,Yes (No MIBiG connection)
GUY_SRR21545382_k141_1419580.region001.gbk_region_1,C3338536,BGC0001292.gbk_region_1,0.48,No (Directly observed)
CHL22_PJ_220330_F_contig_14373.region001.gbk_region_1,C3338536,BGC0001292.gbk_region_1,0.46,No (Directly observed)
AEO22_LB_220827_F_contig_87002.region001.gbk_region_1,C3338536,BGC0001292.gbk_region_1,0.44,No (Directly observed)
NR_230731_F_NODE_12506_length_4508_cov_1.184661.region001.gbk_region_1,C3338536,BGC0001292.gbk_region_1,0.32,No (Directly observed)
CHL22_CC_220324_F_contig_35315.region001.gbk_region_1,C3338536,BGC0001292.gbk_region_1,0.44,No (Directly observed)
CR18_LE180416_F_contig_28790.region001.gbk_region_1,C3338536,BGC0001292.gbk_region_1,0.4,No (Directly observed)
CHL22_OA_220325_F_contig_50334.region001.gbk_region_1,C3338536,BGC0001292.gbk_region_1,0.39,No (Directly observed)
GUY_SRR21545382_k141_1045104.region001.gbk_region_1,C3338536,None,0.51,Yes (No MIBiG connection)
CR19_BR2_190717_contig_1464.region001.gbk_region_1,C3338536,BGC0001292.gbk_region_1,0.4,No (Directly observed)
GUY_SRR21545382_k141_1534310.region001.gbk_region_1,C3338536,None,0.51,Yes (No MIBiG connection)
CR17_ET170220_1_S_contig_9085.region001.gbk_region_1,C3338536,BGC0001292.gbk_region_1,0.42,No (Directly observed)
ARG19_IN_190223_S_contig_20459.region001.gbk_region_1,C3338536,BGC0001292.gbk_region_1,0.49,No (Directly observed)
CHL22_CZ_220329_F_contig_43307.region001.gbk_region_1,C3338536,BGC0001292.gbk_region_1,0.38,No (Directly observed)
CHL22_CA_220323_F_contig_78177.region001.gbk_region_1,C3338536,BGC0001292.gbk_region_1,0.43,No (Directly observed)
CHL22_CH_220319_F_contig_65780.region001.gbk_region_1,C3338536,BGC0001292.gbk_region_1,0.46,No (Directly observed)
CR17_ET170220_1_S_contig_20751.region001.gbk_region_1,C3338536,BGC0001292.gbk_region_1,0.37,No (Directly observed)
GUY_SRR21545388_k141_75172.region001.gbk_region_1,C3338536,BGC0001292.gbk_region_1,0.45,No (Directly observed)
EPR_teddybear_k141_62080.region001.gbk_region_1,C3338536,None,0.51,Yes (No MIBiG connection)
CR17_EP170215_S_contig_1707.region001.gbk_region_1,C3338535,None,0.51,Yes (No MIBiG connection)
HYD22_SB_221021_F_contig_11623.region001.gbk_region_1,C3338535,None,0.51,Yes (No MIBiG connection)
GUY_SRR21545388_k141_58068.region001.gbk_region_1,C3338535,None,0.51,Yes (No MIBiG connection)
CHL22_CH_220319_F_contig_27683.region001.gbk_region_1,C3338535,None,0.51,Yes (No MIBiG connection)
HYD22_FC_221023_F_contig_11084.region001.gbk_region_1,C3338535,None,0.51,Yes (No MIBiG connection)
CR18_LW180405_S_contig_5820.region001.gbk_region_1,C3338535,None,0.51,Yes (No MIBiG connection)
GUY_SRR21545388_k141_3071708.region001.gbk_region_1,C3338535,None,0.51,Yes (No MIBiG connection)
CHL22_CH_220319_F_contig_96834.region001.gbk_region_1,C3338535,None,0.51,Yes (No MIBiG connection)
ARG19_BJ_190227_S_contig_4183.region001.gbk_region_1,C3338535,None,0.51,Yes (No MIBiG connection)
CR18_LB180410_S_contig_415.region001.gbk_region_1,C3338535,None,0.51,Yes (No MIBiG connection)
GUY_SRR21545388_k141_489479.region001.gbk_region_1,C3338535,None,0.51,Yes (No MIBiG connection)
GUY_SRR21545388_k141_2594110.region001.gbk_region_1,C3338535,None,0.51,Yes (No MIBiG connection)
CR18_CV180410_F_contig_588.region001.gbk_region_1,C3338535,None,0.51,Yes (No MIBiG connection)
GUY_SRR21545382_k141_271537.region001.gbk_region_1,C3338535,None,0.51,Yes (No MIBiG connection)
GUY_SRR21545382_k141_950829.region001.gbk_region_1,C3338535,None,0.51,Yes (No MIBiG connection)
GUY_SRR21545388_k141_1192598.region001.gbk_region_1,C3338535,None,0.51,Yes (No MIBiG connection)
HYD22_FC_221023_F_contig_22095.region001.gbk_region_1,C3338535,None,0.51,Yes (No MIBiG connection)
CR17_RS170216_S_contig_12163.region001.gbk_region_1,C3338535,None,0.51,Yes (No MIBiG connection)
AEO22_LB_220827_F_contig_7362.region001.gbk_region_1,C3338535,None,0.51,Yes (No MIBiG connection)
GUY_SRR21545382_k141_536424.region001.gbk_region_1,C3338535,None,0.51,Yes (No MIBiG connection)
EPR_riftia_k141_348596.region001.gbk_region_1,C3338535,None,0.51,Yes (No MIBiG connection)
GUY_SRR21545382_k141_146873.region001.gbk_region_1,C3338535,None,0.51,Yes (No MIBiG connection)
CHL22_CH_220319_F_contig_130633.region001.gbk_region_1,C3338535,None,0.51,Yes (No MIBiG connection)
GUY_SRR21545382_k141_384611.region001.gbk_region_1,C3338535,None,0.51,Yes (No MIBiG connection)
CR17_QN170220_S_contig_5050.region001.gbk_region_1,C3338535,None,0.51,Yes (No MIBiG connection)
CHL22_CH_220319_F_contig_111199.region001.gbk_region_1,C3338535,None,0.51,Yes (No MIBiG connection)
GUY_SRR21545382_k141_446329.region001.gbk_region_1,C3338535,None,0.51,Yes (No MIBiG connection)
CHL22_EQ_220330_F_contig_38978.region001.gbk_region_1,C3338537,BGC0001962.gbk_region_1,0.39,No (Directly observed)
CR18_YR180404_F_contig_30573.region001.gbk_region_1,C3338537,BGC0002332.gbk_region_1,0.49,No (Directly observed)
CHL22_LA_220331_F_contig_9098.region001.gbk_region_1,C3338537,None,0.51,Yes (No MIBiG connection)
CR17_QH170213_2_S_contig_10171.region001.gbk_region_1,C3338537,BGC0001186.gbk_region_1,0.49,No (Directly observed)
AEO22_LB_220827_F_contig_139260.region001.gbk_region_1,C3338537,BGC0001962.gbk_region_1,0.37,No (Directly observed)
CHL22_CN_220327_F_contig_2051.region001.gbk_region_1,C3338537,None,0.51,Yes (No MIBiG connection)
CHL22_CC_220324_F_contig_35127.region001.gbk_region_1,C3338537,None,0.51,Yes (No MIBiG connection)
CHL22_LP_220401_F_contig_47766.region001.gbk_region_1,C3338537,None,0.51,Yes (No MIBiG connection)
TR_230731_S_NODE_8875_length_7735_cov_1.544033.region001.gbk_region_1,C3338537,None,0.51,Yes (No MIBiG connection)
CR18_LB180410_S_contig_15084.region001.gbk_region_1,C3338537,BGC0001962.gbk_region_1,0.46,No (Directly observed)
CHL22_CC_220324_F_contig_74541.region001.gbk_region_1,C3338537,BGC0001186.gbk_region_1,0.48,No (Directly observed)
CHL22_LC_220316_F_contig_19223.region001.gbk_region_1,C3338537,None,0.51,Yes (No MIBiG connection)
AEO22_LB_220827_F_contig_3967.region001.gbk_region_1,C3338535,None,0.51,Yes (No MIBiG connection)
GUY_SRR21545382_k141_1220429.region001.gbk_region_1,C3338535,None,0.51,Yes (No MIBiG connection)
CHL22_EQ_220330_F_contig_27436.region001.gbk_region_1,C3338535,None,0.51,Yes (No MIBiG connection)
GUY_SRR21545388_k141_2940338.region001.gbk_region_1,C3338535,None,0.51,Yes (No MIBiG connection)
CHL22_LN_220321_F_contig_33823.region001.gbk_region_1,C3338535,None,0.51,Yes (No MIBiG connection)
HYD22_FC_221023_F_contig_22876.region001.gbk_region_1,C3338535,None,0.51,Yes (No MIBiG connection)
GUY_SRR21545388_k141_479056.region001.gbk_region_1,C3338535,None,0.51,Yes (No MIBiG connection)
CR18_ER180415_S_contig_110.region001.gbk_region_1,C3338535,BGC0000231.gbk_region_1,0.46,No (Directly observed)
CR17_PF170222_F_contig_5141.region001.gbk_region_1,C3338535,None,0.51,Yes (No MIBiG connection)
AEO22_LB_220827_F_contig_51290.region001.gbk_region_1,C3338535,None,0.51,Yes (No MIBiG connection)
AEO22_LB_220827_F_contig_56520.region001.gbk_region_1,C3338535,None,0.51,Yes (No MIBiG connection)
GUY_SRR21545388_k141_1695408.region001.gbk_region_1,C3338535,BGC0002008.gbk_region_1,0.44,No (Directly observed)
GUY_SRR21545388_k141_1150635.region001.gbk_region_1,C3338535,None,0.51,Yes (No MIBiG connection)
CR17_PG172224_S_contig_38873.region001.gbk_region_1,C3338535,None,0.51,Yes (No MIBiG connection)
CHL22_GB_220322_F_contig_35842.region001.gbk_region_1,C3338535,None,0.51,Yes (No MIBiG connection)
CR18_LB180410_S_contig_15842.region001.gbk_region_1,C3338535,None,0.51,Yes (No MIBiG connection)
HYD22_FC_221023_F_contig_38836.region001.gbk_region_1,C3338535,None,0.51,Yes (No MIBiG connection)
CHL22_CU_220402_F_contig_41169.region001.gbk_region_1,C3338535,None,0.51,Yes (No MIBiG connection)
CR17_ES170215_1_F_contig_221.region001.gbk_region_1,C3338535,None,0.51,Yes (No MIBiG connection)
CR17_TC170221_F_contig_2479.region001.gbk_region_1,C3338535,None,0.51,Yes (No MIBiG connection)
HYD22_SP_221019_F_contig_55.region001.gbk_region_1,C3338535,BGC0000231.gbk_region_1,0.46,No (Directly observed)
GUY_SRR21545382_k141_399736.region001.gbk_region_1,C3338535,None,0.51,Yes (No MIBiG connection)
HYD22_FC_221023_F_contig_32606.region001.gbk_region_1,C3338535,BGC0000836.gbk_region_1,0.44,No (Directly observed)
CR18_CH180410_S_contig_23596.region001.gbk_region_1,C3338535,None,0.51,Yes (No MIBiG connection)
EPR_riftia_k141_314376.region001.gbk_region_1,C3338535,None,0.51,Yes (No MIBiG connection)
CHL22_CU_220402_F_contig_4968.region001.gbk_region_1,C3338535,None,0.51,Yes (No MIBiG connection)
CH20_PM_200308_F_contig_10.region001.gbk_region_1,C3338535,None,0.51,Yes (No MIBiG connection)
EPR_mussel_k141_45521.region001.gbk_region_1,C3338535,None,0.51,Yes (No MIBiG connection)
CR18_BC180410_contig_3536.region001.gbk_region_1,C3338535,BGC0000836.gbk_region_1,0.48,No (Directly observed)
CR18_SC180411_F_contig_12505.region001.gbk_region_1,C3338535,None,0.51,Yes (No MIBiG connection)
EPR_teddybear_k141_341370.region001.gbk_region_1,C3338535,None,0.51,Yes (No MIBiG connection)
CHL22_CH_220319_F_contig_43656.region001.gbk_region_1,C3338535,BGC0000231.gbk_region_1,0.49,No (Directly observed)
AEO22_LB_220827_F_contig_46356.region001.gbk_region_1,C3338535,None,0.51,Yes (No MIBiG connection)
AEO22_LB_220827_F_contig_42832.region001.gbk_region_1,C3338535,BGC0000837.gbk_region_1,0.47,No (Directly observed)
CR18_CW180415_S_contig_21729.region001.gbk_region_1,C3338535,None,0.51,Yes (No MIBiG connection)
CR17_EP170215_S_contig_34944.region001.gbk_region_1,C3338535,None,0.51,Yes (No MIBiG connection)
CR17_PF170222_F_contig_8696.region001.gbk_region_1,C3338535,None,0.51,Yes (No MIBiG connection)
CH20_GS_200305_F_contig_38.region001.gbk_region_1,C3338535,None,0.51,Yes (No MIBiG connection)
ARG19_PG_190225_F_contig_5522.region001.gbk_region_1,C3338535,BGC0000837.gbk_region_1,0.46,No (Directly observed)
CH20_GS_200305_F_contig_39.region001.gbk_region_1,C3338535,BGC0000231.gbk_region_1,0.46,No (Directly observed)
CHL22_QN_220317_F_contig_77114.region001.gbk_region_1,C3338535,None,0.51,Yes (No MIBiG connection)
CR17_RS170216_S_contig_13080.region001.gbk_region_1,C3338535,BGC0002008.gbk_region_1,0.43,No (Directly observed)
CHL22_CH_220319_F_contig_12228.region001.gbk_region_1,C3338535,None,0.51,Yes (No MIBiG connection)
CR17_QN170220_S_contig_5002.region001.gbk_region_1,C3338535,None,0.51,Yes (No MIBiG connection)
EPR_riftia_k141_412337.region001.gbk_region_1,C3338535,None,0.51,Yes (No MIBiG connection)
CR18_LB180410_S_contig_2483.region001.gbk_region_1,C3338535,None,0.51,Yes (No MIBiG connection)
GUY_SRR21545382_k141_1564648.region001.gbk_region_1,C3338536,None,0.51,Yes (No MIBiG connection)
CR17_PG172224_S_contig_58252.region001.gbk_region_1,C3338536,None,0.51,Yes (No MIBiG connection)
ARG19_PM_190223_S_contig_7980.region001.gbk_region_1,C3338536,None,0.51,Yes (No MIBiG connection)
CR18_LP180406_F_contig_9001.region001.gbk_region_1,C3338536,None,0.51,Yes (No MIBiG connection)
CR17_BR170218_2_S_contig_38237.region001.gbk_region_1,C3338536,None,0.51,Yes (No MIBiG connection)
CHL22_CU_220402_F_contig_33058.region001.gbk_region_1,C3338536,BGC0001658.gbk_region_1,0.49,No (Directly observed)
CHL22_CH_220319_F_contig_127366.region001.gbk_region_1,C3338536,BGC0001653.gbk_region_1,0.49,No (Directly observed)
ARG19_IN_190223_S_contig_909.region001.gbk_region_1,C3338536,BGC0000869.gbk_region_1,0.45,No (Directly observed)
HYD22_SC_221020_F_contig_36720.region001.gbk_region_1,C3338536,None,0.51,Yes (No MIBiG connection)
CHL22_CR_220324_F_contig_33281.region001.gbk_region_1,C3338536,BGC0001213.gbk_region_1,0.39,No (Directly observed)
HYD22_CB_221018_F_contig_25827.region001.gbk_region_1,C3338536,BGC0001213.gbk_region_1,0.37,No (Directly observed)
CHL22_QN_220317_F_contig_81531.region001.gbk_region_1,C3338536,BGC0001213.gbk_region_1,0.48,No (Directly observed)
HYD22_SB_221021_F_contig_32630.region001.gbk_region_1,C3338536,None,0.51,Yes (No MIBiG connection)
EPR_riftia_k141_181284.region001.gbk_region_1,C3338536,BGC0001213.gbk_region_1,0.49,No (Directly observed)
CR18_HA180403_F_contig_16570.region001.gbk_region_1,C3338536,BGC0001658.gbk_region_1,0.49,No (Directly observed)
CR18_CV180410_F_contig_23988.region001.gbk_region_1,C3338536,BGC0000869.gbk_region_1,0.48,No (Directly observed)
FEN_SI_2_NODE_6517_length_2183_cov_2.323308.region001.gbk_region_1,C3338536,BGC0001213.gbk_region_1,0.47,No (Directly observed)
ARG19_IN_190223_S_contig_4093.region001.gbk_region_1,C3338536,BGC0001213.gbk_region_1,0.36,No (Directly observed)
AEO22_GV_220827_F_contig_55223.region001.gbk_region_1,C3338536,BGC0001213.gbk_region_1,0.49,No (Directly observed)
CHL22_CU_220402_F_contig_113302.region001.gbk_region_1,C3338536,BGC0001213.gbk_region_1,0.38,No (Directly observed)
AEO22_CF_220902_F_contig_26081.region001.gbk_region_1,C3338536,BGC0001653.gbk_region_1,0.49,No (Directly observed)
CHL22_CZ_220329_F_contig_35440.region001.gbk_region_1,C3338536,BGC0001292.gbk_region_1,0.47,No (Directly observed)
CHL22_CU_220402_F_contig_74303.region001.gbk_region_1,C3338536,None,0.51,Yes (No MIBiG connection)
GUY_SRR21545382_k141_1046791.region001.gbk_region_1,C3338536,BGC0001213.gbk_region_1,0.36,No (Directly observed)
CHL22_CR_220324_F_contig_21149.region001.gbk_region_1,C3338536,None,0.51,Yes (No MIBiG connection)
CHL22_LA_220331_F_contig_14740.region001.gbk_region_1,C3338536,BGC0001653.gbk_region_1,0.49,No (Directly observed)
EPR_teddybear_k141_91235.region001.gbk_region_1,C3338536,BGC0001292.gbk_region_1,0.49,No (Directly observed)
CR18_CL180409_F_contig_455.region001.gbk_region_1,C3338536,BGC0000869.gbk_region_1,0.41,No (Directly observed)
CR18_SC180411_F_contig_82.region001.gbk_region_1,C3338536,None,0.51,Yes (No MIBiG connection)
CR17_SI170217_S_contig_44027.region001.gbk_region_1,C3338536,BGC0001213.gbk_region_1,0.39,No (Directly observed)
CR18_RC180404_S_contig_12201.region001.gbk_region_1,C3338536,None,0.51,Yes (No MIBiG connection)
CR18_GE180403_S_contig_12813.region001.gbk_region_1,C3338536,BGC0001213.gbk_region_1,0.48,No (Directly observed)
ARG19_PM_190223_S_contig_5213.region001.gbk_region_1,C3338536,BGC0001213.gbk_region_1,0.46,No (Directly observed)
AEO22_GV_220827_F_contig_38109.region001.gbk_region_1,C3338536,None,0.51,Yes (No MIBiG connection)
EPR_teddybear_k141_78966.region001.gbk_region_1,C3338536,None,0.51,Yes (No MIBiG connection)
AEO22_LB_220827_F_contig_75024.region001.gbk_region_1,C3338536,BGC0001292.gbk_region_1,0.49,No (Directly observed)
CR17_BR170218_2_S_contig_45239.region001.gbk_region_1,C3338536,None,0.51,Yes (No MIBiG connection)
CR17_QN170220_S_contig_11104.region001.gbk_region_1,C3338536,BGC0000869.gbk_region_1,0.44,No (Directly observed)
CR18_MC180404_S_contig_18980.region001.gbk_region_1,C3338536,BGC0001213.gbk_region_1,0.46,No (Directly observed)
CR18_CI180408_F_contig_12509.region001.gbk_region_1,C3338536,None,0.51,Yes (No MIBiG connection)
CR18_LE180416_S_contig_16928.region001.gbk_region_1,C3338536,BGC0001213.gbk_region_1,0.45,No (Directly observed)
HYD22_FC_221023_F_contig_48548.region001.gbk_region_1,C3338536,None,0.51,Yes (No MIBiG connection)
CR18_LE180416_F_contig_17504.region001.gbk_region_1,C3338536,None,0.51,Yes (No MIBiG connection)
GUY_SRR21545382_k141_52220.region001.gbk_region_1,C3338536,BGC0001213.gbk_region_1,0.48,No (Directly observed)
GUY_SRR21545382_k141_279835.region001.gbk_region_1,C3338536,BGC0000869.gbk_region_1,0.34,No (Directly observed)
CHL22_PR_220403_F_contig_18468.region001.gbk_region_1,C3338536,None,0.51,Yes (No MIBiG connection)
CR18_CH180410_F_contig_19011.region001.gbk_region_1,C3338536,BGC0001213.gbk_region_1,0.4,No (Directly observed)
CR18_LB180410_S_contig_12140.region001.gbk_region_1,C3338536,BGC0001658.gbk_region_1,0.5,No (Directly observed)
GUY_SRR21545388_k141_1709884.region001.gbk_region_1,C3338536,BGC0001658.gbk_region_1,0.5,No (Directly observed)
EPR_teddybear_k141_77214.region001.gbk_region_1,C3338536,BGC0001213.gbk_region_1,0.45,No (Directly observed)
CHL22_CC_220324_F_contig_7742.region001.gbk_region_1,C3338536,None,0.51,Yes (No MIBiG connection)
CHL22_CH_220319_F_contig_56777.region001.gbk_region_1,C3338536,BGC0001213.gbk_region_1,0.4,No (Directly observed)
AEO22_BO_220829_F_contig_39560.region001.gbk_region_1,C3338536,None,0.51,Yes (No MIBiG connection)
CHL22_LC_220316_F_contig_135504.region001.gbk_region_1,C3338536,BGC0001213.gbk_region_1,0.46,No (Directly observed)
CR18_CI180408_S_contig_536.region001.gbk_region_1,C3338536,BGC0000869.gbk_region_1,0.38,No (Directly observed)
TR_230731_F_NODE_18985_length_3575_cov_1.126160.region001.gbk_region_1,C3338536,BGC0001213.gbk_region_1,0.42,No (Directly observed)
ARG19_PM_190223_F_contig_1212.region001.gbk_region_1,C3338536,BGC0000869.gbk_region_1,0.26,No (Directly observed)
CR18_GE180403_S_contig_15325.region001.gbk_region_1,C3338536,BGC0001213.gbk_region_1,0.36,No (Directly observed)
CHL22_PJ_220330_F_contig_40733.region001.gbk_region_1,C3338536,BGC0001213.gbk_region_1,0.47,No (Directly observed)
HYD22_SC_221020_F_contig_63758.region001.gbk_region_1,C3338536,BGC0001213.gbk_region_1,0.49,No (Directly observed)
CHL22_QN_220317_F_contig_101580.region001.gbk_region_1,C3338536,BGC0001213.gbk_region_1,0.47,No (Directly observed)
CR17_BR170218_2_S_contig_43667.region001.gbk_region_1,C3338536,BGC0001213.gbk_region_1,0.49,No (Directly observed)
HYD22_SC_221020_F_contig_24219.region001.gbk_region_1,C3338536,BGC0000869.gbk_region_1,0.31,No (Directly observed)
CR18_LB180410_S_contig_4484.region001.gbk_region_1,C3338536,None,0.51,Yes (No MIBiG connection)
CHL22_QN_220317_F_contig_109233.region001.gbk_region_1,C3338536,None,0.51,Yes (No MIBiG connection)
CR17_RS170216_F_contig_7071.region001.gbk_region_1,C3338536,None,0.51,Yes (No MIBiG connection)
CR17_PG172224_S_contig_68152.region001.gbk_region_1,C3338536,BGC0001213.gbk_region_1,0.41,No (Directly observed)
CR19_EP_190616_S_contig_1060.region001.gbk_region_1,C3338536,BGC0000869.gbk_region_1,0.37,No (Directly observed)
CHL22_PR_220403_F_contig_16533.region001.gbk_region_1,C3338536,BGC0001213.gbk_region_1,0.39,No (Directly observed)
CR18_CI180408_S_contig_7578.region001.gbk_region_1,C3338536,BGC0000869.gbk_region_1,0.49,No (Directly observed)
ARG19_IN_190223_F_contig_22.region001.gbk_region_1,C3338536,BGC0000869.gbk_region_1,0.45,No (Directly observed)
CR17_QH170213_1_S_contig_338.region001.gbk_region_1,C3338536,BGC0000869.gbk_region_1,0.38,No (Directly observed)
CR17_ET170220_1_S_contig_11515.region001.gbk_region_1,C3338536,BGC0001213.gbk_region_1,0.4,No (Directly observed)
CR17_FA170219_1_S_contig_30251.region001.gbk_region_1,C3338536,BGC0001213.gbk_region_1,0.42,No (Directly observed)
CHL22_PJ_220330_F_contig_14841.region001.gbk_region_1,C3338536,None,0.51,Yes (No MIBiG connection)
AEO22_LB_220827_F_contig_88528.region001.gbk_region_1,C3338536,BGC0001213.gbk_region_1,0.47,No (Directly observed)
CR17_EP170215_S_contig_37731.region001.gbk_region_1,C3338536,BGC0001213.gbk_region_1,0.44,No (Directly observed)
GUY_SRR21545388_k141_1929201.region001.gbk_region_1,C3338536,BGC0000869.gbk_region_1,0.48,No (Directly observed)
CHL22_QN_220317_F_contig_99479.region001.gbk_region_1,C3338536,None,0.51,Yes (No MIBiG connection)
CHL22_QN_220317_F_contig_134547.region001.gbk_region_1,C3338536,BGC0002497.gbk_region_1,0.44,No (Directly observed)
CHL22_LN_220321_F_contig_40756.region001.gbk_region_1,C3338536,None,0.51,Yes (No MIBiG connection)
CHL22_QN_220317_F_contig_181519.region001.gbk_region_1,C3338536,None,0.51,Yes (No MIBiG connection)
CR18_CI180408_F_contig_5228.region001.gbk_region_1,C3338536,BGC0000869.gbk_region_1,0.38,No (Directly observed)
CHL22_QN_220317_F_contig_81909.region001.gbk_region_1,C3338536,None,0.51,Yes (No MIBiG connection)
GUY_SRR21545388_k141_1242629.region001.gbk_region_1,C3338536,BGC0001213.gbk_region_1,0.44,No (Directly observed)
EPR_teddybear_k141_573795.region001.gbk_region_1,C3338536,None,0.51,Yes (No MIBiG connection)
CR18_LH180406_F_contig_25802.region001.gbk_region_1,C3338536,None,0.51,Yes (No MIBiG connection)
CHL22_CC_220324_F_contig_4904.region001.gbk_region_1,C3338536,BGC0001213.gbk_region_1,0.42,No (Directly observed)
KJ_230721_F_NODE_73345_length_2309_cov_0.573786.region001.gbk_region_1,C3338536,None,0.51,Yes (No MIBiG connection)
GUY_SRR21545388_k141_1415601.region001.gbk_region_1,C3338536,BGC0000869.gbk_region_1,0.31,No (Directly observed)
FEN_SP_S_NODE_4968_length_4078_cov_6.722098.region001.gbk_region_1,C3338536,BGC0001213.gbk_region_1,0.37,No (Directly observed)
ARG19_PM_190223_S_contig_27.region001.gbk_region_1,C3338536,BGC0000869.gbk_region_1,0.38,No (Directly observed)
CR18_RC180404_S_contig_3408.region001.gbk_region_1,C3338536,BGC0000869.gbk_region_1,0.38,No (Directly observed)
KJ_230721_F_NODE_6546_length_13605_cov_1.188158.region001.gbk_region_1,C3338536,None,0.51,Yes (No MIBiG connection)
CR17_ET170220_1_S_contig_1153.region001.gbk_region_1,C3338536,None,0.51,Yes (No MIBiG connection)
CHL22_CZ_220329_F_contig_7549.region001.gbk_region_1,C3338536,None,0.51,Yes (No MIBiG connection)
CHL22_CC_220324_F_contig_7950.region001.gbk_region_1,C3338536,None,0.51,Yes (No MIBiG connection)
KJ_230721_F_NODE_50884_length_2998_cov_0.739464.region001.gbk_region_1,C3338536,None,0.51,Yes (No MIBiG connection)
CR18_LE180416_F_contig_14685.region001.gbk_region_1,C3338536,BGC0001002.gbk_region_1,0.49,No (Directly observed)
CHL22_OA_220325_F_contig_68425.region001.gbk_region_1,C3338536,None,0.51,Yes (No MIBiG connection)
CHL22_CC_220324_F_contig_28897.region001.gbk_region_1,C3338536,BGC0001002.gbk_region_1,0.48,No (Directly observed)
CHL22_EQ_220330_F_contig_3760.region001.gbk_region_1,C3338536,None,0.51,Yes (No MIBiG connection)
CHL22_QN_220317_F_contig_3516.region001.gbk_region_1,C3338536,None,0.51,Yes (No MIBiG connection)
CHL22_OA_220325_F_contig_57883.region001.gbk_region_1,C3338536,None,0.51,Yes (No MIBiG connection)
CHL22_CN_220327_F_contig_5545.region001.gbk_region_1,C3338536,None,0.51,Yes (No MIBiG connection)
FEN_PI_F_NODE_1495_length_4616_cov_48.720237.region001.gbk_region_1,C3338536,None,0.51,Yes (No MIBiG connection)
CHL22_CU_220402_F_contig_107514.region001.gbk_region_1,C3338536,None,0.51,Yes (No MIBiG connection)
FEN_CG_F_NODE_338_length_8246_cov_138.942864.region001.gbk_region_1,C3338536,None,0.51,Yes (No MIBiG connection)
GUY_SRR21545388_k141_482751.region001.gbk_region_1,C3338536,None,0.51,Yes (No MIBiG connection)
CHL22_QN_220317_F_contig_42303.region001.gbk_region_1,C3338536,None,0.51,Yes (No MIBiG connection)
CHL22_LP_220401_F_contig_86802.region001.gbk_region_1,C3338536,None,0.51,Yes (No MIBiG connection)
AEO22_BP2_220829_F_contig_13071.region001.gbk_region_1,C3338536,None,0.51,Yes (No MIBiG connection)
CR17_PF170222_F_contig_4241.region001.gbk_region_1,C3338536,None,0.51,Yes (No MIBiG connection)
CHL22_EQ_220330_F_contig_40756.region001.gbk_region_1,C3338536,None,0.51,Yes (No MIBiG connection)
CR18_LH180406_S_contig_10290.region001.gbk_region_1,C3338536,None,0.51,Yes (No MIBiG connection)
CR18_LE180416_F_contig_3135.region001.gbk_region_1,C3338536,BGC0000023.gbk_region_1,0.46,No (Directly observed)
HYD22_CB_221018_F_contig_33178.region001.gbk_region_1,C3338536,None,0.51,Yes (No MIBiG connection)
FEN_CG_S_NODE_679_length_7252_cov_208.994720.region001.gbk_region_1,C3338536,None,0.51,Yes (No MIBiG connection)
CHL22_PJ_220330_F_contig_42223.region001.gbk_region_1,C3338536,None,0.51,Yes (No MIBiG connection)
AEO22_CF_220902_F_contig_549.region001.gbk_region_1,C3338536,None,0.51,Yes (No MIBiG connection)
CR18_LB180410_S_contig_13860.region001.gbk_region_1,C3338535,None,0.51,Yes (No MIBiG connection)
EPR_riftia_k141_638154.region001.gbk_region_1,C3338535,None,0.51,Yes (No MIBiG connection)
CR18_PX180416_S_contig_1388.region001.gbk_region_1,C3338535,None,0.51,Yes (No MIBiG connection)
FEN_GA_F_NODE_1746_length_11216_cov_6.952334.region001.gbk_region_1,C3338535,None,0.51,Yes (No MIBiG connection)
CHL22_RS_220319_F_contig_60915.region001.gbk_region_1,C3338535,None,0.51,Yes (No MIBiG connection)
CR18_LP180406_F_contig_28043.region001.gbk_region_1,C3338535,None,0.51,Yes (No MIBiG connection)
CHL22_LC_220316_F_contig_14177.region001.gbk_region_1,C3338535,None,0.51,Yes (No MIBiG connection)
KJ_230721_F_NODE_154_length_168380_cov_2.782031.region001.gbk_region_1,C3338535,None,0.51,Yes (No MIBiG connection)
GUY_SRR21545388_k141_1745964.region001.gbk_region_1,C3338535,BGC0000836.gbk_region_1,0.5,No (Directly observed)
GUY_SRR21545382_k141_1572707.region001.gbk_region_1,C3338535,None,0.51,Yes (No MIBiG connection)
FEN_GA_F_NODE_229_length_44094_cov_6.257408.region001.gbk_region_1,C3338535,None,0.51,Yes (No MIBiG connection)
EPR_riftia_k141_177106.region001.gbk_region_1,C3338535,None,0.51,Yes (No MIBiG connection)
CR18_GE180403_S_contig_15822.region001.gbk_region_1,C3338535,None,0.51,Yes (No MIBiG connection)
AEO22_OS_220830_F_contig_43300.region001.gbk_region_1,C3338535,None,0.51,Yes (No MIBiG connection)
AEO22_LB_220827_F_contig_136238.region001.gbk_region_1,C3338535,BGC0000836.gbk_region_1,0.45,No (Directly observed)
CHL22_CU_220402_F_contig_60661.region001.gbk_region_1,C3338535,None,0.51,Yes (No MIBiG connection)
GUY_SRR21545382_k141_512741.region001.gbk_region_1,C3338535,BGC0000837.gbk_region_1,0.5,No (Directly observed)
GUY_SRR21545388_k141_157131.region001.gbk_region_1,C3338535,None,0.51,Yes (No MIBiG connection)
CR18_CW180415_F_contig_8773.region001.gbk_region_1,C3338535,None,0.51,Yes (No MIBiG connection)
HYD22_FC_221023_F_contig_58386.region001.gbk_region_1,C3338535,BGC0000836.gbk_region_1,0.49,No (Directly observed)
AEO22_OS_220830_F_contig_62416.region001.gbk_region_1,C3338535,None,0.51,Yes (No MIBiG connection)
CHL22_CA_220323_F_contig_183182.region001.gbk_region_1,C3338535,None,0.51,Yes (No MIBiG connection)
CR18_LP180406_F_contig_23580.region001.gbk_region_1,C3338535,None,0.51,Yes (No MIBiG connection)
CR18_RC180404_F_contig_10707.region001.gbk_region_1,C3338535,None,0.51,Yes (No MIBiG connection)
EPR_teddybear_k141_905854.region001.gbk_region_1,C3338535,None,0.51,Yes (No MIBiG connection)
CR17_EP170215_S_contig_27900.region001.gbk_region_1,C3338535,None,0.51,Yes (No MIBiG connection)
CHL22_CR_220324_F_contig_53088.region001.gbk_region_1,C3338535,None,0.51,Yes (No MIBiG connection)
CHL22_CA_220323_F_contig_161268.region001.gbk_region_1,C3338535,None,0.51,Yes (No MIBiG connection)
KJ_230721_F_NODE_17149_length_6558_cov_1.653242.region001.gbk_region_1,C3338535,None,0.51,Yes (No MIBiG connection)
GUY_SRR21545382_k141_1352378.region001.gbk_region_1,C3338535,None,0.51,Yes (No MIBiG connection)
AEO22_LB_220827_F_contig_73580.region001.gbk_region_1,C3338535,None,0.51,Yes (No MIBiG connection)
GUY_SRR21545382_k141_541240.region001.gbk_region_1,C3338535,BGC0000836.gbk_region_1,0.47,No (Directly observed)
GUY_SRR21545382_k141_279493.region001.gbk_region_1,C3338535,None,0.51,Yes (No MIBiG connection)
CHL22_LC_220316_F_contig_16411.region001.gbk_region_1,C3338535,None,0.51,Yes (No MIBiG connection)
CHL22_LC_220316_F_contig_138492.region001.gbk_region_1,C3338535,None,0.51,Yes (No MIBiG connection)
CHL22_CC_220324_F_contig_45193.region001.gbk_region_1,C3338535,None,0.51,Yes (No MIBiG connection)
CH20_AU_200310_S_contig_22.region001.gbk_region_1,C3338535,BGC0000836.gbk_region_1,0.43,No (Directly observed)
EPR_riftia_k141_511469.region001.gbk_region_1,C3338535,BGC0002008.gbk_region_1,0.49,No (Directly observed)
EPR_CV67_k141_270182.region001.gbk_region_1,C3338535,None,0.51,Yes (No MIBiG connection)
CR17_EP170215_F_contig_14508.region001.gbk_region_1,C3338535,BGC0000836.gbk_region_1,0.43,No (Directly observed)
CR18_XF180416_F_contig_2228.region001.gbk_region_1,C3338535,None,0.51,Yes (No MIBiG connection)
CHL22_LC_220316_F_contig_71034.region001.gbk_region_1,C3338535,None,0.51,Yes (No MIBiG connection)
CHL22_EQ_220330_F_contig_1721.region001.gbk_region_1,C3338536,None,0.51,Yes (No MIBiG connection)
CR18_LE180416_F_contig_12257.region001.gbk_region_1,C3338536,BGC0000024.gbk_region_1,0.49,No (Directly observed)
GUY_SRR21545382_k141_867126.region001.gbk_region_1,C3338536,None,0.51,Yes (No MIBiG connection)
CHL22_LC_220316_F_contig_129898.region001.gbk_region_1,C3338536,None,0.51,Yes (No MIBiG connection)
CR18_CW180415_F_contig_14397.region001.gbk_region_1,C3338535,BGC0002008.gbk_region_1,0.49,No (Directly observed)
NR_230731_F_NODE_7032_length_6515_cov_6.144020.region001.gbk_region_1,C3338535,None,0.51,Yes (No MIBiG connection)
CHL22_CU_220402_F_contig_52557.region001.gbk_region_1,C3338538,None,0.51,Yes (No MIBiG connection)
CR18_CV180410_F_contig_14131.region001.gbk_region_1,C3338538,None,0.51,Yes (No MIBiG connection)
CHL22_OA_220325_F_contig_52651.region001.gbk_region_1,C3338538,None,0.51,Yes (No MIBiG connection)
CR18_LB180410_S_contig_16511.region001.gbk_region_1,C3338538,None,0.51,Yes (No MIBiG connection)
CR18_GE180403_S_contig_36036.region001.gbk_region_1,C3338538,None,0.51,Yes (No MIBiG connection)
AEO22_LB_220827_F_contig_79672.region001.gbk_region_1,C3338538,None,0.51,Yes (No MIBiG connection)
CR18_CV180410_S_contig_13376.region001.gbk_region_1,C3338538,None,0.51,Yes (No MIBiG connection)
ARG19_PM_190223_S_contig_2857.region001.gbk_region_1,C3338538,None,0.51,Yes (No MIBiG connection)
CR18_CL180409_F_contig_15844.region001.gbk_region_1,C3338538,None,0.51,Yes (No MIBiG connection)
CHL22_OA_220325_F_contig_33314.region001.gbk_region_1,C3338538,None,0.51,Yes (No MIBiG connection)
CHL22_CU_220402_F_contig_84392.region001.gbk_region_1,C3338538,None,0.51,Yes (No MIBiG connection)
FEN_GA_S_NODE_1547_length_2646_cov_3.379004.region001.gbk_region_1,C3338538,None,0.51,Yes (No MIBiG connection)
CHL22_CZ_220329_F_contig_21781.region001.gbk_region_1,C3338538,None,0.51,Yes (No MIBiG connection)
CHL22_CN_220327_F_contig_9910.region001.gbk_region_1,C3338538,None,0.51,Yes (No MIBiG connection)
CR18_LB180410_F_contig_18243.region001.gbk_region_1,C3338538,None,0.51,Yes (No MIBiG connection)
KJ_230721_F_NODE_50686_length_3006_cov_5.080236.region001.gbk_region_1,C3338538,None,0.51,Yes (No MIBiG connection)
CHL22_CH_220319_F_contig_101387.region001.gbk_region_1,C3338538,None,0.51,Yes (No MIBiG connection)
CHL22_QN_220317_F_contig_87573.region001.gbk_region_1,C3338538,None,0.51,Yes (No MIBiG connection)
CR17_CY170214_S_contig_32120.region001.gbk_region_1,C3338538,None,0.51,Yes (No MIBiG connection)
EPR_teddybear_k141_66893.region001.gbk_region_1,C3338538,None,0.51,Yes (No MIBiG connection)
GUY_SRR21545382_k141_168674.region001.gbk_region_1,C3338538,None,0.51,Yes (No MIBiG connection)
CR17_PG172224_S_contig_65027.region001.gbk_region_1,C3338538,None,0.51,Yes (No MIBiG connection)
GUY_SRR21545382_k141_1747641.region001.gbk_region_1,C3338538,None,0.51,Yes (No MIBiG connection)
AEO22_TC_220902_F_contig_50956.region001.gbk_region_1,C3338538,None,0.51,Yes (No MIBiG connection)
CHL22_LC_220316_F_contig_82209.region001.gbk_region_1,C3338538,None,0.51,Yes (No MIBiG connection)
CR18_BS180407_F_contig_20832.region001.gbk_region_1,C3338538,None,0.51,Yes (No MIBiG connection)
FEN_SI_1_NODE_8343_length_2665_cov_6.221073.region001.gbk_region_1,C3338538,BGC0001064.gbk_region_1,0.46,No (Directly observed)
CR18_LE180416_F_contig_37541.region001.gbk_region_1,C3338538,None,0.51,Yes (No MIBiG connection)
HYD22_CB_221018_F_contig_63801.region001.gbk_region_1,C3338538,None,0.51,Yes (No MIBiG connection)
CR18_MC180404_S_contig_25827.region001.gbk_region_1,C3338538,None,0.51,Yes (No MIBiG connection)
CR18_SC180411_S_contig_31414.region001.gbk_region_1,C3338538,None,0.51,Yes (No MIBiG connection)
CHL22_PR_220403_F_contig_16759.region001.gbk_region_1,C3338538,None,0.51,Yes (No MIBiG connection)
FEN_VR_S_NODE_6966_length_2364_cov_3.771763.region001.gbk_region_1,C3338538,None,0.51,Yes (No MIBiG connection)
CHL22_CC_220324_F_contig_25292.region001.gbk_region_1,C3338538,None,0.51,Yes (No MIBiG connection)
CHL22_LR_220331_F_contig_178.region001.gbk_region_1,C3338538,None,0.51,Yes (No MIBiG connection)
GUY_SRR21545382_k141_55418.region001.gbk_region_1,C3338538,None,0.51,Yes (No MIBiG connection)
CR18_CV180410_S_contig_12616.region001.gbk_region_1,C3338538,None,0.51,Yes (No MIBiG connection)
CHL22_RS_220319_F_contig_59861.region001.gbk_region_1,C3338537,None,0.51,Yes (No MIBiG connection)
CR18_CH180410_S_contig_6554.region001.gbk_region_1,C3338537,None,0.51,Yes (No MIBiG connection)
CHL22_PR_220403_F_contig_38634.region001.gbk_region_1,C3338537,None,0.51,Yes (No MIBiG connection)
CR17_PF170222_S_contig_2634.region001.gbk_region_1,C3338537,None,0.51,Yes (No MIBiG connection)
HYD22_SB_221021_F_contig_26629.region001.gbk_region_1,C3338537,None,0.51,Yes (No MIBiG connection)
HYD22_FC_221023_F_contig_67954.region001.gbk_region_1,C3338537,None,0.51,Yes (No MIBiG connection)
CHL22_RS_220319_F_contig_35977.region001.gbk_region_1,C3338537,None,0.51,Yes (No MIBiG connection)
CR18_MC180404_S_contig_4651.region001.gbk_region_1,C3338537,None,0.51,Yes (No MIBiG connection)
CR18_BC180410_contig_1867.region001.gbk_region_1,C3338537,None,0.51,Yes (No MIBiG connection)
CHL22_CH_220319_F_contig_71732.region001.gbk_region_1,C3338537,None,0.51,Yes (No MIBiG connection)
CR18_CH180410_F_contig_279.region001.gbk_region_1,C3338537,None,0.51,Yes (No MIBiG connection)
CR17_QN170220_F_contig_10509.region001.gbk_region_1,C3338536,BGC0001658.gbk_region_1,0.46,No (Directly observed)
HYD22_FC_221023_F_contig_49011.region001.gbk_region_1,C3338536,BGC0001658.gbk_region_1,0.46,No (Directly observed)
FEN_VR_S_NODE_5928_length_2633_cov_115.513576.region001.gbk_region_1,C3338536,BGC0001658.gbk_region_1,0.5,No (Directly observed)
CR17_BR170218_1_F_contig_19523.region001.gbk_region_1,C3338536,BGC0001658.gbk_region_1,0.47,No (Directly observed)
CHL22_CH_220319_F_contig_99938.region001.gbk_region_1,C3338536,BGC0001658.gbk_region_1,0.47,No (Directly observed)
CHL22_CZ_220329_F_contig_34274.region001.gbk_region_1,C3338536,BGC0001658.gbk_region_1,0.44,No (Directly observed)
CHL22_RS_220319_F_contig_53555.region001.gbk_region_1,C3338536,BGC0001658.gbk_region_1,0.48,No (Directly observed)
AEO22_TC_220902_F_contig_36749.region001.gbk_region_1,C3338536,None,0.51,Yes (No MIBiG connection)
AEO22_OS_220830_F_contig_51486.region001.gbk_region_1,C3338536,BGC0001658.gbk_region_1,0.48,No (Directly observed)
CHL22_SR_220328_F_contig_21250.region001.gbk_region_1,C3338536,BGC0001658.gbk_region_1,0.46,No (Directly observed)
AEO22_CF_220902_F_contig_22735.region001.gbk_region_1,C3338536,BGC0001658.gbk_region_1,0.5,No (Directly observed)
CHL22_CH_220319_F_contig_122539.region001.gbk_region_1,C3338536,None,0.51,Yes (No MIBiG connection)
CR18_XF180416_F_contig_16477.region001.gbk_region_1,C3338536,BGC0001658.gbk_region_1,0.49,No (Directly observed)
CR17_QN170220_F_contig_9754.region001.gbk_region_1,C3338536,BGC0001658.gbk_region_1,0.47,No (Directly observed)
FEN_SI_2_NODE_4885_length_2696_cov_27.763347.region001.gbk_region_1,C3338536,BGC0001658.gbk_region_1,0.48,No (Directly observed)
CHL22_RS_220319_F_contig_5699.region001.gbk_region_1,C3338536,None,0.51,Yes (No MIBiG connection)
HYD22_SC_221020_F_contig_62857.region001.gbk_region_1,C3338536,BGC0001658.gbk_region_1,0.48,No (Directly observed)
CR17_PG172224_S_contig_59254.region001.gbk_region_1,C3338536,BGC0001658.gbk_region_1,0.47,No (Directly observed)
AEO22_LB_220827_F_contig_71526.region001.gbk_region_1,C3338536,BGC0001658.gbk_region_1,0.5,No (Directly observed)
AEO22_LB_220827_F_contig_94090.region001.gbk_region_1,C3338536,BGC0001658.gbk_region_1,0.49,No (Directly observed)
CHL22_LC_220316_F_contig_66082.region001.gbk_region_1,C3338536,BGC0001658.gbk_region_1,0.39,No (Directly observed)
CHL22_RS_220319_F_contig_27967.region001.gbk_region_1,C3338536,None,0.51,Yes (No MIBiG connection)
CHL22_LC_220316_F_contig_32811.region001.gbk_region_1,C3338536,None,0.51,Yes (No MIBiG connection)
CHL22_LC_220316_F_contig_8337.region001.gbk_region_1,C3338536,BGC0001658.gbk_region_1,0.43,No (Directly observed)
AEO22_LB_220827_F_contig_137985.region001.gbk_region_1,C3338536,None,0.51,Yes (No MIBiG connection)
AEO22_LB_220827_F_contig_104473.region001.gbk_region_1,C3338536,BGC0001658.gbk_region_1,0.49,No (Directly observed)
AEO22_FV_220827_F_contig_2431.region001.gbk_region_1,C3338536,BGC0001658.gbk_region_1,0.48,No (Directly observed)
CHL22_LN_220321_F_contig_24447.region001.gbk_region_1,C3338536,BGC0001213.gbk_region_1,0.5,No (Directly observed)
FEN_ML_F_NODE_1123_length_3238_cov_3.032674.region001.gbk_region_1,C3338536,None,0.51,Yes (No MIBiG connection)
CHL22_CZ_220329_F_contig_23213.region001.gbk_region_1,C3338536,BGC0000080.gbk_region_1,0.46,No (Directly observed)
CHL22_CC_220324_F_contig_50555.region001.gbk_region_1,C3338536,None,0.51,Yes (No MIBiG connection)
CHL22_RS_220319_F_contig_77722.region001.gbk_region_1,C3338536,BGC0001658.gbk_region_1,0.47,No (Directly observed)
KJ_230721_F_NODE_17812_length_6375_cov_0.753041.region001.gbk_region_1,C3338536,None,0.51,Yes (No MIBiG connection)
HYD22_CB_221018_F_contig_29264.region001.gbk_region_1,C3338535,BGC0000837.gbk_region_1,0.4,No (Directly observed)
CHL22_GB_220322_F_contig_20563.region001.gbk_region_1,C3338535,None,0.51,Yes (No MIBiG connection)
CHL22_CU_220402_F_contig_85993.region001.gbk_region_1,C3338535,BGC0000837.gbk_region_1,0.44,No (Directly observed)
CR18_LH180406_F_contig_36926.region001.gbk_region_1,C3338535,BGC0000837.gbk_region_1,0.28,No (Directly observed)
CHL22_PR_220403_F_contig_12935.region001.gbk_region_1,C3338535,None,0.51,Yes (No MIBiG connection)
CHL22_PR_220403_F_contig_17746.region001.gbk_region_1,C3338535,None,0.51,Yes (No MIBiG connection)
CR18_CI180408_F_contig_4809.region001.gbk_region_1,C3338535,BGC0000837.gbk_region_1,0.47,No (Directly observed)
CHL22_CU_220402_F_contig_31793.region001.gbk_region_1,C3338535,BGC0000837.gbk_region_1,0.46,No (Directly observed)
CHL22_CU_220402_F_contig_9729.region001.gbk_region_1,C3338535,BGC0000837.gbk_region_1,0.28,No (Directly observed)
CHL22_PJ_220330_F_contig_23981.region001.gbk_region_1,C3338535,BGC0000837.gbk_region_1,0.32,No (Directly observed)
CR18_LP180406_F_contig_7442.region001.gbk_region_1,C3338535,None,0.51,Yes (No MIBiG connection)
CR18_RR180407_F_contig_18660.region001.gbk_region_1,C3338535,None,0.51,Yes (No MIBiG connection)
AEO22_CF_220902_F_contig_2180.region001.gbk_region_1,C3338535,None,0.51,Yes (No MIBiG connection)
CR18_CZ180409_F_contig_2971.region001.gbk_region_1,C3338535,BGC0000836.gbk_region_1,0.44,No (Directly observed)
CR18_CZ180409_F_contig_10471.region001.gbk_region_1,C3338535,BGC0000837.gbk_region_1,0.35,No (Directly observed)
CHL22_LC_220316_F_contig_17848.region001.gbk_region_1,C3338535,BGC0002008.gbk_region_1,0.41,No (Directly observed)
HYD22_CB_221018_F_contig_67107.region001.gbk_region_1,C3338535,BGC0000837.gbk_region_1,0.36,No (Directly observed)
AEO22_TC_220902_F_contig_53881.region001.gbk_region_1,C3338535,BGC0000836.gbk_region_1,0.35,No (Directly observed)
CHL22_PJ_220330_F_contig_15985.region001.gbk_region_1,C3338535,BGC0000837.gbk_region_1,0.38,No (Directly observed)
CR17_BR170218_1_F_contig_18272.region001.gbk_region_1,C3338535,BGC0000836.gbk_region_1,0.3,No (Directly observed)
CHL22_CU_220402_F_contig_29303.region001.gbk_region_1,C3338535,BGC0000837.gbk_region_1,0.4,No (Directly observed)
CHL22_QN_220317_F_contig_87882.region001.gbk_region_1,C3338535,BGC0000837.gbk_region_1,0.4,No (Directly observed)
CR18_BS180407_F_contig_41808.region001.gbk_region_1,C3338535,BGC0000836.gbk_region_1,0.35,No (Directly observed)
CR17_BR170218_1_F_contig_14114.region001.gbk_region_1,C3338535,BGC0000836.gbk_region_1,0.18,No (Directly observed)
NR_230731_F_NODE_36776_length_2233_cov_0.654321.region001.gbk_region_1,C3338535,BGC0000837.gbk_region_1,0.29,No (Directly observed)
CHL22_CU_220402_F_contig_45956.region001.gbk_region_1,C3338535,BGC0000837.gbk_region_1,0.33,No (Directly observed)
EPR_teddybear_k141_367885.region001.gbk_region_1,C3338535,BGC0000837.gbk_region_1,0.35,No (Directly observed)
CHL22_GB_220322_F_contig_12968.region001.gbk_region_1,C3338535,BGC0000836.gbk_region_1,0.33,No (Directly observed)
CHL22_CU_220402_F_contig_11718.region001.gbk_region_1,C3338535,BGC0000837.gbk_region_1,0.45,No (Directly observed)
AEO22_HO_220830_F_contig_43621.region001.gbk_region_1,C3338535,BGC0000837.gbk_region_1,0.33,No (Directly observed)
CHL22_RS_220319_F_contig_65624.region001.gbk_region_1,C3338535,BGC0000837.gbk_region_1,0.36,No (Directly observed)
AEO22_OS_220830_F_contig_49505.region001.gbk_region_1,C3338535,BGC0000837.gbk_region_1,0.34,No (Directly observed)
CHL22_CU_220402_F_contig_66570.region001.gbk_region_1,C3338535,None,0.51,Yes (No MIBiG connection)
CR17_QN170220_F_contig_10960.region001.gbk_region_1,C3338535,BGC0002008.gbk_region_1,0.35,No (Directly observed)
CHL22_PR_220403_F_contig_3295.region001.gbk_region_1,C3338535,BGC0002008.gbk_region_1,0.28,No (Directly observed)
EPR_riftia_k141_191375.region001.gbk_region_1,C3338535,BGC0002008.gbk_region_1,0.32,No (Directly observed)
CR18_CV180410_F_contig_15436.region001.gbk_region_1,C3338535,BGC0000837.gbk_region_1,0.37,No (Directly observed)
KJ_230721_F_NODE_13489_length_7837_cov_1.048119.region001.gbk_region_1,C3338535,BGC0000837.gbk_region_1,0.42,No (Directly observed)
KJ_230721_F_NODE_60162_length_2662_cov_1.069822.region001.gbk_region_1,C3338535,BGC0000837.gbk_region_1,0.47,No (Directly observed)
KJ_230721_F_NODE_39962_length_3559_cov_2.637238.region001.gbk_region_1,C3338535,BGC0000836.gbk_region_1,0.16,No (Directly observed)
CHL22_LC_220316_F_contig_62252.region001.gbk_region_1,C3338535,BGC0000836.gbk_region_1,0.33,No (Directly observed)
AEO22_HO_220830_F_contig_14597.region001.gbk_region_1,C3338535,BGC0000836.gbk_region_1,0.46,No (Directly observed)
CHL22_CA_220323_F_contig_203505.region001.gbk_region_1,C3338535,BGC0002008.gbk_region_1,0.38,No (Directly observed)
ARG19_PG_190225_F_contig_6937.region001.gbk_region_1,C3338535,BGC0000837.gbk_region_1,0.5,No (Directly observed)
AEO22_OS_220830_F_contig_20733.region001.gbk_region_1,C3338535,BGC0000837.gbk_region_1,0.34,No (Directly observed)
ISL21_HV2_210602_F_contig_566.region001.gbk_region_1,C3338535,BGC0000837.gbk_region_1,0.36,No (Directly observed)
CR18_LH180406_F_contig_21530.region001.gbk_region_1,C3338535,None,0.51,Yes (No MIBiG connection)
KJ_230721_F_NODE_89455_length_2005_cov_0.756124.region001.gbk_region_1,C3338535,BGC0000836.gbk_region_1,0.43,No (Directly observed)
AEO22_LB_220827_F_contig_149961.region001.gbk_region_1,C3338535,BGC0000837.gbk_region_1,0.4,No (Directly observed)
CHL22_PR_220403_F_contig_2666.region001.gbk_region_1,C3338535,None,0.51,Yes (No MIBiG connection)
CR18_RC180404_F_contig_7493.region001.gbk_region_1,C3338535,BGC0000837.gbk_region_1,0.3,No (Directly observed)
CR18_GE180403_S_contig_7691.region001.gbk_region_1,C3338535,BGC0000837.gbk_region_1,0.38,No (Directly observed)
GUY_SRR21545388_k141_2342803.region001.gbk_region_1,C3338535,BGC0000836.gbk_region_1,0.42,No (Directly observed)
CHL22_LC_220316_F_contig_103834.region001.gbk_region_1,C3338535,BGC0000837.gbk_region_1,0.48,No (Directly observed)
CHL22_CU_220402_F_contig_18968.region001.gbk_region_1,C3338535,BGC0000836.gbk_region_1,0.27,No (Directly observed)
CR18_LE180416_F_contig_11130.region001.gbk_region_1,C3338535,BGC0000836.gbk_region_1,0.36,No (Directly observed)
CHL22_IS_220328_F_contig_3141.region001.gbk_region_1,C3338535,None,0.51,Yes (No MIBiG connection)
CHL22_CA_220323_F_contig_199200.region001.gbk_region_1,C3338535,BGC0002008.gbk_region_1,0.3,No (Directly observed)
CR18_LH180406_F_contig_35037.region001.gbk_region_1,C3338535,BGC0000837.gbk_region_1,0.42,No (Directly observed)
CHL22_EQ_220330_F_contig_393.region001.gbk_region_1,C3338535,BGC0000836.gbk_region_1,0.49,No (Directly observed)
CHL22_LC_220316_F_contig_91515.region001.gbk_region_1,C3338535,BGC0000837.gbk_region_1,0.44,No (Directly observed)
CR17_QN170220_S_contig_5681.region001.gbk_region_1,C3338535,BGC0000837.gbk_region_1,0.44,No (Directly observed)
CR18_LP180406_F_contig_38361.region001.gbk_region_1,C3338535,None,0.51,Yes (No MIBiG connection)
CHL22_CC_220324_F_contig_75042.region001.gbk_region_1,C3338535,BGC0000836.gbk_region_1,0.3,No (Directly observed)
CHL22_CU_220402_F_contig_79489.region001.gbk_region_1,C3338535,BGC0000837.gbk_region_1,0.33,No (Directly observed)
CR18_BS180407_F_contig_37020.region001.gbk_region_1,C3338535,BGC0000837.gbk_region_1,0.33,No (Directly observed)
CHL22_CU_220402_F_contig_28048.region001.gbk_region_1,C3338535,None,0.51,Yes (No MIBiG connection)
CHL22_CU_220402_F_contig_105860.region001.gbk_region_1,C3338535,BGC0000837.gbk_region_1,0.32,No (Directly observed)
CR18_LE180416_F_contig_29054.region001.gbk_region_1,C3338535,BGC0000836.gbk_region_1,0.43,No (Directly observed)
ISL21_GN1_210601_F_contig_650.region001.gbk_region_1,C3338535,BGC0000837.gbk_region_1,0.34,No (Directly observed)
CR18_CZ180409_F_contig_14249.region001.gbk_region_1,C3338535,BGC0000837.gbk_region_1,0.44,No (Directly observed)
CR18_LP180406_F_contig_42994.region001.gbk_region_1,C3338535,BGC0000837.gbk_region_1,0.42,No (Directly observed)
HYD22_CB_221018_F_contig_21111.region001.gbk_region_1,C3338535,BGC0000837.gbk_region_1,0.34,No (Directly observed)
CHL22_QN_220317_F_contig_134312.region001.gbk_region_1,C3338535,BGC0000837.gbk_region_1,0.48,No (Directly observed)
KJ_230721_F_NODE_9875_length_9973_cov_3.939772.region001.gbk_region_1,C3338535,None,0.51,Yes (No MIBiG connection)
EPR_riftia_k141_233031.region001.gbk_region_1,C3338535,BGC0000836.gbk_region_1,0.34,No (Directly observed)
EPR_riftia_k141_492650.region001.gbk_region_1,C3338535,BGC0002008.gbk_region_1,0.45,No (Directly observed)
CR18_LP180406_F_contig_27739.region001.gbk_region_1,C3338535,BGC0002008.gbk_region_1,0.34,No (Directly observed)
EPR_teddybear_k141_262756.region001.gbk_region_1,C3338535,BGC0000837.gbk_region_1,0.47,No (Directly observed)
CHL22_LC_220316_F_contig_150627.region001.gbk_region_1,C3338535,BGC0000837.gbk_region_1,0.42,No (Directly observed)
CR18_MC180404_F_contig_3226.region001.gbk_region_1,C3338535,BGC0002008.gbk_region_1,0.43,No (Directly observed)
KJ_230721_F_NODE_73123_length_2313_cov_3.636780.region001.gbk_region_1,C3338535,BGC0002008.gbk_region_1,0.45,No (Directly observed)
CR17_EP170215_S_contig_51738.region001.gbk_region_1,C3338535,BGC0001366.gbk_region_1,0.47,No (Directly observed)
CHL22_CA_220323_F_contig_43074.region001.gbk_region_1,C3338535,BGC0000837.gbk_region_1,0.42,No (Directly observed)
CHL22_LC_220316_F_contig_74403.region001.gbk_region_1,C3338535,BGC0002008.gbk_region_1,0.42,No (Directly observed)
CHL22_PJ_220330_F_contig_28083.region001.gbk_region_1,C3338535,None,0.51,Yes (No MIBiG connection)
CHL22_EQ_220330_F_contig_42322.region001.gbk_region_1,C3338535,None,0.51,Yes (No MIBiG connection)
CHL22_CC_220324_F_contig_57958.region001.gbk_region_1,C3338535,None,0.51,Yes (No MIBiG connection)
CHL22_CC_220324_F_contig_64550.region001.gbk_region_1,C3338537,BGC0000178.gbk_region_1,0.49,No (Directly observed)
CHL22_PJ_220330_F_contig_34740.region001.gbk_region_1,C3338537,None,0.51,Yes (No MIBiG connection)
CR18_YR180404_F_contig_30346.region001.gbk_region_1,C3338537,BGC0000114.gbk_region_1,0.49,No (Directly observed)
CHL22_PJ_220330_F_contig_28812.region001.gbk_region_1,C3338537,BGC0002545.gbk_region_1,0.46,No (Directly observed)
CHL22_CH_220319_F_contig_65855.region001.gbk_region_1,C3338537,BGC0000114.gbk_region_1,0.49,No (Directly observed)
CR18_YR180404_F_contig_19090.region001.gbk_region_1,C3338537,None,0.51,Yes (No MIBiG connection)
CHL22_CA_220323_F_contig_132320.region001.gbk_region_1,C3338537,None,0.51,Yes (No MIBiG connection)
CR18_LE180416_S_contig_1079.region001.gbk_region_1,C3338538,BGC0000017.gbk_region_1,0.49,No (Directly observed)
HYD22_CB_221018_F_contig_3166.region001.gbk_region_1,C3338538,None,0.51,Yes (No MIBiG connection)
AEO22_TC_220902_F_contig_16064.region001.gbk_region_1,C3338537,None,0.51,Yes (No MIBiG connection)
CHL22_OA_220325_F_contig_6029.region001.gbk_region_1,C3338537,None,0.51,Yes (No MIBiG connection)
AEO22_OS_220830_F_contig_8114.region001.gbk_region_1,C3338537,None,0.51,Yes (No MIBiG connection)
CR18_LE180416_S_contig_25553.region001.gbk_region_1,C3338538,BGC0001566.gbk_region_1,0.49,No (Directly observed)
CR18_CH180410_F_contig_5573.region001.gbk_region_1,C3338538,None,0.51,Yes (No MIBiG connection)
CR19_RCB_190612_F_contig_4696.region001.gbk_region_1,C3338538,None,0.51,Yes (No MIBiG connection)
CR18_SC180411_S_contig_29053.region001.gbk_region_1,C3338538,BGC0001566.gbk_region_1,0.48,No (Directly observed)
CHL22_OA_220325_F_contig_54520.region001.gbk_region_1,C3338538,BGC0001064.gbk_region_1,0.49,No (Directly observed)
GUY_SRR21545382_k141_578369.region001.gbk_region_1,C3338538,None,0.51,Yes (No MIBiG connection)
CHL22_CC_220324_F_contig_34339.region001.gbk_region_1,C3338538,None,0.51,Yes (No MIBiG connection)
CR18_GE180403_S_contig_7236.region001.gbk_region_1,C3338538,None,0.51,Yes (No MIBiG connection)
CR18_LE180416_S_contig_16890.region001.gbk_region_1,C3338538,None,0.51,Yes (No MIBiG connection)
CHL22_LC_220316_F_contig_151212.region001.gbk_region_1,C3338538,None,0.51,Yes (No MIBiG connection)
CR18_LE180416_F_contig_28112.region001.gbk_region_1,C3338538,None,0.51,Yes (No MIBiG connection)
CHL22_OA_220325_F_contig_73052.region001.gbk_region_1,C3338538,None,0.51,Yes (No MIBiG connection)
KJ_230721_F_NODE_61213_length_2628_cov_0.856058.region001.gbk_region_1,C3338538,None,0.51,Yes (No MIBiG connection)
CHL22_CN_220327_F_contig_17813.region001.gbk_region_1,C3338538,None,0.51,Yes (No MIBiG connection)
CHL22_CC_220324_F_contig_56569.region001.gbk_region_1,C3338538,None,0.51,Yes (No MIBiG connection)
HYD22_CB_221018_F_contig_27295.region001.gbk_region_1,C3338538,None,0.51,Yes (No MIBiG connection)
HYD22_CB_221018_F_contig_26.region001.gbk_region_1,C3338538,None,0.51,Yes (No MIBiG connection)
CR18_LE180416_S_contig_17997.region001.gbk_region_1,C3338538,None,0.51,Yes (No MIBiG connection)
CHL22_CC_220324_F_contig_74450.region001.gbk_region_1,C3338538,BGC0001064.gbk_region_1,0.39,No (Directly observed)
CHL22_PJ_220330_F_contig_54867.region001.gbk_region_1,C3338538,None,0.51,Yes (No MIBiG connection)
CR18_LE180416_F_contig_20923.region001.gbk_region_1,C3338538,BGC0001566.gbk_region_1,0.48,No (Directly observed)
CHL22_OA_220325_F_contig_65757.region001.gbk_region_1,C3338538,BGC0001566.gbk_region_1,0.49,No (Directly observed)
CR18_LE180416_S_contig_12272.region001.gbk_region_1,C3338538,None,0.51,Yes (No MIBiG connection)
CHL22_OA_220325_F_contig_39398.region001.gbk_region_1,C3338538,None,0.51,Yes (No MIBiG connection)
CR18_LE180416_S_contig_13768.region001.gbk_region_1,C3338538,None,0.51,Yes (No MIBiG connection)
GUY_SRR21545388_k141_1405317.region001.gbk_region_1,C3338538,None,0.51,Yes (No MIBiG connection)
CHL22_PJ_220330_F_contig_31198.region001.gbk_region_1,C3338538,None,0.51,Yes (No MIBiG connection)
CR18_LE180416_F_contig_7248.region001.gbk_region_1,C3338538,None,0.51,Yes (No MIBiG connection)
CHL22_CN_220327_F_contig_26486.region001.gbk_region_1,C3338538,None,0.51,Yes (No MIBiG connection)
CR17_FA170219_1_S_contig_48494.region001.gbk_region_1,C3338538,BGC0001566.gbk_region_1,0.49,No (Directly observed)
CR18_SC180411_F_contig_1474.region001.gbk_region_1,C3338538,None,0.51,Yes (No MIBiG connection)
CR18_LE180416_F_contig_2879.region001.gbk_region_1,C3338538,None,0.51,Yes (No MIBiG connection)
AEO22_LB_220827_F_contig_102533.region001.gbk_region_1,C3338538,None,0.51,Yes (No MIBiG connection)
CHL22_EQ_220330_F_contig_50845.region001.gbk_region_1,C3338536,BGC0002648.gbk_region_1,0.25,No (Directly observed)
GUY_SRR21545382_k141_794450.region001.gbk_region_1,C3338536,BGC0000863.gbk_region_1,0.45,No (Directly observed)
CR17_SI170217_S_contig_2135.region001.gbk_region_1,C3338536,BGC0000861.gbk_region_1,0.5,No (Directly observed)
FEN_GA_F_NODE_1265_length_14456_cov_4.580793.region001.gbk_region_1,C3338536,BGC0000869.gbk_region_1,0.41,No (Directly observed)
HYD22_CB_221018_F_contig_14374.region001.gbk_region_1,C3338536,BGC0000869.gbk_region_1,0.45,No (Directly observed)
GUY_SRR21545388_k141_2915129.region001.gbk_region_1,C3338536,BGC0000869.gbk_region_1,0.37,No (Directly observed)
CHL22_IS_220328_F_contig_16922.region001.gbk_region_1,C3338536,BGC0002648.gbk_region_1,0.25,No (Directly observed)
CHL22_PR_220403_F_contig_19288.region001.gbk_region_1,C3338536,BGC0000863.gbk_region_1,0.29,No (Directly observed)
