BGC ID,Louvain cluster,closest MIBiG BGC,distance to closest MIBiG,Is_0.51_Assigned
FEN_LS_F_NODE_3613_length_6488_cov_3.776310.region001.gbk_region_1,C843207,None,0.51,Yes (No MIBiG connection)
CR18_RC180404_S_contig_15063.region001.gbk_region_1,C843207,None,0.51,Yes (No MIBiG connection)
CHL22_OA_220325_F_contig_111649.region001.gbk_region_1,C843208,None,0.51,Yes (No MIBiG connection)
CR18_LB180410_F_contig_19344.region001.gbk_region_1,C843207,None,0.51,Yes (No MIBiG connection)
CHL22_QN_220317_F_contig_18289.region001.gbk_region_1,C843208,None,0.51,Yes (No MIBiG connection)
CHL22_QN_220317_F_contig_40161.region001.gbk_region_1,C843208,None,0.51,Yes (No MIBiG connection)
CHL22_OA_220325_F_contig_55139.region001.gbk_region_1,C843207,None,0.51,Yes (No MIBiG connection)
CHL22_RS_220319_F_contig_2098.region001.gbk_region_1,C843207,None,0.51,Yes (No MIBiG connection)
CHL22_LC_220316_F_contig_94744.region001.gbk_region_1,C843207,None,0.51,Yes (No MIBiG connection)
CHL22_CU_220402_F_contig_34272.region001.gbk_region_1,C843207,None,0.51,Yes (No MIBiG connection)
CR18_CI180408_S_contig_1.region003.gbk_region_3,C843208,None,0.51,Yes (No MIBiG connection)
CHL22_OA_220325_F_contig_67982.region001.gbk_region_1,C843210,None,0.51,Yes (No MIBiG connection)
CHL22_CC_220324_F_contig_7970.region001.gbk_region_1,C843209,None,0.51,Yes (No MIBiG connection)
FEN_LS_F_NODE_2_length_324642_cov_12.682720.region001.gbk_region_1,C843208,None,0.51,Yes (No MIBiG connection)
FEN_LS_S_NODE_1223_length_20415_cov_10.065570.region001.gbk_region_1,C843208,None,0.51,Yes (No MIBiG connection)
NR_230731_F_NODE_264_length_44722_cov_2.399058.region001.gbk_region_1,C843209,None,0.51,Yes (No MIBiG connection)
SJ_230730_F_NODE_137_length_54728_cov_8.204992.region001.gbk_region_1,C843209,None,0.51,Yes (No MIBiG connection)
CHL22_CH_220319_F_contig_92453.region001.gbk_region_1,C843209,None,0.51,Yes (No MIBiG connection)
CR18_LH180406_F_contig_34549.region001.gbk_region_1,C843211,None,0.51,Yes (No MIBiG connection)
CHL22_CC_220324_F_contig_83268.region001.gbk_region_1,C843209,None,0.51,Yes (No MIBiG connection)
CHL22_CH_220319_F_contig_21091.region001.gbk_region_1,C843209,None,0.51,Yes (No MIBiG connection)
CHL22_LC_220316_F_contig_74892.region001.gbk_region_1,C843209,None,0.51,Yes (No MIBiG connection)
CHL22_RS_220319_F_contig_17001.region001.gbk_region_1,C843209,None,0.51,Yes (No MIBiG connection)
CHL22_CA_220323_F_contig_12809.region001.gbk_region_1,C843207,None,0.51,Yes (No MIBiG connection)
EPR_teddybear_k141_160120.region001.gbk_region_1,C843207,None,0.51,Yes (No MIBiG connection)
AEO22_TC_220902_F_contig_61596.region001.gbk_region_1,C843207,None,0.51,Yes (No MIBiG connection)
CHL22_OA_220325_F_contig_79784.region001.gbk_region_1,C843207,None,0.51,Yes (No MIBiG connection)
CHL22_LC_220316_F_contig_111263.region001.gbk_region_1,C843207,None,0.51,Yes (No MIBiG connection)
GUY_SRR21545388_k141_485197.region001.gbk_region_1,C843209,None,0.51,Yes (No MIBiG connection)
CR18_LE180416_F_contig_36683.region001.gbk_region_1,C843207,None,0.51,Yes (No MIBiG connection)
CHL22_CU_220402_F_contig_18129.region001.gbk_region_1,C843207,None,0.51,Yes (No MIBiG connection)
CHL22_LA_220331_F_contig_1863.region001.gbk_region_1,C843211,None,0.51,Yes (No MIBiG connection)
CR18_LE180416_S_contig_10450.region001.gbk_region_1,C843207,None,0.51,Yes (No MIBiG connection)
CHL22_CU_220402_F_contig_113600.region001.gbk_region_1,C843207,None,0.51,Yes (No MIBiG connection)
CHL22_QN_220317_F_contig_99480.region001.gbk_region_1,C843207,None,0.51,Yes (No MIBiG connection)
CHL22_RS_220319_F_contig_278.region001.gbk_region_1,C843208,None,0.51,Yes (No MIBiG connection)
CHL22_LC_220316_F_contig_22859.region001.gbk_region_1,C843207,None,0.51,Yes (No MIBiG connection)
CR18_CV180410_F_contig_4555.region001.gbk_region_1,C843207,None,0.51,Yes (No MIBiG connection)
CHL22_PR_220403_F_contig_37070.region001.gbk_region_1,C843209,BGC0000454.gbk_region_1,0.4,No (Directly observed)
KJ_230721_F_NODE_55876_length_2806_cov_0.888764.region001.gbk_region_1,C843209,None,0.51,Yes (No MIBiG connection)
CHL22_QN_220317_F_contig_1048.region001.gbk_region_1,C843208,None,0.51,Yes (No MIBiG connection)
CHL22_LP_220401_F_contig_4156.region001.gbk_region_1,C843207,None,0.51,Yes (No MIBiG connection)
CR17_FA170219_1_S_contig_23954.region001.gbk_region_1,C843207,None,0.51,Yes (No MIBiG connection)
CR18_CV180410_S_contig_23024.region001.gbk_region_1,C843207,None,0.51,Yes (No MIBiG connection)
FEN_LS_S_NODE_13727_length_3463_cov_3.136444.region001.gbk_region_1,C843209,None,0.51,Yes (No MIBiG connection)
CHL22_OA_220325_F_contig_21690.region001.gbk_region_1,C843208,None,0.51,Yes (No MIBiG connection)
CHL22_LC_220316_F_contig_4869.region001.gbk_region_1,C843207,None,0.51,Yes (No MIBiG connection)
CHL22_LC_220316_F_contig_138092.region001.gbk_region_1,C843207,None,0.51,Yes (No MIBiG connection)
EPR_teddybear_k141_755819.region001.gbk_region_1,C843207,None,0.51,Yes (No MIBiG connection)
CHL22_SR_220328_F_contig_42.region001.gbk_region_1,C843208,None,0.51,Yes (No MIBiG connection)
CHL22_OA_220325_F_contig_6331.region001.gbk_region_1,C843208,None,0.51,Yes (No MIBiG connection)
CR17_BR170218_1_F_contig_11560.region001.gbk_region_1,C843208,None,0.51,Yes (No MIBiG connection)
CHL22_CA_220323_F_contig_45505.region001.gbk_region_1,C843207,None,0.51,Yes (No MIBiG connection)
HYD22_FC_221023_F_contig_38988.region001.gbk_region_1,C843207,None,0.51,Yes (No MIBiG connection)
EPR_teddybear_k141_811368.region001.gbk_region_1,C843207,None,0.51,Yes (No MIBiG connection)
CHL22_LC_220316_F_contig_105244.region001.gbk_region_1,C843208,None,0.51,Yes (No MIBiG connection)
CR18_PX180416_S_contig_1528.region001.gbk_region_1,C843209,None,0.51,Yes (No MIBiG connection)
CHL22_CZ_220329_F_contig_37699.region001.gbk_region_1,C843209,None,0.51,Yes (No MIBiG connection)
CHL22_LC_220316_F_contig_124987.region001.gbk_region_1,C843208,None,0.51,Yes (No MIBiG connection)
KJ_230721_F_NODE_40132_length_3550_cov_1.023956.region001.gbk_region_1,C843207,None,0.51,Yes (No MIBiG connection)
CHL22_EQ_220330_F_contig_40599.region001.gbk_region_1,C843209,None,0.51,Yes (No MIBiG connection)
CR18_GE180403_S_contig_10632.region001.gbk_region_1,C843209,None,0.51,Yes (No MIBiG connection)
GUY_SRR21545388_k141_1257395.region001.gbk_region_1,C843207,None,0.51,Yes (No MIBiG connection)
CHL22_CA_220323_F_contig_94858.region001.gbk_region_1,C843207,None,0.51,Yes (No MIBiG connection)
CHL22_IS_220328_F_contig_12436.region001.gbk_region_1,C843207,None,0.51,Yes (No MIBiG connection)
AEO22_BO_220829_F_contig_35308.region001.gbk_region_1,C843207,None,0.51,Yes (No MIBiG connection)
KJ_230721_F_NODE_34416_length_3957_cov_1.001567.region001.gbk_region_1,C843207,None,0.51,Yes (No MIBiG connection)
EPR_teddybear_k141_187810.region001.gbk_region_1,C843207,None,0.51,Yes (No MIBiG connection)
CR18_LE180416_F_contig_35.region002.gbk_region_2,C843209,None,0.51,Yes (No MIBiG connection)
NR_230731_S_NODE_134_length_95970_cov_103.458677.region002.gbk_region_2,C843207,None,0.51,Yes (No MIBiG connection)
CHL22_OA_220325_F_contig_6739.region001.gbk_region_1,C843207,None,0.51,Yes (No MIBiG connection)
CHL22_OA_220325_F_contig_36198.region001.gbk_region_1,C843207,None,0.51,Yes (No MIBiG connection)
CR18_HA180403_F_contig_10103.region001.gbk_region_1,C843207,None,0.51,Yes (No MIBiG connection)
CHL22_OA_220325_F_contig_20148.region001.gbk_region_1,C843208,None,0.51,Yes (No MIBiG connection)
CHL22_LP_220401_F_contig_77541.region001.gbk_region_1,C843207,None,0.51,Yes (No MIBiG connection)
CHL22_PR_220403_F_contig_40685.region001.gbk_region_1,C843207,None,0.51,Yes (No MIBiG connection)
CHL22_PR_220403_F_contig_23104.region001.gbk_region_1,C843207,None,0.51,Yes (No MIBiG connection)
CHL22_QN_220317_F_contig_11908.region001.gbk_region_1,C843207,None,0.51,Yes (No MIBiG connection)
GUY_SRR21545382_k141_271446.region001.gbk_region_1,C843207,None,0.51,Yes (No MIBiG connection)
CHL22_CU_220402_F_contig_8193.region001.gbk_region_1,C843209,None,0.51,Yes (No MIBiG connection)
HYD22_SC_221020_F_contig_71109.region001.gbk_region_1,C843209,None,0.51,Yes (No MIBiG connection)
KJ_230721_F_NODE_38624_length_3647_cov_0.974432.region001.gbk_region_1,C843207,None,0.51,Yes (No MIBiG connection)
EPR_riftia_k141_544308.region001.gbk_region_1,C843207,None,0.51,Yes (No MIBiG connection)
CHL22_OA_220325_F_contig_6878.region001.gbk_region_1,C843207,None,0.51,Yes (No MIBiG connection)
CHL22_QN_220317_F_contig_45268.region001.gbk_region_1,C843207,None,0.51,Yes (No MIBiG connection)
CR19_SG_190719_F_contig_5567.region001.gbk_region_1,C843207,None,0.51,Yes (No MIBiG connection)
HYD22_FC_221023_F_contig_74495.region001.gbk_region_1,C843207,None,0.51,Yes (No MIBiG connection)
CHL22_LC_220316_F_contig_117425.region001.gbk_region_1,C843208,None,0.51,Yes (No MIBiG connection)
CHL22_LC_220316_F_contig_28322.region001.gbk_region_1,C843207,None,0.51,Yes (No MIBiG connection)
KJ_230721_F_NODE_89396_length_2006_cov_0.878659.region001.gbk_region_1,C843207,None,0.51,Yes (No MIBiG connection)
HYD22_SP_221019_F_contig_8875.region001.gbk_region_1,C843207,None,0.51,Yes (No MIBiG connection)
CR18_LE180416_F_contig_13101.region001.gbk_region_1,C843207,None,0.51,Yes (No MIBiG connection)
AEO22_CF_220902_F_contig_6.region002.gbk_region_2,C843209,None,0.51,Yes (No MIBiG connection)
GUY_SRR21545384_k141_542505.region001.gbk_region_1,C843207,None,0.51,Yes (No MIBiG connection)
FEN_LS_F_NODE_2534_length_8430_cov_3.967403.region001.gbk_region_1,C843211,None,0.51,Yes (No MIBiG connection)
KJ_230721_F_NODE_1258_length_48222_cov_1.578355.region001.gbk_region_1,C843208,None,0.51,Yes (No MIBiG connection)
CHL22_CU_220402_F_contig_90681.region001.gbk_region_1,C843207,None,0.51,Yes (No MIBiG connection)
CR18_LB180410_F_contig_6421.region001.gbk_region_1,C843207,None,0.51,Yes (No MIBiG connection)
CHL22_CA_220323_F_contig_143560.region001.gbk_region_1,C843207,None,0.51,Yes (No MIBiG connection)
CR18_LW180405_S_contig_4255.region001.gbk_region_1,C843208,None,0.51,Yes (No MIBiG connection)
CR18_CW180415_S_contig_18240.region001.gbk_region_1,C843210,None,0.51,Yes (No MIBiG connection)
CHL22_RS_220319_F_contig_2431.region001.gbk_region_1,C843207,None,0.51,Yes (No MIBiG connection)
CHL22_CU_220402_F_contig_37927.region001.gbk_region_1,C843207,None,0.51,Yes (No MIBiG connection)
AEO22_TC_220902_F_contig_23233.region001.gbk_region_1,C843209,None,0.51,Yes (No MIBiG connection)
AEO22_OS_220830_F_contig_35235.region001.gbk_region_1,C843209,None,0.51,Yes (No MIBiG connection)
CR17_PG172224_S_contig_25947.region001.gbk_region_1,C843209,None,0.51,Yes (No MIBiG connection)
CHL22_OA_220325_F_contig_80663.region001.gbk_region_1,C843207,None,0.51,Yes (No MIBiG connection)
CR18_CH180410_F_contig_18275.region001.gbk_region_1,C843209,None,0.51,Yes (No MIBiG connection)
ARG19_BJ_190227_S_contig_1429.region001.gbk_region_1,C843209,None,0.51,Yes (No MIBiG connection)
CR18_CV180410_S_contig_1528.region001.gbk_region_1,C843209,None,0.51,Yes (No MIBiG connection)
CHL22_OA_220325_F_contig_30548.region001.gbk_region_1,C843207,None,0.51,Yes (No MIBiG connection)
NR_230731_S_NODE_10542_length_3899_cov_0.776246.region001.gbk_region_1,C843207,None,0.51,Yes (No MIBiG connection)
CR18_CH180410_S_contig_14428.region001.gbk_region_1,C843207,None,0.51,Yes (No MIBiG connection)
CHL22_OA_220325_F_contig_13590.region001.gbk_region_1,C843207,None,0.51,Yes (No MIBiG connection)
CHL22_CZ_220329_F_contig_34440.region001.gbk_region_1,C843207,None,0.51,Yes (No MIBiG connection)
CR17_PF170222_S_contig_20.region001.gbk_region_1,C843207,None,0.51,Yes (No MIBiG connection)
KJ_230721_F_NODE_13809_length_7713_cov_0.883206.region001.gbk_region_1,C843207,None,0.51,Yes (No MIBiG connection)
TR_230731_F_NODE_15772_length_4135_cov_0.702345.region001.gbk_region_1,C843207,None,0.51,Yes (No MIBiG connection)
TR_230731_S_NODE_6169_length_10400_cov_1.898569.region001.gbk_region_1,C843207,None,0.51,Yes (No MIBiG connection)
CHL22_CZ_220329_F_contig_42826.region001.gbk_region_1,C843207,None,0.51,Yes (No MIBiG connection)
CHL22_CN_220327_F_contig_47414.region001.gbk_region_1,C843207,None,0.51,Yes (No MIBiG connection)
CR17_FA170219_1_S_contig_26603.region001.gbk_region_1,C843209,None,0.51,Yes (No MIBiG connection)
CHL22_SR_220328_F_contig_16875.region001.gbk_region_1,C843207,None,0.51,Yes (No MIBiG connection)
CR18_CH180410_F_contig_23185.region001.gbk_region_1,C843207,None,0.51,Yes (No MIBiG connection)
EPR_teddybear_k141_470783.region001.gbk_region_1,C843211,None,0.51,Yes (No MIBiG connection)
CR17_QN170220_S_contig_4485.region001.gbk_region_1,C843213,None,0.51,Yes (No MIBiG connection)
CR17_ET170220_1_S_contig_4750.region001.gbk_region_1,C843207,None,0.51,Yes (No MIBiG connection)
CHL22_CH_220319_F_contig_58239.region001.gbk_region_1,C843208,None,0.51,Yes (No MIBiG connection)
CHL22_CR_220324_F_contig_7180.region001.gbk_region_1,C843207,None,0.51,Yes (No MIBiG connection)
CR18_LH180406_F_contig_22432.region001.gbk_region_1,C843207,None,0.51,Yes (No MIBiG connection)
CHL22_OA_220325_F_contig_6596.region001.gbk_region_1,C843207,None,0.51,Yes (No MIBiG connection)
HYD22_SB_221021_F_contig_31201.region001.gbk_region_1,C843207,None,0.51,Yes (No MIBiG connection)
CHL22_EQ_220330_F_contig_25113.region001.gbk_region_1,C843207,None,0.51,Yes (No MIBiG connection)
ISL21_GN1_210601_F_contig_3.region002.gbk_region_2,C843209,None,0.51,Yes (No MIBiG connection)
CR18_ER180415_S_contig_17040.region001.gbk_region_1,C843207,None,0.51,Yes (No MIBiG connection)
CHL22_QN_220317_F_contig_126400.region001.gbk_region_1,C843207,None,0.51,Yes (No MIBiG connection)
CHL22_QN_220317_F_contig_10933.region001.gbk_region_1,C843207,None,0.51,Yes (No MIBiG connection)
CR17_PG172224_S_contig_1573.region001.gbk_region_1,C843208,None,0.51,Yes (No MIBiG connection)
CR17_PG172224_S_contig_1067.region001.gbk_region_1,C843208,None,0.51,Yes (No MIBiG connection)
CR18_LW180405_S_contig_159.region001.gbk_region_1,C843208,None,0.51,Yes (No MIBiG connection)
CHL22_QN_220317_F_contig_66837.region001.gbk_region_1,C843208,None,0.51,Yes (No MIBiG connection)
CHL22_QN_220317_F_contig_135869.region001.gbk_region_1,C843208,None,0.51,Yes (No MIBiG connection)
CR17_QN170220_S_contig_28859.region001.gbk_region_1,C843208,None,0.51,Yes (No MIBiG connection)
CHL22_LC_220316_F_contig_29217.region001.gbk_region_1,C843210,None,0.51,Yes (No MIBiG connection)
CHL22_LP_220401_F_contig_48337.region001.gbk_region_1,C843207,None,0.51,Yes (No MIBiG connection)
HYD22_CB_221018_F_contig_8427.region001.gbk_region_1,C843207,BGC0002037.gbk_region_1,0.31,No (Directly observed)
CR17_S14_S_contig_6571.region001.gbk_region_1,C843209,None,0.51,Yes (No MIBiG connection)
AEO22_TC_220902_F_contig_28719.region001.gbk_region_1,C843207,None,0.51,Yes (No MIBiG connection)
KJ_230721_F_NODE_236_length_135127_cov_2.335956.region001.gbk_region_1,C843207,None,0.51,Yes (No MIBiG connection)
CHL22_LC_220316_F_contig_121322.region001.gbk_region_1,C843208,None,0.51,Yes (No MIBiG connection)
CHL22_PR_220403_F_contig_40431.region001.gbk_region_1,C843207,None,0.51,Yes (No MIBiG connection)
CHL22_CA_220323_F_contig_58249.region001.gbk_region_1,C843207,None,0.51,Yes (No MIBiG connection)
CHL22_CU_220402_F_contig_70773.region001.gbk_region_1,C843207,None,0.51,Yes (No MIBiG connection)
CHL22_QN_220317_F_contig_16606.region001.gbk_region_1,C843211,None,0.51,Yes (No MIBiG connection)
CHL22_LR_220331_F_contig_11148.region001.gbk_region_1,C843207,None,0.51,Yes (No MIBiG connection)
CHL22_PJ_220330_F_contig_21257.region001.gbk_region_1,C843208,None,0.51,Yes (No MIBiG connection)
AEO22_BS_220902_F_contig_96.region001.gbk_region_1,C843208,None,0.51,Yes (No MIBiG connection)
AEO22_OS_220830_F_contig_523.region001.gbk_region_1,C843208,None,0.51,Yes (No MIBiG connection)
FEN_BA_S_NODE_6084_length_3320_cov_3.270138.region001.gbk_region_1,C843208,None,0.51,Yes (No MIBiG connection)
CR17_PG172224_S_contig_9890.region001.gbk_region_1,C843209,None,0.51,Yes (No MIBiG connection)
CHL22_CU_220402_F_contig_37407.region001.gbk_region_1,C843207,None,0.51,Yes (No MIBiG connection)
CHL22_LC_220316_F_contig_63984.region001.gbk_region_1,C843207,None,0.51,Yes (No MIBiG connection)
CHL22_CA_220323_F_contig_44814.region001.gbk_region_1,C843207,None,0.51,Yes (No MIBiG connection)
CHL22_IS_220328_F_contig_15203.region001.gbk_region_1,C843208,None,0.51,Yes (No MIBiG connection)
CHL22_LA_220331_F_contig_10720.region001.gbk_region_1,C843208,None,0.51,Yes (No MIBiG connection)
CHL22_QN_220317_F_contig_32923.region001.gbk_region_1,C843208,None,0.51,Yes (No MIBiG connection)
FEN_LS_S_NODE_3818_length_9024_cov_4.892853.region001.gbk_region_1,C843208,None,0.51,Yes (No MIBiG connection)
CHL22_LP_220401_F_contig_41464.region001.gbk_region_1,C843207,None,0.51,Yes (No MIBiG connection)
CR17_BR170218_1_S_contig_5663.region001.gbk_region_1,C843208,None,0.51,Yes (No MIBiG connection)
CR17_BR170218_1_F_contig_8334.region001.gbk_region_1,C843208,None,0.51,Yes (No MIBiG connection)
CHL22_LN_220321_F_contig_13246.region001.gbk_region_1,C843208,None,0.51,Yes (No MIBiG connection)
CHL22_QN_220317_F_contig_139600.region001.gbk_region_1,C843208,None,0.51,Yes (No MIBiG connection)
CR18_LP180406_F_contig_38586.region001.gbk_region_1,C843207,None,0.51,Yes (No MIBiG connection)
CHL22_LP_220401_F_contig_79930.region001.gbk_region_1,C843207,None,0.51,Yes (No MIBiG connection)
AEO22_TC_220902_F_contig_38816.region001.gbk_region_1,C843207,None,0.51,Yes (No MIBiG connection)
CHL22_QN_220317_F_contig_56636.region001.gbk_region_1,C843207,None,0.51,Yes (No MIBiG connection)
HYD22_SB_221021_F_contig_18866.region001.gbk_region_1,C843208,None,0.51,Yes (No MIBiG connection)
CHL22_LP_220401_F_contig_188.region001.gbk_region_1,C843209,None,0.51,Yes (No MIBiG connection)
CHL22_EQ_220330_F_contig_29532.region001.gbk_region_1,C843208,None,0.51,Yes (No MIBiG connection)
AEO22_CF_220902_F_contig_12059.region001.gbk_region_1,C843207,None,0.51,Yes (No MIBiG connection)
EPR_alvinella_k141_98983.region001.gbk_region_1,C843207,None,0.51,Yes (No MIBiG connection)
CHL22_CZ_220329_F_contig_66037.region001.gbk_region_1,C843207,None,0.51,Yes (No MIBiG connection)
CHL22_LC_220316_F_contig_19182.region001.gbk_region_1,C843207,None,0.51,Yes (No MIBiG connection)
KJ_230721_F_NODE_3388_length_22946_cov_1.486042.region001.gbk_region_1,C843208,None,0.51,Yes (No MIBiG connection)
AEO22_LB_220827_F_contig_64349.region001.gbk_region_1,C843207,None,0.51,Yes (No MIBiG connection)
CHL22_LC_220316_F_contig_123992.region001.gbk_region_1,C843209,None,0.51,Yes (No MIBiG connection)
CR18_GE180403_S_contig_14998.region001.gbk_region_1,C843209,None,0.51,Yes (No MIBiG connection)
CHL22_GB_220322_F_contig_6038.region001.gbk_region_1,C843207,None,0.51,Yes (No MIBiG connection)
CHL22_QN_220317_F_contig_57469.region001.gbk_region_1,C843208,None,0.51,Yes (No MIBiG connection)
CHL22_LC_220316_F_contig_145505.region001.gbk_region_1,C843209,None,0.51,Yes (No MIBiG connection)
CHL22_LC_220316_F_contig_49354.region001.gbk_region_1,C843209,None,0.51,Yes (No MIBiG connection)
CHL22_EQ_220330_F_contig_8625.region001.gbk_region_1,C843209,BGC0002494.gbk_region_1,0.08,No (Directly observed)
AEO22_TC_220902_F_contig_1914.region001.gbk_region_1,C843208,None,0.51,Yes (No MIBiG connection)
CHL22_QN_220317_F_contig_39636.region001.gbk_region_1,C843208,None,0.51,Yes (No MIBiG connection)
CHL22_CA_220323_F_contig_195244.region001.gbk_region_1,C843207,None,0.51,Yes (No MIBiG connection)
CR18_LE180416_F_contig_516.region001.gbk_region_1,C843207,None,0.51,Yes (No MIBiG connection)
GUY_SRR21545382_k141_940249.region001.gbk_region_1,C843207,None,0.51,Yes (No MIBiG connection)
CHL22_EQ_220330_F_contig_53373.region001.gbk_region_1,C843207,None,0.51,Yes (No MIBiG connection)
CR18_GE180403_S_contig_7256.region001.gbk_region_1,C843207,None,0.51,Yes (No MIBiG connection)
CR17_EP170215_S_contig_11172.region001.gbk_region_1,C843207,None,0.51,Yes (No MIBiG connection)
CHL22_RS_220319_F_contig_43508.region001.gbk_region_1,C843208,None,0.51,Yes (No MIBiG connection)
AEO22_LB_220827_F_contig_59130.region001.gbk_region_1,C843207,None,0.51,Yes (No MIBiG connection)
KJ_230721_F_NODE_1415_length_44337_cov_2.365958.region001.gbk_region_1,C843207,None,0.51,Yes (No MIBiG connection)
CR18_PX180416_S_contig_37403.region001.gbk_region_1,C843208,None,0.51,Yes (No MIBiG connection)
CR17_PG172224_S_contig_1138.region001.gbk_region_1,C843208,None,0.51,Yes (No MIBiG connection)
AEO22_BS_220902_F_contig_2255.region001.gbk_region_1,C843207,None,0.51,Yes (No MIBiG connection)
AEO22_OS_220830_F_contig_53416.region001.gbk_region_1,C843207,None,0.51,Yes (No MIBiG connection)
GUY_SRR21545382_k141_808615.region001.gbk_region_1,C843211,None,0.51,Yes (No MIBiG connection)
EPR_riftia_k141_552810.region001.gbk_region_1,C843207,None,0.51,Yes (No MIBiG connection)
CR18_CH180410_F_contig_16178.region001.gbk_region_1,C843207,None,0.51,Yes (No MIBiG connection)
CHL22_CH_220319_F_contig_60060.region001.gbk_region_1,C843207,None,0.51,Yes (No MIBiG connection)
CR18_CH180410_S_contig_5407.region001.gbk_region_1,C843207,None,0.51,Yes (No MIBiG connection)
CR17_EP170215_F_contig_3971.region001.gbk_region_1,C843208,None,0.51,Yes (No MIBiG connection)
CHL22_CU_220402_F_contig_32907.region001.gbk_region_1,C843207,None,0.51,Yes (No MIBiG connection)
CHL22_QN_220317_F_contig_196.region001.gbk_region_1,C843208,None,0.51,Yes (No MIBiG connection)
AEO22_OS_220830_F_contig_1329.region001.gbk_region_1,C843208,None,0.51,Yes (No MIBiG connection)
CHL22_EQ_220330_F_contig_28127.region001.gbk_region_1,C843207,None,0.51,Yes (No MIBiG connection)
CR18_LB180410_F_contig_15672.region001.gbk_region_1,C843207,None,0.51,Yes (No MIBiG connection)
CHL22_CU_220402_F_contig_7020.region001.gbk_region_1,C843209,BGC0000410.gbk_region_1,0.46,No (Directly observed)
CR17_QN170220_S_contig_254.region001.gbk_region_1,C843209,BGC0000410.gbk_region_1,0.27,No (Directly observed)
CHL22_PR_220403_F_contig_21847.region001.gbk_region_1,C843209,BGC0000410.gbk_region_1,0.28,No (Directly observed)
CHL22_PR_220403_F_contig_19123.region001.gbk_region_1,C843207,None,0.51,Yes (No MIBiG connection)
AEO22_TC_220902_F_contig_26941.region001.gbk_region_1,C843207,None,0.51,Yes (No MIBiG connection)
CR18_BC180410_contig_889.region001.gbk_region_1,C843209,None,0.51,Yes (No MIBiG connection)
EPR_alvinella_k141_282447.region001.gbk_region_1,C843211,None,0.51,Yes (No MIBiG connection)
CR17_BR170218_2_S_contig_131.region001.gbk_region_1,C843208,None,0.51,Yes (No MIBiG connection)
ARG19_RF_190301_S_contig_161.region001.gbk_region_1,C843208,None,0.51,Yes (No MIBiG connection)
CR18_LH180406_S_contig_6649.region001.gbk_region_1,C843208,None,0.51,Yes (No MIBiG connection)
CHL22_LR_220331_F_contig_13818.region001.gbk_region_1,C843207,None,0.51,Yes (No MIBiG connection)
CR17_SI170217_S_contig_1442.region001.gbk_region_1,C843209,None,0.51,Yes (No MIBiG connection)
CR18_LE180416_S_contig_87.region001.gbk_region_1,C843208,None,0.51,Yes (No MIBiG connection)
FEN_GA_F_NODE_5668_length_4315_cov_3.599765.region001.gbk_region_1,C843207,None,0.51,Yes (No MIBiG connection)
HYD22_FC_221023_F_contig_24444.region001.gbk_region_1,C843207,None,0.51,Yes (No MIBiG connection)
CR19_EP_190616_S_contig_968.region001.gbk_region_1,C843207,None,0.51,Yes (No MIBiG connection)
CR17_PF170222_F_contig_13539.region001.gbk_region_1,C843207,None,0.51,Yes (No MIBiG connection)
HYD22_FC_221023_F_contig_5887.region001.gbk_region_1,C843213,None,0.51,Yes (No MIBiG connection)
CR17_QN170220_S_contig_8458.region001.gbk_region_1,C843209,None,0.51,Yes (No MIBiG connection)
CHL22_IS_220328_F_contig_6525.region001.gbk_region_1,C843209,BGC0000294.gbk_region_1,0.41,No (Directly observed)
CR18_MC180404_S_contig_4031.region001.gbk_region_1,C843209,None,0.51,Yes (No MIBiG connection)
CHL22_QN_220317_F_contig_18471.region001.gbk_region_1,C843208,None,0.51,Yes (No MIBiG connection)
CHL22_LN_220321_F_contig_8114.region001.gbk_region_1,C843208,None,0.51,Yes (No MIBiG connection)
CR17_EP170215_S_contig_17444.region001.gbk_region_1,C843208,None,0.51,Yes (No MIBiG connection)
CHL22_PR_220403_F_contig_1795.region001.gbk_region_1,C843209,None,0.51,Yes (No MIBiG connection)
CHL22_OA_220325_F_contig_13854.region001.gbk_region_1,C843207,None,0.51,Yes (No MIBiG connection)
FEN_GA_F_NODE_4424_length_5303_cov_4.481136.region001.gbk_region_1,C843207,None,0.51,Yes (No MIBiG connection)
CHL22_LC_220316_F_contig_131855.region001.gbk_region_1,C843207,None,0.51,Yes (No MIBiG connection)
CHL22_QN_220317_F_contig_76750.region001.gbk_region_1,C843209,None,0.51,Yes (No MIBiG connection)
CR18_CV180410_S_contig_9724.region001.gbk_region_1,C843209,None,0.51,Yes (No MIBiG connection)
CHL22_LC_220316_F_contig_21598.region001.gbk_region_1,C843207,None,0.51,Yes (No MIBiG connection)
AEO22_BO_220829_F_contig_38849.region001.gbk_region_1,C843208,None,0.51,Yes (No MIBiG connection)
CR18_LH180406_F_contig_37209.region001.gbk_region_1,C843209,None,0.51,Yes (No MIBiG connection)
CHL22_IS_220328_F_contig_16581.region001.gbk_region_1,C843209,BGC0000945.gbk_region_1,0.04,No (Directly observed)
CHL22_EQ_220330_F_contig_47275.region001.gbk_region_1,C843209,BGC0000945.gbk_region_1,0.34,No (Directly observed)
GUY_SRR21545382_k141_108985.region001.gbk_region_1,C843207,None,0.51,Yes (No MIBiG connection)
EPR_teddybear_k141_207705.region001.gbk_region_1,C843207,None,0.51,Yes (No MIBiG connection)
TR_230731_F_NODE_39242_length_2013_cov_0.826617.region001.gbk_region_1,C843207,None,0.51,Yes (No MIBiG connection)
CR18_MC180404_S_contig_6444.region001.gbk_region_1,C843208,None,0.51,Yes (No MIBiG connection)
CHL22_QN_220317_F_contig_5484.region001.gbk_region_1,C843208,None,0.51,Yes (No MIBiG connection)
CR17_PG172224_S_contig_562.region001.gbk_region_1,C843208,None,0.51,Yes (No MIBiG connection)
CR17_EP170215_S_contig_11370.region001.gbk_region_1,C843207,None,0.51,Yes (No MIBiG connection)
EPR_teddybear_k141_759920.region001.gbk_region_1,C843209,None,0.51,Yes (No MIBiG connection)
CHL22_LP_220401_F_contig_90669.region001.gbk_region_1,C843207,None,0.51,Yes (No MIBiG connection)
CR18_CV180410_S_contig_5196.region001.gbk_region_1,C843207,None,0.51,Yes (No MIBiG connection)
FEN_GA_F_NODE_9_length_414016_cov_29.593996.region001.gbk_region_1,C843207,None,0.51,Yes (No MIBiG connection)
CHL22_CU_220402_F_contig_100927.region001.gbk_region_1,C843209,BGC0000343.gbk_region_1,0.41,No (Directly observed)
TR_230731_S_NODE_19811_length_3931_cov_2.141167.region001.gbk_region_1,C843211,None,0.51,Yes (No MIBiG connection)
HYD22_SC_221020_F_contig_21157.region001.gbk_region_1,C843211,None,0.51,Yes (No MIBiG connection)
NR_230731_S_NODE_13733_length_3162_cov_0.952224.region001.gbk_region_1,C843211,None,0.51,Yes (No MIBiG connection)
CHL22_CN_220327_F_contig_33212.region001.gbk_region_1,C843211,None,0.51,Yes (No MIBiG connection)
EPR_teddybear_k141_438608.region001.gbk_region_1,C843207,None,0.51,Yes (No MIBiG connection)
CHL22_LC_220316_F_contig_72378.region001.gbk_region_1,C843207,None,0.51,Yes (No MIBiG connection)
CHL22_PR_220403_F_contig_37264.region001.gbk_region_1,C843209,BGC0000410.gbk_region_1,0.2,No (Directly observed)
KJ_230721_F_NODE_26493_length_4773_cov_0.701894.region001.gbk_region_1,C843207,None,0.51,Yes (No MIBiG connection)
AEO22_HO_220830_F_contig_46780.region001.gbk_region_1,C843207,None,0.51,Yes (No MIBiG connection)
CR18_RC180404_S_contig_5377.region001.gbk_region_1,C843208,None,0.51,Yes (No MIBiG connection)
CR17_PG172224_S_contig_4182.region001.gbk_region_1,C843208,None,0.51,Yes (No MIBiG connection)
CR18_LH180406_S_contig_3150.region001.gbk_region_1,C843208,None,0.51,Yes (No MIBiG connection)
CHL22_OA_220325_F_contig_70370.region001.gbk_region_1,C843208,None,0.51,Yes (No MIBiG connection)
FEN_PI_F_NODE_650_length_8431_cov_46.918219.region001.gbk_region_1,C843209,None,0.51,Yes (No MIBiG connection)
HYD22_SB_221021_F_contig_1159.region001.gbk_region_1,C843209,None,0.51,Yes (No MIBiG connection)
AEO22_AC_220827_F_contig_1807.region001.gbk_region_1,C843209,None,0.51,Yes (No MIBiG connection)
FEN_PI_S_NODE_302_length_15507_cov_84.187160.region001.gbk_region_1,C843209,None,0.51,Yes (No MIBiG connection)
CHL22_CZ_220329_F_contig_21088.region001.gbk_region_1,C843211,None,0.51,Yes (No MIBiG connection)
CHL22_CH_220319_F_contig_61515.region001.gbk_region_1,C843208,None,0.51,Yes (No MIBiG connection)
CHL22_PR_220403_F_contig_27627.region001.gbk_region_1,C843207,None,0.51,Yes (No MIBiG connection)
CHL22_IS_220328_F_contig_9120.region001.gbk_region_1,C843209,None,0.51,Yes (No MIBiG connection)
CHL22_QN_220317_F_contig_167422.region001.gbk_region_1,C843207,None,0.51,Yes (No MIBiG connection)
CR18_LE180416_S_contig_33554.region001.gbk_region_1,C843207,None,0.51,Yes (No MIBiG connection)
GUY_SRR21545388_k141_1866985.region001.gbk_region_1,C843209,None,0.51,Yes (No MIBiG connection)
CR18_SC180411_S_contig_15727.region001.gbk_region_1,C843207,None,0.51,Yes (No MIBiG connection)
CHL22_OA_220325_F_contig_24756.region001.gbk_region_1,C843207,None,0.51,Yes (No MIBiG connection)
HYD22_FC_221023_F_contig_2763.region001.gbk_region_1,C843213,None,0.51,Yes (No MIBiG connection)
CR18_YR180404_F_contig_2638.region001.gbk_region_1,C843209,None,0.51,Yes (No MIBiG connection)
EPR_teddybear_k141_397554.region001.gbk_region_1,C843207,None,0.51,Yes (No MIBiG connection)
CHL22_RS_220319_F_contig_6038.region001.gbk_region_1,C843209,None,0.51,Yes (No MIBiG connection)
CHL22_CU_220402_F_contig_46058.region001.gbk_region_1,C843209,None,0.51,Yes (No MIBiG connection)
CHL22_CN_220327_F_contig_60724.region001.gbk_region_1,C843209,None,0.51,Yes (No MIBiG connection)
FEN_FE_F_NODE_1_length_229390_cov_14.980387.region001.gbk_region_1,C843209,None,0.51,Yes (No MIBiG connection)
CR18_BW180407_F_contig_38.region001.gbk_region_1,C843209,None,0.51,Yes (No MIBiG connection)
CHL22_CC_220324_F_contig_74602.region001.gbk_region_1,C843207,None,0.51,Yes (No MIBiG connection)
CHL22_CC_220324_F_contig_6773.region001.gbk_region_1,C843209,None,0.51,Yes (No MIBiG connection)
CR18_LP180406_F_contig_15043.region001.gbk_region_1,C843207,None,0.51,Yes (No MIBiG connection)
HYD22_CB_221018_F_contig_54512.region001.gbk_region_1,C843208,None,0.51,Yes (No MIBiG connection)
HYD22_FC_221023_F_contig_73833.region001.gbk_region_1,C843208,None,0.51,Yes (No MIBiG connection)
CR17_PF170222_F_contig_864.region001.gbk_region_1,C843208,None,0.51,Yes (No MIBiG connection)
CHL22_CU_220402_F_contig_79341.region001.gbk_region_1,C843207,BGC0001416.gbk_region_1,0.48,No (Directly observed)
CHL22_CU_220402_F_contig_86957.region001.gbk_region_1,C843208,None,0.51,Yes (No MIBiG connection)
CHL22_CA_220323_F_contig_33965.region001.gbk_region_1,C843207,None,0.51,Yes (No MIBiG connection)
AEO22_HO_220830_F_contig_16772.region001.gbk_region_1,C843207,None,0.51,Yes (No MIBiG connection)
CHL22_CH_220319_F_contig_69421.region001.gbk_region_1,C843208,None,0.51,Yes (No MIBiG connection)
KJ_230721_F_NODE_56367_length_2789_cov_0.723516.region001.gbk_region_1,C843207,None,0.51,Yes (No MIBiG connection)
CHL22_LC_220316_F_contig_126049.region001.gbk_region_1,C843207,None,0.51,Yes (No MIBiG connection)
CHL22_CU_220402_F_contig_110077.region001.gbk_region_1,C843207,None,0.51,Yes (No MIBiG connection)
CHL22_LC_220316_F_contig_18324.region001.gbk_region_1,C843207,None,0.51,Yes (No MIBiG connection)
CR17_EP170215_S_contig_11975.region001.gbk_region_1,C843209,None,0.51,Yes (No MIBiG connection)
CHL22_CU_220402_F_contig_80679.region001.gbk_region_1,C843207,None,0.51,Yes (No MIBiG connection)
CHL22_LP_220401_F_contig_52547.region001.gbk_region_1,C843207,None,0.51,Yes (No MIBiG connection)
CR18_CL180409_F_contig_29825.region001.gbk_region_1,C843208,None,0.51,Yes (No MIBiG connection)
CR18_BW180407_F_contig_1494.region001.gbk_region_1,C843208,None,0.51,Yes (No MIBiG connection)
AEO22_TC_220902_F_contig_55997.region001.gbk_region_1,C843207,None,0.51,Yes (No MIBiG connection)
TR_230731_S_NODE_6535_length_9908_cov_10.275534.region001.gbk_region_1,C843211,None,0.51,Yes (No MIBiG connection)
NR_230731_F_NODE_31700_length_2452_cov_1.263226.region001.gbk_region_1,C843211,None,0.51,Yes (No MIBiG connection)
CHL22_LR_220331_F_contig_18452.region001.gbk_region_1,C843211,None,0.51,Yes (No MIBiG connection)
NR_230731_S_NODE_2435_length_11972_cov_4.639932.region001.gbk_region_1,C843211,None,0.51,Yes (No MIBiG connection)
CHL22_CA_220323_F_contig_146443.region001.gbk_region_1,C843211,None,0.51,Yes (No MIBiG connection)
TR_230731_F_NODE_2509_length_15331_cov_1.983623.region001.gbk_region_1,C843211,None,0.51,Yes (No MIBiG connection)
NR_230731_S_NODE_23293_length_2110_cov_5.541604.region001.gbk_region_1,C843207,None,0.51,Yes (No MIBiG connection)
AEO22_BS_220902_F_contig_4722.region001.gbk_region_1,C843207,None,0.51,Yes (No MIBiG connection)
SJ_230730_S_NODE_177_length_33798_cov_18.999407.region001.gbk_region_1,C843207,None,0.51,Yes (No MIBiG connection)
CR17_BR170218_2_F_contig_4252.region001.gbk_region_1,C843207,None,0.51,Yes (No MIBiG connection)
CR18_LP180406_F_contig_3659.region001.gbk_region_1,C843207,BGC0000330.gbk_region_1,0.43,No (Directly observed)
CR17_BR170218_2_S_contig_697.region001.gbk_region_1,C843208,None,0.51,Yes (No MIBiG connection)
CR17_BR170218_2_F_contig_315.region001.gbk_region_1,C843208,None,0.51,Yes (No MIBiG connection)
CHL22_LN_220321_F_contig_25159.region001.gbk_region_1,C843211,None,0.51,Yes (No MIBiG connection)
CHL22_OA_220325_F_contig_85381.region001.gbk_region_1,C843207,None,0.51,Yes (No MIBiG connection)
AEO22_AC_220827_F_contig_21617.region001.gbk_region_1,C843207,None,0.51,Yes (No MIBiG connection)
CHL22_QN_220317_F_contig_39074.region001.gbk_region_1,C843207,None,0.51,Yes (No MIBiG connection)
CHL22_CU_220402_F_contig_71525.region001.gbk_region_1,C843207,None,0.51,Yes (No MIBiG connection)
CR18_RC180404_S_contig_20830.region001.gbk_region_1,C843207,None,0.51,Yes (No MIBiG connection)
CHL22_CA_220323_F_contig_2315.region001.gbk_region_1,C843207,None,0.51,Yes (No MIBiG connection)
CHL22_LN_220321_F_contig_22494.region001.gbk_region_1,C843208,None,0.51,Yes (No MIBiG connection)
HYD22_SC_221020_F_contig_238.region001.gbk_region_1,C843208,None,0.51,Yes (No MIBiG connection)
CR18_MC180404_S_contig_2527.region001.gbk_region_1,C843208,None,0.51,Yes (No MIBiG connection)
HYD22_CB_221018_F_contig_1095.region001.gbk_region_1,C843208,None,0.51,Yes (No MIBiG connection)
CHL22_SR_220328_F_contig_2620.region001.gbk_region_1,C843208,None,0.51,Yes (No MIBiG connection)
HYD22_CB_221018_F_contig_19790.region001.gbk_region_1,C843208,None,0.51,Yes (No MIBiG connection)
FEN_LS_S_NODE_18409_length_2813_cov_3.494199.region001.gbk_region_1,C843208,None,0.51,Yes (No MIBiG connection)
CHL22_SR_220328_F_contig_6775.region001.gbk_region_1,C843208,None,0.51,Yes (No MIBiG connection)
AEO22_TC_220902_F_contig_335.region001.gbk_region_1,C843208,None,0.51,Yes (No MIBiG connection)
CHL22_LN_220321_F_contig_33843.region001.gbk_region_1,C843208,None,0.51,Yes (No MIBiG connection)
AEO22_TC_220902_F_contig_1074.region001.gbk_region_1,C843208,None,0.51,Yes (No MIBiG connection)
CR17_QH170213_1_S_contig_24.region001.gbk_region_1,C843208,None,0.51,Yes (No MIBiG connection)
CR18_LE180416_F_contig_616.region001.gbk_region_1,C843208,None,0.51,Yes (No MIBiG connection)
CHL22_GB_220322_F_contig_1375.region001.gbk_region_1,C843208,None,0.51,Yes (No MIBiG connection)
CR18_CW180415_F_contig_785.region001.gbk_region_1,C843208,None,0.51,Yes (No MIBiG connection)
CHL22_QN_220317_F_contig_346.region001.gbk_region_1,C843208,None,0.51,Yes (No MIBiG connection)
CR18_CL180409_F_contig_2251.region001.gbk_region_1,C843208,None,0.51,Yes (No MIBiG connection)
CR18_CV180410_S_contig_462.region001.gbk_region_1,C843208,None,0.51,Yes (No MIBiG connection)
CHL22_QN_220317_F_contig_18015.region001.gbk_region_1,C843208,None,0.51,Yes (No MIBiG connection)
CHL22_GB_220322_F_contig_3062.region001.gbk_region_1,C843208,None,0.51,Yes (No MIBiG connection)
CHL22_CC_220324_F_contig_29285.region001.gbk_region_1,C843208,None,0.51,Yes (No MIBiG connection)
CHL22_LC_220316_F_contig_53884.region001.gbk_region_1,C843207,None,0.51,Yes (No MIBiG connection)
HYD22_CB_221018_F_contig_28546.region001.gbk_region_1,C843207,None,0.51,Yes (No MIBiG connection)
CHL22_IS_220328_F_contig_1726.region001.gbk_region_1,C843207,None,0.51,Yes (No MIBiG connection)
CHL22_PJ_220330_F_contig_36279.region001.gbk_region_1,C843207,None,0.51,Yes (No MIBiG connection)
CHL22_CU_220402_F_contig_85419.region001.gbk_region_1,C843207,None,0.51,Yes (No MIBiG connection)
CHL22_EQ_220330_F_contig_15481.region001.gbk_region_1,C843207,None,0.51,Yes (No MIBiG connection)
CR18_SC180411_S_contig_22645.region001.gbk_region_1,C843207,None,0.51,Yes (No MIBiG connection)
NR_230731_S_NODE_67_length_165219_cov_9.238116.region003.gbk_region_3,C843207,None,0.51,Yes (No MIBiG connection)
GUY_SRR21545388_k141_829659.region001.gbk_region_1,C843207,None,0.51,Yes (No MIBiG connection)
CR18_BW180407_F_contig_2.region001.gbk_region_1,C843208,None,0.51,Yes (No MIBiG connection)
CR18_HA180403_F_contig_23393.region001.gbk_region_1,C843207,None,0.51,Yes (No MIBiG connection)
CHL22_LC_220316_F_contig_43560.region001.gbk_region_1,C843209,None,0.51,Yes (No MIBiG connection)
CHL22_QN_220317_F_contig_26942.region001.gbk_region_1,C843208,None,0.51,Yes (No MIBiG connection)
CR18_GE180403_S_contig_24529.region001.gbk_region_1,C843207,None,0.51,Yes (No MIBiG connection)
CR17_S14_S_contig_5549.region001.gbk_region_1,C843208,None,0.51,Yes (No MIBiG connection)
CR17_PF170222_F_contig_3121.region001.gbk_region_1,C843208,None,0.51,Yes (No MIBiG connection)
HYD22_FC_221023_F_contig_10001.region001.gbk_region_1,C843208,None,0.51,Yes (No MIBiG connection)
CR17_CY170214_S_contig_476.region001.gbk_region_1,C843207,None,0.51,Yes (No MIBiG connection)
CR18_LE180416_S_contig_960.region001.gbk_region_1,C843207,None,0.51,Yes (No MIBiG connection)
HYD22_CB_221018_F_contig_12677.region001.gbk_region_1,C843207,None,0.51,Yes (No MIBiG connection)
ISL21_GN1_210601_F_contig_1237.region001.gbk_region_1,C843207,None,0.51,Yes (No MIBiG connection)
CHL22_CU_220402_F_contig_54715.region001.gbk_region_1,C843207,None,0.51,Yes (No MIBiG connection)
CHL22_PR_220403_F_contig_15906.region001.gbk_region_1,C843207,None,0.51,Yes (No MIBiG connection)
EPR_teddybear_k141_168203.region001.gbk_region_1,C843207,None,0.51,Yes (No MIBiG connection)
FEN_VR_S_NODE_98_length_42308_cov_17.560102.region001.gbk_region_1,C843208,None,0.51,Yes (No MIBiG connection)
CR18_CW180415_F_contig_660.region001.gbk_region_1,C843207,None,0.51,Yes (No MIBiG connection)
CR18_LE180416_S_contig_20767.region001.gbk_region_1,C843209,BGC0000316.gbk_region_1,0.5,No (Directly observed)
EPR_teddybear_k141_623900.region001.gbk_region_1,C843207,None,0.51,Yes (No MIBiG connection)
CHL22_PJ_220330_F_contig_10306.region001.gbk_region_1,C843207,None,0.51,Yes (No MIBiG connection)
CHL22_QN_220317_F_contig_77834.region001.gbk_region_1,C843208,None,0.51,Yes (No MIBiG connection)
CR18_CI180408_F_contig_98.region001.gbk_region_1,C843208,None,0.51,Yes (No MIBiG connection)
CHL22_CU_220402_F_contig_44815.region001.gbk_region_1,C843207,None,0.51,Yes (No MIBiG connection)
CHL22_RS_220319_F_contig_70638.region001.gbk_region_1,C843207,None,0.51,Yes (No MIBiG connection)
CHL22_CZ_220329_F_contig_13090.region001.gbk_region_1,C843207,None,0.51,Yes (No MIBiG connection)
CR17_CY170214_S_contig_23743.region001.gbk_region_1,C843207,None,0.51,Yes (No MIBiG connection)
CHL22_LC_220316_F_contig_22748.region001.gbk_region_1,C843207,None,0.51,Yes (No MIBiG connection)
CR18_CL180409_F_contig_22621.region001.gbk_region_1,C843207,None,0.51,Yes (No MIBiG connection)
CHL22_LC_220316_F_contig_113688.region001.gbk_region_1,C843207,None,0.51,Yes (No MIBiG connection)
CHL22_PR_220403_F_contig_16634.region001.gbk_region_1,C843207,None,0.51,Yes (No MIBiG connection)
CR17_CY170214_S_contig_11423.region001.gbk_region_1,C843209,None,0.51,Yes (No MIBiG connection)
CHL22_CH_220319_F_contig_53042.region001.gbk_region_1,C843207,None,0.51,Yes (No MIBiG connection)
CR18_ER180415_S_contig_6848.region001.gbk_region_1,C843209,None,0.51,Yes (No MIBiG connection)
KJ_230721_F_NODE_20854_length_5680_cov_0.886908.region001.gbk_region_1,C843207,None,0.51,Yes (No MIBiG connection)
CR17_ET170220_1_S_contig_4804.region001.gbk_region_1,C843207,None,0.51,Yes (No MIBiG connection)
CHL22_CC_220324_F_contig_8404.region001.gbk_region_1,C843209,None,0.51,Yes (No MIBiG connection)
CR18_CH180410_S_contig_27232.region001.gbk_region_1,C843207,None,0.51,Yes (No MIBiG connection)
AEO22_TC_220902_F_contig_5545.region001.gbk_region_1,C843209,None,0.51,Yes (No MIBiG connection)
CHL22_LC_220316_F_contig_19337.region001.gbk_region_1,C843209,None,0.51,Yes (No MIBiG connection)
CR18_LP180406_F_contig_4370.region001.gbk_region_1,C843209,None,0.51,Yes (No MIBiG connection)
CR18_LH180406_S_contig_272.region001.gbk_region_1,C843209,None,0.51,Yes (No MIBiG connection)
CHL22_CA_220323_F_contig_13737.region001.gbk_region_1,C843207,None,0.51,Yes (No MIBiG connection)
CR17_EP170215_S_contig_17977.region001.gbk_region_1,C843210,None,0.51,Yes (No MIBiG connection)
GUY_SRR21545382_k141_899627.region001.gbk_region_1,C843207,None,0.51,Yes (No MIBiG connection)
CR18_ER180415_S_contig_6007.region001.gbk_region_1,C843207,None,0.51,Yes (No MIBiG connection)
CR18_HA180403_F_contig_9156.region001.gbk_region_1,C843207,None,0.51,Yes (No MIBiG connection)
CR17_PG172224_S_contig_141.region001.gbk_region_1,C843208,None,0.51,Yes (No MIBiG connection)
CR18_GE180403_S_contig_32696.region001.gbk_region_1,C843207,None,0.51,Yes (No MIBiG connection)
CR18_PX180416_S_contig_29591.region001.gbk_region_1,C843207,None,0.51,Yes (No MIBiG connection)
CR17_SI170217_S_contig_2783.region001.gbk_region_1,C843207,None,0.51,Yes (No MIBiG connection)
CR17_PG172224_S_contig_2551.region001.gbk_region_1,C843207,None,0.51,Yes (No MIBiG connection)
CR18_CW180415_F_contig_3366.region001.gbk_region_1,C843207,None,0.51,Yes (No MIBiG connection)
HYD22_CB_221018_F_contig_36907.region001.gbk_region_1,C843207,None,0.51,Yes (No MIBiG connection)
CR18_LB180410_F_contig_10146.region001.gbk_region_1,C843207,None,0.51,Yes (No MIBiG connection)
CR18_GE180403_S_contig_30019.region001.gbk_region_1,C843207,None,0.51,Yes (No MIBiG connection)
CHL22_CA_220323_F_contig_57788.region001.gbk_region_1,C843207,None,0.51,Yes (No MIBiG connection)
CR18_LE180416_F_contig_9367.region001.gbk_region_1,C843207,None,0.51,Yes (No MIBiG connection)
CHL22_LC_220316_F_contig_42409.region001.gbk_region_1,C843208,None,0.51,Yes (No MIBiG connection)
CHL22_LC_220316_F_contig_52702.region001.gbk_region_1,C843208,None,0.51,Yes (No MIBiG connection)
EPR_riftia_k141_77737.region001.gbk_region_1,C843207,None,0.51,Yes (No MIBiG connection)
CHL22_CZ_220329_F_contig_59287.region001.gbk_region_1,C843209,None,0.51,Yes (No MIBiG connection)
CHL22_RS_220319_F_contig_59751.region001.gbk_region_1,C843209,None,0.51,Yes (No MIBiG connection)
CHL22_CU_220402_F_contig_95238.region001.gbk_region_1,C843209,None,0.51,Yes (No MIBiG connection)
TR_230731_F_NODE_15200_length_4257_cov_1.806295.region001.gbk_region_1,C843207,None,0.51,Yes (No MIBiG connection)
CHL22_LC_220316_F_contig_112449.region001.gbk_region_1,C843207,None,0.51,Yes (No MIBiG connection)
CR18_BW180407_F_contig_19881.region001.gbk_region_1,C843207,None,0.51,Yes (No MIBiG connection)
CHL22_PR_220403_F_contig_3185.region001.gbk_region_1,C843207,None,0.51,Yes (No MIBiG connection)
CHL22_PR_220403_F_contig_23103.region001.gbk_region_1,C843207,None,0.51,Yes (No MIBiG connection)
CR18_GE180403_S_contig_15573.region001.gbk_region_1,C843207,None,0.51,Yes (No MIBiG connection)
CR17_ET170220_1_S_contig_7164.region001.gbk_region_1,C843208,None,0.51,Yes (No MIBiG connection)
CR17_QN170220_F_contig_12454.region001.gbk_region_1,C843209,None,0.51,Yes (No MIBiG connection)
CR17_ES170215_1_F_contig_3442.region001.gbk_region_1,C843207,None,0.51,Yes (No MIBiG connection)
EPR_teddybear_k141_436682.region001.gbk_region_1,C843209,None,0.51,Yes (No MIBiG connection)
CR18_LH180406_F_contig_9311.region001.gbk_region_1,C843209,None,0.51,Yes (No MIBiG connection)
CHL22_LP_220401_F_contig_10152.region001.gbk_region_1,C843208,None,0.51,Yes (No MIBiG connection)
CHL22_CR_220324_F_contig_46759.region001.gbk_region_1,C843207,None,0.51,Yes (No MIBiG connection)
CR17_ET170220_1_S_contig_553.region001.gbk_region_1,C843208,None,0.51,Yes (No MIBiG connection)
CR19_ET_190718_S_contig_74.region001.gbk_region_1,C843208,None,0.51,Yes (No MIBiG connection)
KJ_230721_F_NODE_22667_length_5348_cov_1.463513.region001.gbk_region_1,C843207,None,0.51,Yes (No MIBiG connection)
CR18_SC180411_S_contig_11005.region001.gbk_region_1,C843207,None,0.51,Yes (No MIBiG connection)
CR17_TC170221_F_contig_11352.region001.gbk_region_1,C843211,None,0.51,Yes (No MIBiG connection)
AEO22_HO_220830_F_contig_6397.region001.gbk_region_1,C843209,None,0.51,Yes (No MIBiG connection)
CHL22_CU_220402_F_contig_69297.region001.gbk_region_1,C843209,None,0.51,Yes (No MIBiG connection)
CHL22_LC_220316_F_contig_6038.region001.gbk_region_1,C843209,None,0.51,Yes (No MIBiG connection)
EPR_teddybear_k141_494390.region001.gbk_region_1,C843207,None,0.51,Yes (No MIBiG connection)
CR17_BR170218_2_F_contig_2762.region001.gbk_region_1,C843207,None,0.51,Yes (No MIBiG connection)
CHL22_LP_220401_F_contig_3165.region001.gbk_region_1,C843207,None,0.51,Yes (No MIBiG connection)
AEO22_LB_220827_F_contig_34834.region001.gbk_region_1,C843207,None,0.51,Yes (No MIBiG connection)
CR18_PX180416_S_contig_25026.region001.gbk_region_1,C843207,None,0.51,Yes (No MIBiG connection)
CR17_BR170218_1_F_contig_11941.region001.gbk_region_1,C843211,None,0.51,Yes (No MIBiG connection)
CHL22_EQ_220330_F_contig_30395.region001.gbk_region_1,C843208,None,0.51,Yes (No MIBiG connection)
CR17_ES170215_1_F_contig_2.region001.gbk_region_1,C843207,None,0.51,Yes (No MIBiG connection)
CR17_SI170217_F_contig_1.region001.gbk_region_1,C843207,None,0.51,Yes (No MIBiG connection)
GUY_SRR21545382_k141_316027.region001.gbk_region_1,C843207,None,0.51,Yes (No MIBiG connection)
CR18_LB180410_F_contig_11311.region001.gbk_region_1,C843207,None,0.51,Yes (No MIBiG connection)
CR18_CH180410_F_contig_23338.region001.gbk_region_1,C843207,None,0.51,Yes (No MIBiG connection)
CR17_EP170215_S_contig_20388.region001.gbk_region_1,C843207,None,0.51,Yes (No MIBiG connection)
HYD22_FC_221023_F_contig_22987.region001.gbk_region_1,C843207,None,0.51,Yes (No MIBiG connection)
CR17_BR170218_1_S_contig_13837.region001.gbk_region_1,C843208,None,0.51,Yes (No MIBiG connection)
EPR_alvinella_k141_4090.region001.gbk_region_1,C843211,None,0.51,Yes (No MIBiG connection)
CR18_LB180410_F_contig_12062.region001.gbk_region_1,C843209,None,0.51,Yes (No MIBiG connection)
CHL22_CN_220327_F_contig_227.region001.gbk_region_1,C843207,None,0.51,Yes (No MIBiG connection)
CR18_CZ180409_F_contig_3230.region001.gbk_region_1,C843207,None,0.51,Yes (No MIBiG connection)
CR18_BS180407_F_contig_32480.region001.gbk_region_1,C843209,None,0.51,Yes (No MIBiG connection)
CR18_LH180406_F_contig_25980.region001.gbk_region_1,C843209,None,0.51,Yes (No MIBiG connection)
CHL22_IS_220328_F_contig_5887.region001.gbk_region_1,C843209,BGC0000343.gbk_region_1,0.47,No (Directly observed)
CR18_LH180406_F_contig_35895.region001.gbk_region_1,C843209,None,0.51,Yes (No MIBiG connection)
CR18_LH180406_F_contig_39756.region001.gbk_region_1,C843209,None,0.51,Yes (No MIBiG connection)
CR18_LP180406_F_contig_27742.region001.gbk_region_1,C843209,None,0.51,Yes (No MIBiG connection)
CHL22_QN_220317_F_contig_139693.region001.gbk_region_1,C843207,None,0.51,Yes (No MIBiG connection)
CHL22_CA_220323_F_contig_159408.region001.gbk_region_1,C843207,None,0.51,Yes (No MIBiG connection)
CHL22_CC_220324_F_contig_15351.region001.gbk_region_1,C843207,None,0.51,Yes (No MIBiG connection)
CHL22_LP_220401_F_contig_22070.region001.gbk_region_1,C843208,None,0.51,Yes (No MIBiG connection)
AEO22_LB_220827_F_contig_6510.region001.gbk_region_1,C843208,None,0.51,Yes (No MIBiG connection)
KJ_230721_F_NODE_13104_length_8022_cov_0.864598.region001.gbk_region_1,C843211,None,0.51,Yes (No MIBiG connection)
CHL22_OA_220325_F_contig_30365.region001.gbk_region_1,C843210,None,0.51,Yes (No MIBiG connection)
CR18_LW180405_S_contig_1217.region001.gbk_region_1,C843210,None,0.51,Yes (No MIBiG connection)
CR18_HA180403_F_contig_13150.region001.gbk_region_1,C843208,None,0.51,Yes (No MIBiG connection)
KJ_230721_F_NODE_1494_length_42632_cov_12.305070.region001.gbk_region_1,C843208,None,0.51,Yes (No MIBiG connection)
CR17_ET170220_1_S_contig_4253.region001.gbk_region_1,C843208,None,0.51,Yes (No MIBiG connection)
CR18_LB180410_F_contig_11961.region001.gbk_region_1,C843207,None,0.51,Yes (No MIBiG connection)
CHL22_OA_220325_F_contig_64845.region001.gbk_region_1,C843207,None,0.51,Yes (No MIBiG connection)
CR18_PX180416_S_contig_12660.region001.gbk_region_1,C843208,None,0.51,Yes (No MIBiG connection)
CHL22_CC_220324_F_contig_36134.region001.gbk_region_1,C843208,None,0.51,Yes (No MIBiG connection)
CHL22_CC_220324_F_contig_66920.region001.gbk_region_1,C843208,None,0.51,Yes (No MIBiG connection)
CHL22_LC_220316_F_contig_55300.region001.gbk_region_1,C843207,None,0.51,Yes (No MIBiG connection)
CR17_EP170215_F_contig_2187.region001.gbk_region_1,C843207,None,0.51,Yes (No MIBiG connection)
FEN_LS_S_NODE_17339_length_2936_cov_3.322457.region001.gbk_region_1,C843207,None,0.51,Yes (No MIBiG connection)
CR17_CY170214_S_contig_6920.region001.gbk_region_1,C843207,None,0.51,Yes (No MIBiG connection)
CR18_CV180410_S_contig_211.region001.gbk_region_1,C843209,None,0.51,Yes (No MIBiG connection)
EPR_teddybear_k141_774557.region001.gbk_region_1,C843208,None,0.51,Yes (No MIBiG connection)
KJ_230721_F_NODE_29645_length_4405_cov_1.346891.region001.gbk_region_1,C843207,None,0.51,Yes (No MIBiG connection)
CHL22_OA_220325_F_contig_55606.region001.gbk_region_1,C843207,None,0.51,Yes (No MIBiG connection)
CHL22_CZ_220329_F_contig_67217.region001.gbk_region_1,C843207,None,0.51,Yes (No MIBiG connection)
KJ_230721_F_NODE_10516_length_9495_cov_1.484842.region001.gbk_region_1,C843207,None,0.51,Yes (No MIBiG connection)
CR18_BW180407_F_contig_2439.region001.gbk_region_1,C843207,None,0.51,Yes (No MIBiG connection)
CHL22_CA_220323_F_contig_49318.region001.gbk_region_1,C843207,None,0.51,Yes (No MIBiG connection)
CHL22_CC_220324_F_contig_22134.region001.gbk_region_1,C843207,None,0.51,Yes (No MIBiG connection)
CHL22_CC_220324_F_contig_53894.region001.gbk_region_1,C843207,None,0.51,Yes (No MIBiG connection)
CHL22_EQ_220330_F_contig_31630.region001.gbk_region_1,C843208,None,0.51,Yes (No MIBiG connection)
CR18_CV180410_S_contig_106.region001.gbk_region_1,C843208,None,0.51,Yes (No MIBiG connection)
CR17_PG172224_S_contig_3105.region001.gbk_region_1,C843208,None,0.51,Yes (No MIBiG connection)
CR18_LE180416_S_contig_161.region001.gbk_region_1,C843208,None,0.51,Yes (No MIBiG connection)
CHL22_CC_220324_F_contig_70121.region001.gbk_region_1,C843207,None,0.51,Yes (No MIBiG connection)
CR18_LB180410_F_contig_4638.region001.gbk_region_1,C843207,None,0.51,Yes (No MIBiG connection)
CR18_RC180404_S_contig_18603.region001.gbk_region_1,C843209,None,0.51,Yes (No MIBiG connection)
CR18_LH180406_F_contig_1186.region001.gbk_region_1,C843212,None,0.51,Yes (No MIBiG connection)
CR17_PG172224_F_contig_4.region001.gbk_region_1,C843212,None,0.51,Yes (No MIBiG connection)
CR18_XF180416_F_contig_720.region001.gbk_region_1,C843212,None,0.51,Yes (No MIBiG connection)
CR19_SG_190719_F_contig_994.region001.gbk_region_1,C843212,BGC0002174.gbk_region_1,0.49,No (Directly observed)
CR18_LE180416_F_contig_2065.region001.gbk_region_1,C843212,None,0.51,Yes (No MIBiG connection)
HYD22_CB_221018_F_contig_21203.region001.gbk_region_1,C843207,None,0.51,Yes (No MIBiG connection)
CHL22_PR_220403_F_contig_10019.region001.gbk_region_1,C843207,None,0.51,Yes (No MIBiG connection)
AEO22_CF_220902_F_contig_23852.region001.gbk_region_1,C843207,None,0.51,Yes (No MIBiG connection)
CHL22_EQ_220330_F_contig_24922.region001.gbk_region_1,C843207,None,0.51,Yes (No MIBiG connection)
CR18_CH180410_S_contig_12527.region001.gbk_region_1,C843207,None,0.51,Yes (No MIBiG connection)
FEN_SI_1_NODE_1894_length_6258_cov_5.295663.region001.gbk_region_1,C843207,None,0.51,Yes (No MIBiG connection)
CHL22_CN_220327_F_contig_43881.region001.gbk_region_1,C843208,None,0.51,Yes (No MIBiG connection)
CHL22_QN_220317_F_contig_12085.region001.gbk_region_1,C843208,None,0.51,Yes (No MIBiG connection)
CHL22_EQ_220330_F_contig_30205.region001.gbk_region_1,C843208,None,0.51,Yes (No MIBiG connection)
FEN_LS_F_NODE_122_length_59120_cov_13.177178.region001.gbk_region_1,C843208,None,0.51,Yes (No MIBiG connection)
CHL22_OA_220325_F_contig_53064.region001.gbk_region_1,C843211,None,0.51,Yes (No MIBiG connection)
CHL22_QN_220317_F_contig_46624.region001.gbk_region_1,C843207,None,0.51,Yes (No MIBiG connection)
CHL22_RS_220319_F_contig_104.region002.gbk_region_2,C843209,None,0.51,Yes (No MIBiG connection)
EPR_teddybear_k141_811291.region001.gbk_region_1,C843207,None,0.51,Yes (No MIBiG connection)
CHL22_CA_220323_F_contig_193340.region001.gbk_region_1,C843207,None,0.51,Yes (No MIBiG connection)
CHL22_QN_220317_F_contig_12658.region001.gbk_region_1,C843208,None,0.51,Yes (No MIBiG connection)
CHL22_LP_220401_F_contig_49358.region001.gbk_region_1,C843207,None,0.51,Yes (No MIBiG connection)
CHL22_QN_220317_F_contig_61722.region001.gbk_region_1,C843207,None,0.51,Yes (No MIBiG connection)
KJ_230721_F_NODE_7711_length_12026_cov_1.030591.region001.gbk_region_1,C843208,None,0.51,Yes (No MIBiG connection)
TR_230731_S_NODE_2406_length_20419_cov_5.747487.region001.gbk_region_1,C843208,None,0.51,Yes (No MIBiG connection)
HYD22_SC_221020_F_contig_4156.region001.gbk_region_1,C843208,None,0.51,Yes (No MIBiG connection)
CR18_RC180404_S_contig_11362.region001.gbk_region_1,C843208,None,0.51,Yes (No MIBiG connection)
AEO22_OS_220830_F_contig_213.region001.gbk_region_1,C843208,None,0.51,Yes (No MIBiG connection)
AEO22_TC_220902_F_contig_23274.region001.gbk_region_1,C843207,BGC0001561.gbk_region_1,0.49,No (Directly observed)
AEO22_TC_220902_F_contig_2576.region001.gbk_region_1,C843207,None,0.51,Yes (No MIBiG connection)
CHL22_QN_220317_F_contig_134942.region001.gbk_region_1,C843207,None,0.51,Yes (No MIBiG connection)
EPR_riftia_k141_237916.region001.gbk_region_1,C843208,None,0.51,Yes (No MIBiG connection)
HYD22_FC_221023_F_contig_14549.region001.gbk_region_1,C843208,None,0.51,Yes (No MIBiG connection)
CR17_QN170220_S_contig_4048.region001.gbk_region_1,C843208,None,0.51,Yes (No MIBiG connection)
HYD22_FC_221023_F_contig_1049.region001.gbk_region_1,C843208,BGC0000871.gbk_region_1,0.48,No (Directly observed)
CHL22_CZ_220329_F_contig_78350.region001.gbk_region_1,C843207,None,0.51,Yes (No MIBiG connection)
CHL22_QN_220317_F_contig_3185.region001.gbk_region_1,C843208,None,0.51,Yes (No MIBiG connection)
CHL22_LA_220331_F_contig_10302.region001.gbk_region_1,C843207,None,0.51,Yes (No MIBiG connection)
CHL22_LC_220316_F_contig_50064.region001.gbk_region_1,C843208,None,0.51,Yes (No MIBiG connection)
CHL22_QN_220317_F_contig_167658.region001.gbk_region_1,C843207,None,0.51,Yes (No MIBiG connection)
CR18_LW180405_F_contig_377.region001.gbk_region_1,C843208,None,0.51,Yes (No MIBiG connection)
GUY_SRR21545388_k141_2674711.region001.gbk_region_1,C843207,None,0.51,Yes (No MIBiG connection)
GUY_SRR21545388_k141_1303040.region001.gbk_region_1,C843207,None,0.51,Yes (No MIBiG connection)
AEO22_BO_220829_F_contig_5110.region001.gbk_region_1,C843207,None,0.51,Yes (No MIBiG connection)
CHL22_LP_220401_F_contig_21391.region001.gbk_region_1,C843207,None,0.51,Yes (No MIBiG connection)
CR18_RC180404_F_contig_2451.region001.gbk_region_1,C843207,None,0.51,Yes (No MIBiG connection)
FEN_GA_S_NODE_1804_length_2432_cov_3.773244.region001.gbk_region_1,C843207,None,0.51,Yes (No MIBiG connection)
CHL22_QN_220317_F_contig_21435.region001.gbk_region_1,C843207,None,0.51,Yes (No MIBiG connection)
CHL22_QN_220317_F_contig_3533.region001.gbk_region_1,C843208,None,0.51,Yes (No MIBiG connection)
CHL22_QN_220317_F_contig_168259.region001.gbk_region_1,C843208,None,0.51,Yes (No MIBiG connection)
CHL22_CC_220324_F_contig_72362.region001.gbk_region_1,C843209,None,0.51,Yes (No MIBiG connection)
CR18_CL180409_F_contig_3041.region001.gbk_region_1,C843207,None,0.51,Yes (No MIBiG connection)
CR18_CI180408_F_contig_169.region001.gbk_region_1,C843207,None,0.51,Yes (No MIBiG connection)
AEO22_TC_220902_F_contig_1653.region001.gbk_region_1,C843207,None,0.51,Yes (No MIBiG connection)
KJ_230721_F_NODE_7915_length_11780_cov_1.590406.region001.gbk_region_1,C843207,None,0.51,Yes (No MIBiG connection)
CR17_MT170219_F_contig_27.region001.gbk_region_1,C843207,None,0.51,Yes (No MIBiG connection)
NR_230731_S_NODE_1019_length_23022_cov_4.483424.region001.gbk_region_1,C843207,None,0.51,Yes (No MIBiG connection)
GUY_SRR21545384_k141_60477.region001.gbk_region_1,C843207,None,0.51,Yes (No MIBiG connection)
GUY_SRR21545382_k141_154374.region001.gbk_region_1,C843207,None,0.51,Yes (No MIBiG connection)
CR18_ER180415_S_contig_3140.region001.gbk_region_1,C843207,None,0.51,Yes (No MIBiG connection)
CHL22_PJ_220330_F_contig_45433.region001.gbk_region_1,C843207,None,0.51,Yes (No MIBiG connection)
AEO22_TC_220902_F_contig_36147.region001.gbk_region_1,C843207,None,0.51,Yes (No MIBiG connection)
CR17_CY170214_S_contig_6.region001.gbk_region_1,C843208,None,0.51,Yes (No MIBiG connection)
AEO22_OS_220830_F_contig_642.region001.gbk_region_1,C843208,None,0.51,Yes (No MIBiG connection)
GUY_SRR21545388_k141_849075.region001.gbk_region_1,C843207,None,0.51,Yes (No MIBiG connection)
CR18_MC180404_S_contig_9513.region001.gbk_region_1,C843207,None,0.51,Yes (No MIBiG connection)
EPR_riftia_k141_421869.region001.gbk_region_1,C843207,None,0.51,Yes (No MIBiG connection)
EPR_riftia_k141_328773.region001.gbk_region_1,C843207,None,0.51,Yes (No MIBiG connection)
CHL22_QN_220317_F_contig_2011.region001.gbk_region_1,C843208,None,0.51,Yes (No MIBiG connection)
CHL22_LC_220316_F_contig_17110.region001.gbk_region_1,C843207,None,0.51,Yes (No MIBiG connection)
AEO22_TC_220902_F_contig_3653.region001.gbk_region_1,C843209,BGC0003005.gbk_region_1,0.33,No (Directly observed)
CR18_CV180410_S_contig_2477.region001.gbk_region_1,C843207,None,0.51,Yes (No MIBiG connection)
AEO22_TC_220902_F_contig_32777.region001.gbk_region_1,C843207,None,0.51,Yes (No MIBiG connection)
CHL22_CA_220323_F_contig_4974.region001.gbk_region_1,C843208,None,0.51,Yes (No MIBiG connection)
CHL22_OA_220325_F_contig_89342.region001.gbk_region_1,C843208,None,0.51,Yes (No MIBiG connection)
CHL22_CC_220324_F_contig_74158.region001.gbk_region_1,C843209,BGC0000359.gbk_region_1,0.5,No (Directly observed)
TR_230731_S_NODE_29956_length_2755_cov_5.743151.region001.gbk_region_1,C843209,None,0.51,Yes (No MIBiG connection)
GUY_SRR21545388_k141_598988.region001.gbk_region_1,C843207,None,0.51,Yes (No MIBiG connection)
CHL22_QN_220317_F_contig_81749.region001.gbk_region_1,C843209,None,0.51,Yes (No MIBiG connection)
GUY_SRR21545382_k141_1846519.region001.gbk_region_1,C843207,None,0.51,Yes (No MIBiG connection)
GUY_SRR21545382_k141_959359.region001.gbk_region_1,C843207,None,0.51,Yes (No MIBiG connection)
CR18_LE180416_S_contig_97.region001.gbk_region_1,C843208,None,0.51,Yes (No MIBiG connection)
CHL22_CR_220324_F_contig_2113.region001.gbk_region_1,C843207,None,0.51,Yes (No MIBiG connection)
CR18_CZ180409_F_contig_5686.region001.gbk_region_1,C843207,None,0.51,Yes (No MIBiG connection)
CR18_LB180410_F_contig_9488.region001.gbk_region_1,C843207,None,0.51,Yes (No MIBiG connection)
CHL22_QN_220317_F_contig_4501.region001.gbk_region_1,C843208,None,0.51,Yes (No MIBiG connection)
CR18_BC180410_contig_9114.region001.gbk_region_1,C843209,None,0.51,Yes (No MIBiG connection)
HYD22_CB_221018_F_contig_52632.region001.gbk_region_1,C843209,None,0.51,Yes (No MIBiG connection)
CHL22_PJ_220330_F_contig_22215.region001.gbk_region_1,C843209,None,0.51,Yes (No MIBiG connection)
CHL22_RS_220319_F_contig_83922.region001.gbk_region_1,C843209,None,0.51,Yes (No MIBiG connection)
AEO22_CF_220902_F_contig_7947.region001.gbk_region_1,C843209,None,0.51,Yes (No MIBiG connection)
CHL22_QN_220317_F_contig_76151.region001.gbk_region_1,C843209,None,0.51,Yes (No MIBiG connection)
CHL22_CC_220324_F_contig_80075.region001.gbk_region_1,C843209,None,0.51,Yes (No MIBiG connection)
CR17_PF170222_S_contig_11320.region001.gbk_region_1,C843209,None,0.51,Yes (No MIBiG connection)
AEO22_BO_220829_F_contig_55115.region001.gbk_region_1,C843209,None,0.51,Yes (No MIBiG connection)
CR18_LP180406_F_contig_6481.region001.gbk_region_1,C843209,None,0.51,Yes (No MIBiG connection)
CR18_SC180411_S_contig_21650.region001.gbk_region_1,C843207,None,0.51,Yes (No MIBiG connection)
CHL22_LP_220401_F_contig_30678.region001.gbk_region_1,C843208,None,0.51,Yes (No MIBiG connection)
CR17_TC170221_F_contig_5643.region001.gbk_region_1,C843208,None,0.51,Yes (No MIBiG connection)
CHL22_QN_220317_F_contig_88321.region001.gbk_region_1,C843208,None,0.51,Yes (No MIBiG connection)
CHL22_EQ_220330_F_contig_14237.region001.gbk_region_1,C843207,BGC0002755.gbk_region_1,0.49,No (Directly observed)
CR18_LE180416_F_contig_1637.region001.gbk_region_1,C843207,BGC0001758.gbk_region_1,0.5,No (Directly observed)
HYD22_SC_221020_F_contig_116.region001.gbk_region_1,C843207,None,0.51,Yes (No MIBiG connection)
GUY_SRR21545382_k141_5394.region001.gbk_region_1,C843207,None,0.51,Yes (No MIBiG connection)
GUY_SRR21545382_k141_1210802.region001.gbk_region_1,C843207,None,0.51,Yes (No MIBiG connection)
CR17_RS170216_S_contig_1666.region001.gbk_region_1,C843207,None,0.51,Yes (No MIBiG connection)
CHL22_LR_220331_F_contig_2033.region001.gbk_region_1,C843208,None,0.51,Yes (No MIBiG connection)
CHL22_LA_220331_F_contig_2499.region001.gbk_region_1,C843208,None,0.51,Yes (No MIBiG connection)
FEN_GA_S_NODE_372_length_4884_cov_4.946159.region001.gbk_region_1,C843210,None,0.51,Yes (No MIBiG connection)
CR18_CV180410_S_contig_8.region001.gbk_region_1,C843208,None,0.51,Yes (No MIBiG connection)
FEN_FE_F_NODE_481_length_4204_cov_3.000482.region001.gbk_region_1,C843207,None,0.51,Yes (No MIBiG connection)
HYD22_SP_221019_F_contig_29813.region001.gbk_region_1,C843207,None,0.51,Yes (No MIBiG connection)
CR17_SL170214_F_contig_4578.region001.gbk_region_1,C843208,None,0.51,Yes (No MIBiG connection)
CR19_LR_190628_S_contig_4114.region001.gbk_region_1,C843208,None,0.51,Yes (No MIBiG connection)
CHL22_CH_220319_F_contig_55979.region001.gbk_region_1,C843207,None,0.51,Yes (No MIBiG connection)
CHL22_LR_220331_F_contig_41662.region001.gbk_region_1,C843207,None,0.51,Yes (No MIBiG connection)
CR18_SC180411_S_contig_12694.region001.gbk_region_1,C843207,None,0.51,Yes (No MIBiG connection)
CHL22_QN_220317_F_contig_113968.region001.gbk_region_1,C843207,None,0.51,Yes (No MIBiG connection)
CR18_CH180410_S_contig_17731.region001.gbk_region_1,C843207,None,0.51,Yes (No MIBiG connection)
CHL22_QN_220317_F_contig_69181.region001.gbk_region_1,C843207,None,0.51,Yes (No MIBiG connection)
CHL22_LP_220401_F_contig_28026.region001.gbk_region_1,C843207,None,0.51,Yes (No MIBiG connection)
CHL22_LC_220316_F_contig_18831.region001.gbk_region_1,C843209,None,0.51,Yes (No MIBiG connection)
CR17_PG172224_S_contig_384.region001.gbk_region_1,C843207,None,0.51,Yes (No MIBiG connection)
CR18_CV180410_S_contig_6445.region001.gbk_region_1,C843207,None,0.51,Yes (No MIBiG connection)
CR18_LP180406_F_contig_3373.region001.gbk_region_1,C843209,None,0.51,Yes (No MIBiG connection)
CR17_EP170215_S_contig_4128.region001.gbk_region_1,C843207,None,0.51,Yes (No MIBiG connection)
CHL22_CN_220327_F_contig_17282.region001.gbk_region_1,C843207,None,0.51,Yes (No MIBiG connection)
CHL22_CU_220402_F_contig_100872.region001.gbk_region_1,C843209,BGC0000343.gbk_region_1,0.18,No (Directly observed)
CHL22_EQ_220330_F_contig_3940.region001.gbk_region_1,C843209,BGC0001502.gbk_region_1,0.19,No (Directly observed)
CHL22_CU_220402_F_contig_71688.region001.gbk_region_1,C843209,BGC0001502.gbk_region_1,0.35,No (Directly observed)
CHL22_CU_220402_F_contig_38647.region001.gbk_region_1,C843209,BGC0001502.gbk_region_1,0.39,No (Directly observed)
CHL22_CA_220323_F_contig_80597.region001.gbk_region_1,C843209,None,0.51,Yes (No MIBiG connection)
CR18_CH180410_S_contig_21978.region001.gbk_region_1,C843209,None,0.51,Yes (No MIBiG connection)
CR18_BW180407_F_contig_22.region001.gbk_region_1,C843208,None,0.51,Yes (No MIBiG connection)
CHL22_LN_220321_F_contig_29411.region001.gbk_region_1,C843208,None,0.51,Yes (No MIBiG connection)
CHL22_SR_220328_F_contig_250.region001.gbk_region_1,C843208,None,0.51,Yes (No MIBiG connection)
CR17_EP170215_S_contig_357.region001.gbk_region_1,C843208,BGC0000871.gbk_region_1,0.47,No (Directly observed)
CHL22_LC_220316_F_contig_34805.region001.gbk_region_1,C843208,None,0.51,Yes (No MIBiG connection)
CHL22_QN_220317_F_contig_54333.region001.gbk_region_1,C843208,None,0.51,Yes (No MIBiG connection)
CHL22_QN_220317_F_contig_21902.region001.gbk_region_1,C843208,None,0.51,Yes (No MIBiG connection)
CHL22_LC_220316_F_contig_4553.region001.gbk_region_1,C843208,None,0.51,Yes (No MIBiG connection)
HYD22_FC_221023_F_contig_2450.region001.gbk_region_1,C843208,None,0.51,Yes (No MIBiG connection)
AEO22_TC_220902_F_contig_1601.region001.gbk_region_1,C843208,None,0.51,Yes (No MIBiG connection)
EPR_riftia_k141_331688.region001.gbk_region_1,C843208,None,0.51,Yes (No MIBiG connection)
CR18_MC180404_S_contig_2111.region001.gbk_region_1,C843208,None,0.51,Yes (No MIBiG connection)
CHL22_IS_220328_F_contig_12471.region001.gbk_region_1,C843209,None,0.51,Yes (No MIBiG connection)
CR17_SI170217_S_contig_5041.region001.gbk_region_1,C843208,None,0.51,Yes (No MIBiG connection)
CHL22_CZ_220329_F_contig_26675.region001.gbk_region_1,C843207,None,0.51,Yes (No MIBiG connection)
CHL22_LP_220401_F_contig_32238.region001.gbk_region_1,C843207,None,0.51,Yes (No MIBiG connection)
EPR_teddybear_k141_138005.region001.gbk_region_1,C843207,None,0.51,Yes (No MIBiG connection)
FEN_GA_F_NODE_6638_length_3796_cov_4.773590.region001.gbk_region_1,C843207,None,0.51,Yes (No MIBiG connection)
CR18_ER180415_S_contig_14803.region001.gbk_region_1,C843207,None,0.51,Yes (No MIBiG connection)
AEO22_CF_220902_F_contig_8676.region001.gbk_region_1,C843210,None,0.51,Yes (No MIBiG connection)
CHL22_OA_220325_F_contig_35534.region001.gbk_region_1,C843210,None,0.51,Yes (No MIBiG connection)
CR17_RS170216_S_contig_31584.region001.gbk_region_1,C843210,None,0.51,Yes (No MIBiG connection)
CHL22_QN_220317_F_contig_153524.region001.gbk_region_1,C843208,None,0.51,Yes (No MIBiG connection)
CHL22_RS_220319_F_contig_28615.region001.gbk_region_1,C843209,None,0.51,Yes (No MIBiG connection)
CR18_LE180416_F_contig_544.region001.gbk_region_1,C843208,None,0.51,Yes (No MIBiG connection)
AEO22_TC_220902_F_contig_113.region001.gbk_region_1,C843208,None,0.51,Yes (No MIBiG connection)
CR18_BS180407_F_contig_11046.region001.gbk_region_1,C843209,None,0.51,Yes (No MIBiG connection)
CR18_BS180407_F_contig_11784.region001.gbk_region_1,C843209,None,0.51,Yes (No MIBiG connection)
CR18_LE180416_S_contig_22030.region001.gbk_region_1,C843207,None,0.51,Yes (No MIBiG connection)
CHL22_QN_220317_F_contig_43990.region001.gbk_region_1,C843208,None,0.51,Yes (No MIBiG connection)
CHL22_LN_220321_F_contig_4289.region002.gbk_region_2,C843207,None,0.51,Yes (No MIBiG connection)
EPR_teddybear_k141_232197.region001.gbk_region_1,C843207,None,0.51,Yes (No MIBiG connection)
CHL22_GB_220322_F_contig_12276.region002.gbk_region_2,C843207,None,0.51,Yes (No MIBiG connection)
CHL22_QN_220317_F_contig_162300.region001.gbk_region_1,C843207,None,0.51,Yes (No MIBiG connection)
CHL22_LN_220321_F_contig_39393.region001.gbk_region_1,C843207,None,0.51,Yes (No MIBiG connection)
CHL22_QN_220317_F_contig_131039.region001.gbk_region_1,C843207,None,0.51,Yes (No MIBiG connection)
FEN_FE_S_NODE_303_length_5024_cov_5.067418.region001.gbk_region_1,C843207,None,0.51,Yes (No MIBiG connection)
CR18_LE180416_F_contig_15500.region001.gbk_region_1,C843207,None,0.51,Yes (No MIBiG connection)
CHL22_OA_220325_F_contig_40041.region001.gbk_region_1,C843208,None,0.51,Yes (No MIBiG connection)
GUY_SRR21545382_k141_48062.region001.gbk_region_1,C843207,None,0.51,Yes (No MIBiG connection)
CHL22_LV_220331_F_contig_34136.region001.gbk_region_1,C843207,None,0.51,Yes (No MIBiG connection)
HYD22_FC_221023_F_contig_63839.region001.gbk_region_1,C843207,None,0.51,Yes (No MIBiG connection)
CHL22_PR_220403_F_contig_36086.region001.gbk_region_1,C843209,BGC0000945.gbk_region_1,0.49,No (Directly observed)
CHL22_PJ_220330_F_contig_62631.region001.gbk_region_1,C843209,BGC0001615.gbk_region_1,0.33,No (Directly observed)
CHL22_LP_220401_F_contig_27353.region001.gbk_region_1,C843207,None,0.51,Yes (No MIBiG connection)
CHL22_CA_220323_F_contig_157001.region001.gbk_region_1,C843207,None,0.51,Yes (No MIBiG connection)
CHL22_LC_220316_F_contig_3837.region001.gbk_region_1,C843208,None,0.51,Yes (No MIBiG connection)
CR17_QN170220_S_contig_4951.region001.gbk_region_1,C843208,None,0.51,Yes (No MIBiG connection)
CHL22_CZ_220329_F_contig_8605.region001.gbk_region_1,C843208,None,0.51,Yes (No MIBiG connection)
HYD22_FC_221023_F_contig_173.region001.gbk_region_1,C843208,None,0.51,Yes (No MIBiG connection)
HYD22_FC_221023_F_contig_1866.region001.gbk_region_1,C843208,None,0.51,Yes (No MIBiG connection)
CR17_QN170220_S_contig_5173.region001.gbk_region_1,C843208,None,0.51,Yes (No MIBiG connection)
CR18_CH180410_F_contig_18676.region001.gbk_region_1,C843207,None,0.51,Yes (No MIBiG connection)
CR18_CW180415_F_contig_192.region001.gbk_region_1,C843208,None,0.51,Yes (No MIBiG connection)
CHL22_PJ_220330_F_contig_27717.region001.gbk_region_1,C843207,BGC0001758.gbk_region_1,0.46,No (Directly observed)
CR18_DS_F_contig_478.region001.gbk_region_1,C843207,None,0.51,Yes (No MIBiG connection)
CHL22_CC_220324_F_contig_81314.region001.gbk_region_1,C843215,None,0.51,Yes (No MIBiG connection)
CHL22_PJ_220330_F_contig_19233.region001.gbk_region_1,C843215,None,0.51,Yes (No MIBiG connection)
HYD22_CB_221018_F_contig_1212.region001.gbk_region_1,C843215,None,0.51,Yes (No MIBiG connection)
CHL22_LP_220401_F_contig_3597.region001.gbk_region_1,C843215,None,0.51,Yes (No MIBiG connection)
CHL22_IS_220328_F_contig_436.region001.gbk_region_1,C843215,None,0.51,Yes (No MIBiG connection)
CHL22_EQ_220330_F_contig_37829.region004.gbk_region_4,C843215,None,0.51,Yes (No MIBiG connection)
CHL22_GB_220322_F_contig_4846.region004.gbk_region_4,C843215,None,0.51,Yes (No MIBiG connection)
CHL22_OA_220325_F_contig_59603.region001.gbk_region_1,C843211,None,0.51,Yes (No MIBiG connection)
CHL22_PJ_220330_F_contig_57640.region001.gbk_region_1,C843207,None,0.51,Yes (No MIBiG connection)
CHL22_EQ_220330_F_contig_36810.region001.gbk_region_1,C843208,None,0.51,Yes (No MIBiG connection)
CHL22_LP_220401_F_contig_26050.region001.gbk_region_1,C843207,None,0.51,Yes (No MIBiG connection)
FEN_PI_S_NODE_92_length_29274_cov_25.566960.region001.gbk_region_1,C843208,None,0.51,Yes (No MIBiG connection)
CHL22_QN_220317_F_contig_82326.region001.gbk_region_1,C843208,None,0.51,Yes (No MIBiG connection)
CR17_RS170216_S_contig_9032.region001.gbk_region_1,C843208,None,0.51,Yes (No MIBiG connection)
CR17_PF170222_S_contig_1826.region001.gbk_region_1,C843208,None,0.51,Yes (No MIBiG connection)
HYD22_FC_221023_F_contig_22506.region001.gbk_region_1,C843208,None,0.51,Yes (No MIBiG connection)
CHL22_LC_220316_F_contig_28706.region001.gbk_region_1,C843208,None,0.51,Yes (No MIBiG connection)
CR18_YR180404_F_contig_30772.region001.gbk_region_1,C843208,None,0.51,Yes (No MIBiG connection)
CR17_FA170219_1_S_contig_39777.region001.gbk_region_1,C843208,None,0.51,Yes (No MIBiG connection)
CHL22_LP_220401_F_contig_90846.region001.gbk_region_1,C843208,None,0.51,Yes (No MIBiG connection)
CR18_XF180416_F_contig_425.region001.gbk_region_1,C843207,None,0.51,Yes (No MIBiG connection)
CR18_LP180406_F_contig_1428.region001.gbk_region_1,C843207,None,0.51,Yes (No MIBiG connection)
CHL22_PR_220403_F_contig_32407.region001.gbk_region_1,C843207,None,0.51,Yes (No MIBiG connection)
EPR_riftia_k141_170102.region001.gbk_region_1,C843207,None,0.51,Yes (No MIBiG connection)
EPR_riftia_k141_361828.region001.gbk_region_1,C843207,None,0.51,Yes (No MIBiG connection)
CHL22_GB_220322_F_contig_2148.region001.gbk_region_1,C843207,None,0.51,Yes (No MIBiG connection)
CHL22_PR_220403_F_contig_44514.region001.gbk_region_1,C843207,None,0.51,Yes (No MIBiG connection)
CHL22_LC_220316_F_contig_74037.region001.gbk_region_1,C843208,None,0.51,Yes (No MIBiG connection)
CHL22_QN_220317_F_contig_11664.region001.gbk_region_1,C843208,None,0.51,Yes (No MIBiG connection)
CHL22_LC_220316_F_contig_24018.region001.gbk_region_1,C843208,None,0.51,Yes (No MIBiG connection)
CR17_EP170215_F_contig_5229.region001.gbk_region_1,C843207,None,0.51,Yes (No MIBiG connection)
CH20_GS_200305_F_contig_16.region001.gbk_region_1,C843207,None,0.51,Yes (No MIBiG connection)
EPR_teddybear_k141_325343.region001.gbk_region_1,C843207,None,0.51,Yes (No MIBiG connection)
CHL22_CC_220324_F_contig_86857.region001.gbk_region_1,C843207,BGC0002421.gbk_region_1,0.4,No (Directly observed)
CHL22_QN_220317_F_contig_193995.region001.gbk_region_1,C843207,None,0.51,Yes (No MIBiG connection)
AEO22_BO_220829_F_contig_53824.region001.gbk_region_1,C843207,None,0.51,Yes (No MIBiG connection)
GUY_SRR21545382_k141_1619706.region001.gbk_region_1,C843207,None,0.51,Yes (No MIBiG connection)
GUY_SRR21545382_k141_1685158.region001.gbk_region_1,C843207,None,0.51,Yes (No MIBiG connection)
CR18_LE180416_S_contig_7830.region001.gbk_region_1,C843209,None,0.51,Yes (No MIBiG connection)
CR17_CY170214_S_contig_2993.region001.gbk_region_1,C843209,None,0.51,Yes (No MIBiG connection)
CR18_CV180410_S_contig_10103.region001.gbk_region_1,C843209,None,0.51,Yes (No MIBiG connection)
CHL22_CU_220402_F_contig_100504.region001.gbk_region_1,C843209,None,0.51,Yes (No MIBiG connection)
CHL22_CU_220402_F_contig_15916.region001.gbk_region_1,C843209,None,0.51,Yes (No MIBiG connection)
CHL22_QN_220317_F_contig_113304.region001.gbk_region_1,C843207,None,0.51,Yes (No MIBiG connection)
CHL22_OA_220325_F_contig_82268.region001.gbk_region_1,C843207,BGC0001351.gbk_region_1,0.47,No (Directly observed)
CHL22_CA_220323_F_contig_80317.region001.gbk_region_1,C843207,None,0.51,Yes (No MIBiG connection)
CHL22_QN_220317_F_contig_116982.region001.gbk_region_1,C843207,None,0.51,Yes (No MIBiG connection)
CR18_GE180403_S_contig_21305.region001.gbk_region_1,C843207,None,0.51,Yes (No MIBiG connection)
CHL22_QN_220317_F_contig_132168.region001.gbk_region_1,C843207,None,0.51,Yes (No MIBiG connection)
CR17_ET170220_1_S_contig_2276.region001.gbk_region_1,C843207,None,0.51,Yes (No MIBiG connection)
CR18_HA180403_F_contig_732.region001.gbk_region_1,C843207,None,0.51,Yes (No MIBiG connection)
CHL22_LR_220331_F_contig_34435.region001.gbk_region_1,C843207,None,0.51,Yes (No MIBiG connection)
CHL22_LP_220401_F_contig_100198.region001.gbk_region_1,C843207,None,0.51,Yes (No MIBiG connection)
CHL22_CN_220327_F_contig_30642.region001.gbk_region_1,C843207,None,0.51,Yes (No MIBiG connection)
CHL22_OA_220325_F_contig_108821.region001.gbk_region_1,C843214,None,0.51,Yes (No MIBiG connection)
CR18_CW180415_F_contig_309.region002.gbk_region_2,C843207,None,0.51,Yes (No MIBiG connection)
CHL22_PJ_220330_F_contig_7938.region001.gbk_region_1,C843207,None,0.51,Yes (No MIBiG connection)
HYD22_FC_221023_F_contig_26978.region001.gbk_region_1,C843207,None,0.51,Yes (No MIBiG connection)
CHL22_LR_220331_F_contig_6756.region001.gbk_region_1,C843207,None,0.51,Yes (No MIBiG connection)
CHL22_LC_220316_F_contig_80102.region001.gbk_region_1,C843207,None,0.51,Yes (No MIBiG connection)
CHL22_IS_220328_F_contig_8296.region001.gbk_region_1,C843207,None,0.51,Yes (No MIBiG connection)
CHL22_LA_220331_F_contig_11961.region001.gbk_region_1,C843207,None,0.51,Yes (No MIBiG connection)
CHL22_LC_220316_F_contig_133806.region001.gbk_region_1,C843207,None,0.51,Yes (No MIBiG connection)
AEO22_BO_220829_F_contig_42633.region001.gbk_region_1,C843209,None,0.51,Yes (No MIBiG connection)
CHL22_IS_220328_F_contig_4507.region001.gbk_region_1,C843209,None,0.51,Yes (No MIBiG connection)
CHL22_CC_220324_F_contig_2119.region001.gbk_region_1,C843209,None,0.51,Yes (No MIBiG connection)
CHL22_OA_220325_F_contig_60890.region001.gbk_region_1,C843209,None,0.51,Yes (No MIBiG connection)
CHL22_LC_220316_F_contig_8866.region001.gbk_region_1,C843209,None,0.51,Yes (No MIBiG connection)
HYD22_SC_221020_F_contig_56365.region001.gbk_region_1,C843209,None,0.51,Yes (No MIBiG connection)
CR17_PG172224_S_contig_35027.region001.gbk_region_1,C843209,None,0.51,Yes (No MIBiG connection)
CR17_BR170218_2_S_contig_19702.region001.gbk_region_1,C843209,None,0.51,Yes (No MIBiG connection)
CHL22_LP_220401_F_contig_2758.region001.gbk_region_1,C843209,None,0.51,Yes (No MIBiG connection)
CHL22_PJ_220330_F_contig_1777.region001.gbk_region_1,C843207,None,0.51,Yes (No MIBiG connection)
AEO22_TC_220902_F_contig_33805.region001.gbk_region_1,C843207,None,0.51,Yes (No MIBiG connection)
CHL22_QN_220317_F_contig_72451.region001.gbk_region_1,C843208,None,0.51,Yes (No MIBiG connection)
CHL22_QN_220317_F_contig_5733.region001.gbk_region_1,C843208,None,0.51,Yes (No MIBiG connection)
AEO22_BP2_220829_F_contig_34883.region001.gbk_region_1,C843207,None,0.51,Yes (No MIBiG connection)
CHL22_QN_220317_F_contig_166544.region001.gbk_region_1,C843207,None,0.51,Yes (No MIBiG connection)
CHL22_CU_220402_F_contig_96955.region001.gbk_region_1,C843207,None,0.51,Yes (No MIBiG connection)
CHL22_CZ_220329_F_contig_1607.region001.gbk_region_1,C843207,None,0.51,Yes (No MIBiG connection)
CHL22_LC_220316_F_contig_116912.region001.gbk_region_1,C843207,None,0.51,Yes (No MIBiG connection)
ISL21_GN1_210601_F_contig_379.region001.gbk_region_1,C843207,None,0.51,Yes (No MIBiG connection)
CHL22_OA_220325_F_contig_59826.region001.gbk_region_1,C843210,None,0.51,Yes (No MIBiG connection)
AEO22_OS_220830_F_contig_47853.region001.gbk_region_1,C843207,None,0.51,Yes (No MIBiG connection)
CHL22_PR_220403_F_contig_34391.region001.gbk_region_1,C843207,None,0.51,Yes (No MIBiG connection)
HYD22_SC_221020_F_contig_29950.region001.gbk_region_1,C843209,None,0.51,Yes (No MIBiG connection)
CR17_PG172224_S_contig_285.region001.gbk_region_1,C843209,None,0.51,Yes (No MIBiG connection)
HYD22_CB_221018_F_contig_1503.region001.gbk_region_1,C843207,BGC0002037.gbk_region_1,0.2,No (Directly observed)
FEN_LS_F_NODE_17404_length_2246_cov_4.751255.region001.gbk_region_1,C843207,None,0.51,Yes (No MIBiG connection)
CR18_LE180416_F_contig_20763.region001.gbk_region_1,C843212,None,0.51,Yes (No MIBiG connection)
CHL22_CA_220323_F_contig_95048.region001.gbk_region_1,C843212,None,0.51,Yes (No MIBiG connection)
KJ_230721_F_NODE_72483_length_2328_cov_1.272603.region001.gbk_region_1,C843207,None,0.51,Yes (No MIBiG connection)
CR18_LE180416_S_contig_262.region001.gbk_region_1,C843208,None,0.51,Yes (No MIBiG connection)
HYD22_FC_221023_F_contig_74076.region001.gbk_region_1,C843207,None,0.51,Yes (No MIBiG connection)
CR17_CY170214_S_contig_2565.region001.gbk_region_1,C843208,None,0.51,Yes (No MIBiG connection)
CHL22_CH_220319_F_contig_1998.region001.gbk_region_1,C843207,None,0.51,Yes (No MIBiG connection)
AEO22_BS_220902_F_contig_231.region001.gbk_region_1,C843209,None,0.51,Yes (No MIBiG connection)
AEO22_OS_220830_F_contig_29.region001.gbk_region_1,C843209,None,0.51,Yes (No MIBiG connection)
CHL22_LP_220401_F_contig_2010.region001.gbk_region_1,C843212,None,0.51,Yes (No MIBiG connection)
HYD22_CB_221018_F_contig_40.region001.gbk_region_1,C843212,None,0.51,Yes (No MIBiG connection)
CHL22_CC_220324_F_contig_69636.region001.gbk_region_1,C843212,None,0.51,Yes (No MIBiG connection)
CHL22_GB_220322_F_contig_26734.region001.gbk_region_1,C843212,None,0.51,Yes (No MIBiG connection)
CHL22_PJ_220330_F_contig_33837.region001.gbk_region_1,C843212,None,0.51,Yes (No MIBiG connection)
CHL22_IS_220328_F_contig_1139.region001.gbk_region_1,C843212,None,0.51,Yes (No MIBiG connection)
CHL22_EQ_220330_F_contig_36732.region001.gbk_region_1,C843212,None,0.51,Yes (No MIBiG connection)
CHL22_PR_220403_F_contig_33552.region001.gbk_region_1,C843208,None,0.51,Yes (No MIBiG connection)
CHL22_CH_220319_F_contig_1682.region001.gbk_region_1,C843208,None,0.51,Yes (No MIBiG connection)
EPR_riftia_k141_289977.region001.gbk_region_1,C843208,None,0.51,Yes (No MIBiG connection)
CR18_RC180404_F_contig_462.region001.gbk_region_1,C843208,None,0.51,Yes (No MIBiG connection)
HYD22_SB_221021_F_contig_34995.region001.gbk_region_1,C843208,None,0.51,Yes (No MIBiG connection)
CR18_CV180410_F_contig_140.region001.gbk_region_1,C843208,None,0.51,Yes (No MIBiG connection)
CR18_LW180405_S_contig_21.region001.gbk_region_1,C843208,None,0.51,Yes (No MIBiG connection)
AEO22_HO_220830_F_contig_9809.region001.gbk_region_1,C843208,None,0.51,Yes (No MIBiG connection)
AEO22_HO_220830_F_contig_880.region001.gbk_region_1,C843208,None,0.51,Yes (No MIBiG connection)
KJ_230721_F_NODE_30608_length_4304_cov_0.861144.region001.gbk_region_1,C843207,None,0.51,Yes (No MIBiG connection)
AEO22_TC_220902_F_contig_3449.region001.gbk_region_1,C843208,None,0.51,Yes (No MIBiG connection)
CR17_S14_S_contig_3679.region001.gbk_region_1,C843207,None,0.51,Yes (No MIBiG connection)
CHL22_SR_220328_F_contig_168.region001.gbk_region_1,C843207,None,0.51,Yes (No MIBiG connection)
CHL22_LR_220331_F_contig_16567.region001.gbk_region_1,C843207,None,0.51,Yes (No MIBiG connection)
HYD22_CB_221018_F_contig_25649.region001.gbk_region_1,C843207,None,0.51,Yes (No MIBiG connection)
GUY_SRR21545388_k141_2272191.region001.gbk_region_1,C843208,None,0.51,Yes (No MIBiG connection)
CR18_BW180407_F_contig_4633.region001.gbk_region_1,C843208,None,0.51,Yes (No MIBiG connection)
CR18_HA180403_F_contig_12834.region001.gbk_region_1,C843207,None,0.51,Yes (No MIBiG connection)
CHL22_CC_220324_F_contig_8385.region001.gbk_region_1,C843207,None,0.51,Yes (No MIBiG connection)
CHL22_CZ_220329_F_contig_12318.region001.gbk_region_1,C843207,None,0.51,Yes (No MIBiG connection)
EPR_riftia_k141_322194.region001.gbk_region_1,C843207,None,0.51,Yes (No MIBiG connection)
TR_230731_S_NODE_28581_length_2869_cov_0.690007.region001.gbk_region_1,C843207,None,0.51,Yes (No MIBiG connection)
CHL22_OA_220325_F_contig_28050.region001.gbk_region_1,C843211,None,0.51,Yes (No MIBiG connection)
AEO22_AC_220827_F_contig_2143.region001.gbk_region_1,C843207,None,0.51,Yes (No MIBiG connection)
CHL22_OA_220325_F_contig_108902.region001.gbk_region_1,C843207,None,0.51,Yes (No MIBiG connection)
CR18_ER180415_S_contig_14507.region001.gbk_region_1,C843207,None,0.51,Yes (No MIBiG connection)
CR17_PG172224_S_contig_12179.region001.gbk_region_1,C843209,None,0.51,Yes (No MIBiG connection)
GUY_SRR21545382_k141_617831.region001.gbk_region_1,C843209,None,0.51,Yes (No MIBiG connection)
CHL22_CZ_220329_F_contig_84376.region001.gbk_region_1,C843209,None,0.51,Yes (No MIBiG connection)
CHL22_CC_220324_F_contig_6061.region001.gbk_region_1,C843209,None,0.51,Yes (No MIBiG connection)
HYD22_CB_221018_F_contig_1394.region001.gbk_region_1,C843209,None,0.51,Yes (No MIBiG connection)
CHL22_CN_220327_F_contig_10626.region001.gbk_region_1,C843209,None,0.51,Yes (No MIBiG connection)
CHL22_QN_220317_F_contig_35528.region001.gbk_region_1,C843209,None,0.51,Yes (No MIBiG connection)
AEO22_HO_220830_F_contig_14.region001.gbk_region_1,C843209,None,0.51,Yes (No MIBiG connection)
CHL22_SR_220328_F_contig_4450.region001.gbk_region_1,C843209,BGC0000427.gbk_region_1,0.49,No (Directly observed)
CR17_PG172224_S_contig_23103.region001.gbk_region_1,C843209,None,0.51,Yes (No MIBiG connection)
CHL22_LR_220331_F_contig_61686.region001.gbk_region_1,C843209,None,0.51,Yes (No MIBiG connection)
HYD22_FC_221023_F_contig_1726.region001.gbk_region_1,C843209,None,0.51,Yes (No MIBiG connection)
CR18_MC180404_S_contig_3832.region001.gbk_region_1,C843209,None,0.51,Yes (No MIBiG connection)
FEN_LS_F_NODE_7098_length_4125_cov_4.356757.region001.gbk_region_1,C843209,None,0.51,Yes (No MIBiG connection)
CHL22_EQ_220330_F_contig_23132.region001.gbk_region_1,C843209,None,0.51,Yes (No MIBiG connection)
CHL22_EQ_220330_F_contig_18006.region001.gbk_region_1,C843209,None,0.51,Yes (No MIBiG connection)
CHL22_CR_220324_F_contig_29181.region001.gbk_region_1,C843209,None,0.51,Yes (No MIBiG connection)
AEO22_LB_220827_F_contig_34364.region001.gbk_region_1,C843209,BGC0000427.gbk_region_1,0.48,No (Directly observed)
HYD22_SC_221020_F_contig_6599.region001.gbk_region_1,C843209,None,0.51,Yes (No MIBiG connection)
HYD22_FC_221023_F_contig_55.region001.gbk_region_1,C843209,None,0.51,Yes (No MIBiG connection)
CHL22_CH_220319_F_contig_9475.region001.gbk_region_1,C843209,None,0.51,Yes (No MIBiG connection)
HYD22_FC_221023_F_contig_37961.region001.gbk_region_1,C843209,None,0.51,Yes (No MIBiG connection)
CR18_PX180416_S_contig_341.region001.gbk_region_1,C843209,None,0.51,Yes (No MIBiG connection)
CHL22_PR_220403_F_contig_29530.region001.gbk_region_1,C843209,None,0.51,Yes (No MIBiG connection)
CR17_EP170215_S_contig_16032.region001.gbk_region_1,C843209,None,0.51,Yes (No MIBiG connection)
AEO22_LB_220827_F_contig_46862.region001.gbk_region_1,C843209,None,0.51,Yes (No MIBiG connection)
CR17_PG172224_S_contig_4966.region001.gbk_region_1,C843209,None,0.51,Yes (No MIBiG connection)
GUY_SRR21545382_k141_1207571.region001.gbk_region_1,C843209,None,0.51,Yes (No MIBiG connection)
CHL22_PJ_220330_F_contig_11797.region001.gbk_region_1,C843209,None,0.51,Yes (No MIBiG connection)
CR18_DS_F_contig_893.region001.gbk_region_1,C843207,None,0.51,Yes (No MIBiG connection)
CHL22_CZ_220329_F_contig_24853.region001.gbk_region_1,C843212,None,0.51,Yes (No MIBiG connection)
CHL22_OA_220325_F_contig_87838.region001.gbk_region_1,C843209,None,0.51,Yes (No MIBiG connection)
CHL22_CH_220319_F_contig_22224.region001.gbk_region_1,C843213,None,0.51,Yes (No MIBiG connection)
CHL22_CC_220324_F_contig_64163.region001.gbk_region_1,C843207,None,0.51,Yes (No MIBiG connection)
AEO22_LB_220827_F_contig_66294.region001.gbk_region_1,C843207,None,0.51,Yes (No MIBiG connection)
CR18_CV180410_S_contig_13289.region001.gbk_region_1,C843207,None,0.51,Yes (No MIBiG connection)
CR18_CH180410_S_contig_11609.region001.gbk_region_1,C843207,None,0.51,Yes (No MIBiG connection)
CHL22_OA_220325_F_contig_93015.region001.gbk_region_1,C843211,None,0.51,Yes (No MIBiG connection)
CR18_CV180410_S_contig_5888.region001.gbk_region_1,C843207,None,0.51,Yes (No MIBiG connection)
EPR_teddybear_k141_496460.region001.gbk_region_1,C843207,None,0.51,Yes (No MIBiG connection)
FEN_FE_S_NODE_1153_length_2652_cov_4.354255.region001.gbk_region_1,C843207,None,0.51,Yes (No MIBiG connection)
EPR_riftia_k141_621028.region001.gbk_region_1,C843207,None,0.51,Yes (No MIBiG connection)
CHL22_CA_220323_F_contig_164459.region001.gbk_region_1,C843207,None,0.51,Yes (No MIBiG connection)
CHL22_CC_220324_F_contig_10659.region001.gbk_region_1,C843207,None,0.51,Yes (No MIBiG connection)
CHL22_OA_220325_F_contig_2154.region001.gbk_region_1,C843207,None,0.51,Yes (No MIBiG connection)
CHL22_QN_220317_F_contig_97366.region001.gbk_region_1,C843207,None,0.51,Yes (No MIBiG connection)
CHL22_LC_220316_F_contig_124579.region001.gbk_region_1,C843207,None,0.51,Yes (No MIBiG connection)
CHL22_CU_220402_F_contig_33942.region001.gbk_region_1,C843209,None,0.51,Yes (No MIBiG connection)
CHL22_CA_220323_F_contig_49049.region001.gbk_region_1,C843207,None,0.51,Yes (No MIBiG connection)
CR17_ES170215_1_F_contig_5702.region001.gbk_region_1,C843207,None,0.51,Yes (No MIBiG connection)
CR18_XF180416_S_contig_52.region001.gbk_region_1,C843207,None,0.51,Yes (No MIBiG connection)
CHL22_PJ_220330_F_contig_1739.region001.gbk_region_1,C843207,None,0.51,Yes (No MIBiG connection)
CR18_RC180404_F_contig_11282.region001.gbk_region_1,C843207,None,0.51,Yes (No MIBiG connection)
CHL22_CH_220319_F_contig_121910.region001.gbk_region_1,C843207,None,0.51,Yes (No MIBiG connection)
CHL22_LC_220316_F_contig_143251.region001.gbk_region_1,C843207,None,0.51,Yes (No MIBiG connection)
CHL22_CC_220324_F_contig_44167.region001.gbk_region_1,C843207,None,0.51,Yes (No MIBiG connection)
CR17_SI170217_S_contig_4969.region001.gbk_region_1,C843207,None,0.51,Yes (No MIBiG connection)
EPR_teddybear_k141_927318.region001.gbk_region_1,C843207,None,0.51,Yes (No MIBiG connection)
ARG19_IN_190223_S_contig_5627.region001.gbk_region_1,C843208,None,0.51,Yes (No MIBiG connection)
CHL22_JR_220403_F_contig_107.region001.gbk_region_1,C843207,BGC0000367.gbk_region_1,0.36,No (Directly observed)
CHL22_OA_220325_F_contig_78535.region001.gbk_region_1,C843207,BGC0000367.gbk_region_1,0.36,No (Directly observed)
CHL22_IS_220328_F_contig_7875.region001.gbk_region_1,C843207,BGC0000367.gbk_region_1,0.36,No (Directly observed)
CHL22_QN_220317_F_contig_384.region001.gbk_region_1,C843207,BGC0000367.gbk_region_1,0.36,No (Directly observed)
CHL22_LR_220331_F_contig_18435.region001.gbk_region_1,C843207,BGC0000367.gbk_region_1,0.36,No (Directly observed)
CHL22_RS_220319_F_contig_106.region001.gbk_region_1,C843207,BGC0000367.gbk_region_1,0.36,No (Directly observed)
CHL22_CZ_220329_F_contig_24317.region001.gbk_region_1,C843207,BGC0000367.gbk_region_1,0.36,No (Directly observed)
CHL22_SR_220328_F_contig_138.region001.gbk_region_1,C843207,BGC0000367.gbk_region_1,0.36,No (Directly observed)
CHL22_CE_220402_F_contig_30.region001.gbk_region_1,C843207,BGC0000367.gbk_region_1,0.36,No (Directly observed)
CHL22_EQ_220330_F_contig_53536.region001.gbk_region_1,C843207,BGC0000367.gbk_region_1,0.36,No (Directly observed)
CHL22_PJ_220330_F_contig_23389.region001.gbk_region_1,C843207,BGC0000367.gbk_region_1,0.36,No (Directly observed)
CHL22_CA_220323_F_contig_139271.region001.gbk_region_1,C843207,BGC0000367.gbk_region_1,0.36,No (Directly observed)
NR_230731_S_NODE_139_length_94655_cov_38.943265.region001.gbk_region_1,C843207,BGC0000367.gbk_region_1,0.36,No (Directly observed)
CHL22_GB_220322_F_contig_13774.region001.gbk_region_1,C843207,BGC0000367.gbk_region_1,0.36,No (Directly observed)
CHL22_CR_220324_F_contig_25227.region001.gbk_region_1,C843207,BGC0000367.gbk_region_1,0.36,No (Directly observed)
CHL22_LV_220331_F_contig_20402.region001.gbk_region_1,C843207,BGC0000367.gbk_region_1,0.36,No (Directly observed)
CHL22_QN_220317_F_contig_164243.region001.gbk_region_1,C843207,None,0.51,Yes (No MIBiG connection)
CHL22_CZ_220329_F_contig_83594.region001.gbk_region_1,C843207,None,0.51,Yes (No MIBiG connection)
HYD22_CB_221018_F_contig_24722.region001.gbk_region_1,C843207,None,0.51,Yes (No MIBiG connection)
CHL22_CC_220324_F_contig_47456.region001.gbk_region_1,C843207,None,0.51,Yes (No MIBiG connection)
CHL22_CU_220402_F_contig_82469.region001.gbk_region_1,C843207,None,0.51,Yes (No MIBiG connection)
CR17_EP170215_S_contig_55163.region001.gbk_region_1,C843207,None,0.51,Yes (No MIBiG connection)
CR17_PG172224_S_contig_34724.region001.gbk_region_1,C843210,None,0.51,Yes (No MIBiG connection)
CR17_PG172224_S_contig_34990.region001.gbk_region_1,C843210,None,0.51,Yes (No MIBiG connection)
CR17_PG172224_S_contig_61991.region001.gbk_region_1,C843210,None,0.51,Yes (No MIBiG connection)
CHL22_CZ_220329_F_contig_73351.region001.gbk_region_1,C843207,None,0.51,Yes (No MIBiG connection)
AEO22_OS_220830_F_contig_7822.region001.gbk_region_1,C843207,None,0.51,Yes (No MIBiG connection)
NR_230731_S_NODE_2303_length_12487_cov_1.830097.region001.gbk_region_1,C843208,None,0.51,Yes (No MIBiG connection)
CR18_LW180405_S_contig_400.region001.gbk_region_1,C843208,None,0.51,Yes (No MIBiG connection)
CR17_EP170215_S_contig_6211.region001.gbk_region_1,C843208,None,0.51,Yes (No MIBiG connection)
TR_230731_S_NODE_8095_length_8354_cov_1.138933.region001.gbk_region_1,C843208,None,0.51,Yes (No MIBiG connection)
CHL22_OA_220325_F_contig_30037.region001.gbk_region_1,C843208,None,0.51,Yes (No MIBiG connection)
CHL22_EQ_220330_F_contig_51289.region001.gbk_region_1,C843208,None,0.51,Yes (No MIBiG connection)
CHL22_CN_220327_F_contig_24229.region001.gbk_region_1,C843207,None,0.51,Yes (No MIBiG connection)
CHL22_LC_220316_F_contig_8691.region001.gbk_region_1,C843207,None,0.51,Yes (No MIBiG connection)
CR18_CV180410_S_contig_286.region001.gbk_region_1,C843207,None,0.51,Yes (No MIBiG connection)
CHL22_CZ_220329_F_contig_3655.region001.gbk_region_1,C843207,None,0.51,Yes (No MIBiG connection)
CHL22_PR_220403_F_contig_30073.region001.gbk_region_1,C843207,None,0.51,Yes (No MIBiG connection)
CR18_YR180404_F_contig_5477.region001.gbk_region_1,C843207,None,0.51,Yes (No MIBiG connection)
AEO22_OS_220830_F_contig_18720.region001.gbk_region_1,C843207,None,0.51,Yes (No MIBiG connection)
AEO22_TC_220902_F_contig_45798.region001.gbk_region_1,C843207,None,0.51,Yes (No MIBiG connection)
CHL22_CU_220402_F_contig_99872.region001.gbk_region_1,C843207,None,0.51,Yes (No MIBiG connection)
CHL22_CU_220402_F_contig_56294.region001.gbk_region_1,C843207,None,0.51,Yes (No MIBiG connection)
ARG19_PG_190225_F_contig_6452.region001.gbk_region_1,C843210,None,0.51,Yes (No MIBiG connection)
EPR_riftia_k141_492055.region001.gbk_region_1,C843207,None,0.51,Yes (No MIBiG connection)
CHL22_CZ_220329_F_contig_1865.region001.gbk_region_1,C843207,None,0.51,Yes (No MIBiG connection)
CR19_EP_190616_S_contig_2008.region001.gbk_region_1,C843207,None,0.51,Yes (No MIBiG connection)
CR18_BW180407_F_contig_13902.region001.gbk_region_1,C843207,None,0.51,Yes (No MIBiG connection)
HYD22_SC_221020_F_contig_1948.region001.gbk_region_1,C843208,None,0.51,Yes (No MIBiG connection)
CR17_PG172224_S_contig_45016.region001.gbk_region_1,C843208,None,0.51,Yes (No MIBiG connection)
CR17_PG172224_S_contig_4.region002.gbk_region_2,C843208,None,0.51,Yes (No MIBiG connection)
CR18_CI180408_F_contig_8799.region001.gbk_region_1,C843207,None,0.51,Yes (No MIBiG connection)
CR17_EP170215_F_contig_13667.region001.gbk_region_1,C843208,None,0.51,Yes (No MIBiG connection)
HYD22_CB_221018_F_contig_24079.region001.gbk_region_1,C843207,None,0.51,Yes (No MIBiG connection)
CR18_ER180415_S_contig_5547.region001.gbk_region_1,C843207,BGC0002379.gbk_region_1,0.48,No (Directly observed)
CR18_LE180416_F_contig_7307.region001.gbk_region_1,C843207,None,0.51,Yes (No MIBiG connection)
CR17_CY170214_S_contig_6349.region001.gbk_region_1,C843207,None,0.51,Yes (No MIBiG connection)
CHL22_CU_220402_F_contig_106143.region001.gbk_region_1,C843207,None,0.51,Yes (No MIBiG connection)
CHL22_QN_220317_F_contig_141785.region001.gbk_region_1,C843207,None,0.51,Yes (No MIBiG connection)
CHL22_OA_220325_F_contig_117931.region001.gbk_region_1,C843207,None,0.51,Yes (No MIBiG connection)
CR18_LE180416_S_contig_24095.region001.gbk_region_1,C843207,None,0.51,Yes (No MIBiG connection)
CR18_LE180416_F_contig_33153.region001.gbk_region_1,C843207,None,0.51,Yes (No MIBiG connection)
CHL22_CZ_220329_F_contig_44230.region001.gbk_region_1,C843207,None,0.51,Yes (No MIBiG connection)
CHL22_CC_220324_F_contig_16263.region001.gbk_region_1,C843207,None,0.51,Yes (No MIBiG connection)
CHL22_OA_220325_F_contig_70279.region001.gbk_region_1,C843207,BGC0002340.gbk_region_1,0.47,No (Directly observed)
CHL22_CC_220324_F_contig_39371.region001.gbk_region_1,C843207,BGC0002340.gbk_region_1,0.49,No (Directly observed)
CHL22_QN_220317_F_contig_13230.region001.gbk_region_1,C843208,None,0.51,Yes (No MIBiG connection)
CR18_LH180406_F_contig_10393.region001.gbk_region_1,C843209,None,0.51,Yes (No MIBiG connection)
EPR_teddybear_k141_898877.region001.gbk_region_1,C843207,None,0.51,Yes (No MIBiG connection)
CR18_LE180416_F_contig_13267.region001.gbk_region_1,C843207,None,0.51,Yes (No MIBiG connection)
CHL22_OA_220325_F_contig_42043.region001.gbk_region_1,C843207,None,0.51,Yes (No MIBiG connection)
CR18_BW180407_F_contig_11535.region001.gbk_region_1,C843207,None,0.51,Yes (No MIBiG connection)
HYD22_CB_221018_F_contig_23859.region001.gbk_region_1,C843207,None,0.51,Yes (No MIBiG connection)
CHL22_OA_220325_F_contig_7314.region001.gbk_region_1,C843207,None,0.51,Yes (No MIBiG connection)
CR18_RC180404_S_contig_493.region001.gbk_region_1,C843207,None,0.51,Yes (No MIBiG connection)
CHL22_CN_220327_F_contig_21806.region001.gbk_region_1,C843207,None,0.51,Yes (No MIBiG connection)
AEO22_BO_220829_F_contig_11337.region001.gbk_region_1,C843207,None,0.51,Yes (No MIBiG connection)
ARG19_PP_190301_S_contig_5810.region001.gbk_region_1,C843208,None,0.51,Yes (No MIBiG connection)
EPR_teddybear_k141_920039.region001.gbk_region_1,C843207,None,0.51,Yes (No MIBiG connection)
CHL22_OA_220325_F_contig_43177.region001.gbk_region_1,C843207,None,0.51,Yes (No MIBiG connection)
CHL22_IS_220328_F_contig_19305.region001.gbk_region_1,C843207,None,0.51,Yes (No MIBiG connection)
NR_230731_S_NODE_199_length_75731_cov_5.437371.region001.gbk_region_1,C843207,None,0.51,Yes (No MIBiG connection)
CR18_LB180410_F_contig_21081.region001.gbk_region_1,C843207,None,0.51,Yes (No MIBiG connection)
CR17_AR170220_3_S_contig_493.region001.gbk_region_1,C843208,None,0.51,Yes (No MIBiG connection)
CHL22_LP_220401_F_contig_68276.region001.gbk_region_1,C843208,None,0.51,Yes (No MIBiG connection)
CHL22_LC_220316_F_contig_40567.region001.gbk_region_1,C843207,None,0.51,Yes (No MIBiG connection)
FEN_VR_S_NODE_5484_length_2772_cov_3.213471.region001.gbk_region_1,C843207,None,0.51,Yes (No MIBiG connection)
CHL22_QN_220317_F_contig_139467.region001.gbk_region_1,C843207,None,0.51,Yes (No MIBiG connection)
CHL22_LP_220401_F_contig_71472.region001.gbk_region_1,C843207,None,0.51,Yes (No MIBiG connection)
CHL22_CZ_220329_F_contig_21782.region001.gbk_region_1,C843207,None,0.51,Yes (No MIBiG connection)
HYD22_CB_221018_F_contig_49908.region001.gbk_region_1,C843207,None,0.51,Yes (No MIBiG connection)
CHL22_LC_220316_F_contig_20777.region001.gbk_region_1,C843207,None,0.51,Yes (No MIBiG connection)
CR17_SI170217_S_contig_7393.region001.gbk_region_1,C843208,None,0.51,Yes (No MIBiG connection)
CHL22_LP_220401_F_contig_1351.region001.gbk_region_1,C843207,None,0.51,Yes (No MIBiG connection)
CHL22_CU_220402_F_contig_70189.region001.gbk_region_1,C843207,BGC0001312.gbk_region_1,0.18,No (Directly observed)
CHL22_CU_220402_F_contig_75459.region001.gbk_region_1,C843207,BGC0001312.gbk_region_1,0.24,No (Directly observed)
CR17_CY170214_S_contig_18427.region001.gbk_region_1,C843207,None,0.51,Yes (No MIBiG connection)
CHL22_QN_220317_F_contig_64438.region001.gbk_region_1,C843207,None,0.51,Yes (No MIBiG connection)
CHL22_LP_220401_F_contig_75124.region001.gbk_region_1,C843207,None,0.51,Yes (No MIBiG connection)
CR17_SL170214_S_contig_2699.region001.gbk_region_1,C843207,None,0.51,Yes (No MIBiG connection)
HYD22_CB_221018_F_contig_17723.region001.gbk_region_1,C843207,None,0.51,Yes (No MIBiG connection)
CHL22_QN_220317_F_contig_26340.region001.gbk_region_1,C843207,None,0.51,Yes (No MIBiG connection)
CHL22_CR_220324_F_contig_8124.region001.gbk_region_1,C843207,None,0.51,Yes (No MIBiG connection)
EPR_riftia_k141_574381.region001.gbk_region_1,C843207,None,0.51,Yes (No MIBiG connection)
CR18_BW180407_F_contig_42.region001.gbk_region_1,C843207,None,0.51,Yes (No MIBiG connection)
KJ_230721_F_NODE_3505_length_22232_cov_23.310292.region001.gbk_region_1,C843207,None,0.51,Yes (No MIBiG connection)
HYD22_CB_221018_F_contig_1599.region001.gbk_region_1,C843207,None,0.51,Yes (No MIBiG connection)
CHL22_CU_220402_F_contig_99349.region001.gbk_region_1,C843207,None,0.51,Yes (No MIBiG connection)
CHL22_CC_220324_F_contig_887.region001.gbk_region_1,C843207,None,0.51,Yes (No MIBiG connection)
KJ_230721_F_NODE_1209_length_49325_cov_2.309728.region001.gbk_region_1,C843207,None,0.51,Yes (No MIBiG connection)
CR17_ET170220_1_S_contig_25615.region001.gbk_region_1,C843207,None,0.51,Yes (No MIBiG connection)
CHL22_CR_220324_F_contig_11827.region001.gbk_region_1,C843207,None,0.51,Yes (No MIBiG connection)
KJ_230721_F_NODE_57945_length_2733_cov_1.167690.region001.gbk_region_1,C843207,None,0.51,Yes (No MIBiG connection)
AEO22_TC_220902_F_contig_12268.region001.gbk_region_1,C843207,None,0.51,Yes (No MIBiG connection)
CR18_ER180415_F_contig_11080.region001.gbk_region_1,C843209,None,0.51,Yes (No MIBiG connection)
CR18_GE180403_S_contig_8394.region001.gbk_region_1,C843209,None,0.51,Yes (No MIBiG connection)
CHL22_OA_220325_F_contig_38185.region001.gbk_region_1,C843209,None,0.51,Yes (No MIBiG connection)
AEO22_OS_220830_F_contig_41133.region001.gbk_region_1,C843209,None,0.51,Yes (No MIBiG connection)
AEO22_BS_220902_F_contig_5168.region001.gbk_region_1,C843209,None,0.51,Yes (No MIBiG connection)
CHL22_OA_220325_F_contig_82410.region001.gbk_region_1,C843209,None,0.51,Yes (No MIBiG connection)
CR18_BS180407_F_contig_25169.region001.gbk_region_1,C843207,None,0.51,Yes (No MIBiG connection)
CR17_EP170215_S_contig_173.region001.gbk_region_1,C843211,None,0.51,Yes (No MIBiG connection)
CHL22_LC_220316_F_contig_20359.region001.gbk_region_1,C843211,None,0.51,Yes (No MIBiG connection)
CR18_SC180411_F_contig_34561.region001.gbk_region_1,C843211,None,0.51,Yes (No MIBiG connection)
HYD22_CB_221018_F_contig_14288.region001.gbk_region_1,C843207,None,0.51,Yes (No MIBiG connection)
EPR_teddybear_k141_633892.region001.gbk_region_1,C843207,None,0.51,Yes (No MIBiG connection)
CR18_CV180410_S_contig_6890.region001.gbk_region_1,C843207,None,0.51,Yes (No MIBiG connection)
CR18_BW180407_F_contig_40321.region001.gbk_region_1,C843207,None,0.51,Yes (No MIBiG connection)
CHL22_EQ_220330_F_contig_34558.region001.gbk_region_1,C843207,None,0.51,Yes (No MIBiG connection)
CHL22_CU_220402_F_contig_33314.region001.gbk_region_1,C843207,None,0.51,Yes (No MIBiG connection)
CHL22_QN_220317_F_contig_105508.region001.gbk_region_1,C843207,None,0.51,Yes (No MIBiG connection)
CR18_LH180406_F_contig_6510.region001.gbk_region_1,C843207,None,0.51,Yes (No MIBiG connection)
CR18_LH180406_F_contig_8098.region001.gbk_region_1,C843207,None,0.51,Yes (No MIBiG connection)
CHL22_QN_220317_F_contig_153283.region001.gbk_region_1,C843207,None,0.51,Yes (No MIBiG connection)
FEN_BA_S_NODE_6150_length_3296_cov_4.348349.region001.gbk_region_1,C843207,None,0.51,Yes (No MIBiG connection)
AEO22_HO_220830_F_contig_18408.region001.gbk_region_1,C843207,None,0.51,Yes (No MIBiG connection)
CR18_CL180409_F_contig_21569.region001.gbk_region_1,C843207,None,0.51,Yes (No MIBiG connection)
CHL22_QN_220317_F_contig_53381.region001.gbk_region_1,C843207,None,0.51,Yes (No MIBiG connection)
FEN_GA_F_NODE_517_length_26249_cov_5.559479.region001.gbk_region_1,C843207,None,0.51,Yes (No MIBiG connection)
CHL22_QN_220317_F_contig_3496.region001.gbk_region_1,C843208,None,0.51,Yes (No MIBiG connection)
CHL22_LV_220331_F_contig_7970.region001.gbk_region_1,C843207,None,0.51,Yes (No MIBiG connection)
CR18_CH180410_S_contig_18079.region001.gbk_region_1,C843208,None,0.51,Yes (No MIBiG connection)
CR17_SI170217_S_contig_4059.region001.gbk_region_1,C843208,None,0.51,Yes (No MIBiG connection)
CHL22_CU_220402_F_contig_41614.region001.gbk_region_1,C843207,None,0.51,Yes (No MIBiG connection)
CR18_CH180410_S_contig_24362.region001.gbk_region_1,C843207,None,0.51,Yes (No MIBiG connection)
AEO22_LB_220827_F_contig_34004.region001.gbk_region_1,C843207,None,0.51,Yes (No MIBiG connection)
FEN_GA_F_NODE_5484_length_4438_cov_4.830481.region001.gbk_region_1,C843207,None,0.51,Yes (No MIBiG connection)
TR_230731_S_NODE_18876_length_4099_cov_24.125881.region001.gbk_region_1,C843208,None,0.51,Yes (No MIBiG connection)
CH20_GS_200305_F_contig_753.region001.gbk_region_1,C843208,None,0.51,Yes (No MIBiG connection)
TR_230731_F_NODE_11111_length_5440_cov_5.803689.region001.gbk_region_1,C843208,None,0.51,Yes (No MIBiG connection)
CR18_LB180410_F_contig_18315.region001.gbk_region_1,C843207,None,0.51,Yes (No MIBiG connection)
CHL22_QN_220317_F_contig_876.region001.gbk_region_1,C843208,None,0.51,Yes (No MIBiG connection)
CHL22_IS_220328_F_contig_19384.region001.gbk_region_1,C843207,BGC0002037.gbk_region_1,0.0,No (Directly observed)
CR18_MC180404_F_contig_8219.region001.gbk_region_1,C843207,None,0.51,Yes (No MIBiG connection)
CR18_BS180407_F_contig_15240.region001.gbk_region_1,C843207,BGC0002037.gbk_region_1,0.49,No (Directly observed)
CR17_CY170214_S_contig_41188.region001.gbk_region_1,C843208,None,0.51,Yes (No MIBiG connection)
CHL22_LN_220321_F_contig_8583.region001.gbk_region_1,C843208,None,0.51,Yes (No MIBiG connection)
CHL22_QN_220317_F_contig_16487.region001.gbk_region_1,C843208,None,0.51,Yes (No MIBiG connection)
HYD22_CB_221018_F_contig_19472.region001.gbk_region_1,C843208,None,0.51,Yes (No MIBiG connection)
CR17_ET170220_1_S_contig_1199.region001.gbk_region_1,C843208,None,0.51,Yes (No MIBiG connection)
HYD22_SP_221019_F_contig_45104.region001.gbk_region_1,C843208,None,0.51,Yes (No MIBiG connection)
CR17_PF170222_S_contig_4024.region001.gbk_region_1,C843208,None,0.51,Yes (No MIBiG connection)
CHL22_PR_220403_F_contig_22287.region001.gbk_region_1,C843207,None,0.51,Yes (No MIBiG connection)
CR17_PG172224_S_contig_48086.region001.gbk_region_1,C843207,None,0.51,Yes (No MIBiG connection)
CHL22_EQ_220330_F_contig_51809.region001.gbk_region_1,C843207,None,0.51,Yes (No MIBiG connection)
CHL22_CC_220324_F_contig_56728.region001.gbk_region_1,C843207,None,0.51,Yes (No MIBiG connection)
CHL22_LA_220331_F_contig_4594.region001.gbk_region_1,C843207,None,0.51,Yes (No MIBiG connection)
CHL22_LP_220401_F_contig_34470.region001.gbk_region_1,C843207,None,0.51,Yes (No MIBiG connection)
CHL22_IS_220328_F_contig_19107.region001.gbk_region_1,C843207,None,0.51,Yes (No MIBiG connection)
CHL22_PJ_220330_F_contig_12847.region001.gbk_region_1,C843207,None,0.51,Yes (No MIBiG connection)
CHL22_GB_220322_F_contig_34024.region001.gbk_region_1,C843207,None,0.51,Yes (No MIBiG connection)
CHL22_CU_220402_F_contig_36312.region001.gbk_region_1,C843209,None,0.51,Yes (No MIBiG connection)
KJ_230721_F_NODE_52_length_305058_cov_3.757158.region001.gbk_region_1,C843209,None,0.51,Yes (No MIBiG connection)
CR18_LE180416_F_contig_2640.region001.gbk_region_1,C843207,None,0.51,Yes (No MIBiG connection)
AEO22_TC_220902_F_contig_9090.region001.gbk_region_1,C843207,None,0.51,Yes (No MIBiG connection)
CHL22_CU_220402_F_contig_35748.region001.gbk_region_1,C843207,None,0.51,Yes (No MIBiG connection)
AEO22_OS_220830_F_contig_54663.region001.gbk_region_1,C843208,None,0.51,Yes (No MIBiG connection)
EPR_riftia_k141_224092.region001.gbk_region_1,C843207,None,0.51,Yes (No MIBiG connection)
CHL22_CC_220324_F_contig_40893.region001.gbk_region_1,C843209,BGC0000427.gbk_region_1,0.28,No (Directly observed)
HYD22_TA_221020_F_contig_19052.region001.gbk_region_1,C843207,None,0.51,Yes (No MIBiG connection)
CHL22_CZ_220329_F_contig_60807.region001.gbk_region_1,C843207,None,0.51,Yes (No MIBiG connection)
CHL22_GB_220322_F_contig_34851.region001.gbk_region_1,C843207,None,0.51,Yes (No MIBiG connection)
EPR_teddybear_k141_905510.region001.gbk_region_1,C843207,None,0.51,Yes (No MIBiG connection)
CHL22_CZ_220329_F_contig_65285.region001.gbk_region_1,C843207,None,0.51,Yes (No MIBiG connection)
CR19_RCA_190612_F_contig_4309.region001.gbk_region_1,C843207,None,0.51,Yes (No MIBiG connection)
CR18_BC180410_contig_9871.region001.gbk_region_1,C843208,None,0.51,Yes (No MIBiG connection)
HYD22_FC_221023_F_contig_7856.region001.gbk_region_1,C843208,None,0.51,Yes (No MIBiG connection)
CHL22_OA_220325_F_contig_58993.region001.gbk_region_1,C843208,None,0.51,Yes (No MIBiG connection)
FEN_LS_S_NODE_261_length_52259_cov_6.653073.region001.gbk_region_1,C843208,None,0.51,Yes (No MIBiG connection)
CR18_HA180403_F_contig_15388.region001.gbk_region_1,C843208,None,0.51,Yes (No MIBiG connection)
CR18_MC180404_S_contig_269.region001.gbk_region_1,C843208,None,0.51,Yes (No MIBiG connection)
CR17_QH170213_1_S_contig_947.region001.gbk_region_1,C843208,None,0.51,Yes (No MIBiG connection)
CR17_SI170217_S_contig_44634.region001.gbk_region_1,C843208,None,0.51,Yes (No MIBiG connection)
EPR_teddybear_k141_195266.region001.gbk_region_1,C843207,None,0.51,Yes (No MIBiG connection)
EPR_teddybear_k141_37651.region001.gbk_region_1,C843207,None,0.51,Yes (No MIBiG connection)
CHL22_CU_220402_F_contig_105945.region001.gbk_region_1,C843207,None,0.51,Yes (No MIBiG connection)
ARG19_GF2_190226_F_contig_10.region001.gbk_region_1,C843208,None,0.51,Yes (No MIBiG connection)
ARG19_VV_190228_F_contig_110.region001.gbk_region_1,C843208,None,0.51,Yes (No MIBiG connection)
ARG19_PG_190225_S_contig_757.region001.gbk_region_1,C843208,None,0.51,Yes (No MIBiG connection)
ARG19_GF1_190226_F_contig_9.region001.gbk_region_1,C843208,None,0.51,Yes (No MIBiG connection)
ARG19_GF1_190226_S_contig_757.region001.gbk_region_1,C843208,None,0.51,Yes (No MIBiG connection)
ARG19_GF2_190226_S_contig_94.region001.gbk_region_1,C843208,None,0.51,Yes (No MIBiG connection)
CHL22_QN_220317_F_contig_1555.region001.gbk_region_1,C843207,None,0.51,Yes (No MIBiG connection)
CR18_BS180407_F_contig_20048.region001.gbk_region_1,C843209,None,0.51,Yes (No MIBiG connection)
TR_230731_S_NODE_35003_length_2416_cov_1.823941.region001.gbk_region_1,C843209,None,0.51,Yes (No MIBiG connection)
CR18_GE180403_S_contig_12195.region001.gbk_region_1,C843209,None,0.51,Yes (No MIBiG connection)
CR18_CV180410_S_contig_12352.region001.gbk_region_1,C843209,None,0.51,Yes (No MIBiG connection)
CHL22_LC_220316_F_contig_149215.region001.gbk_region_1,C843209,None,0.51,Yes (No MIBiG connection)
AEO22_LB_220827_F_contig_94175.region001.gbk_region_1,C843209,None,0.51,Yes (No MIBiG connection)
CR18_PX180416_S_contig_15754.region001.gbk_region_1,C843207,None,0.51,Yes (No MIBiG connection)
CHL22_LC_220316_F_contig_19363.region001.gbk_region_1,C843207,None,0.51,Yes (No MIBiG connection)
AEO22_BP2_220829_F_contig_31007.region001.gbk_region_1,C843207,None,0.51,Yes (No MIBiG connection)
GUY_SRR21545382_k141_567771.region001.gbk_region_1,C843207,None,0.51,Yes (No MIBiG connection)
CHL22_PJ_220330_F_contig_39751.region001.gbk_region_1,C843207,None,0.51,Yes (No MIBiG connection)
EPR_teddybear_k141_734334.region001.gbk_region_1,C843207,None,0.51,Yes (No MIBiG connection)
GUY_SRR21545388_k141_3040071.region001.gbk_region_1,C843207,None,0.51,Yes (No MIBiG connection)
CHL22_PJ_220330_F_contig_22345.region001.gbk_region_1,C843207,None,0.51,Yes (No MIBiG connection)
HYD22_CB_221018_F_contig_7798.region001.gbk_region_1,C843207,None,0.51,Yes (No MIBiG connection)
CHL22_LP_220401_F_contig_84161.region001.gbk_region_1,C843207,None,0.51,Yes (No MIBiG connection)
CHL22_GB_220322_F_contig_29402.region001.gbk_region_1,C843207,None,0.51,Yes (No MIBiG connection)
EPR_teddybear_k141_713488.region001.gbk_region_1,C843207,None,0.51,Yes (No MIBiG connection)
CR18_CL180409_F_contig_14679.region001.gbk_region_1,C843208,None,0.51,Yes (No MIBiG connection)
CHL22_LA_220331_F_contig_16730.region001.gbk_region_1,C843208,None,0.51,Yes (No MIBiG connection)
CHL22_EQ_220330_F_contig_1716.region001.gbk_region_1,C843208,None,0.51,Yes (No MIBiG connection)
TR_230731_F_NODE_10202_length_5813_cov_0.856665.region001.gbk_region_1,C843208,None,0.51,Yes (No MIBiG connection)
KJ_230721_F_NODE_58267_length_2723_cov_0.874422.region001.gbk_region_1,C843208,None,0.51,Yes (No MIBiG connection)
AEO22_OS_220830_F_contig_67.region001.gbk_region_1,C843208,None,0.51,Yes (No MIBiG connection)
AEO22_BS_220902_F_contig_9093.region001.gbk_region_1,C843208,None,0.51,Yes (No MIBiG connection)
CHL22_LN_220321_F_contig_30813.region001.gbk_region_1,C843207,None,0.51,Yes (No MIBiG connection)
CHL22_QN_220317_F_contig_64916.region001.gbk_region_1,C843207,None,0.51,Yes (No MIBiG connection)
CR18_LE180416_S_contig_9.region001.gbk_region_1,C843207,None,0.51,Yes (No MIBiG connection)
CR17_ET170220_1_S_contig_11.region001.gbk_region_1,C843207,None,0.51,Yes (No MIBiG connection)
CR18_CV180410_S_contig_87.region001.gbk_region_1,C843208,None,0.51,Yes (No MIBiG connection)
CHL22_CZ_220329_F_contig_32758.region001.gbk_region_1,C843207,None,0.51,Yes (No MIBiG connection)
CR18_ER180415_S_contig_6115.region001.gbk_region_1,C843208,None,0.51,Yes (No MIBiG connection)
CR18_CI180408_S_contig_1.region001.gbk_region_1,C843208,None,0.51,Yes (No MIBiG connection)
CHL22_GB_220322_F_contig_4262.region001.gbk_region_1,C843207,None,0.51,Yes (No MIBiG connection)
CHL22_OA_220325_F_contig_71925.region001.gbk_region_1,C843207,None,0.51,Yes (No MIBiG connection)
CHL22_QN_220317_F_contig_133769.region001.gbk_region_1,C843207,None,0.51,Yes (No MIBiG connection)
CR17_PG172224_S_contig_19271.region001.gbk_region_1,C843207,None,0.51,Yes (No MIBiG connection)
CHL22_QN_220317_F_contig_158819.region001.gbk_region_1,C843208,None,0.51,Yes (No MIBiG connection)
CHL22_RS_220319_F_contig_769.region001.gbk_region_1,C843208,None,0.51,Yes (No MIBiG connection)
CR18_LH180406_S_contig_4333.region001.gbk_region_1,C843208,None,0.51,Yes (No MIBiG connection)
HYD22_FC_221023_F_contig_20453.region001.gbk_region_1,C843208,None,0.51,Yes (No MIBiG connection)
CR17_FA170219_1_S_contig_4845.region001.gbk_region_1,C843208,None,0.51,Yes (No MIBiG connection)
CHL22_QN_220317_F_contig_4732.region001.gbk_region_1,C843208,None,0.51,Yes (No MIBiG connection)
CHL22_CR_220324_F_contig_2334.region001.gbk_region_1,C843207,None,0.51,Yes (No MIBiG connection)
AEO22_AC_220827_F_contig_1411.region001.gbk_region_1,C843207,None,0.51,Yes (No MIBiG connection)
AEO22_FV_220827_F_contig_1990.region001.gbk_region_1,C843207,None,0.51,Yes (No MIBiG connection)
GUY_SRR21545388_k141_933297.region001.gbk_region_1,C843211,None,0.51,Yes (No MIBiG connection)
FEN_LS_S_NODE_232_length_55039_cov_6.990470.region001.gbk_region_1,C843211,None,0.51,Yes (No MIBiG connection)
CHL22_QN_220317_F_contig_9181.region001.gbk_region_1,C843211,None,0.51,Yes (No MIBiG connection)
GUY_SRR21545382_k141_815273.region001.gbk_region_1,C843211,None,0.51,Yes (No MIBiG connection)
CHL22_CN_220327_F_contig_11374.region001.gbk_region_1,C843211,None,0.51,Yes (No MIBiG connection)
CHL22_CZ_220329_F_contig_28910.region001.gbk_region_1,C843208,None,0.51,Yes (No MIBiG connection)
CHL22_OA_220325_F_contig_2209.region001.gbk_region_1,C843210,None,0.51,Yes (No MIBiG connection)
FEN_SP_S_NODE_1019_length_15293_cov_4.940084.region001.gbk_region_1,C843210,None,0.51,Yes (No MIBiG connection)
CR18_HA180403_F_contig_151.region001.gbk_region_1,C843210,None,0.51,Yes (No MIBiG connection)
CHL22_CU_220402_F_contig_39435.region001.gbk_region_1,C843210,None,0.51,Yes (No MIBiG connection)
CHL22_OA_220325_F_contig_60944.region001.gbk_region_1,C843210,None,0.51,Yes (No MIBiG connection)
CR19_EP_190616_S_contig_23.region001.gbk_region_1,C843210,None,0.51,Yes (No MIBiG connection)
CHL22_QN_220317_F_contig_5782.region001.gbk_region_1,C843210,None,0.51,Yes (No MIBiG connection)
CHL22_OA_220325_F_contig_46765.region001.gbk_region_1,C843210,None,0.51,Yes (No MIBiG connection)
CH20_SP_200306_S_contig_552.region001.gbk_region_1,C843210,None,0.51,Yes (No MIBiG connection)
CHL22_OA_220325_F_contig_95347.region001.gbk_region_1,C843210,None,0.51,Yes (No MIBiG connection)
CHL22_QN_220317_F_contig_1364.region001.gbk_region_1,C843210,None,0.51,Yes (No MIBiG connection)
CHL22_CZ_220329_F_contig_77803.region001.gbk_region_1,C843210,None,0.51,Yes (No MIBiG connection)
CHL22_CH_220319_F_contig_2412.region001.gbk_region_1,C843210,None,0.51,Yes (No MIBiG connection)
CHL22_OA_220325_F_contig_23992.region001.gbk_region_1,C843210,None,0.51,Yes (No MIBiG connection)
HYD22_FC_221023_F_contig_662.region001.gbk_region_1,C843210,None,0.51,Yes (No MIBiG connection)
GUY_SRR21545388_k141_2701179.region001.gbk_region_1,C843210,None,0.51,Yes (No MIBiG connection)
GUY_SRR21545388_k141_3031924.region001.gbk_region_1,C843210,None,0.51,Yes (No MIBiG connection)
CR17_QH170213_1_F_contig_7.region001.gbk_region_1,C843210,None,0.51,Yes (No MIBiG connection)
CR18_CL180409_F_contig_2464.region001.gbk_region_1,C843210,None,0.51,Yes (No MIBiG connection)
CR17_SI170217_S_contig_3012.region001.gbk_region_1,C843210,None,0.51,Yes (No MIBiG connection)
CHL22_QN_220317_F_contig_25620.region001.gbk_region_1,C843210,None,0.51,Yes (No MIBiG connection)
CHL22_EQ_220330_F_contig_34395.region001.gbk_region_1,C843210,None,0.51,Yes (No MIBiG connection)
CR17_CY170214_S_contig_7.region002.gbk_region_2,C843210,None,0.51,Yes (No MIBiG connection)
CR18_LE180416_F_contig_5471.region001.gbk_region_1,C843210,None,0.51,Yes (No MIBiG connection)
AEO22_AC_220827_F_contig_167.region001.gbk_region_1,C843210,None,0.51,Yes (No MIBiG connection)
FEN_LS_S_NODE_1008_length_23628_cov_6.062572.region001.gbk_region_1,C843210,None,0.51,Yes (No MIBiG connection)
CHL22_CN_220327_F_contig_32842.region001.gbk_region_1,C843210,None,0.51,Yes (No MIBiG connection)
CHL22_QN_220317_F_contig_4406.region001.gbk_region_1,C843210,None,0.51,Yes (No MIBiG connection)
CHL22_OA_220325_F_contig_18661.region001.gbk_region_1,C843210,None,0.51,Yes (No MIBiG connection)
CR18_LW180405_F_contig_205.region001.gbk_region_1,C843210,None,0.51,Yes (No MIBiG connection)
CR17_QH170213_2_S_contig_5.region001.gbk_region_1,C843210,None,0.51,Yes (No MIBiG connection)
CHL22_CH_220319_F_contig_5739.region001.gbk_region_1,C843210,None,0.51,Yes (No MIBiG connection)
CHL22_OA_220325_F_contig_12392.region001.gbk_region_1,C843210,None,0.51,Yes (No MIBiG connection)
AEO22_HO_220830_F_contig_10521.region001.gbk_region_1,C843210,None,0.51,Yes (No MIBiG connection)
CR17_FA170219_1_S_contig_1155.region001.gbk_region_1,C843210,None,0.51,Yes (No MIBiG connection)
CR18_MC180404_F_contig_107.region001.gbk_region_1,C843210,None,0.51,Yes (No MIBiG connection)
CHL22_QN_220317_F_contig_290.region001.gbk_region_1,C843210,None,0.51,Yes (No MIBiG connection)
CHL22_OA_220325_F_contig_99322.region001.gbk_region_1,C843210,None,0.51,Yes (No MIBiG connection)
CR17_SI170217_S_contig_65.region001.gbk_region_1,C843210,None,0.51,Yes (No MIBiG connection)
CHL22_CR_220324_F_contig_26749.region001.gbk_region_1,C843210,None,0.51,Yes (No MIBiG connection)
CHL22_QN_220317_F_contig_60131.region001.gbk_region_1,C843210,None,0.51,Yes (No MIBiG connection)
CHL22_QN_220317_F_contig_1221.region001.gbk_region_1,C843210,None,0.51,Yes (No MIBiG connection)
HYD22_CB_221018_F_contig_3299.region001.gbk_region_1,C843210,None,0.51,Yes (No MIBiG connection)
AEO22_OS_220830_F_contig_5699.region001.gbk_region_1,C843210,None,0.51,Yes (No MIBiG connection)
CH20_CQ_200302_F_contig_17.region001.gbk_region_1,C843210,None,0.51,Yes (No MIBiG connection)
CR17_SI170217_F_contig_6.region001.gbk_region_1,C843210,None,0.51,Yes (No MIBiG connection)
ISL21_HV2_210602_S_contig_84.region001.gbk_region_1,C843210,None,0.51,Yes (No MIBiG connection)
CHL22_PJ_220330_F_contig_44440.region001.gbk_region_1,C843210,None,0.51,Yes (No MIBiG connection)
CR18_CV180410_S_contig_140.region001.gbk_region_1,C843210,None,0.51,Yes (No MIBiG connection)
CR17_ES170215_1_F_contig_9.region001.gbk_region_1,C843210,None,0.51,Yes (No MIBiG connection)
CHL22_EQ_220330_F_contig_6818.region001.gbk_region_1,C843210,None,0.51,Yes (No MIBiG connection)
CR18_YR180404_F_contig_1987.region001.gbk_region_1,C843210,None,0.51,Yes (No MIBiG connection)
EPR_teddybear_k141_394916.region001.gbk_region_1,C843210,None,0.51,Yes (No MIBiG connection)
CR18_LH180406_S_contig_6900.region001.gbk_region_1,C843211,None,0.51,Yes (No MIBiG connection)
CHL22_OA_220325_F_contig_60531.region001.gbk_region_1,C843207,None,0.51,Yes (No MIBiG connection)
CR17_QN170220_S_contig_3704.region001.gbk_region_1,C843207,BGC0000369.gbk_region_1,0.5,No (Directly observed)
CHL22_LC_220316_F_contig_109990.region001.gbk_region_1,C843207,None,0.51,Yes (No MIBiG connection)
CHL22_OA_220325_F_contig_86469.region001.gbk_region_1,C843207,None,0.51,Yes (No MIBiG connection)
CR17_FA170219_1_S_contig_12478.region001.gbk_region_1,C843208,None,0.51,Yes (No MIBiG connection)
CR17_RS170216_S_contig_9518.region001.gbk_region_1,C843208,None,0.51,Yes (No MIBiG connection)
CR17_EP170215_S_contig_5237.region001.gbk_region_1,C843208,None,0.51,Yes (No MIBiG connection)
CR18_BW180407_F_contig_818.region001.gbk_region_1,C843208,None,0.51,Yes (No MIBiG connection)
CR18_LE180416_F_contig_1318.region001.gbk_region_1,C843208,None,0.51,Yes (No MIBiG connection)
CR17_FA170219_1_S_contig_5002.region001.gbk_region_1,C843208,None,0.51,Yes (No MIBiG connection)
CHL22_QN_220317_F_contig_21099.region001.gbk_region_1,C843208,None,0.51,Yes (No MIBiG connection)
CR18_CL180409_F_contig_616.region001.gbk_region_1,C843208,None,0.51,Yes (No MIBiG connection)
CR17_BR170218_2_F_contig_5840.region001.gbk_region_1,C843208,None,0.51,Yes (No MIBiG connection)
CR18_RC180404_F_contig_359.region001.gbk_region_1,C843208,None,0.51,Yes (No MIBiG connection)
CR18_LE180416_S_contig_5122.region001.gbk_region_1,C843208,None,0.51,Yes (No MIBiG connection)
CR18_CL180409_F_contig_6186.region001.gbk_region_1,C843208,None,0.51,Yes (No MIBiG connection)
CHL22_CH_220319_F_contig_119857.region001.gbk_region_1,C843208,None,0.51,Yes (No MIBiG connection)
KJ_230721_F_NODE_17919_length_6348_cov_0.975888.region001.gbk_region_1,C843208,None,0.51,Yes (No MIBiG connection)
CHL22_CH_220319_F_contig_130362.region001.gbk_region_1,C843208,None,0.51,Yes (No MIBiG connection)
CR18_CL180409_F_contig_1019.region001.gbk_region_1,C843208,None,0.51,Yes (No MIBiG connection)
TR_230731_S_NODE_4849_length_12486_cov_14.627640.region001.gbk_region_1,C843208,None,0.51,Yes (No MIBiG connection)
CR18_XF180416_F_contig_1946.region001.gbk_region_1,C843208,None,0.51,Yes (No MIBiG connection)
CHL22_CZ_220329_F_contig_45116.region001.gbk_region_1,C843208,None,0.51,Yes (No MIBiG connection)
CHL22_CN_220327_F_contig_51424.region001.gbk_region_1,C843208,None,0.51,Yes (No MIBiG connection)
CR17_BR170218_1_F_contig_6970.region001.gbk_region_1,C843208,None,0.51,Yes (No MIBiG connection)
CH20_CP_200307_F_contig_546.region001.gbk_region_1,C843208,None,0.51,Yes (No MIBiG connection)
CR17_RS170216_S_contig_5512.region001.gbk_region_1,C843208,None,0.51,Yes (No MIBiG connection)
KJ_230721_F_NODE_5465_length_15737_cov_2.058168.region001.gbk_region_1,C843208,None,0.51,Yes (No MIBiG connection)
CR18_YR180404_F_contig_12099.region001.gbk_region_1,C843208,None,0.51,Yes (No MIBiG connection)
TR_230731_F_NODE_3509_length_12537_cov_5.827317.region001.gbk_region_1,C843208,None,0.51,Yes (No MIBiG connection)
CR17_MT170219_F_contig_80.region001.gbk_region_1,C843208,None,0.51,Yes (No MIBiG connection)
CR18_CV180410_F_contig_787.region001.gbk_region_1,C843208,None,0.51,Yes (No MIBiG connection)
KJ_230721_F_NODE_51557_length_2970_cov_0.886739.region001.gbk_region_1,C843208,None,0.51,Yes (No MIBiG connection)
CHL22_CH_220319_F_contig_3110.region001.gbk_region_1,C843208,None,0.51,Yes (No MIBiG connection)
CHL22_TT_220331_F_contig_5261.region001.gbk_region_1,C843208,None,0.51,Yes (No MIBiG connection)
CR17_SI170217_S_contig_2969.region001.gbk_region_1,C843208,None,0.51,Yes (No MIBiG connection)
CR18_CV180410_F_contig_3938.region001.gbk_region_1,C843208,None,0.51,Yes (No MIBiG connection)
CR17_SL170214_F_contig_13946.region001.gbk_region_1,C843208,None,0.51,Yes (No MIBiG connection)
CR17_SL170214_S_contig_11514.region001.gbk_region_1,C843208,None,0.51,Yes (No MIBiG connection)
FEN_BA_S_NODE_670_length_25051_cov_45.364858.region001.gbk_region_1,C843208,None,0.51,Yes (No MIBiG connection)
CR18_LE180416_F_contig_1248.region001.gbk_region_1,C843208,None,0.51,Yes (No MIBiG connection)
CHL22_LP_220401_F_contig_13440.region001.gbk_region_1,C843210,None,0.51,Yes (No MIBiG connection)
CHL22_CZ_220329_F_contig_62417.region001.gbk_region_1,C843207,None,0.51,Yes (No MIBiG connection)
CHL22_CZ_220329_F_contig_1085.region001.gbk_region_1,C843207,None,0.51,Yes (No MIBiG connection)
HYD22_CB_221018_F_contig_63151.region001.gbk_region_1,C843207,None,0.51,Yes (No MIBiG connection)
EPR_teddybear_k141_739295.region001.gbk_region_1,C843207,None,0.51,Yes (No MIBiG connection)
CHL22_QN_220317_F_contig_154331.region001.gbk_region_1,C843207,None,0.51,Yes (No MIBiG connection)
CHL22_LC_220316_F_contig_34156.region001.gbk_region_1,C843207,None,0.51,Yes (No MIBiG connection)
CHL22_CC_220324_F_contig_239.region001.gbk_region_1,C843207,None,0.51,Yes (No MIBiG connection)
CR18_SC180411_S_contig_19149.region001.gbk_region_1,C843207,None,0.51,Yes (No MIBiG connection)
EPR_teddybear_k141_460390.region001.gbk_region_1,C843207,None,0.51,Yes (No MIBiG connection)
CR18_LE180416_S_contig_20273.region001.gbk_region_1,C843207,None,0.51,Yes (No MIBiG connection)
CR18_LE180416_S_contig_14341.region001.gbk_region_1,C843207,None,0.51,Yes (No MIBiG connection)
CHL22_IS_220328_F_contig_6673.region001.gbk_region_1,C843207,None,0.51,Yes (No MIBiG connection)
CHL22_PJ_220330_F_contig_9526.region001.gbk_region_1,C843207,None,0.51,Yes (No MIBiG connection)
CHL22_LP_220401_F_contig_1594.region001.gbk_region_1,C843207,None,0.51,Yes (No MIBiG connection)
HYD22_CB_221018_F_contig_43471.region001.gbk_region_1,C843207,None,0.51,Yes (No MIBiG connection)
CHL22_OA_220325_F_contig_110628.region001.gbk_region_1,C843207,None,0.51,Yes (No MIBiG connection)
CHL22_EQ_220330_F_contig_17426.region001.gbk_region_1,C843207,None,0.51,Yes (No MIBiG connection)
CHL22_LP_220401_F_contig_22695.region001.gbk_region_1,C843207,None,0.51,Yes (No MIBiG connection)
CHL22_PJ_220330_F_contig_53704.region001.gbk_region_1,C843207,None,0.51,Yes (No MIBiG connection)
CHL22_LP_220401_F_contig_67545.region001.gbk_region_1,C843207,None,0.51,Yes (No MIBiG connection)
CHL22_CC_220324_F_contig_43762.region001.gbk_region_1,C843207,None,0.51,Yes (No MIBiG connection)
CHL22_PJ_220330_F_contig_45965.region001.gbk_region_1,C843207,None,0.51,Yes (No MIBiG connection)
CHL22_PJ_220330_F_contig_45787.region001.gbk_region_1,C843207,None,0.51,Yes (No MIBiG connection)
HYD22_CB_221018_F_contig_67779.region001.gbk_region_1,C843207,None,0.51,Yes (No MIBiG connection)
CHL22_CC_220324_F_contig_48151.region001.gbk_region_1,C843207,None,0.51,Yes (No MIBiG connection)
CHL22_GB_220322_F_contig_6905.region001.gbk_region_1,C843207,None,0.51,Yes (No MIBiG connection)
ARG19_RF_190301_S_contig_664.region001.gbk_region_1,C843208,None,0.51,Yes (No MIBiG connection)
CR18_PX180416_S_contig_20218.region001.gbk_region_1,C843207,None,0.51,Yes (No MIBiG connection)
CR18_MC180404_F_contig_9053.region001.gbk_region_1,C843207,None,0.51,Yes (No MIBiG connection)
CR17_ES170215_1_F_contig_7447.region001.gbk_region_1,C843207,None,0.51,Yes (No MIBiG connection)
CR19_EP_190616_S_contig_101.region001.gbk_region_1,C843207,None,0.51,Yes (No MIBiG connection)
CR18_LH180406_F_contig_19259.region001.gbk_region_1,C843207,None,0.51,Yes (No MIBiG connection)
KJ_230721_F_NODE_37490_length_3722_cov_5.159388.region001.gbk_region_1,C843207,None,0.51,Yes (No MIBiG connection)
CR18_LH180406_F_contig_39580.region001.gbk_region_1,C843207,None,0.51,Yes (No MIBiG connection)
CR18_LP180406_F_contig_36579.region001.gbk_region_1,C843207,None,0.51,Yes (No MIBiG connection)
CHL22_PR_220403_F_contig_39609.region001.gbk_region_1,C843207,None,0.51,Yes (No MIBiG connection)
CR18_BW180407_F_contig_28747.region001.gbk_region_1,C843207,None,0.51,Yes (No MIBiG connection)
CH20_PM_200308_S_contig_152.region001.gbk_region_1,C843207,None,0.51,Yes (No MIBiG connection)
AEO22_LB_220827_F_contig_78043.region001.gbk_region_1,C843207,None,0.51,Yes (No MIBiG connection)
CR18_RC180404_F_contig_2334.region001.gbk_region_1,C843207,None,0.51,Yes (No MIBiG connection)
CR18_RC180404_F_contig_10352.region001.gbk_region_1,C843207,None,0.51,Yes (No MIBiG connection)
CR18_RC180404_F_contig_321.region001.gbk_region_1,C843207,None,0.51,Yes (No MIBiG connection)
CHL22_LC_220316_F_contig_55174.region001.gbk_region_1,C843208,None,0.51,Yes (No MIBiG connection)
CHL22_LC_220316_F_contig_85597.region001.gbk_region_1,C843208,None,0.51,Yes (No MIBiG connection)
CHL22_QN_220317_F_contig_22618.region001.gbk_region_1,C843208,None,0.51,Yes (No MIBiG connection)
CHL22_IS_220328_F_contig_3021.region001.gbk_region_1,C843207,None,0.51,Yes (No MIBiG connection)
CHL22_LP_220401_F_contig_70721.region001.gbk_region_1,C843207,None,0.51,Yes (No MIBiG connection)
CHL22_LA_220331_F_contig_10906.region001.gbk_region_1,C843215,None,0.51,Yes (No MIBiG connection)
CHL22_OA_220325_F_contig_83340.region001.gbk_region_1,C843207,None,0.51,Yes (No MIBiG connection)
CR18_CI180408_F_contig_1799.region001.gbk_region_1,C843210,None,0.51,Yes (No MIBiG connection)
CHL22_GB_220322_F_contig_8955.region001.gbk_region_1,C843210,None,0.51,Yes (No MIBiG connection)
CHL22_LN_220321_F_contig_9973.region001.gbk_region_1,C843210,None,0.51,Yes (No MIBiG connection)
CR18_CH180410_S_contig_9022.region001.gbk_region_1,C843210,None,0.51,Yes (No MIBiG connection)
NR_230731_F_NODE_183_length_56978_cov_2.840179.region001.gbk_region_1,C843207,None,0.51,Yes (No MIBiG connection)
TR_230731_F_NODE_65_length_86086_cov_6.516583.region001.gbk_region_1,C843207,None,0.51,Yes (No MIBiG connection)
CHL22_QN_220317_F_contig_92449.region001.gbk_region_1,C843209,None,0.51,Yes (No MIBiG connection)
CR17_CY170214_S_contig_3522.region001.gbk_region_1,C843208,None,0.51,Yes (No MIBiG connection)
CR17_FA170219_1_S_contig_12360.region001.gbk_region_1,C843208,None,0.51,Yes (No MIBiG connection)
CHL22_EQ_220330_F_contig_20944.region001.gbk_region_1,C843208,None,0.51,Yes (No MIBiG connection)
CR18_CI180408_S_contig_683.region001.gbk_region_1,C843208,None,0.51,Yes (No MIBiG connection)
CR17_SL170214_F_contig_4306.region001.gbk_region_1,C843208,None,0.51,Yes (No MIBiG connection)
CR18_LH180406_S_contig_601.region001.gbk_region_1,C843208,None,0.51,Yes (No MIBiG connection)
CR17_MT170219_F_contig_419.region001.gbk_region_1,C843208,None,0.51,Yes (No MIBiG connection)
CR17_TC170221_F_contig_3864.region001.gbk_region_1,C843208,None,0.51,Yes (No MIBiG connection)
CR18_RC180404_S_contig_15352.region001.gbk_region_1,C843208,None,0.51,Yes (No MIBiG connection)
CR17_BR170218_2_F_contig_12925.region001.gbk_region_1,C843208,None,0.51,Yes (No MIBiG connection)
CHL22_CH_220319_F_contig_110455.region001.gbk_region_1,C843208,None,0.51,Yes (No MIBiG connection)
HYD22_FC_221023_F_contig_48887.region001.gbk_region_1,C843208,None,0.51,Yes (No MIBiG connection)
AEO22_CF_220902_F_contig_31320.region001.gbk_region_1,C843208,None,0.51,Yes (No MIBiG connection)
KJ_230721_F_NODE_28067_length_4578_cov_0.772860.region001.gbk_region_1,C843209,BGC0002689.gbk_region_1,0.4,No (Directly observed)
KJ_230721_F_NODE_20687_length_5711_cov_10.206841.region001.gbk_region_1,C843209,BGC0002689.gbk_region_1,0.15,No (Directly observed)
CHL22_IS_220328_F_contig_2028.region001.gbk_region_1,C843209,BGC0002494.gbk_region_1,0.1,No (Directly observed)
KJ_230721_F_NODE_51319_length_2980_cov_0.953032.region001.gbk_region_1,C843209,BGC0002689.gbk_region_1,0.35,No (Directly observed)
CR17_MT170219_F_contig_4650.region001.gbk_region_1,C843208,None,0.51,Yes (No MIBiG connection)
CR17_SL170214_F_contig_2522.region001.gbk_region_1,C843208,None,0.51,Yes (No MIBiG connection)
CR17_TC170221_F_contig_3989.region001.gbk_region_1,C843208,None,0.51,Yes (No MIBiG connection)
CR18_LH180406_F_contig_5209.region001.gbk_region_1,C843208,None,0.51,Yes (No MIBiG connection)
CR19_BR1_190716_S_contig_7355.region001.gbk_region_1,C843208,None,0.51,Yes (No MIBiG connection)
CR18_MC180404_S_contig_617.region001.gbk_region_1,C843208,None,0.51,Yes (No MIBiG connection)
ARG19_PM_190223_F_contig_3183.region001.gbk_region_1,C843208,None,0.51,Yes (No MIBiG connection)
ARG19_IN_190223_S_contig_3199.region001.gbk_region_1,C843208,None,0.51,Yes (No MIBiG connection)
CR18_LH180406_S_contig_10184.region001.gbk_region_1,C843208,None,0.51,Yes (No MIBiG connection)
EPR_riftia_k141_272748.region001.gbk_region_1,C843207,None,0.51,Yes (No MIBiG connection)
CR18_CV180410_S_contig_1427.region001.gbk_region_1,C843207,BGC0000388.gbk_region_1,0.48,No (Directly observed)
CHL22_OA_220325_F_contig_14578.region001.gbk_region_1,C843207,None,0.51,Yes (No MIBiG connection)
CHL22_OA_220325_F_contig_78619.region001.gbk_region_1,C843207,None,0.51,Yes (No MIBiG connection)
CR17_CY170214_S_contig_48474.region001.gbk_region_1,C843207,None,0.51,Yes (No MIBiG connection)
EPR_teddybear_k141_487235.region001.gbk_region_1,C843207,None,0.51,Yes (No MIBiG connection)
CHL22_LC_220316_F_contig_71645.region001.gbk_region_1,C843207,None,0.51,Yes (No MIBiG connection)
CHL22_GB_220322_F_contig_38170.region001.gbk_region_1,C843207,None,0.51,Yes (No MIBiG connection)
CH20_EM_200307_S_contig_56.region001.gbk_region_1,C843210,None,0.51,Yes (No MIBiG connection)
CHL22_LC_220316_F_contig_98263.region001.gbk_region_1,C843207,None,0.51,Yes (No MIBiG connection)
CHL22_PR_220403_F_contig_37869.region001.gbk_region_1,C843207,None,0.51,Yes (No MIBiG connection)
FEN_GA_F_NODE_3660_length_6235_cov_5.105502.region001.gbk_region_1,C843207,None,0.51,Yes (No MIBiG connection)
CHL22_CC_220324_F_contig_66164.region001.gbk_region_1,C843207,None,0.51,Yes (No MIBiG connection)
CHL22_QN_220317_F_contig_97083.region001.gbk_region_1,C843207,None,0.51,Yes (No MIBiG connection)
CR17_ET170220_1_S_contig_2207.region001.gbk_region_1,C843207,None,0.51,Yes (No MIBiG connection)
CHL22_CU_220402_F_contig_104100.region001.gbk_region_1,C843207,None,0.51,Yes (No MIBiG connection)
CHL22_LP_220401_F_contig_17427.region001.gbk_region_1,C843207,None,0.51,Yes (No MIBiG connection)
TR_230731_F_NODE_34298_length_2242_cov_0.591962.region001.gbk_region_1,C843207,None,0.51,Yes (No MIBiG connection)
CHL22_CA_220323_F_contig_103753.region001.gbk_region_1,C843207,None,0.51,Yes (No MIBiG connection)
CR18_CH180410_S_contig_4104.region001.gbk_region_1,C843207,None,0.51,Yes (No MIBiG connection)
CHL22_PJ_220330_F_contig_29603.region001.gbk_region_1,C843207,BGC0000385.gbk_region_1,0.49,No (Directly observed)
CHL22_LN_220321_F_contig_28670.region001.gbk_region_1,C843207,None,0.51,Yes (No MIBiG connection)
CHL22_LC_220316_F_contig_27656.region001.gbk_region_1,C843208,None,0.51,Yes (No MIBiG connection)
CHL22_RS_220319_F_contig_84516.region001.gbk_region_1,C843207,None,0.51,Yes (No MIBiG connection)
GUY_SRR21545388_k141_1118862.region001.gbk_region_1,C843207,None,0.51,Yes (No MIBiG connection)
CHL22_LR_220331_F_contig_8079.region001.gbk_region_1,C843207,None,0.51,Yes (No MIBiG connection)
NR_230731_S_NODE_37_length_228280_cov_9.854545.region001.gbk_region_1,C843207,BGC0001185.gbk_region_1,0.3,No (Directly observed)
SJ_230730_S_NODE_1124_length_9582_cov_15.359390.region001.gbk_region_1,C843207,None,0.51,Yes (No MIBiG connection)
CHL22_PJ_220330_F_contig_4542.region001.gbk_region_1,C843207,None,0.51,Yes (No MIBiG connection)
CR17_RV170221_F_contig_286.region001.gbk_region_1,C843209,None,0.51,Yes (No MIBiG connection)
AEO22_LB_220827_F_contig_279.region001.gbk_region_1,C843210,None,0.51,Yes (No MIBiG connection)
CHL22_QN_220317_F_contig_153696.region001.gbk_region_1,C843207,None,0.51,Yes (No MIBiG connection)
AEO22_TC_220902_F_contig_44722.region001.gbk_region_1,C843207,None,0.51,Yes (No MIBiG connection)
AEO22_LB_220827_F_contig_35424.region001.gbk_region_1,C843207,None,0.51,Yes (No MIBiG connection)
EPR_teddybear_k141_506090.region001.gbk_region_1,C843207,None,0.51,Yes (No MIBiG connection)
CHL22_LC_220316_F_contig_121508.region001.gbk_region_1,C843207,None,0.51,Yes (No MIBiG connection)
CR18_BC180410_contig_6681.region001.gbk_region_1,C843207,None,0.51,Yes (No MIBiG connection)
CHL22_OA_220325_F_contig_103750.region001.gbk_region_1,C843210,None,0.51,Yes (No MIBiG connection)
CHL22_PJ_220330_F_contig_139.region001.gbk_region_1,C843207,None,0.51,Yes (No MIBiG connection)
AEO22_LB_220827_F_contig_5677.region001.gbk_region_1,C843207,None,0.51,Yes (No MIBiG connection)
CR17_PG172224_S_contig_13656.region001.gbk_region_1,C843207,None,0.51,Yes (No MIBiG connection)
CR18_CH180410_S_contig_4487.region001.gbk_region_1,C843207,None,0.51,Yes (No MIBiG connection)
CR19_SG_190719_S_contig_568.region001.gbk_region_1,C843207,None,0.51,Yes (No MIBiG connection)
ARG19_IN_190223_S_contig_5750.region001.gbk_region_1,C843207,None,0.51,Yes (No MIBiG connection)
AEO22_TC_220902_F_contig_53810.region001.gbk_region_1,C843207,None,0.51,Yes (No MIBiG connection)
CR17_ET170220_1_S_contig_9648.region001.gbk_region_1,C843207,None,0.51,Yes (No MIBiG connection)
CR18_LB180410_F_contig_21510.region001.gbk_region_1,C843207,None,0.51,Yes (No MIBiG connection)
CHL22_PJ_220330_F_contig_42999.region001.gbk_region_1,C843207,None,0.51,Yes (No MIBiG connection)
CHL22_PR_220403_F_contig_39722.region001.gbk_region_1,C843207,None,0.51,Yes (No MIBiG connection)
CHL22_EQ_220330_F_contig_50051.region001.gbk_region_1,C843207,None,0.51,Yes (No MIBiG connection)
CHL22_CZ_220329_F_contig_49895.region001.gbk_region_1,C843207,None,0.51,Yes (No MIBiG connection)
GUY_SRR21545388_k141_1223050.region001.gbk_region_1,C843207,None,0.51,Yes (No MIBiG connection)
CR18_LB180410_F_contig_18295.region001.gbk_region_1,C843207,None,0.51,Yes (No MIBiG connection)
CR18_CV180410_S_contig_22060.region001.gbk_region_1,C843207,None,0.51,Yes (No MIBiG connection)
EPR_teddybear_k141_94753.region001.gbk_region_1,C843207,None,0.51,Yes (No MIBiG connection)
EPR_teddybear_k141_758699.region001.gbk_region_1,C843207,None,0.51,Yes (No MIBiG connection)
EPR_teddybear_k141_308520.region001.gbk_region_1,C843207,None,0.51,Yes (No MIBiG connection)
GUY_SRR21545388_k141_736416.region001.gbk_region_1,C843207,None,0.51,Yes (No MIBiG connection)
CHL22_PJ_220330_F_contig_5399.region001.gbk_region_1,C843207,None,0.51,Yes (No MIBiG connection)
CHL22_CC_220324_F_contig_53685.region001.gbk_region_1,C843207,None,0.51,Yes (No MIBiG connection)
CR19_ET_190718_S_contig_1297.region001.gbk_region_1,C843207,None,0.51,Yes (No MIBiG connection)
CHL22_SR_220328_F_contig_2673.region001.gbk_region_1,C843207,None,0.51,Yes (No MIBiG connection)
CHL22_LP_220401_F_contig_34479.region001.gbk_region_1,C843207,None,0.51,Yes (No MIBiG connection)
CH20_BM_200304_S_contig_391.region001.gbk_region_1,C843207,None,0.51,Yes (No MIBiG connection)
GUY_SRR21545388_k141_1291318.region001.gbk_region_1,C843211,None,0.51,Yes (No MIBiG connection)
CHL22_LC_220316_F_contig_21137.region001.gbk_region_1,C843211,None,0.51,Yes (No MIBiG connection)
CHL22_QN_220317_F_contig_23979.region001.gbk_region_1,C843207,None,0.51,Yes (No MIBiG connection)
CHL22_CC_220324_F_contig_2269.region001.gbk_region_1,C843209,BGC0002679.gbk_region_1,0.32,No (Directly observed)
CHL22_LP_220401_F_contig_11315.region001.gbk_region_1,C843209,None,0.51,Yes (No MIBiG connection)
HYD22_CB_221018_F_contig_22663.region001.gbk_region_1,C843209,None,0.51,Yes (No MIBiG connection)
AEO22_BS_220902_F_contig_12922.region001.gbk_region_1,C843209,None,0.51,Yes (No MIBiG connection)
CHL22_CU_220402_F_contig_45557.region001.gbk_region_1,C843209,None,0.51,Yes (No MIBiG connection)
CR18_LE180416_F_contig_370.region001.gbk_region_1,C843211,None,0.51,Yes (No MIBiG connection)
CHL22_LP_220401_F_contig_66942.region001.gbk_region_1,C843207,BGC0001018.gbk_region_1,0.5,No (Directly observed)
AEO22_TC_220902_F_contig_57210.region001.gbk_region_1,C843207,None,0.51,Yes (No MIBiG connection)
CHL22_CC_220324_F_contig_66001.region001.gbk_region_1,C843207,None,0.51,Yes (No MIBiG connection)
CHL22_CU_220402_F_contig_37584.region001.gbk_region_1,C843207,None,0.51,Yes (No MIBiG connection)
EPR_riftia_k141_281681.region001.gbk_region_1,C843207,None,0.51,Yes (No MIBiG connection)
CHL22_LP_220401_F_contig_9922.region001.gbk_region_1,C843207,None,0.51,Yes (No MIBiG connection)
CHL22_GB_220322_F_contig_4044.region001.gbk_region_1,C843207,None,0.51,Yes (No MIBiG connection)
CHL22_CU_220402_F_contig_21101.region001.gbk_region_1,C843207,None,0.51,Yes (No MIBiG connection)
CHL22_CZ_220329_F_contig_14142.region001.gbk_region_1,C843207,None,0.51,Yes (No MIBiG connection)
CHL22_LP_220401_F_contig_16125.region001.gbk_region_1,C843207,None,0.51,Yes (No MIBiG connection)
CR18_CW180415_S_contig_19835.region001.gbk_region_1,C843207,None,0.51,Yes (No MIBiG connection)
CR18_RC180404_S_contig_22370.region001.gbk_region_1,C843207,None,0.51,Yes (No MIBiG connection)
CHL22_CU_220402_F_contig_19609.region001.gbk_region_1,C843207,None,0.51,Yes (No MIBiG connection)
CR17_PG172224_S_contig_36883.region001.gbk_region_1,C843207,None,0.51,Yes (No MIBiG connection)
CR18_LE180416_F_contig_1137.region001.gbk_region_1,C843209,None,0.51,Yes (No MIBiG connection)
CHL22_GB_220322_F_contig_24060.region003.gbk_region_3,C843207,None,0.51,Yes (No MIBiG connection)
CHL22_LP_220401_F_contig_94298.region001.gbk_region_1,C843207,None,0.51,Yes (No MIBiG connection)
CHL22_PJ_220330_F_contig_31789.region001.gbk_region_1,C843207,None,0.51,Yes (No MIBiG connection)
CHL22_EQ_220330_F_contig_17614.region003.gbk_region_3,C843207,None,0.51,Yes (No MIBiG connection)
CHL22_LP_220401_F_contig_31398.region001.gbk_region_1,C843207,None,0.51,Yes (No MIBiG connection)
CHL22_CC_220324_F_contig_68050.region003.gbk_region_3,C843207,None,0.51,Yes (No MIBiG connection)
HYD22_CB_221018_F_contig_3677.region001.gbk_region_1,C843207,None,0.51,Yes (No MIBiG connection)
CHL22_IS_220328_F_contig_17906.region002.gbk_region_2,C843207,None,0.51,Yes (No MIBiG connection)
CHL22_LA_220331_F_contig_17016.region001.gbk_region_1,C843207,None,0.51,Yes (No MIBiG connection)
AEO22_LB_220827_F_contig_156889.region001.gbk_region_1,C843209,None,0.51,Yes (No MIBiG connection)
CHL22_CZ_220329_F_contig_46333.region001.gbk_region_1,C843207,BGC0000431.gbk_region_1,0.49,No (Directly observed)
TR_230731_S_NODE_15926_length_4753_cov_0.535884.region001.gbk_region_1,C843207,None,0.51,Yes (No MIBiG connection)
TR_230731_S_NODE_9260_length_7466_cov_0.879411.region001.gbk_region_1,C843207,BGC0000431.gbk_region_1,0.41,No (Directly observed)
AEO22_LB_220827_F_contig_17722.region001.gbk_region_1,C843207,None,0.51,Yes (No MIBiG connection)
AEO22_GV_220827_F_contig_22438.region001.gbk_region_1,C843207,None,0.51,Yes (No MIBiG connection)
GUY_SRR21545388_k141_806246.region001.gbk_region_1,C843208,None,0.51,Yes (No MIBiG connection)
CHL22_LN_220321_F_contig_21280.region001.gbk_region_1,C843208,None,0.51,Yes (No MIBiG connection)
EPR_riftia_k141_510153.region001.gbk_region_1,C843208,None,0.51,Yes (No MIBiG connection)
GUY_SRR21545388_k141_465438.region001.gbk_region_1,C843208,None,0.51,Yes (No MIBiG connection)
CHL22_LN_220321_F_contig_35038.region001.gbk_region_1,C843207,None,0.51,Yes (No MIBiG connection)
TR_230731_F_NODE_23844_length_2982_cov_1.039930.region001.gbk_region_1,C843207,None,0.51,Yes (No MIBiG connection)
CR17_SI170217_F_contig_383.region001.gbk_region_1,C843210,None,0.51,Yes (No MIBiG connection)
CR17_SI170217_S_contig_15596.region001.gbk_region_1,C843210,None,0.51,Yes (No MIBiG connection)
CR17_ES170215_1_F_contig_2013.region001.gbk_region_1,C843210,None,0.51,Yes (No MIBiG connection)
CR18_LE180416_S_contig_4090.region001.gbk_region_1,C843208,None,0.51,Yes (No MIBiG connection)
CR18_CV180410_S_contig_5066.region001.gbk_region_1,C843208,None,0.51,Yes (No MIBiG connection)
CR17_ET170220_1_S_contig_6348.region001.gbk_region_1,C843208,None,0.51,Yes (No MIBiG connection)
CHL22_EQ_220330_F_contig_17886.region001.gbk_region_1,C843208,None,0.51,Yes (No MIBiG connection)
CR18_XF180416_F_contig_11728.region001.gbk_region_1,C843209,None,0.51,Yes (No MIBiG connection)
CR17_QH170213_1_S_contig_13310.region001.gbk_region_1,C843211,None,0.51,Yes (No MIBiG connection)
CHL22_LN_220321_F_contig_36585.region001.gbk_region_1,C843211,None,0.51,Yes (No MIBiG connection)
CHL22_QN_220317_F_contig_52441.region001.gbk_region_1,C843207,None,0.51,Yes (No MIBiG connection)
CHL22_PJ_220330_F_contig_35422.region001.gbk_region_1,C843209,None,0.51,Yes (No MIBiG connection)
NR_230731_S_NODE_348_length_50911_cov_2.374350.region001.gbk_region_1,C843209,None,0.51,Yes (No MIBiG connection)
KJ_230721_F_NODE_82273_length_2129_cov_0.539960.region001.gbk_region_1,C843209,None,0.51,Yes (No MIBiG connection)
EPR_teddybear_k141_357814.region001.gbk_region_1,C843209,BGC0000427.gbk_region_1,0.49,No (Directly observed)
CR18_XF180416_F_contig_3524.region001.gbk_region_1,C843209,BGC0000427.gbk_region_1,0.5,No (Directly observed)
CR18_LH180406_F_contig_19587.region001.gbk_region_1,C843209,BGC0002689.gbk_region_1,0.45,No (Directly observed)
CR18_LH180406_F_contig_2955.region001.gbk_region_1,C843209,BGC0000427.gbk_region_1,0.48,No (Directly observed)
CHL22_CR_220324_F_contig_37564.region001.gbk_region_1,C843209,None,0.51,Yes (No MIBiG connection)
CR18_LH180406_F_contig_27022.region001.gbk_region_1,C843209,BGC0002689.gbk_region_1,0.5,No (Directly observed)
CR18_LH180406_F_contig_39252.region001.gbk_region_1,C843209,None,0.51,Yes (No MIBiG connection)
CR18_LH180406_F_contig_16871.region001.gbk_region_1,C843209,None,0.51,Yes (No MIBiG connection)
CR18_LH180406_F_contig_27553.region001.gbk_region_1,C843209,None,0.51,Yes (No MIBiG connection)
CHL22_CU_220402_F_contig_83916.region001.gbk_region_1,C843207,None,0.51,Yes (No MIBiG connection)
TR_230731_S_NODE_40775_length_2123_cov_0.582665.region001.gbk_region_1,C843207,None,0.51,Yes (No MIBiG connection)
CHL22_IS_220328_F_contig_11028.region001.gbk_region_1,C843207,None,0.51,Yes (No MIBiG connection)
KJ_230721_F_NODE_3321_length_23312_cov_1.485184.region001.gbk_region_1,C843207,None,0.51,Yes (No MIBiG connection)
KJ_230721_F_NODE_37307_length_3736_cov_0.999723.region001.gbk_region_1,C843207,None,0.51,Yes (No MIBiG connection)
CHL22_CU_220402_F_contig_39202.region001.gbk_region_1,C843207,None,0.51,Yes (No MIBiG connection)
CHL22_GB_220322_F_contig_21000.region001.gbk_region_1,C843208,None,0.51,Yes (No MIBiG connection)
HYD22_CB_221018_F_contig_47255.region001.gbk_region_1,C843208,None,0.51,Yes (No MIBiG connection)
EPR_teddybear_k141_231478.region001.gbk_region_1,C843208,None,0.51,Yes (No MIBiG connection)
CR17_PG172224_S_contig_762.region001.gbk_region_1,C843208,None,0.51,Yes (No MIBiG connection)
CR18_XF180416_S_contig_458.region001.gbk_region_1,C843208,None,0.51,Yes (No MIBiG connection)
CR17_PG172224_S_contig_17967.region001.gbk_region_1,C843208,None,0.51,Yes (No MIBiG connection)
CR17_TC170221_F_contig_1125.region001.gbk_region_1,C843208,None,0.51,Yes (No MIBiG connection)
CR17_PG172224_S_contig_264.region001.gbk_region_1,C843208,None,0.51,Yes (No MIBiG connection)
CR17_PF170222_S_contig_4899.region001.gbk_region_1,C843208,None,0.51,Yes (No MIBiG connection)
CHL22_LP_220401_F_contig_98358.region001.gbk_region_1,C843208,None,0.51,Yes (No MIBiG connection)
CHL22_LC_220316_F_contig_122109.region001.gbk_region_1,C843208,None,0.51,Yes (No MIBiG connection)
CR17_PG172224_S_contig_6344.region001.gbk_region_1,C843208,None,0.51,Yes (No MIBiG connection)
CHL22_CA_220323_F_contig_143758.region001.gbk_region_1,C843208,None,0.51,Yes (No MIBiG connection)
CR17_PG172224_S_contig_37677.region001.gbk_region_1,C843208,None,0.51,Yes (No MIBiG connection)
CHL22_LC_220316_F_contig_73799.region001.gbk_region_1,C843208,None,0.51,Yes (No MIBiG connection)
CHL22_EQ_220330_F_contig_21166.region001.gbk_region_1,C843208,None,0.51,Yes (No MIBiG connection)
CHL22_CZ_220329_F_contig_17876.region001.gbk_region_1,C843208,None,0.51,Yes (No MIBiG connection)
CHL22_OA_220325_F_contig_68756.region001.gbk_region_1,C843208,None,0.51,Yes (No MIBiG connection)
CHL22_CC_220324_F_contig_34839.region001.gbk_region_1,C843208,None,0.51,Yes (No MIBiG connection)
HYD22_CB_221018_F_contig_22775.region001.gbk_region_1,C843208,None,0.51,Yes (No MIBiG connection)
CHL22_LR_220331_F_contig_29113.region001.gbk_region_1,C843208,None,0.51,Yes (No MIBiG connection)
AEO22_BP2_220829_F_contig_14218.region001.gbk_region_1,C843208,None,0.51,Yes (No MIBiG connection)
CR18_LB180410_S_contig_1178.region001.gbk_region_1,C843208,None,0.51,Yes (No MIBiG connection)
CR17_SI170217_S_contig_1527.region001.gbk_region_1,C843208,None,0.51,Yes (No MIBiG connection)
CR18_CV180410_S_contig_4988.region001.gbk_region_1,C843208,None,0.51,Yes (No MIBiG connection)
EPR_teddybear_k141_905476.region001.gbk_region_1,C843207,None,0.51,Yes (No MIBiG connection)
EPR_teddybear_k141_359276.region001.gbk_region_1,C843207,None,0.51,Yes (No MIBiG connection)
GUY_SRR21545388_k141_2741050.region001.gbk_region_1,C843207,None,0.51,Yes (No MIBiG connection)
CR17_QN170220_S_contig_4450.region001.gbk_region_1,C843207,BGC0002360.gbk_region_1,0.49,No (Directly observed)
CHL22_PJ_220330_F_contig_51072.region001.gbk_region_1,C843207,None,0.51,Yes (No MIBiG connection)
CHL22_OA_220325_F_contig_32896.region001.gbk_region_1,C843207,None,0.51,Yes (No MIBiG connection)
CR17_QN170220_S_contig_2704.region001.gbk_region_1,C843207,None,0.51,Yes (No MIBiG connection)
CHL22_LC_220316_F_contig_133393.region001.gbk_region_1,C843207,None,0.51,Yes (No MIBiG connection)
CHL22_QN_220317_F_contig_396.region002.gbk_region_2,C843207,None,0.51,Yes (No MIBiG connection)
ARG19_PM_190223_F_contig_6272.region001.gbk_region_1,C843208,None,0.51,Yes (No MIBiG connection)
TR_230731_S_NODE_18629_length_4144_cov_7.947722.region001.gbk_region_1,C843208,None,0.51,Yes (No MIBiG connection)
TR_230731_F_NODE_9437_length_6174_cov_4.069952.region001.gbk_region_1,C843208,None,0.51,Yes (No MIBiG connection)
NR_230731_S_NODE_5424_length_6560_cov_136.872221.region001.gbk_region_1,C843208,None,0.51,Yes (No MIBiG connection)
CR17_RS170216_F_contig_377.region001.gbk_region_1,C843208,None,0.51,Yes (No MIBiG connection)
CR17_SI170217_S_contig_692.region001.gbk_region_1,C843208,None,0.51,Yes (No MIBiG connection)
CHL22_LC_220316_F_contig_137867.region001.gbk_region_1,C843209,None,0.51,Yes (No MIBiG connection)
CHL22_CA_220323_F_contig_121353.region001.gbk_region_1,C843207,None,0.51,Yes (No MIBiG connection)
CHL22_OA_220325_F_contig_26599.region001.gbk_region_1,C843207,BGC0001561.gbk_region_1,0.5,No (Directly observed)
AEO22_OS_220830_F_contig_38406.region001.gbk_region_1,C843207,None,0.51,Yes (No MIBiG connection)
AEO22_LB_220827_F_contig_54865.region001.gbk_region_1,C843207,None,0.51,Yes (No MIBiG connection)
AEO22_TC_220902_F_contig_54033.region001.gbk_region_1,C843207,None,0.51,Yes (No MIBiG connection)
CR18_GE180403_S_contig_5468.region001.gbk_region_1,C843209,BGC0000427.gbk_region_1,0.49,No (Directly observed)
CR18_MC180404_S_contig_1506.region001.gbk_region_1,C843209,None,0.51,Yes (No MIBiG connection)
KJ_230721_F_NODE_53432_length_2897_cov_1.169675.region001.gbk_region_1,C843207,None,0.51,Yes (No MIBiG connection)
CR18_CV180410_S_contig_15069.region001.gbk_region_1,C843207,BGC0003051.gbk_region_1,0.5,No (Directly observed)
CHL22_CU_220402_F_contig_46086.region001.gbk_region_1,C843207,None,0.51,Yes (No MIBiG connection)
CR18_HA180403_F_contig_18515.region001.gbk_region_1,C843207,None,0.51,Yes (No MIBiG connection)
EPR_riftia_k141_335806.region001.gbk_region_1,C843207,None,0.51,Yes (No MIBiG connection)
HYD22_CB_221018_F_contig_44147.region001.gbk_region_1,C843207,None,0.51,Yes (No MIBiG connection)
CHL22_PJ_220330_F_contig_34782.region001.gbk_region_1,C843207,None,0.51,Yes (No MIBiG connection)
CR17_QH170213_1_S_contig_10076.region001.gbk_region_1,C843208,None,0.51,Yes (No MIBiG connection)
CR18_CH180410_F_contig_7077.region001.gbk_region_1,C843208,None,0.51,Yes (No MIBiG connection)
CR18_HA180403_F_contig_23336.region001.gbk_region_1,C843207,None,0.51,Yes (No MIBiG connection)
AEO22_BO_220829_F_contig_33090.region001.gbk_region_1,C843207,None,0.51,Yes (No MIBiG connection)
TR_230731_S_NODE_39815_length_2166_cov_0.419323.region001.gbk_region_1,C843207,None,0.51,Yes (No MIBiG connection)
CR18_LP180406_F_contig_40247.region001.gbk_region_1,C843207,None,0.51,Yes (No MIBiG connection)
CR18_BS180407_F_contig_23932.region001.gbk_region_1,C843207,None,0.51,Yes (No MIBiG connection)
CR18_BS180407_F_contig_26746.region001.gbk_region_1,C843207,None,0.51,Yes (No MIBiG connection)
CHL22_IS_220328_F_contig_2621.region001.gbk_region_1,C843207,None,0.51,Yes (No MIBiG connection)
CR18_CW180415_F_contig_12145.region001.gbk_region_1,C843207,None,0.51,Yes (No MIBiG connection)
CHL22_CU_220402_F_contig_54793.region001.gbk_region_1,C843207,None,0.51,Yes (No MIBiG connection)
AEO22_TC_220902_F_contig_15227.region001.gbk_region_1,C843207,None,0.51,Yes (No MIBiG connection)
AEO22_TC_220902_F_contig_34883.region001.gbk_region_1,C843207,None,0.51,Yes (No MIBiG connection)
AEO22_TC_220902_F_contig_190.region001.gbk_region_1,C843207,None,0.51,Yes (No MIBiG connection)
AEO22_CF_220902_F_contig_7.region002.gbk_region_2,C843207,None,0.51,Yes (No MIBiG connection)
CHL22_CU_220402_F_contig_88183.region001.gbk_region_1,C843207,None,0.51,Yes (No MIBiG connection)
CHL22_RS_220319_F_contig_864.region001.gbk_region_1,C843208,None,0.51,Yes (No MIBiG connection)
CHL22_LV_220331_F_contig_25195.region001.gbk_region_1,C843208,None,0.51,Yes (No MIBiG connection)
CHL22_LC_220316_F_contig_21189.region001.gbk_region_1,C843208,None,0.51,Yes (No MIBiG connection)
CR17_FA170219_1_S_contig_1137.region001.gbk_region_1,C843208,None,0.51,Yes (No MIBiG connection)
AEO22_OS_220830_F_contig_21526.region001.gbk_region_1,C843208,None,0.51,Yes (No MIBiG connection)
CHL22_CC_220324_F_contig_54620.region001.gbk_region_1,C843208,None,0.51,Yes (No MIBiG connection)
CHL22_SR_220328_F_contig_963.region001.gbk_region_1,C843208,None,0.51,Yes (No MIBiG connection)
CR18_BS180407_F_contig_47976.region001.gbk_region_1,C843207,None,0.51,Yes (No MIBiG connection)
SJ_230730_S_NODE_2694_length_4727_cov_3.906452.region001.gbk_region_1,C843207,None,0.51,Yes (No MIBiG connection)
CHL22_PR_220403_F_contig_37323.region001.gbk_region_1,C843207,None,0.51,Yes (No MIBiG connection)
ISL21_GN1_210601_F_contig_1109.region001.gbk_region_1,C843207,None,0.51,Yes (No MIBiG connection)
GUY_SRR21545382_k141_145794.region001.gbk_region_1,C843207,None,0.51,Yes (No MIBiG connection)
CHL22_OA_220325_F_contig_81969.region001.gbk_region_1,C843207,None,0.51,Yes (No MIBiG connection)
CR17_BR170218_2_F_contig_14031.region001.gbk_region_1,C843207,None,0.51,Yes (No MIBiG connection)
EPR_teddybear_k141_290122.region001.gbk_region_1,C843207,None,0.51,Yes (No MIBiG connection)
CR18_SC180411_S_contig_23289.region001.gbk_region_1,C843207,None,0.51,Yes (No MIBiG connection)
CHL22_QN_220317_F_contig_149630.region001.gbk_region_1,C843207,None,0.51,Yes (No MIBiG connection)
CR18_BC180410_contig_19083.region001.gbk_region_1,C843207,None,0.51,Yes (No MIBiG connection)
EPR_riftia_k141_396153.region001.gbk_region_1,C843207,None,0.51,Yes (No MIBiG connection)
EPR_riftia_k141_138067.region001.gbk_region_1,C843207,None,0.51,Yes (No MIBiG connection)
CHL22_CC_220324_F_contig_82215.region001.gbk_region_1,C843207,None,0.51,Yes (No MIBiG connection)
CHL22_LC_220316_F_contig_22655.region001.gbk_region_1,C843207,None,0.51,Yes (No MIBiG connection)
CHL22_CZ_220329_F_contig_88647.region001.gbk_region_1,C843207,None,0.51,Yes (No MIBiG connection)
CHL22_CC_220324_F_contig_26181.region001.gbk_region_1,C843207,None,0.51,Yes (No MIBiG connection)
CHL22_PJ_220330_F_contig_16501.region001.gbk_region_1,C843207,None,0.51,Yes (No MIBiG connection)
CHL22_GB_220322_F_contig_12667.region001.gbk_region_1,C843207,None,0.51,Yes (No MIBiG connection)
CHL22_IS_220328_F_contig_5639.region001.gbk_region_1,C843207,None,0.51,Yes (No MIBiG connection)
CHL22_LA_220331_F_contig_5945.region001.gbk_region_1,C843207,None,0.51,Yes (No MIBiG connection)
CHL22_EQ_220330_F_contig_42213.region001.gbk_region_1,C843207,None,0.51,Yes (No MIBiG connection)
CHL22_CC_220324_F_contig_3425.region001.gbk_region_1,C843207,None,0.51,Yes (No MIBiG connection)
AEO22_OS_220830_F_contig_85177.region001.gbk_region_1,C843207,None,0.51,Yes (No MIBiG connection)
CR18_CZ180409_F_contig_1154.region001.gbk_region_1,C843207,None,0.51,Yes (No MIBiG connection)
EPR_teddybear_k141_739900.region001.gbk_region_1,C843207,None,0.51,Yes (No MIBiG connection)
CHL22_EQ_220330_F_contig_52325.region001.gbk_region_1,C843209,None,0.51,Yes (No MIBiG connection)
HYD22_FC_221023_F_contig_23615.region001.gbk_region_1,C843209,None,0.51,Yes (No MIBiG connection)
CR18_LP180406_F_contig_19810.region001.gbk_region_1,C843207,None,0.51,Yes (No MIBiG connection)
CHL22_RS_220319_F_contig_85512.region001.gbk_region_1,C843207,None,0.51,Yes (No MIBiG connection)
CHL22_QN_220317_F_contig_4203.region001.gbk_region_1,C843207,None,0.51,Yes (No MIBiG connection)
CR19_SG_190719_F_contig_3376.region001.gbk_region_1,C843207,None,0.51,Yes (No MIBiG connection)
CHL22_OA_220325_F_contig_9181.region001.gbk_region_1,C843207,None,0.51,Yes (No MIBiG connection)
CR17_TC170221_F_contig_10977.region001.gbk_region_1,C843207,None,0.51,Yes (No MIBiG connection)
CHL22_PR_220403_F_contig_20785.region001.gbk_region_1,C843207,None,0.51,Yes (No MIBiG connection)
CR18_RC180404_S_contig_15739.region001.gbk_region_1,C843207,None,0.51,Yes (No MIBiG connection)
KJ_230721_F_NODE_75438_length_2263_cov_0.525281.region001.gbk_region_1,C843207,None,0.51,Yes (No MIBiG connection)
HYD22_SB_221021_F_contig_47885.region001.gbk_region_1,C843207,None,0.51,Yes (No MIBiG connection)
CR17_SI170217_S_contig_30714.region001.gbk_region_1,C843207,None,0.51,Yes (No MIBiG connection)
CR18_YR180404_F_contig_27680.region001.gbk_region_1,C843208,None,0.51,Yes (No MIBiG connection)
CHL22_LC_220316_F_contig_16828.region001.gbk_region_1,C843207,None,0.51,Yes (No MIBiG connection)
CR18_LE180416_F_contig_23844.region001.gbk_region_1,C843207,None,0.51,Yes (No MIBiG connection)
CR18_CV180410_S_contig_261.region001.gbk_region_1,C843207,None,0.51,Yes (No MIBiG connection)
CR18_LE180416_S_contig_6487.region001.gbk_region_1,C843207,None,0.51,Yes (No MIBiG connection)
CR18_CV180410_S_contig_785.region001.gbk_region_1,C843207,None,0.51,Yes (No MIBiG connection)
CHL22_LR_220331_F_contig_36540.region001.gbk_region_1,C843207,None,0.51,Yes (No MIBiG connection)
CR17_ET170220_1_S_contig_3620.region001.gbk_region_1,C843207,None,0.51,Yes (No MIBiG connection)
CR17_SI170217_S_contig_38143.region001.gbk_region_1,C843207,None,0.51,Yes (No MIBiG connection)
CR18_LP180406_F_contig_24567.region001.gbk_region_1,C843207,None,0.51,Yes (No MIBiG connection)
CR18_YR180404_F_contig_25315.region001.gbk_region_1,C843207,None,0.51,Yes (No MIBiG connection)
HYD22_CB_221018_F_contig_6598.region001.gbk_region_1,C843207,None,0.51,Yes (No MIBiG connection)
CR17_PG172224_S_contig_47.region002.gbk_region_2,C843207,None,0.51,Yes (No MIBiG connection)
CHL22_LC_220316_F_contig_124341.region002.gbk_region_2,C843207,None,0.51,Yes (No MIBiG connection)
AEO22_TC_220902_F_contig_47892.region001.gbk_region_1,C843207,None,0.51,Yes (No MIBiG connection)
KJ_230721_F_NODE_54_length_302181_cov_5.875827.region002.gbk_region_2,C843209,None,0.51,Yes (No MIBiG connection)
HYD22_FC_221023_F_contig_32555.region001.gbk_region_1,C843207,None,0.51,Yes (No MIBiG connection)
CHL22_CU_220402_F_contig_62475.region001.gbk_region_1,C843207,None,0.51,Yes (No MIBiG connection)
ISL21_GN1_210601_F_contig_365.region001.gbk_region_1,C843209,None,0.51,Yes (No MIBiG connection)
CR18_YR180404_F_contig_15414.region001.gbk_region_1,C843209,None,0.51,Yes (No MIBiG connection)
CHL22_IS_220328_F_contig_3459.region001.gbk_region_1,C843209,BGC0002693.gbk_region_1,0.5,No (Directly observed)
HYD22_CB_221018_F_contig_6553.region001.gbk_region_1,C843209,None,0.51,Yes (No MIBiG connection)
CR18_CZ180409_F_contig_11377.region001.gbk_region_1,C843209,None,0.51,Yes (No MIBiG connection)
ISL21_GN1_210601_F_contig_1431.region001.gbk_region_1,C843209,None,0.51,Yes (No MIBiG connection)
KJ_230721_F_NODE_39547_length_3585_cov_2.307981.region001.gbk_region_1,C843209,None,0.51,Yes (No MIBiG connection)
CR17_SL170214_F_contig_14901.region001.gbk_region_1,C843208,None,0.51,Yes (No MIBiG connection)
CR18_CZ180409_F_contig_7277.region001.gbk_region_1,C843207,None,0.51,Yes (No MIBiG connection)
AEO22_TC_220902_F_contig_5957.region001.gbk_region_1,C843207,None,0.51,Yes (No MIBiG connection)
CHL22_EQ_220330_F_contig_4443.region001.gbk_region_1,C843207,None,0.51,Yes (No MIBiG connection)
AEO22_TC_220902_F_contig_6915.region001.gbk_region_1,C843207,None,0.51,Yes (No MIBiG connection)
AEO22_TC_220902_F_contig_8800.region001.gbk_region_1,C843207,None,0.51,Yes (No MIBiG connection)
CHL22_QN_220317_F_contig_864.region001.gbk_region_1,C843208,None,0.51,Yes (No MIBiG connection)
CR18_ER180415_S_contig_9310.region001.gbk_region_1,C843208,None,0.51,Yes (No MIBiG connection)
AEO22_LB_220827_F_contig_91768.region001.gbk_region_1,C843207,None,0.51,Yes (No MIBiG connection)
CHL22_LP_220401_F_contig_91936.region001.gbk_region_1,C843207,None,0.51,Yes (No MIBiG connection)
NR_230731_F_NODE_2356_length_12918_cov_2.047143.region001.gbk_region_1,C843209,None,0.51,Yes (No MIBiG connection)
CHL22_CR_220324_F_contig_10241.region001.gbk_region_1,C843209,None,0.51,Yes (No MIBiG connection)
CHL22_LR_220331_F_contig_52461.region001.gbk_region_1,C843207,None,0.51,Yes (No MIBiG connection)
CR18_CL180409_F_contig_11486.region001.gbk_region_1,C843209,None,0.51,Yes (No MIBiG connection)
CHL22_LC_220316_F_contig_107765.region001.gbk_region_1,C843209,None,0.51,Yes (No MIBiG connection)
CHL22_CR_220324_F_contig_55036.region001.gbk_region_1,C843209,BGC0000427.gbk_region_1,0.49,No (Directly observed)
CHL22_LC_220316_F_contig_1346.region001.gbk_region_1,C843207,None,0.51,Yes (No MIBiG connection)
HYD22_CB_221018_F_contig_269.region001.gbk_region_1,C843207,None,0.51,Yes (No MIBiG connection)
HYD22_CB_221018_F_contig_175.region001.gbk_region_1,C843207,None,0.51,Yes (No MIBiG connection)
CR18_SC180411_F_contig_1524.region001.gbk_region_1,C843207,None,0.51,Yes (No MIBiG connection)
GUY_SRR21545384_k141_611002.region001.gbk_region_1,C843207,None,0.51,Yes (No MIBiG connection)
GUY_SRR21545388_k141_825725.region001.gbk_region_1,C843207,None,0.51,Yes (No MIBiG connection)
CHL22_CZ_220329_F_contig_89794.region001.gbk_region_1,C843207,None,0.51,Yes (No MIBiG connection)
CHL22_CU_220402_F_contig_94386.region001.gbk_region_1,C843207,None,0.51,Yes (No MIBiG connection)
CHL22_CZ_220329_F_contig_62145.region001.gbk_region_1,C843207,None,0.51,Yes (No MIBiG connection)
CHL22_LC_220316_F_contig_38063.region001.gbk_region_1,C843207,None,0.51,Yes (No MIBiG connection)
CR18_ER180415_S_contig_15839.region001.gbk_region_1,C843207,None,0.51,Yes (No MIBiG connection)
CR17_PF170222_F_contig_9558.region001.gbk_region_1,C843207,None,0.51,Yes (No MIBiG connection)
CHL22_PJ_220330_F_contig_42502.region001.gbk_region_1,C843207,None,0.51,Yes (No MIBiG connection)
TR_230731_F_NODE_322_length_45042_cov_2.097005.region001.gbk_region_1,C843207,None,0.51,Yes (No MIBiG connection)
CHL22_LP_220401_F_contig_31796.region001.gbk_region_1,C843207,None,0.51,Yes (No MIBiG connection)
CHL22_IS_220328_F_contig_6964.region001.gbk_region_1,C843207,None,0.51,Yes (No MIBiG connection)
CHL22_CC_220324_F_contig_40850.region001.gbk_region_1,C843207,None,0.51,Yes (No MIBiG connection)
HYD22_SB_221021_F_contig_42750.region001.gbk_region_1,C843207,None,0.51,Yes (No MIBiG connection)
CHL22_EQ_220330_F_contig_35669.region001.gbk_region_1,C843207,None,0.51,Yes (No MIBiG connection)
CHL22_GB_220322_F_contig_16179.region001.gbk_region_1,C843207,None,0.51,Yes (No MIBiG connection)
CHL22_OA_220325_F_contig_51601.region001.gbk_region_1,C843207,BGC0001561.gbk_region_1,0.49,No (Directly observed)
CHL22_LC_220316_F_contig_97904.region001.gbk_region_1,C843207,None,0.51,Yes (No MIBiG connection)
CHL22_CU_220402_F_contig_108411.region001.gbk_region_1,C843207,None,0.51,Yes (No MIBiG connection)
EPR_teddybear_k141_604416.region001.gbk_region_1,C843207,None,0.51,Yes (No MIBiG connection)
CHL22_GB_220322_F_contig_3526.region001.gbk_region_1,C843209,None,0.51,Yes (No MIBiG connection)
CHL22_SR_220328_F_contig_13113.region001.gbk_region_1,C843209,None,0.51,Yes (No MIBiG connection)
CHL22_EQ_220330_F_contig_38004.region001.gbk_region_1,C843209,None,0.51,Yes (No MIBiG connection)
CHL22_PJ_220330_F_contig_19695.region001.gbk_region_1,C843209,None,0.51,Yes (No MIBiG connection)
CR18_CZ180409_F_contig_2774.region001.gbk_region_1,C843209,None,0.51,Yes (No MIBiG connection)
CHL22_IS_220328_F_contig_1843.region001.gbk_region_1,C843209,None,0.51,Yes (No MIBiG connection)
KJ_230721_F_NODE_1733_length_38098_cov_1.544257.region001.gbk_region_1,C843209,None,0.51,Yes (No MIBiG connection)
CHL22_CC_220324_F_contig_9894.region001.gbk_region_1,C843209,None,0.51,Yes (No MIBiG connection)
CHL22_CA_220323_F_contig_65075.region001.gbk_region_1,C843207,None,0.51,Yes (No MIBiG connection)
CHL22_PJ_220330_F_contig_6214.region001.gbk_region_1,C843207,None,0.51,Yes (No MIBiG connection)
CHL22_CC_220324_F_contig_32784.region001.gbk_region_1,C843207,None,0.51,Yes (No MIBiG connection)
CHL22_EQ_220330_F_contig_11738.region001.gbk_region_1,C843208,None,0.51,Yes (No MIBiG connection)
CR17_PG172224_S_contig_18464.region001.gbk_region_1,C843207,BGC0002535.gbk_region_1,0.49,No (Directly observed)
CHL22_QN_220317_F_contig_132349.region001.gbk_region_1,C843207,None,0.51,Yes (No MIBiG connection)
CHL22_QN_220317_F_contig_1257.region001.gbk_region_1,C843208,None,0.51,Yes (No MIBiG connection)
HYD22_SC_221020_F_contig_39298.region001.gbk_region_1,C843207,None,0.51,Yes (No MIBiG connection)
CR19_SG_190719_F_contig_5048.region001.gbk_region_1,C843208,None,0.51,Yes (No MIBiG connection)
CR17_FA170219_1_S_contig_53204.region001.gbk_region_1,C843208,None,0.51,Yes (No MIBiG connection)
EPR_teddybear_k141_570683.region001.gbk_region_1,C843207,None,0.51,Yes (No MIBiG connection)
CHL22_CA_220323_F_contig_15467.region001.gbk_region_1,C843207,None,0.51,Yes (No MIBiG connection)
CHL22_QN_220317_F_contig_139258.region001.gbk_region_1,C843207,None,0.51,Yes (No MIBiG connection)
CR18_CV180410_S_contig_9397.region001.gbk_region_1,C843209,BGC0002492.gbk_region_1,0.44,No (Directly observed)
CHL22_CC_220324_F_contig_14238.region001.gbk_region_1,C843207,None,0.51,Yes (No MIBiG connection)
CHL22_LC_220316_F_contig_123930.region001.gbk_region_1,C843207,None,0.51,Yes (No MIBiG connection)
CHL22_SR_220328_F_contig_29747.region001.gbk_region_1,C843207,None,0.51,Yes (No MIBiG connection)
CHL22_LP_220401_F_contig_100705.region001.gbk_region_1,C843207,None,0.51,Yes (No MIBiG connection)
CHL22_PJ_220330_F_contig_31029.region001.gbk_region_1,C843207,None,0.51,Yes (No MIBiG connection)
CHL22_CU_220402_F_contig_52837.region001.gbk_region_1,C843207,None,0.51,Yes (No MIBiG connection)
CHL22_PR_220403_F_contig_36484.region001.gbk_region_1,C843207,None,0.51,Yes (No MIBiG connection)
EPR_riftia_k141_354377.region001.gbk_region_1,C843207,None,0.51,Yes (No MIBiG connection)
CHL22_CH_220319_F_contig_105765.region001.gbk_region_1,C843207,None,0.51,Yes (No MIBiG connection)
CHL22_LP_220401_F_contig_35689.region001.gbk_region_1,C843207,BGC0002503.gbk_region_1,0.47,No (Directly observed)
CHL22_OA_220325_F_contig_21317.region001.gbk_region_1,C843207,None,0.51,Yes (No MIBiG connection)
FEN_LS_S_NODE_3806_length_9054_cov_6.804978.region001.gbk_region_1,C843207,None,0.51,Yes (No MIBiG connection)
TR_230731_F_NODE_1229_length_23143_cov_2.614746.region001.gbk_region_1,C843208,None,0.51,Yes (No MIBiG connection)
TR_230731_S_NODE_1393_length_28937_cov_2.500902.region001.gbk_region_1,C843208,None,0.51,Yes (No MIBiG connection)
CR18_PX180416_S_contig_35405.region001.gbk_region_1,C843207,None,0.51,Yes (No MIBiG connection)
CR17_QN170220_F_contig_13894.region001.gbk_region_1,C843207,None,0.51,Yes (No MIBiG connection)
CHL22_OA_220325_F_contig_83871.region001.gbk_region_1,C843207,None,0.51,Yes (No MIBiG connection)
CHL22_PJ_220330_F_contig_4313.region001.gbk_region_1,C843207,None,0.51,Yes (No MIBiG connection)
CR17_RS170216_S_contig_24810.region001.gbk_region_1,C843207,None,0.51,Yes (No MIBiG connection)
CR18_LH180406_F_contig_603.region001.gbk_region_1,C843209,None,0.51,Yes (No MIBiG connection)
AEO22_AC_220827_F_contig_12825.region001.gbk_region_1,C843207,None,0.51,Yes (No MIBiG connection)
CHL22_CC_220324_F_contig_57148.region001.gbk_region_1,C843209,BGC0002528.gbk_region_1,0.41,No (Directly observed)
CHL22_LC_220316_F_contig_77355.region001.gbk_region_1,C843209,BGC0002689.gbk_region_1,0.46,No (Directly observed)
CR18_BS180407_F_contig_140.region001.gbk_region_1,C843209,None,0.51,Yes (No MIBiG connection)
CHL22_OA_220325_F_contig_77603.region001.gbk_region_1,C843209,BGC0002528.gbk_region_1,0.45,No (Directly observed)
CHL22_CH_220319_F_contig_71974.region001.gbk_region_1,C843209,BGC0002528.gbk_region_1,0.44,No (Directly observed)
CR18_LP180406_F_contig_79.region001.gbk_region_1,C843209,None,0.51,Yes (No MIBiG connection)
CHL22_EQ_220330_F_contig_2178.region001.gbk_region_1,C843209,BGC0002689.gbk_region_1,0.32,No (Directly observed)
CR18_LP180406_F_contig_44.region001.gbk_region_1,C843209,None,0.51,Yes (No MIBiG connection)
AEO22_TC_220902_F_contig_4240.region001.gbk_region_1,C843209,BGC0002689.gbk_region_1,0.12,No (Directly observed)
AEO22_TC_220902_F_contig_425.region001.gbk_region_1,C843209,BGC0002689.gbk_region_1,0.13,No (Directly observed)
AEO22_GV_220827_F_contig_19090.region001.gbk_region_1,C843209,BGC0001345.gbk_region_1,0.46,No (Directly observed)
AEO22_CF_220902_F_contig_1625.region001.gbk_region_1,C843209,BGC0002689.gbk_region_1,0.13,No (Directly observed)
CR18_LE180416_F_contig_886.region001.gbk_region_1,C843209,None,0.51,Yes (No MIBiG connection)
AEO22_LB_220827_F_contig_15318.region001.gbk_region_1,C843209,BGC0002528.gbk_region_1,0.42,No (Directly observed)
CHL22_RS_220319_F_contig_40749.region001.gbk_region_1,C843207,None,0.51,Yes (No MIBiG connection)
CR18_RC180404_F_contig_4353.region001.gbk_region_1,C843207,None,0.51,Yes (No MIBiG connection)
CR18_PX180416_S_contig_19502.region001.gbk_region_1,C843207,None,0.51,Yes (No MIBiG connection)
CHL22_CH_220319_F_contig_18877.region001.gbk_region_1,C843208,None,0.51,Yes (No MIBiG connection)
CR18_LE180416_S_contig_3437.region001.gbk_region_1,C843207,None,0.51,Yes (No MIBiG connection)
EPR_teddybear_k141_516449.region001.gbk_region_1,C843207,None,0.51,Yes (No MIBiG connection)
GUY_SRR21545388_k141_939228.region001.gbk_region_1,C843207,None,0.51,Yes (No MIBiG connection)
CHL22_CU_220402_F_contig_49828.region001.gbk_region_1,C843207,BGC0001189.gbk_region_1,0.43,No (Directly observed)
KJ_230721_F_NODE_18788_length_6131_cov_0.683211.region001.gbk_region_1,C843207,None,0.51,Yes (No MIBiG connection)
AEO22_CF_220902_F_contig_14246.region001.gbk_region_1,C843207,BGC0001999.gbk_region_1,0.45,No (Directly observed)
CHL22_LC_220316_F_contig_89435.region001.gbk_region_1,C843207,None,0.51,Yes (No MIBiG connection)
AEO22_TC_220902_F_contig_50807.region001.gbk_region_1,C843207,None,0.51,Yes (No MIBiG connection)
ISL21_GN1_210601_F_contig_998.region001.gbk_region_1,C843207,BGC0002329.gbk_region_1,0.45,No (Directly observed)
FEN_LS_S_NODE_10786_length_4131_cov_2.802748.region001.gbk_region_1,C843207,None,0.51,Yes (No MIBiG connection)
CHL22_QN_220317_F_contig_147206.region001.gbk_region_1,C843207,None,0.51,Yes (No MIBiG connection)
CHL22_CU_220402_F_contig_41165.region001.gbk_region_1,C843207,None,0.51,Yes (No MIBiG connection)
EPR_riftia_k141_486393.region001.gbk_region_1,C843207,None,0.51,Yes (No MIBiG connection)
CHL22_OA_220325_F_contig_97008.region001.gbk_region_1,C843207,None,0.51,Yes (No MIBiG connection)
CHL22_PR_220403_F_contig_41529.region001.gbk_region_1,C843207,None,0.51,Yes (No MIBiG connection)
CHL22_LP_220401_F_contig_86667.region001.gbk_region_1,C843207,None,0.51,Yes (No MIBiG connection)
CR17_SI170217_S_contig_50940.region001.gbk_region_1,C843207,None,0.51,Yes (No MIBiG connection)
CR18_BS180407_F_contig_37277.region001.gbk_region_1,C843207,None,0.51,Yes (No MIBiG connection)
CR17_BR170218_1_S_contig_11509.region001.gbk_region_1,C843210,None,0.51,Yes (No MIBiG connection)
CR18_LE180416_F_contig_16852.region001.gbk_region_1,C843207,None,0.51,Yes (No MIBiG connection)
KJ_230721_F_NODE_14394_length_7476_cov_0.982583.region001.gbk_region_1,C843207,BGC0002465.gbk_region_1,0.39,No (Directly observed)
KJ_230721_F_NODE_39185_length_3609_cov_0.643883.region001.gbk_region_1,C843207,None,0.51,Yes (No MIBiG connection)
CHL22_CU_220402_F_contig_7138.region001.gbk_region_1,C843207,None,0.51,Yes (No MIBiG connection)
AEO22_CF_220902_F_contig_19342.region001.gbk_region_1,C843207,None,0.51,Yes (No MIBiG connection)
CHL22_CU_220402_F_contig_76263.region001.gbk_region_1,C843207,None,0.51,Yes (No MIBiG connection)
CR19_BR2_190717_contig_579.region001.gbk_region_1,C843207,None,0.51,Yes (No MIBiG connection)
CR17_BR170218_2_F_contig_66.region001.gbk_region_1,C843207,BGC0002691.gbk_region_1,0.48,No (Directly observed)
CHL22_CU_220402_F_contig_113581.region001.gbk_region_1,C843207,BGC0002465.gbk_region_1,0.5,No (Directly observed)
CHL22_CU_220402_F_contig_31412.region001.gbk_region_1,C843207,None,0.51,Yes (No MIBiG connection)
CHL22_CU_220402_F_contig_23191.region001.gbk_region_1,C843207,None,0.51,Yes (No MIBiG connection)
CHL22_CU_220402_F_contig_24.region001.gbk_region_1,C843207,None,0.51,Yes (No MIBiG connection)
AEO22_TC_220902_F_contig_16435.region001.gbk_region_1,C843207,None,0.51,Yes (No MIBiG connection)
CHL22_LR_220331_F_contig_30160.region001.gbk_region_1,C843207,None,0.51,Yes (No MIBiG connection)
CHL22_LR_220331_F_contig_50069.region001.gbk_region_1,C843207,None,0.51,Yes (No MIBiG connection)
CHL22_CU_220402_F_contig_17707.region001.gbk_region_1,C843207,None,0.51,Yes (No MIBiG connection)
FEN_LS_F_NODE_3122_length_7266_cov_4.344890.region001.gbk_region_1,C843207,None,0.51,Yes (No MIBiG connection)
CR18_CZ180409_F_contig_16920.region001.gbk_region_1,C843207,None,0.51,Yes (No MIBiG connection)
CR17_FA170219_1_S_contig_8855.region001.gbk_region_1,C843209,None,0.51,Yes (No MIBiG connection)
CHL22_CN_220327_F_contig_28832.region001.gbk_region_1,C843209,None,0.51,Yes (No MIBiG connection)
CR18_CL180409_F_contig_4567.region001.gbk_region_1,C843209,None,0.51,Yes (No MIBiG connection)
CR18_LE180416_S_contig_11176.region001.gbk_region_1,C843207,None,0.51,Yes (No MIBiG connection)
CHL22_LP_220401_F_contig_77472.region001.gbk_region_1,C843207,None,0.51,Yes (No MIBiG connection)
CR18_LE180416_F_contig_24864.region001.gbk_region_1,C843207,None,0.51,Yes (No MIBiG connection)
EPR_riftia_k141_606193.region001.gbk_region_1,C843207,None,0.51,Yes (No MIBiG connection)
CR19_RCB_190612_F_contig_3398.region001.gbk_region_1,C843207,None,0.51,Yes (No MIBiG connection)
CR18_LE180416_F_contig_27146.region001.gbk_region_1,C843207,None,0.51,Yes (No MIBiG connection)
AEO22_LB_220827_F_contig_120050.region001.gbk_region_1,C843207,None,0.51,Yes (No MIBiG connection)
CR17_SI170217_S_contig_29784.region001.gbk_region_1,C843209,None,0.51,Yes (No MIBiG connection)
KJ_230721_F_NODE_9770_length_10065_cov_1.014792.region001.gbk_region_1,C843209,None,0.51,Yes (No MIBiG connection)
KJ_230721_F_NODE_4822_length_17297_cov_1.152941.region001.gbk_region_1,C843208,None,0.51,Yes (No MIBiG connection)
CR19_BR2_190717_contig_3117.region001.gbk_region_1,C843208,None,0.51,Yes (No MIBiG connection)
CHL22_QN_220317_F_contig_6219.region001.gbk_region_1,C843208,None,0.51,Yes (No MIBiG connection)
CHL22_LV_220331_F_contig_18825.region001.gbk_region_1,C843208,None,0.51,Yes (No MIBiG connection)
FEN_LS_F_NODE_14303_length_2573_cov_3.640191.region001.gbk_region_1,C843208,None,0.51,Yes (No MIBiG connection)
CR18_ER180415_F_contig_1218.region001.gbk_region_1,C843209,None,0.51,Yes (No MIBiG connection)
CR18_MC180404_S_contig_3655.region001.gbk_region_1,C843209,None,0.51,Yes (No MIBiG connection)
GUY_SRR21545382_k141_1297622.region001.gbk_region_1,C843211,None,0.51,Yes (No MIBiG connection)
CHL22_CA_220323_F_contig_83002.region001.gbk_region_1,C843211,None,0.51,Yes (No MIBiG connection)
AEO22_TC_220902_F_contig_22794.region001.gbk_region_1,C843211,None,0.51,Yes (No MIBiG connection)
CR17_ET170220_1_S_contig_4878.region001.gbk_region_1,C843207,None,0.51,Yes (No MIBiG connection)
CHL22_CU_220402_F_contig_3434.region001.gbk_region_1,C843210,None,0.51,Yes (No MIBiG connection)
CR18_LE180416_S_contig_1230.region001.gbk_region_1,C843209,None,0.51,Yes (No MIBiG connection)
CHL22_AV_220320_F_contig_981.region001.gbk_region_1,C843209,None,0.51,Yes (No MIBiG connection)
CHL22_LP_220401_F_contig_99717.region001.gbk_region_1,C843209,None,0.51,Yes (No MIBiG connection)
CHL22_CU_220402_F_contig_3260.region001.gbk_region_1,C843207,None,0.51,Yes (No MIBiG connection)
TR_230731_S_NODE_2712_length_18877_cov_1.899680.region001.gbk_region_1,C843207,None,0.51,Yes (No MIBiG connection)
NR_230731_S_NODE_15930_length_2830_cov_0.951535.region001.gbk_region_1,C843207,None,0.51,Yes (No MIBiG connection)
TR_230731_F_NODE_20651_length_3348_cov_0.744800.region001.gbk_region_1,C843207,None,0.51,Yes (No MIBiG connection)
CR18_CV180410_S_contig_21453.region001.gbk_region_1,C843207,None,0.51,Yes (No MIBiG connection)
CR17_FA170219_1_S_contig_19422.region001.gbk_region_1,C843207,None,0.51,Yes (No MIBiG connection)
CHL22_QN_220317_F_contig_42050.region001.gbk_region_1,C843207,None,0.51,Yes (No MIBiG connection)
CHL22_QN_220317_F_contig_11284.region001.gbk_region_1,C843207,None,0.51,Yes (No MIBiG connection)
GUY_SRR21545388_k141_2493925.region001.gbk_region_1,C843207,None,0.51,Yes (No MIBiG connection)
CHL22_LC_220316_F_contig_1786.region001.gbk_region_1,C843207,None,0.51,Yes (No MIBiG connection)
CHL22_CC_220324_F_contig_28705.region001.gbk_region_1,C843207,None,0.51,Yes (No MIBiG connection)
CR19_GU_190718_F_contig_1273.region001.gbk_region_1,C843207,None,0.51,Yes (No MIBiG connection)
ISL21_HV2_210602_S_contig_3.region001.gbk_region_1,C843207,None,0.51,Yes (No MIBiG connection)
CH20_GS_200305_F_contig_181.region001.gbk_region_1,C843207,None,0.51,Yes (No MIBiG connection)
EPR_riftia_k141_635070.region001.gbk_region_1,C843207,None,0.51,Yes (No MIBiG connection)
CHL22_CC_220324_F_contig_46280.region001.gbk_region_1,C843207,None,0.51,Yes (No MIBiG connection)
AEO22_LB_220827_F_contig_106712.region001.gbk_region_1,C843207,None,0.51,Yes (No MIBiG connection)
HYD22_CB_221018_F_contig_62876.region001.gbk_region_1,C843207,None,0.51,Yes (No MIBiG connection)
CR18_CI180408_F_contig_11718.region001.gbk_region_1,C843207,None,0.51,Yes (No MIBiG connection)
FEN_LS_S_NODE_29805_length_2011_cov_8.513292.region001.gbk_region_1,C843207,None,0.51,Yes (No MIBiG connection)
CHL22_LP_220401_F_contig_96051.region001.gbk_region_1,C843207,None,0.51,Yes (No MIBiG connection)
KJ_230721_F_NODE_29877_length_4382_cov_0.810106.region001.gbk_region_1,C843209,None,0.51,Yes (No MIBiG connection)
TR_230731_S_NODE_5353_length_11601_cov_1.717622.region001.gbk_region_1,C843209,None,0.51,Yes (No MIBiG connection)
CR17_QH170213_2_S_contig_9508.region001.gbk_region_1,C843209,None,0.51,Yes (No MIBiG connection)
CR18_CV180410_S_contig_4472.region001.gbk_region_1,C843209,None,0.51,Yes (No MIBiG connection)
CHL22_GB_220322_F_contig_15854.region001.gbk_region_1,C843209,None,0.51,Yes (No MIBiG connection)
CHL22_IS_220328_F_contig_13273.region001.gbk_region_1,C843209,None,0.51,Yes (No MIBiG connection)
CHL22_LA_220331_F_contig_8862.region001.gbk_region_1,C843209,None,0.51,Yes (No MIBiG connection)
CHL22_EQ_220330_F_contig_3672.region001.gbk_region_1,C843209,None,0.51,Yes (No MIBiG connection)
CHL22_CC_220324_F_contig_15027.region001.gbk_region_1,C843209,None,0.51,Yes (No MIBiG connection)
CHL22_OA_220325_F_contig_40329.region001.gbk_region_1,C843209,None,0.51,Yes (No MIBiG connection)
CHL22_PJ_220330_F_contig_10019.region001.gbk_region_1,C843209,None,0.51,Yes (No MIBiG connection)
HYD22_CB_221018_F_contig_3465.region001.gbk_region_1,C843209,None,0.51,Yes (No MIBiG connection)
CHL22_CA_220323_F_contig_135722.region001.gbk_region_1,C843209,None,0.51,Yes (No MIBiG connection)
CHL22_LP_220401_F_contig_50735.region001.gbk_region_1,C843209,None,0.51,Yes (No MIBiG connection)
GUY_SRR21545388_k141_1276087.region001.gbk_region_1,C843209,None,0.51,Yes (No MIBiG connection)
CH20_TP_200304_F_contig_366.region001.gbk_region_1,C843209,None,0.51,Yes (No MIBiG connection)
CHL22_GB_220322_F_contig_30291.region001.gbk_region_1,C843209,None,0.51,Yes (No MIBiG connection)
CR18_LE180416_S_contig_1685.region001.gbk_region_1,C843209,None,0.51,Yes (No MIBiG connection)
CHL22_LN_220321_F_contig_7110.region001.gbk_region_1,C843209,None,0.51,Yes (No MIBiG connection)
CR17_QN170220_F_contig_5513.region001.gbk_region_1,C843207,None,0.51,Yes (No MIBiG connection)
CR18_SC180411_S_contig_1164.region001.gbk_region_1,C843207,None,0.51,Yes (No MIBiG connection)
CH20_BM_200304_S_contig_265.region001.gbk_region_1,C843207,None,0.51,Yes (No MIBiG connection)
AEO22_CF_220902_F_contig_4856.region001.gbk_region_1,C843207,None,0.51,Yes (No MIBiG connection)
CHL22_SR_220328_F_contig_612.region001.gbk_region_1,C843207,None,0.51,Yes (No MIBiG connection)
CR18_SC180411_F_contig_2943.region001.gbk_region_1,C843207,None,0.51,Yes (No MIBiG connection)
CR18_XF180416_F_contig_201.region001.gbk_region_1,C843207,None,0.51,Yes (No MIBiG connection)
HYD22_FC_221023_F_contig_8513.region001.gbk_region_1,C843207,None,0.51,Yes (No MIBiG connection)
NR_230731_S_NODE_1024_length_22983_cov_2.535221.region001.gbk_region_1,C843207,None,0.51,Yes (No MIBiG connection)
AEO22_LB_220827_F_contig_37819.region001.gbk_region_1,C843207,None,0.51,Yes (No MIBiG connection)
CR18_LB180410_F_contig_2329.region001.gbk_region_1,C843207,None,0.51,Yes (No MIBiG connection)
CR17_CY170214_S_contig_13978.region001.gbk_region_1,C843208,None,0.51,Yes (No MIBiG connection)
HYD22_SP_221019_F_contig_13848.region001.gbk_region_1,C843208,None,0.51,Yes (No MIBiG connection)
EPR_riftia_k141_511554.region001.gbk_region_1,C843208,None,0.51,Yes (No MIBiG connection)
CR17_BR170218_1_F_contig_10420.region001.gbk_region_1,C843208,None,0.51,Yes (No MIBiG connection)
CHL22_QN_220317_F_contig_148720.region001.gbk_region_1,C843211,None,0.51,Yes (No MIBiG connection)
AEO22_LB_220827_F_contig_30941.region001.gbk_region_1,C843211,None,0.51,Yes (No MIBiG connection)
CHL22_CR_220324_F_contig_49824.region001.gbk_region_1,C843209,None,0.51,Yes (No MIBiG connection)
CHL22_CC_220324_F_contig_55692.region001.gbk_region_1,C843207,None,0.51,Yes (No MIBiG connection)
CR17_PG172224_S_contig_45787.region001.gbk_region_1,C843207,BGC0002535.gbk_region_1,0.43,No (Directly observed)
FEN_VR_S_NODE_2036_length_5894_cov_3.966090.region001.gbk_region_1,C843207,BGC0002535.gbk_region_1,0.5,No (Directly observed)
CHL22_OA_220325_F_contig_65255.region001.gbk_region_1,C843211,BGC0002484.gbk_region_1,0.5,No (Directly observed)
AEO22_LB_220827_F_contig_96256.region001.gbk_region_1,C843211,BGC0002484.gbk_region_1,0.47,No (Directly observed)
AEO22_LB_220827_F_contig_96802.region001.gbk_region_1,C843211,BGC0002484.gbk_region_1,0.42,No (Directly observed)
CHL22_GB_220322_F_contig_20047.region001.gbk_region_1,C843207,None,0.51,Yes (No MIBiG connection)
HYD22_CB_221018_F_contig_2946.region001.gbk_region_1,C843207,None,0.51,Yes (No MIBiG connection)
AEO22_BO_220829_F_contig_61412.region001.gbk_region_1,C843207,None,0.51,Yes (No MIBiG connection)
CR18_HA180403_F_contig_2663.region001.gbk_region_1,C843207,None,0.51,Yes (No MIBiG connection)
AEO22_LB_220827_F_contig_73779.region001.gbk_region_1,C843207,None,0.51,Yes (No MIBiG connection)
CR17_PG172224_S_contig_225.region001.gbk_region_1,C843208,None,0.51,Yes (No MIBiG connection)
CR17_PG172224_S_contig_1.region001.gbk_region_1,C843208,None,0.51,Yes (No MIBiG connection)
CR18_BW180407_F_contig_18044.region001.gbk_region_1,C843207,None,0.51,Yes (No MIBiG connection)
CR17_PG172224_S_contig_51615.region001.gbk_region_1,C843207,None,0.51,Yes (No MIBiG connection)
CHL22_QN_220317_F_contig_50055.region001.gbk_region_1,C843207,None,0.51,Yes (No MIBiG connection)
CHL22_OA_220325_F_contig_3421.region001.gbk_region_1,C843207,None,0.51,Yes (No MIBiG connection)
CHL22_CC_220324_F_contig_6451.region001.gbk_region_1,C843207,BGC0000367.gbk_region_1,0.29,No (Directly observed)
CHL22_OA_220325_F_contig_20472.region001.gbk_region_1,C843207,None,0.51,Yes (No MIBiG connection)
CR18_CI180408_F_contig_11656.region001.gbk_region_1,C843207,None,0.51,Yes (No MIBiG connection)
CR17_ET170220_1_S_contig_5659.region001.gbk_region_1,C843207,None,0.51,Yes (No MIBiG connection)
CR18_BS180407_F_contig_13199.region001.gbk_region_1,C843207,None,0.51,Yes (No MIBiG connection)
CHL22_OA_220325_F_contig_53005.region001.gbk_region_1,C843207,None,0.51,Yes (No MIBiG connection)
KJ_230721_F_NODE_68244_length_2431_cov_0.820312.region001.gbk_region_1,C843207,None,0.51,Yes (No MIBiG connection)
EPR_teddybear_k141_740573.region001.gbk_region_1,C843207,None,0.51,Yes (No MIBiG connection)
CHL22_QN_220317_F_contig_145134.region001.gbk_region_1,C843207,None,0.51,Yes (No MIBiG connection)
GUY_SRR21545382_k141_608140.region001.gbk_region_1,C843208,None,0.51,Yes (No MIBiG connection)
CHL22_IS_220328_F_contig_19158.region001.gbk_region_1,C843207,None,0.51,Yes (No MIBiG connection)
CHL22_CH_220319_F_contig_42509.region001.gbk_region_1,C843207,None,0.51,Yes (No MIBiG connection)
CHL22_LC_220316_F_contig_98271.region001.gbk_region_1,C843207,BGC0002512.gbk_region_1,0.47,No (Directly observed)
CR17_BR170218_2_S_contig_510.region001.gbk_region_1,C843207,BGC0002512.gbk_region_1,0.5,No (Directly observed)
CHL22_QN_220317_F_contig_834.region001.gbk_region_1,C843207,None,0.51,Yes (No MIBiG connection)
CHL22_CU_220402_F_contig_69237.region001.gbk_region_1,C843207,None,0.51,Yes (No MIBiG connection)
FEN_SI_1_NODE_469_length_13486_cov_7.023379.region001.gbk_region_1,C843207,None,0.51,Yes (No MIBiG connection)
AEO22_OS_220830_F_contig_50022.region001.gbk_region_1,C843207,None,0.51,Yes (No MIBiG connection)
CHL22_LP_220401_F_contig_5776.region001.gbk_region_1,C843207,None,0.51,Yes (No MIBiG connection)
CHL22_SR_220328_F_contig_16001.region001.gbk_region_1,C843207,None,0.51,Yes (No MIBiG connection)
CHL22_EQ_220330_F_contig_12101.region001.gbk_region_1,C843208,None,0.51,Yes (No MIBiG connection)
CHL22_QN_220317_F_contig_135.region001.gbk_region_1,C843208,None,0.51,Yes (No MIBiG connection)
CHL22_QN_220317_F_contig_13026.region001.gbk_region_1,C843208,None,0.51,Yes (No MIBiG connection)
CHL22_QN_220317_F_contig_13652.region001.gbk_region_1,C843208,None,0.51,Yes (No MIBiG connection)
CHL22_LC_220316_F_contig_105923.region001.gbk_region_1,C843208,None,0.51,Yes (No MIBiG connection)
CHL22_CZ_220329_F_contig_82853.region001.gbk_region_1,C843208,None,0.51,Yes (No MIBiG connection)
CHL22_LN_220321_F_contig_10466.region001.gbk_region_1,C843207,None,0.51,Yes (No MIBiG connection)
CR18_RR180407_F_contig_29289.region001.gbk_region_1,C843207,None,0.51,Yes (No MIBiG connection)
CHL22_PJ_220330_F_contig_60421.region001.gbk_region_1,C843207,None,0.51,Yes (No MIBiG connection)
CHL22_QN_220317_F_contig_142755.region001.gbk_region_1,C843207,None,0.51,Yes (No MIBiG connection)
CR18_LP180406_F_contig_13271.region001.gbk_region_1,C843207,None,0.51,Yes (No MIBiG connection)
FEN_FE_S_NODE_772_length_3274_cov_5.244175.region001.gbk_region_1,C843207,None,0.51,Yes (No MIBiG connection)
KJ_230721_F_NODE_50634_length_3010_cov_0.586542.region001.gbk_region_1,C843207,None,0.51,Yes (No MIBiG connection)
CHL22_CU_220402_F_contig_99458.region001.gbk_region_1,C843207,None,0.51,Yes (No MIBiG connection)
CHL22_CU_220402_F_contig_98326.region001.gbk_region_1,C843207,None,0.51,Yes (No MIBiG connection)
CR18_CZ180409_F_contig_15605.region001.gbk_region_1,C843207,None,0.51,Yes (No MIBiG connection)
CHL22_OA_220325_F_contig_98970.region001.gbk_region_1,C843210,None,0.51,Yes (No MIBiG connection)
CHL22_OA_220325_F_contig_69724.region001.gbk_region_1,C843207,BGC0002360.gbk_region_1,0.46,No (Directly observed)
EPR_teddybear_k141_49336.region001.gbk_region_1,C843207,None,0.51,Yes (No MIBiG connection)
CHL22_PR_220403_F_contig_26835.region001.gbk_region_1,C843209,None,0.51,Yes (No MIBiG connection)
EPR_teddybear_k141_419761.region001.gbk_region_1,C843209,None,0.51,Yes (No MIBiG connection)
CR17_FA170219_1_S_contig_7146.region001.gbk_region_1,C843207,None,0.51,Yes (No MIBiG connection)
ISL21_GN1_210601_F_contig_245.region001.gbk_region_1,C843207,BGC0002518.gbk_region_1,0.44,No (Directly observed)
HYD22_SC_221020_F_contig_9853.region001.gbk_region_1,C843207,BGC0002017.gbk_region_1,0.48,No (Directly observed)
GUY_SRR21545388_k141_1143437.region001.gbk_region_1,C843207,None,0.51,Yes (No MIBiG connection)
GUY_SRR21545382_k141_969931.region001.gbk_region_1,C843207,None,0.51,Yes (No MIBiG connection)
CR18_LB180410_F_contig_17803.region001.gbk_region_1,C843208,None,0.51,Yes (No MIBiG connection)
EPR_teddybear_k141_314541.region001.gbk_region_1,C843208,None,0.51,Yes (No MIBiG connection)
CHL22_LC_220316_F_contig_152692.region001.gbk_region_1,C843208,None,0.51,Yes (No MIBiG connection)
CHL22_LC_220316_F_contig_111549.region001.gbk_region_1,C843208,None,0.51,Yes (No MIBiG connection)
CR18_YR180404_F_contig_32842.region001.gbk_region_1,C843207,None,0.51,Yes (No MIBiG connection)
CHL22_GB_220322_F_contig_16278.region001.gbk_region_1,C843207,None,0.51,Yes (No MIBiG connection)
CR17_PG172224_S_contig_73946.region001.gbk_region_1,C843207,None,0.51,Yes (No MIBiG connection)
CHL22_LN_220321_F_contig_18388.region001.gbk_region_1,C843207,None,0.51,Yes (No MIBiG connection)
CR18_SC180411_S_contig_31000.region001.gbk_region_1,C843207,None,0.51,Yes (No MIBiG connection)
CHL22_CC_220324_F_contig_54544.region001.gbk_region_1,C843207,None,0.51,Yes (No MIBiG connection)
CHL22_LA_220331_F_contig_1337.region001.gbk_region_1,C843207,None,0.51,Yes (No MIBiG connection)
CHL22_EQ_220330_F_contig_26973.region001.gbk_region_1,C843207,None,0.51,Yes (No MIBiG connection)
CR18_GE180403_S_contig_10732.region001.gbk_region_1,C843207,None,0.51,Yes (No MIBiG connection)
CHL22_GB_220322_F_contig_17829.region001.gbk_region_1,C843207,None,0.51,Yes (No MIBiG connection)
CHL22_LP_220401_F_contig_88209.region001.gbk_region_1,C843207,None,0.51,Yes (No MIBiG connection)
CR18_LE180416_F_contig_50376.region001.gbk_region_1,C843207,None,0.51,Yes (No MIBiG connection)
CHL22_OA_220325_F_contig_56279.region001.gbk_region_1,C843207,None,0.51,Yes (No MIBiG connection)
CR18_GE180403_S_contig_9976.region001.gbk_region_1,C843207,None,0.51,Yes (No MIBiG connection)
CHL22_CU_220402_F_contig_23616.region001.gbk_region_1,C843207,None,0.51,Yes (No MIBiG connection)
CHL22_QN_220317_F_contig_62538.region001.gbk_region_1,C843207,None,0.51,Yes (No MIBiG connection)
CR18_LE180416_F_contig_22809.region001.gbk_region_1,C843207,None,0.51,Yes (No MIBiG connection)
CR18_LE180416_F_contig_30439.region001.gbk_region_1,C843207,None,0.51,Yes (No MIBiG connection)
CHL22_LC_220316_F_contig_131597.region001.gbk_region_1,C843207,None,0.51,Yes (No MIBiG connection)
CHL22_LP_220401_F_contig_56039.region001.gbk_region_1,C843207,None,0.51,Yes (No MIBiG connection)
CHL22_TT_220331_F_contig_4386.region001.gbk_region_1,C843208,None,0.51,Yes (No MIBiG connection)
HYD22_SP_221019_F_contig_6143.region001.gbk_region_1,C843208,None,0.51,Yes (No MIBiG connection)
ARG19_RF_190301_S_contig_1191.region001.gbk_region_1,C843208,None,0.51,Yes (No MIBiG connection)
CHL22_GB_220322_F_contig_9464.region001.gbk_region_1,C843208,None,0.51,Yes (No MIBiG connection)
CR17_BR170218_1_S_contig_6532.region001.gbk_region_1,C843208,None,0.51,Yes (No MIBiG connection)
ARG19_LC_190226_F_contig_401.region001.gbk_region_1,C843208,None,0.51,Yes (No MIBiG connection)
ARG19_GA_190226_S_contig_2643.region001.gbk_region_1,C843208,None,0.51,Yes (No MIBiG connection)
CHL22_ET_220322_F_contig_6096.region001.gbk_region_1,C843208,None,0.51,Yes (No MIBiG connection)
AEO22_OS_220830_F_contig_7475.region001.gbk_region_1,C843209,None,0.51,Yes (No MIBiG connection)
CHL22_PR_220403_F_contig_26309.region001.gbk_region_1,C843209,None,0.51,Yes (No MIBiG connection)
KJ_230721_F_NODE_49946_length_3039_cov_0.593063.region001.gbk_region_1,C843209,None,0.51,Yes (No MIBiG connection)
AEO22_LB_220827_F_contig_32986.region001.gbk_region_1,C843207,None,0.51,Yes (No MIBiG connection)
KJ_230721_F_NODE_7316_length_12516_cov_1.116716.region001.gbk_region_1,C843207,None,0.51,Yes (No MIBiG connection)
AEO22_TC_220902_F_contig_42877.region001.gbk_region_1,C843207,None,0.51,Yes (No MIBiG connection)
CHL22_LP_220401_F_contig_16470.region001.gbk_region_1,C843207,None,0.51,Yes (No MIBiG connection)
CR18_MC180404_F_contig_10683.region001.gbk_region_1,C843207,None,0.51,Yes (No MIBiG connection)
CHL22_LP_220401_F_contig_31510.region001.gbk_region_1,C843207,None,0.51,Yes (No MIBiG connection)
CHL22_LC_220316_F_contig_20827.region001.gbk_region_1,C843208,None,0.51,Yes (No MIBiG connection)
CHL22_CC_220324_F_contig_24273.region001.gbk_region_1,C843208,None,0.51,Yes (No MIBiG connection)
HYD22_CB_221018_F_contig_33487.region001.gbk_region_1,C843207,None,0.51,Yes (No MIBiG connection)
CHL22_LA_220331_F_contig_6131.region001.gbk_region_1,C843207,None,0.51,Yes (No MIBiG connection)
CHL22_GB_220322_F_contig_23133.region001.gbk_region_1,C843207,None,0.51,Yes (No MIBiG connection)
CHL22_PJ_220330_F_contig_40895.region001.gbk_region_1,C843207,None,0.51,Yes (No MIBiG connection)
CHL22_IS_220328_F_contig_16877.region001.gbk_region_1,C843207,None,0.51,Yes (No MIBiG connection)
CHL22_EQ_220330_F_contig_14478.region001.gbk_region_1,C843207,None,0.51,Yes (No MIBiG connection)
CHL22_CC_220324_F_contig_42163.region001.gbk_region_1,C843207,None,0.51,Yes (No MIBiG connection)
CR18_CZ180409_F_contig_5859.region001.gbk_region_1,C843207,None,0.51,Yes (No MIBiG connection)
CHL22_CC_220324_F_contig_62395.region001.gbk_region_1,C843207,None,0.51,Yes (No MIBiG connection)
HYD22_CB_221018_F_contig_16206.region001.gbk_region_1,C843207,None,0.51,Yes (No MIBiG connection)
CR18_SC180411_F_contig_1270.region001.gbk_region_1,C843207,None,0.51,Yes (No MIBiG connection)
CR18_SC180411_S_contig_932.region001.gbk_region_1,C843207,None,0.51,Yes (No MIBiG connection)
CR18_BC180410_contig_230.region001.gbk_region_1,C843207,None,0.51,Yes (No MIBiG connection)
CR18_LB180410_S_contig_576.region001.gbk_region_1,C843207,None,0.51,Yes (No MIBiG connection)
CHL22_CN_220327_F_contig_24917.region001.gbk_region_1,C843207,None,0.51,Yes (No MIBiG connection)
CR18_LB180410_S_contig_54.region001.gbk_region_1,C843207,None,0.51,Yes (No MIBiG connection)
CR18_CH180410_F_contig_2749.region001.gbk_region_1,C843207,None,0.51,Yes (No MIBiG connection)
CHL22_LP_220401_F_contig_55773.region001.gbk_region_1,C843207,None,0.51,Yes (No MIBiG connection)
HYD22_SC_221020_F_contig_19817.region001.gbk_region_1,C843211,None,0.51,Yes (No MIBiG connection)
GUY_SRR21545388_k141_315613.region001.gbk_region_1,C843211,None,0.51,Yes (No MIBiG connection)
GUY_SRR21545382_k141_1807103.region001.gbk_region_1,C843211,None,0.51,Yes (No MIBiG connection)
GUY_SRR21545388_k141_2111256.region001.gbk_region_1,C843211,BGC0002484.gbk_region_1,0.48,No (Directly observed)
GUY_SRR21545388_k141_2411397.region001.gbk_region_1,C843211,None,0.51,Yes (No MIBiG connection)
AEO22_LB_220827_F_contig_72444.region001.gbk_region_1,C843211,None,0.51,Yes (No MIBiG connection)
CHL22_LA_220331_F_contig_15846.region001.gbk_region_1,C843211,None,0.51,Yes (No MIBiG connection)
AEO22_TC_220902_F_contig_48210.region001.gbk_region_1,C843211,None,0.51,Yes (No MIBiG connection)
CHL22_CU_220402_F_contig_82212.region001.gbk_region_1,C843207,None,0.51,Yes (No MIBiG connection)
KJ_230721_F_NODE_43542_length_3352_cov_0.667597.region001.gbk_region_1,C843207,None,0.51,Yes (No MIBiG connection)
CR17_QN170220_F_contig_978.region001.gbk_region_1,C843207,None,0.51,Yes (No MIBiG connection)
EPR_teddybear_k141_622694.region001.gbk_region_1,C843207,None,0.51,Yes (No MIBiG connection)
CHL22_CU_220402_F_contig_9787.region001.gbk_region_1,C843207,BGC0002752.gbk_region_1,0.38,No (Directly observed)
AEO22_LB_220827_F_contig_11521.region001.gbk_region_1,C843207,BGC0000401.gbk_region_1,0.5,No (Directly observed)
GUY_SRR21545384_k141_398573.region001.gbk_region_1,C843207,BGC0002095.gbk_region_1,0.49,No (Directly observed)
CHL22_LC_220316_F_contig_146092.region001.gbk_region_1,C843207,None,0.51,Yes (No MIBiG connection)
GUY_SRR21545382_k141_1214129.region001.gbk_region_1,C843207,BGC0002095.gbk_region_1,0.49,No (Directly observed)
AEO22_BO_220829_F_contig_18.region001.gbk_region_1,C843207,None,0.51,Yes (No MIBiG connection)
CR18_LE180416_F_contig_8304.region001.gbk_region_1,C843207,BGC0000401.gbk_region_1,0.49,No (Directly observed)
CR18_CH180410_F_contig_1378.region001.gbk_region_1,C843207,None,0.51,Yes (No MIBiG connection)
GUY_SRR21545384_k141_558115.region001.gbk_region_1,C843207,BGC0000401.gbk_region_1,0.49,No (Directly observed)
CHL22_LP_220401_F_contig_9056.region001.gbk_region_1,C843207,BGC0002126.gbk_region_1,0.48,No (Directly observed)
GUY_SRR21545384_k141_308475.region001.gbk_region_1,C843207,None,0.51,Yes (No MIBiG connection)
CHL22_CZ_220329_F_contig_60263.region001.gbk_region_1,C843207,BGC0000401.gbk_region_1,0.49,No (Directly observed)
CR18_CL180409_F_contig_178.region001.gbk_region_1,C843207,BGC0000401.gbk_region_1,0.19,No (Directly observed)
GUY_SRR21545382_k141_692659.region001.gbk_region_1,C843207,BGC0000401.gbk_region_1,0.49,No (Directly observed)
CHL22_PJ_220330_F_contig_26226.region001.gbk_region_1,C843207,BGC0000401.gbk_region_1,0.5,No (Directly observed)
CHL22_LC_220316_F_contig_21476.region002.gbk_region_2,C843207,None,0.51,Yes (No MIBiG connection)
HYD22_CB_221018_F_contig_2205.region001.gbk_region_1,C843207,None,0.51,Yes (No MIBiG connection)
GUY_SRR21545388_k141_236492.region001.gbk_region_1,C843207,BGC0002095.gbk_region_1,0.49,No (Directly observed)
GUY_SRR21545388_k141_512693.region001.gbk_region_1,C843207,None,0.51,Yes (No MIBiG connection)
GUY_SRR21545382_k141_424293.region001.gbk_region_1,C843207,None,0.51,Yes (No MIBiG connection)
GUY_SRR21545388_k141_1361285.region001.gbk_region_1,C843207,None,0.51,Yes (No MIBiG connection)
CHL22_OA_220325_F_contig_113327.region001.gbk_region_1,C843207,BGC0000401.gbk_region_1,0.46,No (Directly observed)
CHL22_OA_220325_F_contig_97658.region001.gbk_region_1,C843207,BGC0002706.gbk_region_1,0.49,No (Directly observed)
CHL22_OA_220325_F_contig_6545.region001.gbk_region_1,C843207,None,0.51,Yes (No MIBiG connection)
CHL22_LC_220316_F_contig_103825.region001.gbk_region_1,C843212,None,0.51,Yes (No MIBiG connection)
CHL22_OA_220325_F_contig_69594.region001.gbk_region_1,C843210,None,0.51,Yes (No MIBiG connection)
HYD22_CB_221018_F_contig_22893.region001.gbk_region_1,C843210,None,0.51,Yes (No MIBiG connection)
AEO22_OS_220830_F_contig_5777.region001.gbk_region_1,C843210,None,0.51,Yes (No MIBiG connection)
CHL22_CZ_220329_F_contig_17366.region001.gbk_region_1,C843210,None,0.51,Yes (No MIBiG connection)
AEO22_CF_220902_F_contig_667.region001.gbk_region_1,C843210,None,0.51,Yes (No MIBiG connection)
CHL22_LC_220316_F_contig_114508.region001.gbk_region_1,C843207,None,0.51,Yes (No MIBiG connection)
CHL22_CA_220323_F_contig_43257.region001.gbk_region_1,C843207,None,0.51,Yes (No MIBiG connection)
CHL22_IS_220328_F_contig_9781.region001.gbk_region_1,C843207,None,0.51,Yes (No MIBiG connection)
CHL22_GB_220322_F_contig_37137.region001.gbk_region_1,C843207,None,0.51,Yes (No MIBiG connection)
CR17_QN170220_F_contig_12531.region001.gbk_region_1,C843207,None,0.51,Yes (No MIBiG connection)
CHL22_IS_220328_F_contig_3276.region001.gbk_region_1,C843207,None,0.51,Yes (No MIBiG connection)
HYD22_CB_221018_F_contig_64438.region001.gbk_region_1,C843207,None,0.51,Yes (No MIBiG connection)
FEN_GA_F_NODE_2_length_797576_cov_29.715017.region001.gbk_region_1,C843210,None,0.51,Yes (No MIBiG connection)
CHL22_QN_220317_F_contig_80323.region001.gbk_region_1,C843208,None,0.51,Yes (No MIBiG connection)
CHL22_OA_220325_F_contig_3892.region001.gbk_region_1,C843208,None,0.51,Yes (No MIBiG connection)
CHL22_QN_220317_F_contig_4984.region001.gbk_region_1,C843208,None,0.51,Yes (No MIBiG connection)
FEN_LS_S_NODE_5274_length_7050_cov_3.715082.region001.gbk_region_1,C843207,None,0.51,Yes (No MIBiG connection)
CHL22_CC_220324_F_contig_10124.region001.gbk_region_1,C843207,None,0.51,Yes (No MIBiG connection)
CHL22_IS_220328_F_contig_7332.region001.gbk_region_1,C843207,None,0.51,Yes (No MIBiG connection)
CHL22_QN_220317_F_contig_40044.region001.gbk_region_1,C843207,None,0.51,Yes (No MIBiG connection)
CHL22_CC_220324_F_contig_7137.region001.gbk_region_1,C843207,None,0.51,Yes (No MIBiG connection)
HYD22_CB_221018_F_contig_7301.region001.gbk_region_1,C843207,None,0.51,Yes (No MIBiG connection)
GUY_SRR21545388_k141_2344131.region001.gbk_region_1,C843207,BGC0002512.gbk_region_1,0.49,No (Directly observed)
CHL22_QN_220317_F_contig_119463.region001.gbk_region_1,C843207,None,0.51,Yes (No MIBiG connection)
HYD22_CB_221018_F_contig_25342.region001.gbk_region_1,C843207,None,0.51,Yes (No MIBiG connection)
EPR_teddybear_k141_341173.region001.gbk_region_1,C843207,None,0.51,Yes (No MIBiG connection)
EPR_teddybear_k141_485963.region001.gbk_region_1,C843207,None,0.51,Yes (No MIBiG connection)
EPR_teddybear_k141_3084.region001.gbk_region_1,C843207,None,0.51,Yes (No MIBiG connection)
AEO22_OS_220830_F_contig_1153.region001.gbk_region_1,C843207,None,0.51,Yes (No MIBiG connection)
KJ_230721_F_NODE_16864_length_6646_cov_3.078693.region001.gbk_region_1,C843207,None,0.51,Yes (No MIBiG connection)
CHL22_CC_220324_F_contig_66749.region001.gbk_region_1,C843207,None,0.51,Yes (No MIBiG connection)
CHL22_CU_220402_F_contig_47353.region001.gbk_region_1,C843207,None,0.51,Yes (No MIBiG connection)
CHL22_LN_220321_F_contig_17677.region001.gbk_region_1,C843207,None,0.51,Yes (No MIBiG connection)
CR18_CZ180409_F_contig_14759.region001.gbk_region_1,C843207,None,0.51,Yes (No MIBiG connection)
CHL22_CU_220402_F_contig_61718.region001.gbk_region_1,C843207,None,0.51,Yes (No MIBiG connection)
FEN_FE_S_NODE_1192_length_2601_cov_5.489002.region001.gbk_region_1,C843207,None,0.51,Yes (No MIBiG connection)
CHL22_LC_220316_F_contig_122971.region001.gbk_region_1,C843208,None,0.51,Yes (No MIBiG connection)
HYD22_CB_221018_F_contig_8467.region001.gbk_region_1,C843208,None,0.51,Yes (No MIBiG connection)
CHL22_SR_220328_F_contig_23718.region001.gbk_region_1,C843207,None,0.51,Yes (No MIBiG connection)
EPR_teddybear_k141_680582.region001.gbk_region_1,C843207,None,0.51,Yes (No MIBiG connection)
CHL22_CU_220402_F_contig_53065.region001.gbk_region_1,C843207,None,0.51,Yes (No MIBiG connection)
CR18_CH180410_F_contig_9671.region001.gbk_region_1,C843209,None,0.51,Yes (No MIBiG connection)
CR18_YR180404_F_contig_125.region001.gbk_region_1,C843209,None,0.51,Yes (No MIBiG connection)
CHL22_CC_220324_F_contig_29233.region001.gbk_region_1,C843207,None,0.51,Yes (No MIBiG connection)
CHL22_CU_220402_F_contig_40735.region001.gbk_region_1,C843207,None,0.51,Yes (No MIBiG connection)
CH20_GS_200305_F_contig_240.region001.gbk_region_1,C843207,None,0.51,Yes (No MIBiG connection)
AEO22_LB_220827_F_contig_8036.region001.gbk_region_1,C843207,None,0.51,Yes (No MIBiG connection)
CHL22_IS_220328_F_contig_1983.region001.gbk_region_1,C843207,None,0.51,Yes (No MIBiG connection)
CHL22_IS_220328_F_contig_12317.region001.gbk_region_1,C843207,None,0.51,Yes (No MIBiG connection)
CHL22_GB_220322_F_contig_29348.region001.gbk_region_1,C843207,None,0.51,Yes (No MIBiG connection)
CHL22_PJ_220330_F_contig_24449.region001.gbk_region_1,C843207,None,0.51,Yes (No MIBiG connection)
CHL22_EQ_220330_F_contig_18210.region001.gbk_region_1,C843207,None,0.51,Yes (No MIBiG connection)
CHL22_IS_220328_F_contig_18709.region001.gbk_region_1,C843207,None,0.51,Yes (No MIBiG connection)
CHL22_IS_220328_F_contig_9167.region001.gbk_region_1,C843207,None,0.51,Yes (No MIBiG connection)
CHL22_EQ_220330_F_contig_29598.region001.gbk_region_1,C843207,None,0.51,Yes (No MIBiG connection)
EPR_teddybear_k141_264643.region001.gbk_region_1,C843207,None,0.51,Yes (No MIBiG connection)
CR18_PX180416_S_contig_9690.region001.gbk_region_1,C843207,None,0.51,Yes (No MIBiG connection)
CR17_CY170214_S_contig_23007.region001.gbk_region_1,C843207,None,0.51,Yes (No MIBiG connection)
HYD22_CB_221018_F_contig_23166.region001.gbk_region_1,C843207,None,0.51,Yes (No MIBiG connection)
CHL22_LC_220316_F_contig_49696.region001.gbk_region_1,C843207,None,0.51,Yes (No MIBiG connection)
CHL22_OA_220325_F_contig_56701.region001.gbk_region_1,C843207,None,0.51,Yes (No MIBiG connection)
CHL22_QN_220317_F_contig_132713.region001.gbk_region_1,C843207,None,0.51,Yes (No MIBiG connection)
CHL22_SR_220328_F_contig_13928.region001.gbk_region_1,C843207,None,0.51,Yes (No MIBiG connection)
CHL22_EQ_220330_F_contig_18022.region001.gbk_region_1,C843207,None,0.51,Yes (No MIBiG connection)
FEN_GA_F_NODE_3587_length_6334_cov_4.536869.region001.gbk_region_1,C843207,None,0.51,Yes (No MIBiG connection)
CR18_YR180404_F_contig_16094.region001.gbk_region_1,C843207,None,0.51,Yes (No MIBiG connection)
CHL22_LA_220331_F_contig_6117.region001.gbk_region_1,C843207,None,0.51,Yes (No MIBiG connection)
CR18_CH180410_S_contig_5635.region001.gbk_region_1,C843207,None,0.51,Yes (No MIBiG connection)
CHL22_LP_220401_F_contig_2201.region001.gbk_region_1,C843207,None,0.51,Yes (No MIBiG connection)
CR17_PG172224_S_contig_48040.region001.gbk_region_1,C843207,None,0.51,Yes (No MIBiG connection)
GUY_SRR21545388_k141_1496928.region001.gbk_region_1,C843207,None,0.51,Yes (No MIBiG connection)
CR19_BR2_190717_contig_3702.region001.gbk_region_1,C843207,None,0.51,Yes (No MIBiG connection)
CHL22_PJ_220330_F_contig_45350.region001.gbk_region_1,C843207,None,0.51,Yes (No MIBiG connection)
AEO22_BP2_220829_F_contig_18256.region001.gbk_region_1,C843208,None,0.51,Yes (No MIBiG connection)
CHL22_QN_220317_F_contig_98278.region001.gbk_region_1,C843208,None,0.51,Yes (No MIBiG connection)
CHL22_OA_220325_F_contig_51948.region001.gbk_region_1,C843208,None,0.51,Yes (No MIBiG connection)
FEN_GA_F_NODE_9750_length_2820_cov_3.361302.region001.gbk_region_1,C843208,None,0.51,Yes (No MIBiG connection)
AEO22_LB_220827_F_contig_96737.region001.gbk_region_1,C843208,None,0.51,Yes (No MIBiG connection)
FEN_LS_S_NODE_9466_length_4541_cov_7.792020.region001.gbk_region_1,C843208,None,0.51,Yes (No MIBiG connection)
CR17_FA170219_1_S_contig_1064.region001.gbk_region_1,C843207,None,0.51,Yes (No MIBiG connection)
KJ_230721_F_NODE_20638_length_5720_cov_1.732344.region001.gbk_region_1,C843207,BGC0002379.gbk_region_1,0.48,No (Directly observed)
CR18_CH180410_F_contig_8030.region001.gbk_region_1,C843207,None,0.51,Yes (No MIBiG connection)
CR18_LH180406_S_contig_10789.region001.gbk_region_1,C843207,None,0.51,Yes (No MIBiG connection)
CR17_S14_S_contig_795.region001.gbk_region_1,C843207,None,0.51,Yes (No MIBiG connection)
CHL22_PJ_220330_F_contig_34867.region001.gbk_region_1,C843209,None,0.51,Yes (No MIBiG connection)
GUY_SRR21545382_k141_1596725.region001.gbk_region_1,C843209,None,0.51,Yes (No MIBiG connection)
AEO22_TC_220902_F_contig_52720.region001.gbk_region_1,C843209,None,0.51,Yes (No MIBiG connection)
CHL22_PR_220403_F_contig_4138.region001.gbk_region_1,C843207,None,0.51,Yes (No MIBiG connection)
CHL22_LP_220401_F_contig_21.region001.gbk_region_1,C843207,None,0.51,Yes (No MIBiG connection)
CHL22_OA_220325_F_contig_26006.region001.gbk_region_1,C843207,None,0.51,Yes (No MIBiG connection)
ARG19_GA_190226_S_contig_4755.region001.gbk_region_1,C843207,None,0.51,Yes (No MIBiG connection)
EPR_alvinella_k141_45551.region001.gbk_region_1,C843211,None,0.51,Yes (No MIBiG connection)
CR18_CH180410_S_contig_8347.region001.gbk_region_1,C843207,None,0.51,Yes (No MIBiG connection)
FEN_GA_F_NODE_3561_length_6369_cov_4.016788.region001.gbk_region_1,C843207,BGC0000332.gbk_region_1,0.45,No (Directly observed)
HYD22_CB_221018_F_contig_13244.region001.gbk_region_1,C843207,None,0.51,Yes (No MIBiG connection)
CR19_SG_190719_S_contig_65.region001.gbk_region_1,C843207,None,0.51,Yes (No MIBiG connection)
CHL22_GB_220322_F_contig_35520.region001.gbk_region_1,C843207,None,0.51,Yes (No MIBiG connection)
CHL22_TL_220327_F_contig_206.region001.gbk_region_1,C843207,None,0.51,Yes (No MIBiG connection)
CR17_FA170219_1_S_contig_11933.region001.gbk_region_1,C843207,None,0.51,Yes (No MIBiG connection)
CR18_YR180404_F_contig_33308.region001.gbk_region_1,C843207,None,0.51,Yes (No MIBiG connection)
AEO22_LB_220827_F_contig_120248.region001.gbk_region_1,C843207,None,0.51,Yes (No MIBiG connection)
CR19_SG_190719_S_contig_2261.region001.gbk_region_1,C843207,None,0.51,Yes (No MIBiG connection)
AEO22_BO_220829_F_contig_47776.region001.gbk_region_1,C843207,None,0.51,Yes (No MIBiG connection)
CR17_QH170213_1_S_contig_13629.region001.gbk_region_1,C843207,None,0.51,Yes (No MIBiG connection)
AEO22_LB_220827_F_contig_140586.region001.gbk_region_1,C843207,None,0.51,Yes (No MIBiG connection)
CHL22_SR_220328_F_contig_21020.region001.gbk_region_1,C843207,None,0.51,Yes (No MIBiG connection)
CR18_YR180404_F_contig_5229.region001.gbk_region_1,C843207,None,0.51,Yes (No MIBiG connection)
CR17_EP170215_F_contig_15232.region001.gbk_region_1,C843207,None,0.51,Yes (No MIBiG connection)
CHL22_CU_220402_F_contig_106908.region001.gbk_region_1,C843207,None,0.51,Yes (No MIBiG connection)
KJ_230721_F_NODE_85259_length_2075_cov_0.805955.region001.gbk_region_1,C843207,None,0.51,Yes (No MIBiG connection)
CHL22_EQ_220330_F_contig_49568.region001.gbk_region_1,C843207,None,0.51,Yes (No MIBiG connection)
HYD22_CB_221018_F_contig_40139.region001.gbk_region_1,C843207,None,0.51,Yes (No MIBiG connection)
CHL22_LP_220401_F_contig_43503.region001.gbk_region_1,C843207,None,0.51,Yes (No MIBiG connection)
CR18_LB180410_F_contig_2410.region001.gbk_region_1,C843207,None,0.51,Yes (No MIBiG connection)
CHL22_RS_220319_F_contig_12677.region001.gbk_region_1,C843207,None,0.51,Yes (No MIBiG connection)
CHL22_OA_220325_F_contig_964.region001.gbk_region_1,C843207,None,0.51,Yes (No MIBiG connection)
CHL22_LP_220401_F_contig_15222.region001.gbk_region_1,C843207,None,0.51,Yes (No MIBiG connection)
CR18_LB180410_F_contig_4397.region001.gbk_region_1,C843207,None,0.51,Yes (No MIBiG connection)
EPR_teddybear_k141_272918.region001.gbk_region_1,C843207,None,0.51,Yes (No MIBiG connection)
CHL22_CC_220324_F_contig_75013.region001.gbk_region_1,C843209,None,0.51,Yes (No MIBiG connection)
CHL22_LC_220316_F_contig_39595.region001.gbk_region_1,C843209,None,0.51,Yes (No MIBiG connection)
EPR_teddybear_k141_656773.region001.gbk_region_1,C843207,None,0.51,Yes (No MIBiG connection)
HYD22_CB_221018_F_contig_73082.region001.gbk_region_1,C843207,None,0.51,Yes (No MIBiG connection)
CHL22_OA_220325_F_contig_37982.region001.gbk_region_1,C843207,None,0.51,Yes (No MIBiG connection)
CR18_LH180406_F_contig_22804.region001.gbk_region_1,C843207,None,0.51,Yes (No MIBiG connection)
CHL22_OA_220325_F_contig_30029.region001.gbk_region_1,C843207,None,0.51,Yes (No MIBiG connection)
CHL22_SR_220328_F_contig_20236.region001.gbk_region_1,C843207,None,0.51,Yes (No MIBiG connection)
CR18_XF180416_F_contig_18716.region001.gbk_region_1,C843207,None,0.51,Yes (No MIBiG connection)
AEO22_BS_220902_F_contig_6230.region001.gbk_region_1,C843207,None,0.51,Yes (No MIBiG connection)
CR18_CV180410_F_contig_4942.region001.gbk_region_1,C843207,None,0.51,Yes (No MIBiG connection)
TR_230731_F_NODE_2243_length_16513_cov_1.969059.region001.gbk_region_1,C843207,None,0.51,Yes (No MIBiG connection)
FEN_GA_F_NODE_8800_length_3040_cov_4.205360.region001.gbk_region_1,C843207,BGC0001999.gbk_region_1,0.49,No (Directly observed)
AEO22_LB_220827_F_contig_69077.region001.gbk_region_1,C843207,None,0.51,Yes (No MIBiG connection)
CR18_LP180406_F_contig_39196.region001.gbk_region_1,C843207,None,0.51,Yes (No MIBiG connection)
CR19_BR2_190717_contig_4878.region001.gbk_region_1,C843207,None,0.51,Yes (No MIBiG connection)
CR19_SG_190719_S_contig_1474.region001.gbk_region_1,C843207,None,0.51,Yes (No MIBiG connection)
HYD22_CB_221018_F_contig_9540.region001.gbk_region_1,C843207,None,0.51,Yes (No MIBiG connection)
HYD22_FC_221023_F_contig_18087.region001.gbk_region_1,C843207,None,0.51,Yes (No MIBiG connection)
AEO22_LB_220827_F_contig_78019.region001.gbk_region_1,C843207,None,0.51,Yes (No MIBiG connection)
KJ_230721_F_NODE_81619_length_2141_cov_0.657895.region001.gbk_region_1,C843207,None,0.51,Yes (No MIBiG connection)
GUY_SRR21545382_k141_451973.region001.gbk_region_1,C843207,None,0.51,Yes (No MIBiG connection)
CHL22_CU_220402_F_contig_29400.region001.gbk_region_1,C843207,None,0.51,Yes (No MIBiG connection)
CHL22_PR_220403_F_contig_39477.region001.gbk_region_1,C843207,None,0.51,Yes (No MIBiG connection)
CR18_LB180410_F_contig_9800.region001.gbk_region_1,C843207,None,0.51,Yes (No MIBiG connection)
CHL22_PR_220403_F_contig_8636.region001.gbk_region_1,C843207,None,0.51,Yes (No MIBiG connection)
CHL22_IS_220328_F_contig_6984.region001.gbk_region_1,C843207,None,0.51,Yes (No MIBiG connection)
CR18_ER180415_S_contig_9232.region001.gbk_region_1,C843207,None,0.51,Yes (No MIBiG connection)
CHL22_QN_220317_F_contig_151531.region001.gbk_region_1,C843207,None,0.51,Yes (No MIBiG connection)
CHL22_EQ_220330_F_contig_37901.region001.gbk_region_1,C843207,None,0.51,Yes (No MIBiG connection)
AEO22_TC_220902_F_contig_44358.region001.gbk_region_1,C843207,None,0.51,Yes (No MIBiG connection)
CR18_CH180410_S_contig_2.region002.gbk_region_2,C843208,None,0.51,Yes (No MIBiG connection)
CR18_GE180403_S_contig_153.region001.gbk_region_1,C843207,None,0.51,Yes (No MIBiG connection)
CR17_BR170218_2_S_contig_34022.region001.gbk_region_1,C843207,None,0.51,Yes (No MIBiG connection)
NR_230731_F_NODE_15086_length_3974_cov_1.149207.region001.gbk_region_1,C843207,None,0.51,Yes (No MIBiG connection)
FEN_LS_S_NODE_23819_length_2352_cov_2.958642.region001.gbk_region_1,C843207,None,0.51,Yes (No MIBiG connection)
TR_230731_S_NODE_3979_length_14459_cov_2.057075.region001.gbk_region_1,C843207,None,0.51,Yes (No MIBiG connection)
HYD22_CB_221018_F_contig_3323.region001.gbk_region_1,C843207,BGC0002535.gbk_region_1,0.45,No (Directly observed)
SJ_230730_F_NODE_4968_length_3662_cov_4.226220.region001.gbk_region_1,C843207,BGC0002535.gbk_region_1,0.48,No (Directly observed)
CR17_ES170215_1_F_contig_5448.region001.gbk_region_1,C843207,BGC0002535.gbk_region_1,0.45,No (Directly observed)
CR17_PF170222_F_contig_4613.region001.gbk_region_1,C843207,None,0.51,Yes (No MIBiG connection)
CR17_QH170213_1_S_contig_10830.region001.gbk_region_1,C843207,None,0.51,Yes (No MIBiG connection)
GUY_SRR21545388_k141_2564955.region001.gbk_region_1,C843207,None,0.51,Yes (No MIBiG connection)
CHL22_SR_220328_F_contig_14904.region001.gbk_region_1,C843207,None,0.51,Yes (No MIBiG connection)
CHL22_PJ_220330_F_contig_315.region001.gbk_region_1,C843207,None,0.51,Yes (No MIBiG connection)
EPR_riftia_k141_621899.region001.gbk_region_1,C843207,None,0.51,Yes (No MIBiG connection)
EPR_riftia_k141_311465.region001.gbk_region_1,C843207,None,0.51,Yes (No MIBiG connection)
CHL22_SR_220328_F_contig_3633.region001.gbk_region_1,C843207,None,0.51,Yes (No MIBiG connection)
AEO22_TC_220902_F_contig_7863.region001.gbk_region_1,C843207,None,0.51,Yes (No MIBiG connection)
CR18_LB180410_F_contig_11768.region001.gbk_region_1,C843207,None,0.51,Yes (No MIBiG connection)
CR18_LB180410_F_contig_13686.region001.gbk_region_1,C843207,None,0.51,Yes (No MIBiG connection)
CR18_RC180404_S_contig_36851.region001.gbk_region_1,C843207,None,0.51,Yes (No MIBiG connection)
CR18_LB180410_F_contig_12538.region001.gbk_region_1,C843207,None,0.51,Yes (No MIBiG connection)
CR18_CH180410_F_contig_27219.region001.gbk_region_1,C843207,None,0.51,Yes (No MIBiG connection)
CR17_CY170214_S_contig_9522.region001.gbk_region_1,C843207,BGC0002535.gbk_region_1,0.44,No (Directly observed)
CHL22_LC_220316_F_contig_111690.region001.gbk_region_1,C843207,None,0.51,Yes (No MIBiG connection)
CHL22_OA_220325_F_contig_2007.region001.gbk_region_1,C843207,BGC0002535.gbk_region_1,0.43,No (Directly observed)
CHL22_CC_220324_F_contig_29001.region001.gbk_region_1,C843207,None,0.51,Yes (No MIBiG connection)
CHL22_QN_220317_F_contig_96896.region001.gbk_region_1,C843207,None,0.51,Yes (No MIBiG connection)
CHL22_LC_220316_F_contig_78937.region001.gbk_region_1,C843207,None,0.51,Yes (No MIBiG connection)
CHL22_LR_220331_F_contig_10521.region001.gbk_region_1,C843207,None,0.51,Yes (No MIBiG connection)
FEN_LS_S_NODE_23058_length_2408_cov_5.500212.region001.gbk_region_1,C843207,None,0.51,Yes (No MIBiG connection)
CHL22_PJ_220330_F_contig_47583.region001.gbk_region_1,C843207,None,0.51,Yes (No MIBiG connection)
CHL22_QN_220317_F_contig_57782.region001.gbk_region_1,C843207,None,0.51,Yes (No MIBiG connection)
AEO22_BS_220902_F_contig_11958.region001.gbk_region_1,C843207,None,0.51,Yes (No MIBiG connection)
NR_230731_F_NODE_3280_length_10612_cov_2.528088.region001.gbk_region_1,C843207,None,0.51,Yes (No MIBiG connection)
CR17_SI170217_S_contig_45841.region001.gbk_region_1,C843207,None,0.51,Yes (No MIBiG connection)
CHL22_CU_220402_F_contig_91593.region001.gbk_region_1,C843207,None,0.51,Yes (No MIBiG connection)
CR18_CW180415_S_contig_8280.region001.gbk_region_1,C843207,None,0.51,Yes (No MIBiG connection)
AEO22_BO_220829_F_contig_410.region001.gbk_region_1,C843207,None,0.51,Yes (No MIBiG connection)
CHL22_CC_220324_F_contig_1893.region001.gbk_region_1,C843207,None,0.51,Yes (No MIBiG connection)
CHL22_LR_220331_F_contig_49105.region001.gbk_region_1,C843207,None,0.51,Yes (No MIBiG connection)
AEO22_TC_220902_F_contig_10646.region001.gbk_region_1,C843207,None,0.51,Yes (No MIBiG connection)
AEO22_TC_220902_F_contig_19663.region001.gbk_region_1,C843207,None,0.51,Yes (No MIBiG connection)
CR18_LH180406_S_contig_27280.region001.gbk_region_1,C843207,None,0.51,Yes (No MIBiG connection)
CHL22_CA_220323_F_contig_157582.region001.gbk_region_1,C843207,None,0.51,Yes (No MIBiG connection)
CHL22_RS_220319_F_contig_7361.region001.gbk_region_1,C843207,None,0.51,Yes (No MIBiG connection)
AEO22_OS_220830_F_contig_36249.region001.gbk_region_1,C843207,None,0.51,Yes (No MIBiG connection)
SJ_230730_F_NODE_7548_length_2774_cov_3.931776.region001.gbk_region_1,C843207,None,0.51,Yes (No MIBiG connection)
CHL22_LP_220401_F_contig_92760.region001.gbk_region_1,C843207,BGC0002421.gbk_region_1,0.23,No (Directly observed)
CHL22_IS_220328_F_contig_14269.region001.gbk_region_1,C843207,None,0.51,Yes (No MIBiG connection)
CHL22_EQ_220330_F_contig_18596.region001.gbk_region_1,C843207,BGC0002421.gbk_region_1,0.23,No (Directly observed)
NR_230731_F_NODE_95_length_79148_cov_6.933802.region001.gbk_region_1,C843207,BGC0001721.gbk_region_1,0.09,No (Directly observed)
HYD22_CB_221018_F_contig_21964.region001.gbk_region_1,C843207,None,0.51,Yes (No MIBiG connection)
CHL22_CC_220324_F_contig_68542.region001.gbk_region_1,C843207,BGC0002421.gbk_region_1,0.48,No (Directly observed)
SJ_230730_F_NODE_51_length_105169_cov_71.348942.region001.gbk_region_1,C843207,BGC0001721.gbk_region_1,0.06,No (Directly observed)
CHL22_GB_220322_F_contig_17079.region001.gbk_region_1,C843207,BGC0002408.gbk_region_1,0.45,No (Directly observed)
AEO22_AC_220827_F_contig_122.region001.gbk_region_1,C843210,None,0.51,Yes (No MIBiG connection)
CR18_LE180416_S_contig_15774.region001.gbk_region_1,C843207,None,0.51,Yes (No MIBiG connection)
CHL22_QN_220317_F_contig_132871.region001.gbk_region_1,C843207,None,0.51,Yes (No MIBiG connection)
CR18_LE180416_F_contig_24921.region001.gbk_region_1,C843207,None,0.51,Yes (No MIBiG connection)
CHL22_QN_220317_F_contig_116981.region001.gbk_region_1,C843207,None,0.51,Yes (No MIBiG connection)
CR18_LE180416_S_contig_13425.region001.gbk_region_1,C843207,None,0.51,Yes (No MIBiG connection)
CHL22_CZ_220329_F_contig_30765.region001.gbk_region_1,C843207,None,0.51,Yes (No MIBiG connection)
CHL22_QN_220317_F_contig_100286.region001.gbk_region_1,C843207,None,0.51,Yes (No MIBiG connection)
CR18_LE180416_S_contig_4136.region001.gbk_region_1,C843207,None,0.51,Yes (No MIBiG connection)
CHL22_PR_220403_F_contig_26166.region001.gbk_region_1,C843207,None,0.51,Yes (No MIBiG connection)
CHL22_CU_220402_F_contig_62565.region001.gbk_region_1,C843207,None,0.51,Yes (No MIBiG connection)
CR18_BW180407_F_contig_1560.region001.gbk_region_1,C843207,BGC0002512.gbk_region_1,0.49,No (Directly observed)
KJ_230721_F_NODE_26262_length_4801_cov_1.172015.region001.gbk_region_1,C843207,None,0.51,Yes (No MIBiG connection)
KJ_230721_F_NODE_32105_length_4159_cov_0.986855.region001.gbk_region_1,C843207,None,0.51,Yes (No MIBiG connection)
CHL22_QN_220317_F_contig_126282.region001.gbk_region_1,C843208,None,0.51,Yes (No MIBiG connection)
CHL22_QN_220317_F_contig_155365.region001.gbk_region_1,C843208,None,0.51,Yes (No MIBiG connection)
NR_230731_F_NODE_11257_length_4826_cov_16.516280.region001.gbk_region_1,C843208,None,0.51,Yes (No MIBiG connection)
KJ_230721_F_NODE_2797_length_26653_cov_17.932708.region001.gbk_region_1,C843208,None,0.51,Yes (No MIBiG connection)
AEO22_LB_220827_F_contig_155574.region001.gbk_region_1,C843207,None,0.51,Yes (No MIBiG connection)
CHL22_TL_220327_F_contig_742.region001.gbk_region_1,C843207,None,0.51,Yes (No MIBiG connection)
CHL22_CZ_220329_F_contig_13723.region001.gbk_region_1,C843207,BGC0000452.gbk_region_1,0.3,No (Directly observed)
CHL22_LR_220331_F_contig_26318.region001.gbk_region_1,C843207,BGC0000452.gbk_region_1,0.3,No (Directly observed)
CHL22_GB_220322_F_contig_30027.region001.gbk_region_1,C843207,BGC0000452.gbk_region_1,0.3,No (Directly observed)
HYD22_CB_221018_F_contig_41275.region001.gbk_region_1,C843207,BGC0000426.gbk_region_1,0.5,No (Directly observed)
CHL22_IS_220328_F_contig_11071.region001.gbk_region_1,C843207,BGC0000452.gbk_region_1,0.46,No (Directly observed)
CHL22_PJ_220330_F_contig_15564.region001.gbk_region_1,C843207,BGC0000452.gbk_region_1,0.3,No (Directly observed)
CHL22_OA_220325_F_contig_37123.region001.gbk_region_1,C843207,BGC0000452.gbk_region_1,0.3,No (Directly observed)
CHL22_QN_220317_F_contig_1215.region001.gbk_region_1,C843207,BGC0000452.gbk_region_1,0.38,No (Directly observed)
CHL22_IS_220328_F_contig_4000.region001.gbk_region_1,C843207,BGC0000452.gbk_region_1,0.3,No (Directly observed)
CHL22_CC_220324_F_contig_10079.region001.gbk_region_1,C843207,BGC0000452.gbk_region_1,0.3,No (Directly observed)
CHL22_RS_220319_F_contig_375.region001.gbk_region_1,C843207,BGC0000452.gbk_region_1,0.38,No (Directly observed)
CHL22_LV_220331_F_contig_11301.region001.gbk_region_1,C843207,BGC0000452.gbk_region_1,0.3,No (Directly observed)
CHL22_EQ_220330_F_contig_16870.region001.gbk_region_1,C843207,BGC0000452.gbk_region_1,0.3,No (Directly observed)
CHL22_CA_220323_F_contig_9887.region001.gbk_region_1,C843207,BGC0000452.gbk_region_1,0.3,No (Directly observed)
NR_230731_S_NODE_2_length_798729_cov_101.402748.region003.gbk_region_3,C843207,BGC0000452.gbk_region_1,0.25,No (Directly observed)
CHL22_CR_220324_F_contig_25026.region001.gbk_region_1,C843207,BGC0000452.gbk_region_1,0.3,No (Directly observed)
CHL22_LA_220331_F_contig_13604.region001.gbk_region_1,C843207,BGC0001758.gbk_region_1,0.47,No (Directly observed)
CHL22_GB_220322_F_contig_37142.region001.gbk_region_1,C843207,BGC0002071.gbk_region_1,0.44,No (Directly observed)
CHL22_EQ_220330_F_contig_8940.region001.gbk_region_1,C843207,BGC0002071.gbk_region_1,0.44,No (Directly observed)
HYD22_CB_221018_F_contig_835.region001.gbk_region_1,C843207,BGC0002071.gbk_region_1,0.44,No (Directly observed)
CHL22_CC_220324_F_contig_70320.region001.gbk_region_1,C843207,BGC0002071.gbk_region_1,0.44,No (Directly observed)
CHL22_IS_220328_F_contig_11082.region001.gbk_region_1,C843207,BGC0002071.gbk_region_1,0.44,No (Directly observed)
CHL22_LP_220401_F_contig_10988.region001.gbk_region_1,C843207,BGC0002071.gbk_region_1,0.44,No (Directly observed)
CHL22_PJ_220330_F_contig_54299.region001.gbk_region_1,C843207,BGC0002071.gbk_region_1,0.44,No (Directly observed)
CHL22_LP_220401_F_contig_80275.region001.gbk_region_1,C843211,None,0.51,Yes (No MIBiG connection)
CHL22_CU_220402_F_contig_79396.region001.gbk_region_1,C843211,None,0.51,Yes (No MIBiG connection)
TR_230731_S_NODE_23151_length_3439_cov_5.117754.region001.gbk_region_1,C843207,None,0.51,Yes (No MIBiG connection)
CHL22_CU_220402_F_contig_24260.region001.gbk_region_1,C843207,None,0.51,Yes (No MIBiG connection)
CHL22_CA_220323_F_contig_12718.region001.gbk_region_1,C843207,None,0.51,Yes (No MIBiG connection)
CHL22_CC_220324_F_contig_52765.region001.gbk_region_1,C843207,None,0.51,Yes (No MIBiG connection)
FEN_FE_S_NODE_1809_length_2083_cov_3.086785.region001.gbk_region_1,C843207,None,0.51,Yes (No MIBiG connection)
CR17_PG172224_S_contig_31863.region001.gbk_region_1,C843207,None,0.51,Yes (No MIBiG connection)
AEO22_TC_220902_F_contig_50150.region001.gbk_region_1,C843207,None,0.51,Yes (No MIBiG connection)
AEO22_LB_220827_F_contig_142412.region001.gbk_region_1,C843207,None,0.51,Yes (No MIBiG connection)
CR18_CV180410_S_contig_14161.region001.gbk_region_1,C843207,None,0.51,Yes (No MIBiG connection)
CHL22_CC_220324_F_contig_35317.region001.gbk_region_1,C843207,None,0.51,Yes (No MIBiG connection)
CR17_S14_S_contig_2302.region001.gbk_region_1,C843207,None,0.51,Yes (No MIBiG connection)
HYD22_SP_221019_F_contig_964.region001.gbk_region_1,C843207,None,0.51,Yes (No MIBiG connection)
CHL22_CA_220323_F_contig_113348.region001.gbk_region_1,C843207,None,0.51,Yes (No MIBiG connection)
CHL22_EQ_220330_F_contig_35473.region001.gbk_region_1,C843207,None,0.51,Yes (No MIBiG connection)
CHL22_CA_220323_F_contig_195172.region001.gbk_region_1,C843207,None,0.51,Yes (No MIBiG connection)
EPR_riftia_k141_631002.region001.gbk_region_1,C843207,None,0.51,Yes (No MIBiG connection)
AEO22_LB_220827_F_contig_34011.region001.gbk_region_1,C843207,None,0.51,Yes (No MIBiG connection)
CHL22_CA_220323_F_contig_66911.region001.gbk_region_1,C843207,None,0.51,Yes (No MIBiG connection)
TR_230731_S_NODE_11030_length_6468_cov_1.139410.region001.gbk_region_1,C843207,None,0.51,Yes (No MIBiG connection)
CHL22_CC_220324_F_contig_46755.region001.gbk_region_1,C843207,None,0.51,Yes (No MIBiG connection)
CHL22_QN_220317_F_contig_21320.region001.gbk_region_1,C843207,BGC0000388.gbk_region_1,0.49,No (Directly observed)
KJ_230721_F_NODE_1729_length_38209_cov_7.477522.region001.gbk_region_1,C843207,None,0.51,Yes (No MIBiG connection)
CHL22_CU_220402_F_contig_28513.region001.gbk_region_1,C843207,BGC0002518.gbk_region_1,0.5,No (Directly observed)
CHL22_LC_220316_F_contig_114246.region001.gbk_region_1,C843207,None,0.51,Yes (No MIBiG connection)
KJ_230721_F_NODE_13859_length_7686_cov_2.687525.region001.gbk_region_1,C843207,None,0.51,Yes (No MIBiG connection)
CR18_ER180415_S_contig_1521.region001.gbk_region_1,C843207,None,0.51,Yes (No MIBiG connection)
CHL22_CU_220402_F_contig_7072.region001.gbk_region_1,C843207,None,0.51,Yes (No MIBiG connection)
CR18_LE180416_F_contig_15894.region001.gbk_region_1,C843207,None,0.51,Yes (No MIBiG connection)
FEN_LS_S_NODE_1048_length_22873_cov_6.918485.region001.gbk_region_1,C843207,None,0.51,Yes (No MIBiG connection)
CR18_BW180407_F_contig_5804.region001.gbk_region_1,C843207,None,0.51,Yes (No MIBiG connection)
CHL22_LN_220321_F_contig_16683.region001.gbk_region_1,C843207,None,0.51,Yes (No MIBiG connection)
GUY_SRR21545388_k141_1511744.region001.gbk_region_1,C843207,BGC0002755.gbk_region_1,0.47,No (Directly observed)
NR_230731_S_NODE_3_length_732045_cov_8.943315.region001.gbk_region_1,C843207,BGC0000401.gbk_region_1,0.28,No (Directly observed)
CR18_LH180406_F_contig_33011.region001.gbk_region_1,C843209,None,0.51,Yes (No MIBiG connection)
CR17_TC170221_F_contig_23734.region001.gbk_region_1,C843209,None,0.51,Yes (No MIBiG connection)
CHL22_CC_220324_F_contig_55346.region001.gbk_region_1,C843207,BGC0002126.gbk_region_1,0.46,No (Directly observed)
KJ_230721_F_NODE_34174_length_3976_cov_0.907508.region001.gbk_region_1,C843207,None,0.51,Yes (No MIBiG connection)
CR17_QN170220_F_contig_4583.region001.gbk_region_1,C843207,None,0.51,Yes (No MIBiG connection)
CHL22_OA_220325_F_contig_71431.region001.gbk_region_1,C843207,None,0.51,Yes (No MIBiG connection)
CHL22_CZ_220329_F_contig_29601.region001.gbk_region_1,C843208,None,0.51,Yes (No MIBiG connection)
CHL22_QN_220317_F_contig_12163.region001.gbk_region_1,C843208,None,0.51,Yes (No MIBiG connection)
CR17_CY170214_S_contig_3274.region001.gbk_region_1,C843208,None,0.51,Yes (No MIBiG connection)
CR18_GE180403_S_contig_31786.region001.gbk_region_1,C843208,None,0.51,Yes (No MIBiG connection)
CR17_SI170217_F_contig_6965.region001.gbk_region_1,C843208,None,0.51,Yes (No MIBiG connection)
CHL22_QN_220317_F_contig_164372.region001.gbk_region_1,C843208,None,0.51,Yes (No MIBiG connection)
CR17_EP170215_F_contig_10342.region001.gbk_region_1,C843208,None,0.51,Yes (No MIBiG connection)
CR18_LE180416_S_contig_20612.region001.gbk_region_1,C843208,None,0.51,Yes (No MIBiG connection)
CR17_ES170215_1_F_contig_5524.region001.gbk_region_1,C843208,None,0.51,Yes (No MIBiG connection)
CHL22_QN_220317_F_contig_23443.region001.gbk_region_1,C843208,None,0.51,Yes (No MIBiG connection)
CHL22_LP_220401_F_contig_10361.region001.gbk_region_1,C843209,None,0.51,Yes (No MIBiG connection)
HYD22_CB_221018_F_contig_4259.region001.gbk_region_1,C843207,None,0.51,Yes (No MIBiG connection)
CHL22_CR_220324_F_contig_3607.region001.gbk_region_1,C843209,None,0.51,Yes (No MIBiG connection)
CR18_LE180416_S_contig_2247.region001.gbk_region_1,C843209,None,0.51,Yes (No MIBiG connection)
CR17_EP170215_S_contig_35887.region001.gbk_region_1,C843207,None,0.51,Yes (No MIBiG connection)
CR19_EP_190616_S_contig_2243.region001.gbk_region_1,C843207,None,0.51,Yes (No MIBiG connection)
CR17_SI170217_S_contig_11645.region001.gbk_region_1,C843207,None,0.51,Yes (No MIBiG connection)
CR18_LP180406_F_contig_748.region001.gbk_region_1,C843209,None,0.51,Yes (No MIBiG connection)
CR17_PF170222_S_contig_15871.region001.gbk_region_1,C843209,None,0.51,Yes (No MIBiG connection)
CR19_LR_190628_S_contig_6250.region001.gbk_region_1,C843208,None,0.51,Yes (No MIBiG connection)
CHL22_PJ_220330_F_contig_19062.region001.gbk_region_1,C843207,None,0.51,Yes (No MIBiG connection)
CR18_LE180416_S_contig_9452.region001.gbk_region_1,C843207,None,0.51,Yes (No MIBiG connection)
FEN_GA_F_NODE_1932_length_10373_cov_19.251793.region001.gbk_region_1,C843207,None,0.51,Yes (No MIBiG connection)
FEN_GA_F_NODE_3334_length_6728_cov_4.301813.region001.gbk_region_1,C843207,None,0.51,Yes (No MIBiG connection)
AEO22_LB_220827_F_contig_31982.region001.gbk_region_1,C843207,None,0.51,Yes (No MIBiG connection)
CHL22_CC_220324_F_contig_13461.region001.gbk_region_1,C843207,None,0.51,Yes (No MIBiG connection)
CHL22_TL_220327_F_contig_65.region001.gbk_region_1,C843207,BGC0000367.gbk_region_1,0.49,No (Directly observed)
CR18_LE180416_F_contig_7794.region001.gbk_region_1,C843207,None,0.51,Yes (No MIBiG connection)
CR17_SI170217_S_contig_3079.region001.gbk_region_1,C843208,None,0.51,Yes (No MIBiG connection)
CR18_CV180410_S_contig_5305.region001.gbk_region_1,C843208,None,0.51,Yes (No MIBiG connection)
CHL22_QN_220317_F_contig_54956.region001.gbk_region_1,C843208,None,0.51,Yes (No MIBiG connection)
EPR_teddybear_k141_744419.region001.gbk_region_1,C843207,None,0.51,Yes (No MIBiG connection)
HYD22_FC_221023_F_contig_60038.region001.gbk_region_1,C843207,None,0.51,Yes (No MIBiG connection)
HYD22_SB_221021_F_contig_40797.region001.gbk_region_1,C843207,None,0.51,Yes (No MIBiG connection)
CHL22_LC_220316_F_contig_8132.region001.gbk_region_1,C843208,None,0.51,Yes (No MIBiG connection)
CR18_PX180416_S_contig_14893.region001.gbk_region_1,C843207,None,0.51,Yes (No MIBiG connection)
CHL22_CU_220402_F_contig_84739.region001.gbk_region_1,C843207,None,0.51,Yes (No MIBiG connection)
CR18_CL180409_F_contig_9331.region001.gbk_region_1,C843207,None,0.51,Yes (No MIBiG connection)
CHL22_CZ_220329_F_contig_54861.region001.gbk_region_1,C843207,None,0.51,Yes (No MIBiG connection)
GUY_SRR21545382_k141_192249.region001.gbk_region_1,C843207,None,0.51,Yes (No MIBiG connection)
AEO22_LB_220827_F_contig_123671.region001.gbk_region_1,C843207,None,0.51,Yes (No MIBiG connection)
AEO22_TC_220902_F_contig_51530.region001.gbk_region_1,C843207,None,0.51,Yes (No MIBiG connection)
CHL22_CA_220323_F_contig_68576.region001.gbk_region_1,C843207,None,0.51,Yes (No MIBiG connection)
CHL22_QN_220317_F_contig_129267.region001.gbk_region_1,C843207,None,0.51,Yes (No MIBiG connection)
CHL22_OA_220325_F_contig_73040.region001.gbk_region_1,C843207,None,0.51,Yes (No MIBiG connection)
CHL22_CU_220402_F_contig_109968.region001.gbk_region_1,C843207,None,0.51,Yes (No MIBiG connection)
CR18_LB180410_F_contig_10176.region001.gbk_region_1,C843207,None,0.51,Yes (No MIBiG connection)
CR18_LB180410_F_contig_12110.region001.gbk_region_1,C843207,None,0.51,Yes (No MIBiG connection)
CHL22_CZ_220329_F_contig_90981.region001.gbk_region_1,C843207,None,0.51,Yes (No MIBiG connection)
AEO22_BS_220902_F_contig_10978.region001.gbk_region_1,C843207,None,0.51,Yes (No MIBiG connection)
CHL22_CU_220402_F_contig_2855.region001.gbk_region_1,C843207,None,0.51,Yes (No MIBiG connection)
CHL22_OA_220325_F_contig_49575.region001.gbk_region_1,C843207,None,0.51,Yes (No MIBiG connection)
CHL22_OA_220325_F_contig_21896.region001.gbk_region_1,C843207,None,0.51,Yes (No MIBiG connection)
CHL22_CN_220327_F_contig_20004.region001.gbk_region_1,C843207,None,0.51,Yes (No MIBiG connection)
CR18_LP180406_F_contig_40322.region001.gbk_region_1,C843207,None,0.51,Yes (No MIBiG connection)
CHL22_QN_220317_F_contig_120531.region001.gbk_region_1,C843207,None,0.51,Yes (No MIBiG connection)
CR18_LE180416_F_contig_22749.region001.gbk_region_1,C843207,None,0.51,Yes (No MIBiG connection)
EPR_teddybear_k141_837085.region001.gbk_region_1,C843207,None,0.51,Yes (No MIBiG connection)
CHL22_LP_220401_F_contig_63462.region001.gbk_region_1,C843207,None,0.51,Yes (No MIBiG connection)
CR18_LE180416_S_contig_10239.region001.gbk_region_1,C843207,None,0.51,Yes (No MIBiG connection)
CR17_EP170215_S_contig_7390.region001.gbk_region_1,C843207,None,0.51,Yes (No MIBiG connection)
EPR_teddybear_k141_175547.region001.gbk_region_1,C843207,None,0.51,Yes (No MIBiG connection)
CHL22_LP_220401_F_contig_92269.region001.gbk_region_1,C843207,None,0.51,Yes (No MIBiG connection)
CHL22_OA_220325_F_contig_50382.region001.gbk_region_1,C843207,None,0.51,Yes (No MIBiG connection)
CHL22_CC_220324_F_contig_76614.region001.gbk_region_1,C843207,None,0.51,Yes (No MIBiG connection)
CHL22_CH_220319_F_contig_21740.region001.gbk_region_1,C843207,None,0.51,Yes (No MIBiG connection)
CHL22_AV_220320_F_contig_4.region001.gbk_region_1,C843208,None,0.51,Yes (No MIBiG connection)
CR18_LH180406_F_contig_5663.region001.gbk_region_1,C843207,None,0.51,Yes (No MIBiG connection)
AEO22_LB_220827_F_contig_114217.region001.gbk_region_1,C843207,None,0.51,Yes (No MIBiG connection)
CHL22_LC_220316_F_contig_33619.region001.gbk_region_1,C843207,None,0.51,Yes (No MIBiG connection)
CR17_FA170219_1_S_contig_55164.region001.gbk_region_1,C843207,None,0.51,Yes (No MIBiG connection)
CHL22_QN_220317_F_contig_137788.region001.gbk_region_1,C843207,None,0.51,Yes (No MIBiG connection)
CHL22_OA_220325_F_contig_72895.region001.gbk_region_1,C843207,None,0.51,Yes (No MIBiG connection)
CHL22_IS_220328_F_contig_10706.region001.gbk_region_1,C843207,None,0.51,Yes (No MIBiG connection)
CR17_RS170216_S_contig_1129.region001.gbk_region_1,C843207,None,0.51,Yes (No MIBiG connection)
CR19_BR2_190717_contig_6249.region001.gbk_region_1,C843207,None,0.51,Yes (No MIBiG connection)
CR18_CZ180409_F_contig_22284.region001.gbk_region_1,C843207,None,0.51,Yes (No MIBiG connection)
CHL22_LP_220401_F_contig_86367.region001.gbk_region_1,C843209,None,0.51,Yes (No MIBiG connection)
CR17_PG172224_S_contig_4833.region001.gbk_region_1,C843209,None,0.51,Yes (No MIBiG connection)
HYD22_CB_221018_F_contig_54381.region001.gbk_region_1,C843207,None,0.51,Yes (No MIBiG connection)
CHL22_RS_220319_F_contig_20218.region001.gbk_region_1,C843207,None,0.51,Yes (No MIBiG connection)
AEO22_LB_220827_F_contig_59597.region001.gbk_region_1,C843207,None,0.51,Yes (No MIBiG connection)
CHL22_QN_220317_F_contig_100418.region001.gbk_region_1,C843208,None,0.51,Yes (No MIBiG connection)
CHL22_QN_220317_F_contig_62569.region001.gbk_region_1,C843208,None,0.51,Yes (No MIBiG connection)
HYD22_CB_221018_F_contig_2765.region001.gbk_region_1,C843208,None,0.51,Yes (No MIBiG connection)
CHL22_OA_220325_F_contig_82860.region001.gbk_region_1,C843207,None,0.51,Yes (No MIBiG connection)
ISL21_GN1_210601_F_contig_298.region001.gbk_region_1,C843207,BGC0000305.gbk_region_1,0.37,No (Directly observed)
KJ_230721_F_NODE_23593_length_5185_cov_1.306445.region001.gbk_region_1,C843207,None,0.51,Yes (No MIBiG connection)
CHL22_PR_220403_F_contig_10757.region001.gbk_region_1,C843207,None,0.51,Yes (No MIBiG connection)
EPR_teddybear_k141_258109.region001.gbk_region_1,C843207,BGC0000298.gbk_region_1,0.48,No (Directly observed)
CHL22_RS_220319_F_contig_85841.region001.gbk_region_1,C843207,None,0.51,Yes (No MIBiG connection)
CHL22_EQ_220330_F_contig_20371.region001.gbk_region_1,C843207,None,0.51,Yes (No MIBiG connection)
CHL22_CZ_220329_F_contig_66455.region001.gbk_region_1,C843207,None,0.51,Yes (No MIBiG connection)
CHL22_OA_220325_F_contig_10210.region001.gbk_region_1,C843207,None,0.51,Yes (No MIBiG connection)
ARG19_PM_190223_S_contig_5033.region001.gbk_region_1,C843207,None,0.51,Yes (No MIBiG connection)
CHL22_PJ_220330_F_contig_20681.region001.gbk_region_1,C843207,None,0.51,Yes (No MIBiG connection)
CR18_RC180404_S_contig_6738.region001.gbk_region_1,C843207,None,0.51,Yes (No MIBiG connection)
CHL22_RS_220319_F_contig_75899.region001.gbk_region_1,C843207,None,0.51,Yes (No MIBiG connection)
CHL22_CC_220324_F_contig_14653.region001.gbk_region_1,C843207,None,0.51,Yes (No MIBiG connection)
AEO22_CF_220902_F_contig_19716.region001.gbk_region_1,C843207,None,0.51,Yes (No MIBiG connection)
CR18_PX180416_S_contig_32944.region001.gbk_region_1,C843213,None,0.51,Yes (No MIBiG connection)
CHL22_LP_220401_F_contig_3597.region002.gbk_region_2,C843213,None,0.51,Yes (No MIBiG connection)
ISL21_HV2_210602_S_contig_4788.region001.gbk_region_1,C843213,None,0.51,Yes (No MIBiG connection)
HYD22_CB_221018_F_contig_3268.region001.gbk_region_1,C843213,None,0.51,Yes (No MIBiG connection)
CHL22_CC_220324_F_contig_82115.region001.gbk_region_1,C843213,None,0.51,Yes (No MIBiG connection)
CHL22_CC_220324_F_contig_49209.region001.gbk_region_1,C843213,None,0.51,Yes (No MIBiG connection)
CHL22_PJ_220330_F_contig_54387.region001.gbk_region_1,C843213,None,0.51,Yes (No MIBiG connection)
CHL22_EQ_220330_F_contig_37829.region003.gbk_region_3,C843213,None,0.51,Yes (No MIBiG connection)
CHL22_GB_220322_F_contig_4846.region003.gbk_region_3,C843213,None,0.51,Yes (No MIBiG connection)
CHL22_LA_220331_F_contig_8493.region001.gbk_region_1,C843213,None,0.51,Yes (No MIBiG connection)
CHL22_IS_220328_F_contig_16626.region001.gbk_region_1,C843213,None,0.51,Yes (No MIBiG connection)
CHL22_EQ_220330_F_contig_41485.region001.gbk_region_1,C843207,None,0.51,Yes (No MIBiG connection)
AEO22_LB_220827_F_contig_12533.region001.gbk_region_1,C843207,None,0.51,Yes (No MIBiG connection)
TR_230731_S_NODE_15403_length_4887_cov_1.244748.region001.gbk_region_1,C843207,BGC0002367.gbk_region_1,0.49,No (Directly observed)
CHL22_CC_220324_F_contig_15471.region001.gbk_region_1,C843207,None,0.51,Yes (No MIBiG connection)
CHL22_CA_220323_F_contig_64947.region001.gbk_region_1,C843207,None,0.51,Yes (No MIBiG connection)
CR18_CV180410_S_contig_683.region001.gbk_region_1,C843207,None,0.51,Yes (No MIBiG connection)
CHL22_CZ_220329_F_contig_4044.region001.gbk_region_1,C843207,None,0.51,Yes (No MIBiG connection)
FEN_GA_F_NODE_3752_length_6125_cov_3.854201.region001.gbk_region_1,C843207,None,0.51,Yes (No MIBiG connection)
CHL22_QN_220317_F_contig_4065.region001.gbk_region_1,C843207,None,0.51,Yes (No MIBiG connection)
CHL22_LP_220401_F_contig_75220.region001.gbk_region_1,C843207,None,0.51,Yes (No MIBiG connection)
NR_230731_S_NODE_12284_length_3447_cov_0.868675.region001.gbk_region_1,C843207,None,0.51,Yes (No MIBiG connection)
CHL22_CU_220402_F_contig_29034.region001.gbk_region_1,C843207,None,0.51,Yes (No MIBiG connection)
CR18_CZ180409_F_contig_12971.region001.gbk_region_1,C843207,None,0.51,Yes (No MIBiG connection)
EPR_teddybear_k141_847365.region001.gbk_region_1,C843207,None,0.51,Yes (No MIBiG connection)
CHL22_LC_220316_F_contig_122432.region001.gbk_region_1,C843207,None,0.51,Yes (No MIBiG connection)
CHL22_LR_220331_F_contig_39907.region001.gbk_region_1,C843207,None,0.51,Yes (No MIBiG connection)
CR18_ER180415_S_contig_2458.region001.gbk_region_1,C843207,None,0.51,Yes (No MIBiG connection)
CHL22_CN_220327_F_contig_61313.region001.gbk_region_1,C843207,None,0.51,Yes (No MIBiG connection)
CR18_LP180406_F_contig_41463.region001.gbk_region_1,C843207,None,0.51,Yes (No MIBiG connection)
CHL22_LC_220316_F_contig_125719.region001.gbk_region_1,C843207,None,0.51,Yes (No MIBiG connection)
CR18_GE180403_S_contig_22586.region001.gbk_region_1,C843207,None,0.51,Yes (No MIBiG connection)
CHL22_CC_220324_F_contig_43798.region001.gbk_region_1,C843207,None,0.51,Yes (No MIBiG connection)
HYD22_CB_221018_F_contig_40690.region001.gbk_region_1,C843207,None,0.51,Yes (No MIBiG connection)
CHL22_PJ_220330_F_contig_14550.region001.gbk_region_1,C843207,None,0.51,Yes (No MIBiG connection)
CHL22_EQ_220330_F_contig_1455.region001.gbk_region_1,C843207,None,0.51,Yes (No MIBiG connection)
CR18_LE180416_S_contig_13532.region001.gbk_region_1,C843207,None,0.51,Yes (No MIBiG connection)
CHL22_PJ_220330_F_contig_44226.region001.gbk_region_1,C843210,BGC0001406.gbk_region_1,0.48,No (Directly observed)
CHL22_QN_220317_F_contig_23337.region001.gbk_region_1,C843207,None,0.51,Yes (No MIBiG connection)
CHL22_CA_220323_F_contig_42167.region001.gbk_region_1,C843207,None,0.51,Yes (No MIBiG connection)
CHL22_RS_220319_F_contig_8552.region001.gbk_region_1,C843207,None,0.51,Yes (No MIBiG connection)
CHL22_RS_220319_F_contig_35213.region001.gbk_region_1,C843207,None,0.51,Yes (No MIBiG connection)
CHL22_QN_220317_F_contig_2907.region001.gbk_region_1,C843207,None,0.51,Yes (No MIBiG connection)
HYD22_TA_221020_F_contig_9976.region001.gbk_region_1,C843207,None,0.51,Yes (No MIBiG connection)
CR18_SC180411_F_contig_3482.region001.gbk_region_1,C843207,None,0.51,Yes (No MIBiG connection)
CHL22_PJ_220330_F_contig_54630.region001.gbk_region_1,C843207,None,0.51,Yes (No MIBiG connection)
CHL22_RS_220319_F_contig_5760.region001.gbk_region_1,C843207,None,0.51,Yes (No MIBiG connection)
GUY_SRR21545384_k141_309057.region001.gbk_region_1,C843207,BGC0000396.gbk_region_1,0.5,No (Directly observed)
GUY_SRR21545382_k141_176099.region001.gbk_region_1,C843207,None,0.51,Yes (No MIBiG connection)
CHL22_EQ_220330_F_contig_17475.region001.gbk_region_1,C843207,None,0.51,Yes (No MIBiG connection)
FEN_LS_S_NODE_766_length_28468_cov_7.136135.region001.gbk_region_1,C843207,None,0.51,Yes (No MIBiG connection)
CHL22_EQ_220330_F_contig_21858.region001.gbk_region_1,C843207,None,0.51,Yes (No MIBiG connection)
CHL22_CA_220323_F_contig_50971.region001.gbk_region_1,C843207,None,0.51,Yes (No MIBiG connection)
CHL22_OA_220325_F_contig_58354.region001.gbk_region_1,C843207,None,0.51,Yes (No MIBiG connection)
CHL22_CU_220402_F_contig_85191.region001.gbk_region_1,C843207,BGC0001018.gbk_region_1,0.47,No (Directly observed)
HYD22_CB_221018_F_contig_23724.region001.gbk_region_1,C843207,None,0.51,Yes (No MIBiG connection)
GUY_SRR21545388_k141_2667230.region001.gbk_region_1,C843207,BGC0000396.gbk_region_1,0.5,No (Directly observed)
CR18_CV180410_F_contig_12340.region001.gbk_region_1,C843207,None,0.51,Yes (No MIBiG connection)
GUY_SRR21545382_k141_1083883.region001.gbk_region_1,C843207,None,0.51,Yes (No MIBiG connection)
CHL22_RS_220319_F_contig_338.region001.gbk_region_1,C843207,BGC0000396.gbk_region_1,0.49,No (Directly observed)
CHL22_LP_220401_F_contig_61936.region001.gbk_region_1,C843207,None,0.51,Yes (No MIBiG connection)
GUY_SRR21545382_k141_967669.region001.gbk_region_1,C843207,None,0.51,Yes (No MIBiG connection)
CHL22_CA_220323_F_contig_122461.region001.gbk_region_1,C843207,None,0.51,Yes (No MIBiG connection)
CHL22_LR_220331_F_contig_13995.region001.gbk_region_1,C843207,None,0.51,Yes (No MIBiG connection)
GUY_SRR21545384_k141_446662.region001.gbk_region_1,C843207,None,0.51,Yes (No MIBiG connection)
GUY_SRR21545382_k141_947559.region001.gbk_region_1,C843207,BGC0000396.gbk_region_1,0.5,No (Directly observed)
HYD22_SC_221020_F_contig_10598.region001.gbk_region_1,C843211,None,0.51,Yes (No MIBiG connection)
GUY_SRR21545388_k141_1194087.region001.gbk_region_1,C843211,None,0.51,Yes (No MIBiG connection)
AEO22_LB_220827_F_contig_130256.region001.gbk_region_1,C843211,None,0.51,Yes (No MIBiG connection)
GUY_SRR21545388_k141_2646726.region001.gbk_region_1,C843211,None,0.51,Yes (No MIBiG connection)
CR17_MT170219_F_contig_598.region001.gbk_region_1,C843211,None,0.51,Yes (No MIBiG connection)
CR17_RS170216_S_contig_273.region001.gbk_region_1,C843211,None,0.51,Yes (No MIBiG connection)
GUY_SRR21545388_k141_1852413.region001.gbk_region_1,C843211,None,0.51,Yes (No MIBiG connection)
AEO22_GV_220827_F_contig_13001.region001.gbk_region_1,C843211,None,0.51,Yes (No MIBiG connection)
CR17_FA170219_1_S_contig_463.region001.gbk_region_1,C843211,None,0.51,Yes (No MIBiG connection)
CR17_EP170215_S_contig_25458.region001.gbk_region_1,C843211,None,0.51,Yes (No MIBiG connection)
GUY_SRR21545388_k141_303838.region001.gbk_region_1,C843211,None,0.51,Yes (No MIBiG connection)
GUY_SRR21545388_k141_1336611.region001.gbk_region_1,C843211,None,0.51,Yes (No MIBiG connection)
CHL22_CH_220319_F_contig_35939.region001.gbk_region_1,C843211,None,0.51,Yes (No MIBiG connection)
CR17_CY170214_S_contig_14416.region001.gbk_region_1,C843208,None,0.51,Yes (No MIBiG connection)
CR17_SI170217_S_contig_3439.region001.gbk_region_1,C843208,None,0.51,Yes (No MIBiG connection)
CR18_CW180415_S_contig_180.region001.gbk_region_1,C843208,None,0.51,Yes (No MIBiG connection)
CR17_PG172224_S_contig_59937.region001.gbk_region_1,C843208,None,0.51,Yes (No MIBiG connection)
AEO22_HO_220830_F_contig_976.region001.gbk_region_1,C843208,None,0.51,Yes (No MIBiG connection)
CHL22_CN_220327_F_contig_8561.region001.gbk_region_1,C843208,None,0.51,Yes (No MIBiG connection)
CR17_SI170217_S_contig_9344.region001.gbk_region_1,C843208,None,0.51,Yes (No MIBiG connection)
CR18_LW180405_S_contig_64.region001.gbk_region_1,C843208,None,0.51,Yes (No MIBiG connection)
CR17_ET170220_1_S_contig_677.region001.gbk_region_1,C843208,None,0.51,Yes (No MIBiG connection)
FEN_LS_S_NODE_775_length_28264_cov_7.961962.region001.gbk_region_1,C843208,None,0.51,Yes (No MIBiG connection)
CHL22_LR_220331_F_contig_13205.region001.gbk_region_1,C843208,None,0.51,Yes (No MIBiG connection)
CHL22_LR_220331_F_contig_54306.region001.gbk_region_1,C843208,None,0.51,Yes (No MIBiG connection)
CHL22_QN_220317_F_contig_338.region001.gbk_region_1,C843208,None,0.51,Yes (No MIBiG connection)
CR17_ES170215_1_F_contig_10704.region001.gbk_region_1,C843208,None,0.51,Yes (No MIBiG connection)
CHL22_QN_220317_F_contig_125533.region001.gbk_region_1,C843207,None,0.51,Yes (No MIBiG connection)
CHL22_CC_220324_F_contig_17864.region001.gbk_region_1,C843207,None,0.51,Yes (No MIBiG connection)
CHL22_PR_220403_F_contig_48396.region001.gbk_region_1,C843207,None,0.51,Yes (No MIBiG connection)
CR18_CZ180409_F_contig_2002.region001.gbk_region_1,C843207,BGC0002117.gbk_region_1,0.45,No (Directly observed)
CR17_QN170220_F_contig_7120.region001.gbk_region_1,C843207,None,0.51,Yes (No MIBiG connection)
CHL22_OA_220325_F_contig_56705.region001.gbk_region_1,C843207,None,0.51,Yes (No MIBiG connection)
CHL22_CA_220323_F_contig_162109.region001.gbk_region_1,C843207,BGC0002503.gbk_region_1,0.48,No (Directly observed)
CHL22_LA_220331_F_contig_8134.region001.gbk_region_1,C843207,None,0.51,Yes (No MIBiG connection)
CR17_QN170220_F_contig_5112.region001.gbk_region_1,C843207,None,0.51,Yes (No MIBiG connection)
HYD22_CB_221018_F_contig_12697.region001.gbk_region_1,C843207,None,0.51,Yes (No MIBiG connection)
CHL22_OA_220325_F_contig_96298.region001.gbk_region_1,C843207,None,0.51,Yes (No MIBiG connection)
CHL22_EQ_220330_F_contig_29271.region001.gbk_region_1,C843207,None,0.51,Yes (No MIBiG connection)
CHL22_LP_220401_F_contig_60130.region001.gbk_region_1,C843207,None,0.51,Yes (No MIBiG connection)
CR17_FA170219_1_S_contig_11391.region001.gbk_region_1,C843210,None,0.51,Yes (No MIBiG connection)
CHL22_QN_220317_F_contig_17572.region001.gbk_region_1,C843210,None,0.51,Yes (No MIBiG connection)
CHL22_EQ_220330_F_contig_49872.region001.gbk_region_1,C843210,None,0.51,Yes (No MIBiG connection)
CHL22_OA_220325_F_contig_104134.region001.gbk_region_1,C843210,None,0.51,Yes (No MIBiG connection)
CR18_YR180404_F_contig_6010.region001.gbk_region_1,C843210,None,0.51,Yes (No MIBiG connection)
GUY_SRR21545388_k141_1359131.region001.gbk_region_1,C843210,None,0.51,Yes (No MIBiG connection)
CHL22_OA_220325_F_contig_30664.region001.gbk_region_1,C843210,None,0.51,Yes (No MIBiG connection)
CR18_LE180416_S_contig_143.region001.gbk_region_1,C843210,None,0.51,Yes (No MIBiG connection)
HYD22_CB_221018_F_contig_37934.region001.gbk_region_1,C843210,None,0.51,Yes (No MIBiG connection)
GUY_SRR21545388_k141_946957.region001.gbk_region_1,C843207,None,0.51,Yes (No MIBiG connection)
CHL22_CU_220402_F_contig_37070.region001.gbk_region_1,C843207,BGC0002512.gbk_region_1,0.45,No (Directly observed)
CHL22_QN_220317_F_contig_55922.region001.gbk_region_1,C843207,None,0.51,Yes (No MIBiG connection)
HYD22_CB_221018_F_contig_27810.region001.gbk_region_1,C843207,None,0.51,Yes (No MIBiG connection)
CR18_LP180406_F_contig_19961.region001.gbk_region_1,C843207,BGC0000330.gbk_region_1,0.44,No (Directly observed)
CHL22_LC_220316_F_contig_85596.region001.gbk_region_1,C843207,None,0.51,Yes (No MIBiG connection)
AEO22_TC_220902_F_contig_34573.region001.gbk_region_1,C843207,None,0.51,Yes (No MIBiG connection)
AEO22_LB_220827_F_contig_64893.region001.gbk_region_1,C843207,None,0.51,Yes (No MIBiG connection)
CR18_BS180407_F_contig_37566.region001.gbk_region_1,C843207,None,0.51,Yes (No MIBiG connection)
CR18_YR180404_F_contig_2884.region001.gbk_region_1,C843207,None,0.51,Yes (No MIBiG connection)
CR18_LP180406_F_contig_3296.region001.gbk_region_1,C843207,None,0.51,Yes (No MIBiG connection)
KJ_230721_F_NODE_5442_length_15781_cov_2.476364.region001.gbk_region_1,C843207,None,0.51,Yes (No MIBiG connection)
CR18_CV180410_S_contig_10359.region001.gbk_region_1,C843207,None,0.51,Yes (No MIBiG connection)
HYD22_CB_221018_F_contig_1264.region001.gbk_region_1,C843207,None,0.51,Yes (No MIBiG connection)
CHL22_CU_220402_F_contig_105096.region001.gbk_region_1,C843207,None,0.51,Yes (No MIBiG connection)
CHL22_LP_220401_F_contig_55377.region001.gbk_region_1,C843207,None,0.51,Yes (No MIBiG connection)
CHL22_CU_220402_F_contig_38419.region001.gbk_region_1,C843207,None,0.51,Yes (No MIBiG connection)
KJ_230721_F_NODE_9927_length_9940_cov_1.090085.region001.gbk_region_1,C843207,None,0.51,Yes (No MIBiG connection)
AEO22_BS_220902_F_contig_6479.region001.gbk_region_1,C843207,None,0.51,Yes (No MIBiG connection)
CR17_QN170220_F_contig_1750.region001.gbk_region_1,C843207,BGC0002518.gbk_region_1,0.48,No (Directly observed)
CHL22_CU_220402_F_contig_104245.region001.gbk_region_1,C843207,BGC0000426.gbk_region_1,0.46,No (Directly observed)
CHL22_CA_220323_F_contig_127250.region001.gbk_region_1,C843207,None,0.51,Yes (No MIBiG connection)
CHL22_CC_220324_F_contig_69849.region001.gbk_region_1,C843207,None,0.51,Yes (No MIBiG connection)
CR19_SG_190719_F_contig_6352.region001.gbk_region_1,C843207,None,0.51,Yes (No MIBiG connection)
GUY_SRR21545388_k141_1699427.region001.gbk_region_1,C843207,None,0.51,Yes (No MIBiG connection)
CR17_PG172224_S_contig_42988.region001.gbk_region_1,C843207,None,0.51,Yes (No MIBiG connection)
GUY_SRR21545388_k141_2202666.region001.gbk_region_1,C843207,None,0.51,Yes (No MIBiG connection)
NR_230731_F_NODE_21427_length_3164_cov_2.187356.region001.gbk_region_1,C843211,None,0.51,Yes (No MIBiG connection)
TR_230731_S_NODE_6689_length_9730_cov_1.436739.region001.gbk_region_1,C843211,None,0.51,Yes (No MIBiG connection)
AEO22_LB_220827_F_contig_115431.region001.gbk_region_1,C843207,None,0.51,Yes (No MIBiG connection)
CR18_SC180411_S_contig_335.region001.gbk_region_1,C843207,None,0.51,Yes (No MIBiG connection)
CR18_LB180410_F_contig_358.region001.gbk_region_1,C843207,None,0.51,Yes (No MIBiG connection)
CHL22_QN_220317_F_contig_163476.region001.gbk_region_1,C843207,None,0.51,Yes (No MIBiG connection)
CR18_CV180410_F_contig_13045.region001.gbk_region_1,C843207,None,0.51,Yes (No MIBiG connection)
CHL22_CA_220323_F_contig_161890.region001.gbk_region_1,C843207,None,0.51,Yes (No MIBiG connection)
HYD22_CB_221018_F_contig_58956.region001.gbk_region_1,C843207,None,0.51,Yes (No MIBiG connection)
CHL22_IS_220328_F_contig_3422.region001.gbk_region_1,C843207,None,0.51,Yes (No MIBiG connection)
CHL22_LA_220331_F_contig_921.region001.gbk_region_1,C843207,None,0.51,Yes (No MIBiG connection)
CHL22_LC_220316_F_contig_6597.region001.gbk_region_1,C843207,None,0.51,Yes (No MIBiG connection)
HYD22_CB_221018_F_contig_71114.region001.gbk_region_1,C843207,None,0.51,Yes (No MIBiG connection)
CHL22_OA_220325_F_contig_30203.region001.gbk_region_1,C843207,None,0.51,Yes (No MIBiG connection)
AEO22_TC_220902_F_contig_17794.region001.gbk_region_1,C843207,None,0.51,Yes (No MIBiG connection)
SJ_230730_S_NODE_2610_length_4879_cov_3.266556.region001.gbk_region_1,C843207,None,0.51,Yes (No MIBiG connection)
CHL22_CZ_220329_F_contig_22505.region001.gbk_region_1,C843207,None,0.51,Yes (No MIBiG connection)
CR18_BW180407_F_contig_10664.region001.gbk_region_1,C843207,None,0.51,Yes (No MIBiG connection)
CHL22_CZ_220329_F_contig_77347.region001.gbk_region_1,C843207,None,0.51,Yes (No MIBiG connection)
CHL22_IS_220328_F_contig_13596.region001.gbk_region_1,C843207,None,0.51,Yes (No MIBiG connection)
CHL22_CA_220323_F_contig_154450.region001.gbk_region_1,C843207,None,0.51,Yes (No MIBiG connection)
CR18_LH180406_S_contig_16979.region001.gbk_region_1,C843207,None,0.51,Yes (No MIBiG connection)
CHL22_LC_220316_F_contig_89817.region001.gbk_region_1,C843207,None,0.51,Yes (No MIBiG connection)
CHL22_LC_220316_F_contig_54043.region001.gbk_region_1,C843207,None,0.51,Yes (No MIBiG connection)
CHL22_CU_220402_F_contig_52725.region001.gbk_region_1,C843207,None,0.51,Yes (No MIBiG connection)
CHL22_CA_220323_F_contig_75191.region001.gbk_region_1,C843207,None,0.51,Yes (No MIBiG connection)
CHL22_QN_220317_F_contig_40827.region001.gbk_region_1,C843207,None,0.51,Yes (No MIBiG connection)
CHL22_LR_220331_F_contig_14704.region001.gbk_region_1,C843207,None,0.51,Yes (No MIBiG connection)
KJ_230721_F_NODE_931_length_58418_cov_2.238836.region001.gbk_region_1,C843207,None,0.51,Yes (No MIBiG connection)
HYD22_FC_221023_F_contig_17400.region001.gbk_region_1,C843208,None,0.51,Yes (No MIBiG connection)
HYD22_FC_221023_F_contig_67798.region001.gbk_region_1,C843208,None,0.51,Yes (No MIBiG connection)
NR_230731_S_NODE_22441_length_2169_cov_0.557786.region001.gbk_region_1,C843208,None,0.51,Yes (No MIBiG connection)
KJ_230721_F_NODE_30212_length_4345_cov_1.028450.region001.gbk_region_1,C843208,None,0.51,Yes (No MIBiG connection)
CHL22_QN_220317_F_contig_1766.region001.gbk_region_1,C843208,None,0.51,Yes (No MIBiG connection)
CHL22_QN_220317_F_contig_44368.region001.gbk_region_1,C843207,None,0.51,Yes (No MIBiG connection)
CR17_PG172224_S_contig_13298.region001.gbk_region_1,C843207,None,0.51,Yes (No MIBiG connection)
CH20_TP_200304_F_contig_274.region001.gbk_region_1,C843207,None,0.51,Yes (No MIBiG connection)
AEO22_LB_220827_F_contig_31003.region001.gbk_region_1,C843207,BGC0002512.gbk_region_1,0.49,No (Directly observed)
CHL22_OA_220325_F_contig_113845.region001.gbk_region_1,C843207,None,0.51,Yes (No MIBiG connection)
AEO22_TC_220902_F_contig_60505.region001.gbk_region_1,C843207,None,0.51,Yes (No MIBiG connection)
CHL22_CU_220402_F_contig_30042.region001.gbk_region_1,C843207,None,0.51,Yes (No MIBiG connection)
CHL22_QN_220317_F_contig_179074.region001.gbk_region_1,C843207,None,0.51,Yes (No MIBiG connection)
AEO22_LB_220827_F_contig_117083.region001.gbk_region_1,C843207,None,0.51,Yes (No MIBiG connection)
GUY_SRR21545388_k141_2158832.region001.gbk_region_1,C843207,None,0.51,Yes (No MIBiG connection)
CHL22_EQ_220330_F_contig_39243.region001.gbk_region_1,C843207,None,0.51,Yes (No MIBiG connection)
CHL22_PJ_220330_F_contig_28986.region001.gbk_region_1,C843207,None,0.51,Yes (No MIBiG connection)
CHL22_LP_220401_F_contig_93973.region001.gbk_region_1,C843207,None,0.51,Yes (No MIBiG connection)
CHL22_CC_220324_F_contig_61503.region001.gbk_region_1,C843207,None,0.51,Yes (No MIBiG connection)
CHL22_CU_220402_F_contig_21268.region001.gbk_region_1,C843207,None,0.51,Yes (No MIBiG connection)
CHL22_LR_220331_F_contig_33740.region001.gbk_region_1,C843207,None,0.51,Yes (No MIBiG connection)
CHL22_CU_220402_F_contig_3161.region001.gbk_region_1,C843207,None,0.51,Yes (No MIBiG connection)
CHL22_GB_220322_F_contig_26967.region001.gbk_region_1,C843207,None,0.51,Yes (No MIBiG connection)
CR17_RS170216_S_contig_2789.region001.gbk_region_1,C843207,None,0.51,Yes (No MIBiG connection)
AEO22_GV_220827_F_contig_57125.region001.gbk_region_1,C843207,None,0.51,Yes (No MIBiG connection)
CHL22_CU_220402_F_contig_57782.region001.gbk_region_1,C843207,None,0.51,Yes (No MIBiG connection)
CR17_PG172224_S_contig_33.region001.gbk_region_1,C843207,None,0.51,Yes (No MIBiG connection)
CHL22_CU_220402_F_contig_25127.region001.gbk_region_1,C843207,BGC0002512.gbk_region_1,0.48,No (Directly observed)
CR18_CH180410_S_contig_5193.region001.gbk_region_1,C843207,None,0.51,Yes (No MIBiG connection)
HYD22_CB_221018_F_contig_1990.region001.gbk_region_1,C843207,BGC0002512.gbk_region_1,0.5,No (Directly observed)
FEN_PI_F_NODE_958_length_6407_cov_4.541877.region001.gbk_region_1,C843207,None,0.51,Yes (No MIBiG connection)
CR18_YR180404_F_contig_4719.region001.gbk_region_1,C843207,None,0.51,Yes (No MIBiG connection)
CHL22_CZ_220329_F_contig_52609.region001.gbk_region_1,C843207,None,0.51,Yes (No MIBiG connection)
CR18_YR180404_F_contig_2862.region001.gbk_region_1,C843207,None,0.51,Yes (No MIBiG connection)
CHL22_CZ_220329_F_contig_58827.region001.gbk_region_1,C843207,None,0.51,Yes (No MIBiG connection)
AEO22_HO_220830_F_contig_14750.region001.gbk_region_1,C843208,None,0.51,Yes (No MIBiG connection)
AEO22_HO_220830_F_contig_244.region001.gbk_region_1,C843208,None,0.51,Yes (No MIBiG connection)
CHL22_PJ_220330_F_contig_30643.region002.gbk_region_2,C843214,None,0.51,Yes (No MIBiG connection)
HYD22_CB_221018_F_contig_22214.region001.gbk_region_1,C843214,None,0.51,Yes (No MIBiG connection)
CHL22_LP_220401_F_contig_43123.region002.gbk_region_2,C843214,None,0.51,Yes (No MIBiG connection)
CHL22_GB_220322_F_contig_23327.region002.gbk_region_2,C843214,None,0.51,Yes (No MIBiG connection)
CHL22_OA_220325_F_contig_85939.region001.gbk_region_1,C843214,None,0.51,Yes (No MIBiG connection)
HYD22_CB_221018_F_contig_21763.region001.gbk_region_1,C843214,None,0.51,Yes (No MIBiG connection)
CHL22_IS_220328_F_contig_1197.region001.gbk_region_1,C843214,None,0.51,Yes (No MIBiG connection)
HYD22_CB_221018_F_contig_5606.region001.gbk_region_1,C843214,None,0.51,Yes (No MIBiG connection)
CHL22_LA_220331_F_contig_6324.region001.gbk_region_1,C843214,None,0.51,Yes (No MIBiG connection)
CHL22_EQ_220330_F_contig_3515.region002.gbk_region_2,C843214,None,0.51,Yes (No MIBiG connection)
CHL22_CC_220324_F_contig_47482.region002.gbk_region_2,C843214,None,0.51,Yes (No MIBiG connection)
GUY_SRR21545388_k141_1407163.region001.gbk_region_1,C843207,None,0.51,Yes (No MIBiG connection)
CHL22_CR_220324_F_contig_45091.region001.gbk_region_1,C843207,None,0.51,Yes (No MIBiG connection)
CR18_LE180416_S_contig_15121.region001.gbk_region_1,C843207,None,0.51,Yes (No MIBiG connection)
CR18_CV180410_S_contig_5574.region001.gbk_region_1,C843207,None,0.51,Yes (No MIBiG connection)
CHL22_LP_220401_F_contig_53264.region001.gbk_region_1,C843207,None,0.51,Yes (No MIBiG connection)
HYD22_FC_221023_F_contig_39091.region001.gbk_region_1,C843207,None,0.51,Yes (No MIBiG connection)
AEO22_TC_220902_F_contig_48983.region001.gbk_region_1,C843207,None,0.51,Yes (No MIBiG connection)
CHL22_IS_220328_F_contig_1412.region001.gbk_region_1,C843207,None,0.51,Yes (No MIBiG connection)
CHL22_CC_220324_F_contig_75148.region001.gbk_region_1,C843207,None,0.51,Yes (No MIBiG connection)
CHL22_LP_220401_F_contig_78334.region001.gbk_region_1,C843207,None,0.51,Yes (No MIBiG connection)
HYD22_CB_221018_F_contig_5354.region001.gbk_region_1,C843207,None,0.51,Yes (No MIBiG connection)
CR18_LE180416_F_contig_21396.region001.gbk_region_1,C843208,None,0.51,Yes (No MIBiG connection)
CHL22_QN_220317_F_contig_131534.region001.gbk_region_1,C843208,None,0.51,Yes (No MIBiG connection)
CR17_PG172224_S_contig_23833.region001.gbk_region_1,C843208,None,0.51,Yes (No MIBiG connection)
CR17_BR170218_2_S_contig_19759.region001.gbk_region_1,C843208,None,0.51,Yes (No MIBiG connection)
CR18_MC180404_S_contig_932.region001.gbk_region_1,C843208,None,0.51,Yes (No MIBiG connection)
CHL22_CH_220319_F_contig_84484.region001.gbk_region_1,C843208,None,0.51,Yes (No MIBiG connection)
AEO22_LB_220827_F_contig_45035.region001.gbk_region_1,C843207,None,0.51,Yes (No MIBiG connection)
AEO22_TC_220902_F_contig_23665.region001.gbk_region_1,C843207,None,0.51,Yes (No MIBiG connection)
CR17_ET170220_1_S_contig_11071.region001.gbk_region_1,C843207,None,0.51,Yes (No MIBiG connection)
CR17_QN170220_F_contig_7770.region001.gbk_region_1,C843207,None,0.51,Yes (No MIBiG connection)
GUY_SRR21545388_k141_82812.region001.gbk_region_1,C843207,None,0.51,Yes (No MIBiG connection)
CHL22_QN_220317_F_contig_70381.region001.gbk_region_1,C843207,None,0.51,Yes (No MIBiG connection)
CHL22_CH_220319_F_contig_10357.region001.gbk_region_1,C843207,None,0.51,Yes (No MIBiG connection)
CHL22_SR_220328_F_contig_10105.region001.gbk_region_1,C843207,None,0.51,Yes (No MIBiG connection)
AEO22_LB_220827_F_contig_21172.region001.gbk_region_1,C843207,None,0.51,Yes (No MIBiG connection)
HYD22_CB_221018_F_contig_38877.region001.gbk_region_1,C843207,None,0.51,Yes (No MIBiG connection)
AEO22_LB_220827_F_contig_60884.region001.gbk_region_1,C843207,None,0.51,Yes (No MIBiG connection)
GUY_SRR21545388_k141_2644842.region001.gbk_region_1,C843207,None,0.51,Yes (No MIBiG connection)
CR17_ET170220_1_S_contig_6105.region001.gbk_region_1,C843207,BGC0002512.gbk_region_1,0.45,No (Directly observed)
CHL22_LC_220316_F_contig_30697.region001.gbk_region_1,C843207,None,0.51,Yes (No MIBiG connection)
EPR_riftia_k141_12942.region001.gbk_region_1,C843207,None,0.51,Yes (No MIBiG connection)
CR17_RV170221_F_contig_4774.region001.gbk_region_1,C843207,None,0.51,Yes (No MIBiG connection)
CHL22_LP_220401_F_contig_5439.region001.gbk_region_1,C843207,BGC0000379.gbk_region_1,0.48,No (Directly observed)
CHL22_LC_220316_F_contig_43853.region001.gbk_region_1,C843207,None,0.51,Yes (No MIBiG connection)
CHL22_LP_220401_F_contig_82052.region001.gbk_region_1,C843207,None,0.51,Yes (No MIBiG connection)
EPR_teddybear_k141_152406.region001.gbk_region_1,C843207,None,0.51,Yes (No MIBiG connection)
CHL22_CC_220324_F_contig_81253.region001.gbk_region_1,C843207,None,0.51,Yes (No MIBiG connection)
CR17_TC170221_F_contig_538.region001.gbk_region_1,C843207,None,0.51,Yes (No MIBiG connection)
HYD22_CB_221018_F_contig_10949.region001.gbk_region_1,C843207,None,0.51,Yes (No MIBiG connection)
CHL22_QN_220317_F_contig_18078.region001.gbk_region_1,C843207,None,0.51,Yes (No MIBiG connection)
CHL22_PJ_220330_F_contig_23361.region001.gbk_region_1,C843207,None,0.51,Yes (No MIBiG connection)
CHL22_LN_220321_F_contig_32552.region001.gbk_region_1,C843207,None,0.51,Yes (No MIBiG connection)
EPR_teddybear_k141_510724.region001.gbk_region_1,C843207,None,0.51,Yes (No MIBiG connection)
CR18_GE180403_S_contig_21763.region001.gbk_region_1,C843207,None,0.51,Yes (No MIBiG connection)
CHL22_PJ_220330_F_contig_30359.region001.gbk_region_1,C843207,None,0.51,Yes (No MIBiG connection)
CHL22_CU_220402_F_contig_31843.region001.gbk_region_1,C843207,BGC0001147.gbk_region_1,0.49,No (Directly observed)
CR17_CY170214_S_contig_5.region001.gbk_region_1,C843210,None,0.51,Yes (No MIBiG connection)
CR18_RC180404_S_contig_1274.region001.gbk_region_1,C843210,None,0.51,Yes (No MIBiG connection)
CR17_SL170214_S_contig_95.region001.gbk_region_1,C843210,None,0.51,Yes (No MIBiG connection)
CR17_SL170214_F_contig_2921.region001.gbk_region_1,C843210,None,0.51,Yes (No MIBiG connection)
CHL22_CC_220324_F_contig_4189.region001.gbk_region_1,C843209,None,0.51,Yes (No MIBiG connection)
CHL22_OA_220325_F_contig_115637.region001.gbk_region_1,C843209,None,0.51,Yes (No MIBiG connection)
GUY_SRR21545388_k141_2011141.region001.gbk_region_1,C843208,None,0.51,Yes (No MIBiG connection)
HYD22_CB_221018_F_contig_34294.region001.gbk_region_1,C843207,BGC0002535.gbk_region_1,0.46,No (Directly observed)
CR18_LW180405_F_contig_30.region001.gbk_region_1,C843207,None,0.51,Yes (No MIBiG connection)
CR18_BS180407_F_contig_1223.region001.gbk_region_1,C843207,None,0.51,Yes (No MIBiG connection)
HYD22_CB_221018_F_contig_965.region001.gbk_region_1,C843207,None,0.51,Yes (No MIBiG connection)
CHL22_RS_220319_F_contig_6702.region001.gbk_region_1,C843207,None,0.51,Yes (No MIBiG connection)
CR18_CI180408_F_contig_343.region001.gbk_region_1,C843207,None,0.51,Yes (No MIBiG connection)
CR17_PG172224_S_contig_34398.region001.gbk_region_1,C843207,None,0.51,Yes (No MIBiG connection)
CR18_BW180407_F_contig_1520.region001.gbk_region_1,C843207,None,0.51,Yes (No MIBiG connection)
CHL22_EQ_220330_F_contig_11837.region001.gbk_region_1,C843207,None,0.51,Yes (No MIBiG connection)
CHL22_IS_220328_F_contig_841.region001.gbk_region_1,C843207,BGC0002535.gbk_region_1,0.5,No (Directly observed)
CHL22_CU_220402_F_contig_63536.region001.gbk_region_1,C843207,None,0.51,Yes (No MIBiG connection)
CR17_PG172224_S_contig_14419.region001.gbk_region_1,C843207,BGC0000450.gbk_region_1,0.49,No (Directly observed)
CR18_CW180415_F_contig_21.region001.gbk_region_1,C843207,None,0.51,Yes (No MIBiG connection)
HYD22_CB_221018_F_contig_28209.region001.gbk_region_1,C843207,BGC0002535.gbk_region_1,0.46,No (Directly observed)
CHL22_CZ_220329_F_contig_38009.region001.gbk_region_1,C843207,None,0.51,Yes (No MIBiG connection)
CR18_CW180415_F_contig_809.region001.gbk_region_1,C843207,None,0.51,Yes (No MIBiG connection)
CR17_RV170221_F_contig_143.region001.gbk_region_1,C843207,None,0.51,Yes (No MIBiG connection)
CR18_YR180404_F_contig_2690.region001.gbk_region_1,C843207,None,0.51,Yes (No MIBiG connection)
HYD22_SP_221019_F_contig_11075.region001.gbk_region_1,C843207,BGC0002535.gbk_region_1,0.48,No (Directly observed)
CR17_BR170218_2_F_contig_2865.region001.gbk_region_1,C843207,None,0.51,Yes (No MIBiG connection)
KJ_230721_F_NODE_68766_length_2417_cov_0.756332.region001.gbk_region_1,C843207,None,0.51,Yes (No MIBiG connection)
CHL22_CH_220319_F_contig_106037.region001.gbk_region_1,C843207,BGC0002535.gbk_region_1,0.49,No (Directly observed)
CHL22_CZ_220329_F_contig_2589.region001.gbk_region_1,C843207,None,0.51,Yes (No MIBiG connection)
CR17_QN170220_S_contig_936.region001.gbk_region_1,C843207,None,0.51,Yes (No MIBiG connection)
HYD22_CB_221018_F_contig_89.region001.gbk_region_1,C843207,None,0.51,Yes (No MIBiG connection)
CHL22_IS_220328_F_contig_5059.region001.gbk_region_1,C843207,None,0.51,Yes (No MIBiG connection)
HYD22_CB_221018_F_contig_1142.region001.gbk_region_1,C843207,None,0.51,Yes (No MIBiG connection)
HYD22_CB_221018_F_contig_189.region001.gbk_region_1,C843207,None,0.51,Yes (No MIBiG connection)
CR17_PG172224_F_contig_14.region001.gbk_region_1,C843207,None,0.51,Yes (No MIBiG connection)
CR17_PG172224_S_contig_417.region001.gbk_region_1,C843207,None,0.51,Yes (No MIBiG connection)
CHL22_LN_220321_F_contig_2079.region001.gbk_region_1,C843207,None,0.51,Yes (No MIBiG connection)
CHL22_OA_220325_F_contig_45065.region001.gbk_region_1,C843207,BGC0002535.gbk_region_1,0.45,No (Directly observed)
KJ_230721_F_NODE_27337_length_4670_cov_1.849439.region001.gbk_region_1,C843207,BGC0002535.gbk_region_1,0.48,No (Directly observed)
AEO22_TC_220902_F_contig_1033.region001.gbk_region_1,C843207,None,0.51,Yes (No MIBiG connection)
CHL22_CZ_220329_F_contig_89376.region001.gbk_region_1,C843207,None,0.51,Yes (No MIBiG connection)
CR17_PG172224_S_contig_15497.region001.gbk_region_1,C843207,None,0.51,Yes (No MIBiG connection)
CR18_CZ180409_F_contig_730.region001.gbk_region_1,C843207,None,0.51,Yes (No MIBiG connection)
CR18_LE180416_F_contig_3958.region001.gbk_region_1,C843207,None,0.51,Yes (No MIBiG connection)
CHL22_CZ_220329_F_contig_45549.region001.gbk_region_1,C843207,None,0.51,Yes (No MIBiG connection)
CHL22_LP_220401_F_contig_41635.region001.gbk_region_1,C843207,None,0.51,Yes (No MIBiG connection)
HYD22_CB_221018_F_contig_28076.region001.gbk_region_1,C843207,None,0.51,Yes (No MIBiG connection)
CR18_CV180410_F_contig_14325.region001.gbk_region_1,C843207,None,0.51,Yes (No MIBiG connection)
CHL22_QN_220317_F_contig_14837.region001.gbk_region_1,C843207,None,0.51,Yes (No MIBiG connection)
CR18_BS180407_F_contig_19931.region001.gbk_region_1,C843207,None,0.51,Yes (No MIBiG connection)
CHL22_QN_220317_F_contig_122881.region001.gbk_region_1,C843207,None,0.51,Yes (No MIBiG connection)
CR17_ET170220_1_S_contig_4289.region001.gbk_region_1,C843207,None,0.51,Yes (No MIBiG connection)
CHL22_LN_220321_F_contig_29270.region001.gbk_region_1,C843207,BGC0000950.gbk_region_1,0.5,No (Directly observed)
CHL22_CC_220324_F_contig_26270.region001.gbk_region_1,C843207,None,0.51,Yes (No MIBiG connection)
CHL22_QN_220317_F_contig_184969.region001.gbk_region_1,C843207,None,0.51,Yes (No MIBiG connection)
CHL22_QN_220317_F_contig_137919.region001.gbk_region_1,C843207,None,0.51,Yes (No MIBiG connection)
CHL22_QN_220317_F_contig_127749.region001.gbk_region_1,C843207,None,0.51,Yes (No MIBiG connection)
CHL22_QN_220317_F_contig_76227.region001.gbk_region_1,C843207,None,0.51,Yes (No MIBiG connection)
SJ_230730_F_NODE_826_length_13524_cov_5.688406.region001.gbk_region_1,C843207,None,0.51,Yes (No MIBiG connection)
CHL22_PR_220403_F_contig_21629.region001.gbk_region_1,C843207,None,0.51,Yes (No MIBiG connection)
CHL22_QN_220317_F_contig_41341.region001.gbk_region_1,C843207,None,0.51,Yes (No MIBiG connection)
FEN_LS_S_NODE_23509_length_2374_cov_3.355757.region001.gbk_region_1,C843207,None,0.51,Yes (No MIBiG connection)
CHL22_QN_220317_F_contig_6038.region001.gbk_region_1,C843207,None,0.51,Yes (No MIBiG connection)
CHL22_QN_220317_F_contig_181357.region001.gbk_region_1,C843207,None,0.51,Yes (No MIBiG connection)
CHL22_QN_220317_F_contig_18081.region001.gbk_region_1,C843207,None,0.51,Yes (No MIBiG connection)
CHL22_QN_220317_F_contig_27042.region001.gbk_region_1,C843207,None,0.51,Yes (No MIBiG connection)
CHL22_QN_220317_F_contig_30056.region001.gbk_region_1,C843207,None,0.51,Yes (No MIBiG connection)
FEN_LS_F_NODE_6301_length_4474_cov_8.443992.region001.gbk_region_1,C843207,None,0.51,Yes (No MIBiG connection)
CH20_TP_200304_F_contig_332.region001.gbk_region_1,C843207,None,0.51,Yes (No MIBiG connection)
CHL22_QN_220317_F_contig_142364.region001.gbk_region_1,C843207,None,0.51,Yes (No MIBiG connection)
CHL22_QN_220317_F_contig_164940.region001.gbk_region_1,C843207,None,0.51,Yes (No MIBiG connection)
HYD22_CB_221018_F_contig_13937.region001.gbk_region_1,C843207,BGC0002126.gbk_region_1,0.48,No (Directly observed)
AEO22_TC_220902_F_contig_12574.region001.gbk_region_1,C843207,BGC0002522.gbk_region_1,0.44,No (Directly observed)
CR17_S14_S_contig_4277.region001.gbk_region_1,C843207,None,0.51,Yes (No MIBiG connection)
CHL22_LP_220401_F_contig_101743.region001.gbk_region_1,C843207,None,0.51,Yes (No MIBiG connection)
CR18_LE180416_F_contig_114.region001.gbk_region_1,C843209,None,0.51,Yes (No MIBiG connection)
CR18_XF180416_F_contig_102.region001.gbk_region_1,C843209,None,0.51,Yes (No MIBiG connection)
CR18_LP180406_F_contig_57.region001.gbk_region_1,C843209,None,0.51,Yes (No MIBiG connection)
HYD22_CB_221018_F_contig_29702.region001.gbk_region_1,C843209,None,0.51,Yes (No MIBiG connection)
CR18_RR180407_F_contig_8.region001.gbk_region_1,C843209,None,0.51,Yes (No MIBiG connection)
HYD22_CB_221018_F_contig_32609.region001.gbk_region_1,C843209,None,0.51,Yes (No MIBiG connection)
CR18_LH180406_F_contig_31074.region001.gbk_region_1,C843209,None,0.51,Yes (No MIBiG connection)
CR18_MC180404_S_contig_8820.region001.gbk_region_1,C843207,None,0.51,Yes (No MIBiG connection)
CR18_ER180415_F_contig_9307.region001.gbk_region_1,C843207,None,0.51,Yes (No MIBiG connection)
CHL22_GB_220322_F_contig_22849.region001.gbk_region_1,C843207,None,0.51,Yes (No MIBiG connection)
CR17_BR170218_2_S_contig_41132.region001.gbk_region_1,C843207,None,0.51,Yes (No MIBiG connection)
CHL22_LN_220321_F_contig_18127.region001.gbk_region_1,C843207,None,0.51,Yes (No MIBiG connection)
CR17_MT170219_F_contig_1095.region001.gbk_region_1,C843207,None,0.51,Yes (No MIBiG connection)
CR18_LH180406_F_contig_8259.region001.gbk_region_1,C843207,None,0.51,Yes (No MIBiG connection)
CHL22_PR_220403_F_contig_14880.region001.gbk_region_1,C843207,BGC0002693.gbk_region_1,0.46,No (Directly observed)
HYD22_CB_221018_F_contig_5950.region001.gbk_region_1,C843207,BGC0000374.gbk_region_1,0.48,No (Directly observed)
CHL22_CU_220402_F_contig_98848.region001.gbk_region_1,C843207,BGC0000950.gbk_region_1,0.48,No (Directly observed)
CR17_SL170214_F_contig_18503.region001.gbk_region_1,C843207,None,0.51,Yes (No MIBiG connection)
CR18_XF180416_F_contig_17536.region001.gbk_region_1,C843207,BGC0002535.gbk_region_1,0.46,No (Directly observed)
CHL22_PJ_220330_F_contig_12567.region001.gbk_region_1,C843207,BGC0002535.gbk_region_1,0.44,No (Directly observed)
CR18_LH180406_F_contig_35647.region001.gbk_region_1,C843207,BGC0000950.gbk_region_1,0.46,No (Directly observed)
CHL22_IS_220328_F_contig_5447.region001.gbk_region_1,C843207,BGC0002535.gbk_region_1,0.44,No (Directly observed)
CR18_CV180410_S_contig_11295.region001.gbk_region_1,C843207,None,0.51,Yes (No MIBiG connection)
CHL22_IS_220328_F_contig_18695.region001.gbk_region_1,C843207,None,0.51,Yes (No MIBiG connection)
CHL22_QN_220317_F_contig_92792.region001.gbk_region_1,C843207,None,0.51,Yes (No MIBiG connection)
CR17_PG172224_S_contig_5425.region001.gbk_region_1,C843207,None,0.51,Yes (No MIBiG connection)
GUY_SRR21545382_k141_757362.region001.gbk_region_1,C843207,None,0.51,Yes (No MIBiG connection)
CHL22_QN_220317_F_contig_35200.region001.gbk_region_1,C843207,None,0.51,Yes (No MIBiG connection)
HYD22_CB_221018_F_contig_67582.region001.gbk_region_1,C843207,BGC0002379.gbk_region_1,0.43,No (Directly observed)
CHL22_EQ_220330_F_contig_52539.region001.gbk_region_1,C843207,None,0.51,Yes (No MIBiG connection)
AEO22_TC_220902_F_contig_54904.region001.gbk_region_1,C843207,BGC0000950.gbk_region_1,0.46,No (Directly observed)
CHL22_OA_220325_F_contig_35512.region001.gbk_region_1,C843207,BGC0002379.gbk_region_1,0.5,No (Directly observed)
CHL22_CH_220319_F_contig_132956.region001.gbk_region_1,C843207,BGC0000950.gbk_region_1,0.48,No (Directly observed)
AEO22_GV_220827_F_contig_65568.region001.gbk_region_1,C843207,BGC0002367.gbk_region_1,0.47,No (Directly observed)
CR18_CH180410_F_contig_21294.region001.gbk_region_1,C843207,BGC0002379.gbk_region_1,0.49,No (Directly observed)
HYD22_FC_221023_F_contig_13960.region001.gbk_region_1,C843210,None,0.51,Yes (No MIBiG connection)
CHL22_PJ_220330_F_contig_43699.region001.gbk_region_1,C843207,None,0.51,Yes (No MIBiG connection)
CHL22_QN_220317_F_contig_25938.region001.gbk_region_1,C843207,None,0.51,Yes (No MIBiG connection)
AEO22_TC_220902_F_contig_61664.region001.gbk_region_1,C843207,None,0.51,Yes (No MIBiG connection)
EPR_teddybear_k141_357952.region001.gbk_region_1,C843207,None,0.51,Yes (No MIBiG connection)
CHL22_LP_220401_F_contig_82957.region001.gbk_region_1,C843207,None,0.51,Yes (No MIBiG connection)
CHL22_QN_220317_F_contig_162520.region001.gbk_region_1,C843207,None,0.51,Yes (No MIBiG connection)
CR18_XF180416_F_contig_25757.region001.gbk_region_1,C843207,None,0.51,Yes (No MIBiG connection)
CHL22_LP_220401_F_contig_81347.region001.gbk_region_1,C843207,None,0.51,Yes (No MIBiG connection)
CR17_PG172224_S_contig_46512.region001.gbk_region_1,C843207,None,0.51,Yes (No MIBiG connection)
CR18_RC180404_S_contig_31918.region001.gbk_region_1,C843207,None,0.51,Yes (No MIBiG connection)
CHL22_LC_220316_F_contig_39991.region001.gbk_region_1,C843207,None,0.51,Yes (No MIBiG connection)
CHL22_CU_220402_F_contig_13583.region001.gbk_region_1,C843207,None,0.51,Yes (No MIBiG connection)
AEO22_LB_220827_F_contig_120017.region001.gbk_region_1,C843207,None,0.51,Yes (No MIBiG connection)
CHL22_CZ_220329_F_contig_43504.region001.gbk_region_1,C843207,None,0.51,Yes (No MIBiG connection)
AEO22_LB_220827_F_contig_94499.region001.gbk_region_1,C843207,None,0.51,Yes (No MIBiG connection)
GUY_SRR21545382_k141_313039.region001.gbk_region_1,C843207,None,0.51,Yes (No MIBiG connection)
CHL22_LA_220331_F_contig_1344.region001.gbk_region_1,C843207,None,0.51,Yes (No MIBiG connection)
CHL22_CA_220323_F_contig_80013.region001.gbk_region_1,C843207,None,0.51,Yes (No MIBiG connection)
EPR_teddybear_k141_687824.region001.gbk_region_1,C843207,None,0.51,Yes (No MIBiG connection)
CHL22_CU_220402_F_contig_92251.region001.gbk_region_1,C843207,None,0.51,Yes (No MIBiG connection)
CHL22_LC_220316_F_contig_81681.region001.gbk_region_1,C843207,None,0.51,Yes (No MIBiG connection)
CHL22_PR_220403_F_contig_13476.region001.gbk_region_1,C843207,None,0.51,Yes (No MIBiG connection)
CHL22_LP_220401_F_contig_28695.region001.gbk_region_1,C843207,None,0.51,Yes (No MIBiG connection)
CHL22_CU_220402_F_contig_65265.region001.gbk_region_1,C843207,None,0.51,Yes (No MIBiG connection)
CHL22_IS_220328_F_contig_6290.region001.gbk_region_1,C843207,None,0.51,Yes (No MIBiG connection)
CR17_ET170220_1_S_contig_3443.region001.gbk_region_1,C843207,None,0.51,Yes (No MIBiG connection)
AEO22_TC_220902_F_contig_38103.region001.gbk_region_1,C843207,None,0.51,Yes (No MIBiG connection)
CHL22_CU_220402_F_contig_105132.region001.gbk_region_1,C843207,None,0.51,Yes (No MIBiG connection)
AEO22_TC_220902_F_contig_16447.region001.gbk_region_1,C843207,None,0.51,Yes (No MIBiG connection)
CHL22_PR_220403_F_contig_13608.region001.gbk_region_1,C843207,None,0.51,Yes (No MIBiG connection)
CR17_PG172224_S_contig_30870.region001.gbk_region_1,C843207,None,0.51,Yes (No MIBiG connection)
CR18_CZ180409_F_contig_23109.region001.gbk_region_1,C843207,None,0.51,Yes (No MIBiG connection)
CHL22_LN_220321_F_contig_4323.region001.gbk_region_1,C843207,None,0.51,Yes (No MIBiG connection)
CHL22_IS_220328_F_contig_14175.region001.gbk_region_1,C843207,None,0.51,Yes (No MIBiG connection)
CR18_CL180409_F_contig_11178.region001.gbk_region_1,C843207,None,0.51,Yes (No MIBiG connection)
CR17_PF170222_S_contig_1116.region001.gbk_region_1,C843207,None,0.51,Yes (No MIBiG connection)
FEN_LS_F_NODE_10130_length_3245_cov_4.110658.region001.gbk_region_1,C843207,None,0.51,Yes (No MIBiG connection)
CHL22_EQ_220330_F_contig_26197.region001.gbk_region_1,C843207,None,0.51,Yes (No MIBiG connection)
CR18_ER180415_S_contig_17741.region001.gbk_region_1,C843207,None,0.51,Yes (No MIBiG connection)
CHL22_CC_220324_F_contig_74593.region001.gbk_region_1,C843207,None,0.51,Yes (No MIBiG connection)
CR18_GE180403_S_contig_36900.region001.gbk_region_1,C843207,None,0.51,Yes (No MIBiG connection)
CHL22_OA_220325_F_contig_115907.region001.gbk_region_1,C843207,None,0.51,Yes (No MIBiG connection)
GUY_SRR21545388_k141_1439013.region001.gbk_region_1,C843207,None,0.51,Yes (No MIBiG connection)
CHL22_CH_220319_F_contig_17239.region001.gbk_region_1,C843207,None,0.51,Yes (No MIBiG connection)
CHL22_IS_220328_F_contig_2010.region001.gbk_region_1,C843207,None,0.51,Yes (No MIBiG connection)
CHL22_LC_220316_F_contig_69575.region001.gbk_region_1,C843207,None,0.51,Yes (No MIBiG connection)
CR18_LE180416_F_contig_45223.region001.gbk_region_1,C843207,None,0.51,Yes (No MIBiG connection)
CHL22_CC_220324_F_contig_23489.region001.gbk_region_1,C843207,None,0.51,Yes (No MIBiG connection)
CR18_CH180410_F_contig_23154.region001.gbk_region_1,C843207,None,0.51,Yes (No MIBiG connection)
CR18_BW180407_F_contig_2248.region001.gbk_region_1,C843207,None,0.51,Yes (No MIBiG connection)
CR18_GE180403_S_contig_14603.region001.gbk_region_1,C843207,None,0.51,Yes (No MIBiG connection)
CHL22_IS_220328_F_contig_16480.region001.gbk_region_1,C843207,None,0.51,Yes (No MIBiG connection)
GUY_SRR21545388_k141_285184.region001.gbk_region_1,C843207,None,0.51,Yes (No MIBiG connection)
CHL22_CA_220323_F_contig_5890.region001.gbk_region_1,C843207,None,0.51,Yes (No MIBiG connection)
ARG19_IN_190223_S_contig_3349.region001.gbk_region_1,C843207,None,0.51,Yes (No MIBiG connection)
FEN_FE_S_NODE_1699_length_2157_cov_2.597526.region001.gbk_region_1,C843207,None,0.51,Yes (No MIBiG connection)
CHL22_QN_220317_F_contig_79350.region001.gbk_region_1,C843207,None,0.51,Yes (No MIBiG connection)
CHL22_OA_220325_F_contig_25653.region001.gbk_region_1,C843207,None,0.51,Yes (No MIBiG connection)
CHL22_LP_220401_F_contig_77464.region001.gbk_region_1,C843207,None,0.51,Yes (No MIBiG connection)
CHL22_LC_220316_F_contig_86650.region001.gbk_region_1,C843207,None,0.51,Yes (No MIBiG connection)
CR18_BW180407_F_contig_5068.region001.gbk_region_1,C843207,None,0.51,Yes (No MIBiG connection)
CHL22_CH_220319_F_contig_62268.region001.gbk_region_1,C843207,None,0.51,Yes (No MIBiG connection)
CHL22_CH_220319_F_contig_70035.region001.gbk_region_1,C843207,None,0.51,Yes (No MIBiG connection)
AEO22_TC_220902_F_contig_26713.region001.gbk_region_1,C843207,None,0.51,Yes (No MIBiG connection)
CHL22_LP_220401_F_contig_13591.region001.gbk_region_1,C843207,None,0.51,Yes (No MIBiG connection)
ARG19_IN_190223_S_contig_19328.region001.gbk_region_1,C843207,None,0.51,Yes (No MIBiG connection)
CHL22_CU_220402_F_contig_5546.region001.gbk_region_1,C843207,None,0.51,Yes (No MIBiG connection)
CR18_CV180410_S_contig_16245.region001.gbk_region_1,C843207,None,0.51,Yes (No MIBiG connection)
EPR_teddybear_k141_318451.region001.gbk_region_1,C843207,None,0.51,Yes (No MIBiG connection)
AEO22_LB_220827_F_contig_120893.region001.gbk_region_1,C843207,None,0.51,Yes (No MIBiG connection)
CHL22_LC_220316_F_contig_119516.region001.gbk_region_1,C843207,None,0.51,Yes (No MIBiG connection)
CR18_CI180408_F_contig_4330.region001.gbk_region_1,C843207,None,0.51,Yes (No MIBiG connection)
CR18_GE180403_S_contig_21571.region001.gbk_region_1,C843207,None,0.51,Yes (No MIBiG connection)
CR17_CY170214_S_contig_29200.region001.gbk_region_1,C843207,None,0.51,Yes (No MIBiG connection)
CHL22_CA_220323_F_contig_62596.region001.gbk_region_1,C843207,None,0.51,Yes (No MIBiG connection)
CR18_CH180410_S_contig_27584.region001.gbk_region_1,C843207,None,0.51,Yes (No MIBiG connection)
CHL22_LA_220331_F_contig_5344.region001.gbk_region_1,C843207,None,0.51,Yes (No MIBiG connection)
CHL22_LP_220401_F_contig_90798.region001.gbk_region_1,C843207,None,0.51,Yes (No MIBiG connection)
AEO22_TC_220902_F_contig_53444.region001.gbk_region_1,C843207,None,0.51,Yes (No MIBiG connection)
CR18_RR180407_F_contig_21282.region001.gbk_region_1,C843207,None,0.51,Yes (No MIBiG connection)
CHL22_CH_220319_F_contig_69246.region001.gbk_region_1,C843207,None,0.51,Yes (No MIBiG connection)
CR18_CH180410_F_contig_23627.region001.gbk_region_1,C843207,None,0.51,Yes (No MIBiG connection)
CHL22_PJ_220330_F_contig_22894.region001.gbk_region_1,C843207,None,0.51,Yes (No MIBiG connection)
CR18_CV180410_S_contig_17849.region001.gbk_region_1,C843207,None,0.51,Yes (No MIBiG connection)
KJ_230721_F_NODE_33377_length_4044_cov_1.340311.region001.gbk_region_1,C843207,None,0.51,Yes (No MIBiG connection)
NR_230731_F_NODE_38841_length_2159_cov_0.853346.region001.gbk_region_1,C843207,None,0.51,Yes (No MIBiG connection)
CHL22_PJ_220330_F_contig_22185.region001.gbk_region_1,C843207,None,0.51,Yes (No MIBiG connection)
AEO22_BS_220902_F_contig_2994.region001.gbk_region_1,C843207,None,0.51,Yes (No MIBiG connection)
CHL22_LP_220401_F_contig_2811.region001.gbk_region_1,C843207,None,0.51,Yes (No MIBiG connection)
CHL22_CC_220324_F_contig_73686.region001.gbk_region_1,C843207,None,0.51,Yes (No MIBiG connection)
CHL22_IS_220328_F_contig_2822.region001.gbk_region_1,C843207,None,0.51,Yes (No MIBiG connection)
ISL21_GN1_210601_F_contig_1999.region001.gbk_region_1,C843207,None,0.51,Yes (No MIBiG connection)
CR17_TC170221_F_contig_5445.region001.gbk_region_1,C843207,None,0.51,Yes (No MIBiG connection)
CHL22_CA_220323_F_contig_93851.region001.gbk_region_1,C843207,BGC0002512.gbk_region_1,0.5,No (Directly observed)
CHL22_CA_220323_F_contig_67186.region001.gbk_region_1,C843207,None,0.51,Yes (No MIBiG connection)
CHL22_LP_220401_F_contig_97398.region001.gbk_region_1,C843207,None,0.51,Yes (No MIBiG connection)
CHL22_CC_220324_F_contig_79459.region001.gbk_region_1,C843207,None,0.51,Yes (No MIBiG connection)
CHL22_GB_220322_F_contig_15432.region001.gbk_region_1,C843207,None,0.51,Yes (No MIBiG connection)
CR17_QN170220_F_contig_5251.region001.gbk_region_1,C843207,None,0.51,Yes (No MIBiG connection)
CHL22_CC_220324_F_contig_19096.region001.gbk_region_1,C843207,None,0.51,Yes (No MIBiG connection)
EPR_teddybear_k141_112057.region001.gbk_region_1,C843207,None,0.51,Yes (No MIBiG connection)
CHL22_GB_220322_F_contig_37198.region001.gbk_region_1,C843207,None,0.51,Yes (No MIBiG connection)
CHL22_EQ_220330_F_contig_23158.region001.gbk_region_1,C843207,None,0.51,Yes (No MIBiG connection)
KJ_230721_F_NODE_83962_length_2098_cov_0.859970.region001.gbk_region_1,C843207,None,0.51,Yes (No MIBiG connection)
CHL22_LC_220316_F_contig_79025.region001.gbk_region_1,C843207,BGC0000447.gbk_region_1,0.49,No (Directly observed)
CR17_EP170215_S_contig_21324.region001.gbk_region_1,C843207,None,0.51,Yes (No MIBiG connection)
HYD22_CB_221018_F_contig_1669.region001.gbk_region_1,C843207,BGC0002421.gbk_region_1,0.41,No (Directly observed)
CHL22_LC_220316_F_contig_19173.region001.gbk_region_1,C843207,BGC0002117.gbk_region_1,0.42,No (Directly observed)
KJ_230721_F_NODE_62421_length_2593_cov_0.965937.region001.gbk_region_1,C843207,None,0.51,Yes (No MIBiG connection)
CR17_PG172224_S_contig_435.region001.gbk_region_1,C843207,None,0.51,Yes (No MIBiG connection)
CHL22_CC_220324_F_contig_80942.region001.gbk_region_1,C843207,None,0.51,Yes (No MIBiG connection)
ISL21_GN1_210601_F_contig_1226.region001.gbk_region_1,C843207,None,0.51,Yes (No MIBiG connection)
ISL21_GN1_210601_F_contig_1543.region001.gbk_region_1,C843207,None,0.51,Yes (No MIBiG connection)
CR18_LE180416_S_contig_16290.region001.gbk_region_1,C843207,None,0.51,Yes (No MIBiG connection)
EPR_teddybear_k141_653698.region001.gbk_region_1,C843207,None,0.51,Yes (No MIBiG connection)
CR18_LE180416_S_contig_13067.region001.gbk_region_1,C843207,None,0.51,Yes (No MIBiG connection)
HYD22_FC_221023_F_contig_48159.region001.gbk_region_1,C843207,None,0.51,Yes (No MIBiG connection)
CR18_LE180416_F_contig_29289.region001.gbk_region_1,C843207,None,0.51,Yes (No MIBiG connection)
CHL22_CC_220324_F_contig_13897.region001.gbk_region_1,C843211,None,0.51,Yes (No MIBiG connection)
CR18_ER180415_F_contig_46.region001.gbk_region_1,C843211,None,0.51,Yes (No MIBiG connection)
CR18_GE180403_S_contig_8381.region001.gbk_region_1,C843211,None,0.51,Yes (No MIBiG connection)
CHL22_LC_220316_F_contig_41224.region001.gbk_region_1,C843211,None,0.51,Yes (No MIBiG connection)
CHL22_QN_220317_F_contig_2219.region001.gbk_region_1,C843211,None,0.51,Yes (No MIBiG connection)
CR18_ER180415_F_contig_1616.region001.gbk_region_1,C843211,None,0.51,Yes (No MIBiG connection)
TR_230731_S_NODE_211_length_76178_cov_2.833651.region001.gbk_region_1,C843211,None,0.51,Yes (No MIBiG connection)
CR17_BR170218_1_F_contig_763.region001.gbk_region_1,C843211,None,0.51,Yes (No MIBiG connection)
CHL22_CZ_220329_F_contig_90410.region001.gbk_region_1,C843211,None,0.51,Yes (No MIBiG connection)
CR17_SI170217_S_contig_683.region001.gbk_region_1,C843211,None,0.51,Yes (No MIBiG connection)
CHL22_LN_220321_F_contig_16314.region001.gbk_region_1,C843211,None,0.51,Yes (No MIBiG connection)
TR_230731_F_NODE_3848_length_11754_cov_2.004300.region001.gbk_region_1,C843211,None,0.51,Yes (No MIBiG connection)
CHL22_LC_220316_F_contig_13576.region001.gbk_region_1,C843211,None,0.51,Yes (No MIBiG connection)
CHL22_LN_220321_F_contig_31526.region001.gbk_region_1,C843211,None,0.51,Yes (No MIBiG connection)
CHL22_TT_220331_F_contig_1316.region001.gbk_region_1,C843211,None,0.51,Yes (No MIBiG connection)
CHL22_ET_220322_F_contig_2340.region001.gbk_region_1,C843211,None,0.51,Yes (No MIBiG connection)
CHL22_GB_220322_F_contig_33888.region001.gbk_region_1,C843211,None,0.51,Yes (No MIBiG connection)
AEO22_LB_220827_F_contig_8811.region001.gbk_region_1,C843211,None,0.51,Yes (No MIBiG connection)
CHL22_GB_220322_F_contig_13902.region001.gbk_region_1,C843211,None,0.51,Yes (No MIBiG connection)
KJ_230721_F_NODE_7746_length_11981_cov_1.399275.region001.gbk_region_1,C843211,None,0.51,Yes (No MIBiG connection)
CR18_RC180404_S_contig_429.region001.gbk_region_1,C843211,None,0.51,Yes (No MIBiG connection)
CHL22_RS_220319_F_contig_8090.region001.gbk_region_1,C843211,None,0.51,Yes (No MIBiG connection)
CHL22_LN_220321_F_contig_31593.region001.gbk_region_1,C843211,None,0.51,Yes (No MIBiG connection)
TR_230731_S_NODE_1267_length_30511_cov_10.241673.region001.gbk_region_1,C843211,None,0.51,Yes (No MIBiG connection)
CHL22_CN_220327_F_contig_30277.region001.gbk_region_1,C843211,None,0.51,Yes (No MIBiG connection)
CR17_BR170218_1_S_contig_6290.region001.gbk_region_1,C843208,None,0.51,Yes (No MIBiG connection)
CR17_PG172224_S_contig_6145.region001.gbk_region_1,C843208,None,0.51,Yes (No MIBiG connection)
CHL22_LC_220316_F_contig_11016.region001.gbk_region_1,C843208,None,0.51,Yes (No MIBiG connection)
CHL22_OA_220325_F_contig_97787.region001.gbk_region_1,C843208,None,0.51,Yes (No MIBiG connection)
CR17_PG172224_S_contig_13433.region001.gbk_region_1,C843208,None,0.51,Yes (No MIBiG connection)
CR18_LE180416_F_contig_33417.region001.gbk_region_1,C843207,None,0.51,Yes (No MIBiG connection)
CHL22_CU_220402_F_contig_81772.region001.gbk_region_1,C843207,None,0.51,Yes (No MIBiG connection)
CHL22_CU_220402_F_contig_83964.region001.gbk_region_1,C843207,None,0.51,Yes (No MIBiG connection)
CHL22_CC_220324_F_contig_18773.region001.gbk_region_1,C843207,None,0.51,Yes (No MIBiG connection)
CR18_GE180403_S_contig_35140.region001.gbk_region_1,C843207,None,0.51,Yes (No MIBiG connection)
CR19_LR_190628_S_contig_8753.region001.gbk_region_1,C843210,None,0.51,Yes (No MIBiG connection)
CHL22_QN_220317_F_contig_34306.region001.gbk_region_1,C843210,None,0.51,Yes (No MIBiG connection)
CHL22_CZ_220329_F_contig_33895.region001.gbk_region_1,C843210,None,0.51,Yes (No MIBiG connection)
KJ_230721_F_NODE_47777_length_3135_cov_1.106383.region001.gbk_region_1,C843210,None,0.51,Yes (No MIBiG connection)
CHL22_OA_220325_F_contig_16873.region001.gbk_region_1,C843210,None,0.51,Yes (No MIBiG connection)
CR17_BR170218_2_S_contig_20170.region001.gbk_region_1,C843210,None,0.51,Yes (No MIBiG connection)
GUY_SRR21545388_k141_1397547.region001.gbk_region_1,C843210,None,0.51,Yes (No MIBiG connection)
ARG19_PG_190225_F_contig_4697.region001.gbk_region_1,C843210,None,0.51,Yes (No MIBiG connection)
CHL22_LC_220316_F_contig_51559.region001.gbk_region_1,C843210,None,0.51,Yes (No MIBiG connection)
CR17_PF170222_F_contig_5717.region001.gbk_region_1,C843210,None,0.51,Yes (No MIBiG connection)
CHL22_LC_220316_F_contig_61948.region001.gbk_region_1,C843210,None,0.51,Yes (No MIBiG connection)
CHL22_CU_220402_F_contig_51045.region001.gbk_region_1,C843210,None,0.51,Yes (No MIBiG connection)
KJ_230721_F_NODE_61373_length_2623_cov_6.993590.region001.gbk_region_1,C843210,None,0.51,Yes (No MIBiG connection)
CR18_CH180410_F_contig_16367.region001.gbk_region_1,C843210,None,0.51,Yes (No MIBiG connection)
CHL22_QN_220317_F_contig_79986.region001.gbk_region_1,C843210,None,0.51,Yes (No MIBiG connection)
CHL22_LC_220316_F_contig_126548.region001.gbk_region_1,C843210,None,0.51,Yes (No MIBiG connection)
CHL22_OA_220325_F_contig_105361.region001.gbk_region_1,C843210,None,0.51,Yes (No MIBiG connection)
CR17_PG172224_S_contig_46685.region001.gbk_region_1,C843210,None,0.51,Yes (No MIBiG connection)
CHL22_OA_220325_F_contig_52328.region001.gbk_region_1,C843210,None,0.51,Yes (No MIBiG connection)
CHL22_CA_220323_F_contig_2550.region001.gbk_region_1,C843210,None,0.51,Yes (No MIBiG connection)
CR19_SG_190719_F_contig_3476.region001.gbk_region_1,C843210,None,0.51,Yes (No MIBiG connection)
AEO22_BP2_220829_F_contig_6416.region001.gbk_region_1,C843210,None,0.51,Yes (No MIBiG connection)
CR18_LE180416_S_contig_4274.region001.gbk_region_1,C843210,None,0.51,Yes (No MIBiG connection)
CR18_CZ180409_F_contig_12773.region001.gbk_region_1,C843210,None,0.51,Yes (No MIBiG connection)
GUY_SRR21545382_k141_1328669.region001.gbk_region_1,C843210,None,0.51,Yes (No MIBiG connection)
CR17_QH170213_1_F_contig_3348.region001.gbk_region_1,C843210,None,0.51,Yes (No MIBiG connection)
CHL22_OA_220325_F_contig_114206.region001.gbk_region_1,C843210,None,0.51,Yes (No MIBiG connection)
AEO22_LB_220827_F_contig_102320.region001.gbk_region_1,C843210,None,0.51,Yes (No MIBiG connection)
CHL22_PR_220403_F_contig_17922.region001.gbk_region_1,C843210,None,0.51,Yes (No MIBiG connection)
CR18_GE180403_S_contig_15710.region001.gbk_region_1,C843210,None,0.51,Yes (No MIBiG connection)
CR17_BR170218_2_S_contig_15497.region001.gbk_region_1,C843210,None,0.51,Yes (No MIBiG connection)
AEO22_TC_220902_F_contig_4938.region001.gbk_region_1,C843210,None,0.51,Yes (No MIBiG connection)
CR17_ET170220_1_S_contig_1530.region001.gbk_region_1,C843210,None,0.51,Yes (No MIBiG connection)
CHL22_CR_220324_F_contig_20777.region001.gbk_region_1,C843210,None,0.51,Yes (No MIBiG connection)
CHL22_CZ_220329_F_contig_19753.region001.gbk_region_1,C843210,None,0.51,Yes (No MIBiG connection)
CR17_CY170214_S_contig_49735.region001.gbk_region_1,C843210,None,0.51,Yes (No MIBiG connection)
CHL22_QN_220317_F_contig_9496.region001.gbk_region_1,C843210,None,0.51,Yes (No MIBiG connection)
CR17_CY170214_S_contig_24589.region001.gbk_region_1,C843210,None,0.51,Yes (No MIBiG connection)
CR17_QH170213_2_S_contig_2449.region001.gbk_region_1,C843210,None,0.51,Yes (No MIBiG connection)
CR18_BS180407_F_contig_3214.region001.gbk_region_1,C843209,None,0.51,Yes (No MIBiG connection)
CR18_CL180409_F_contig_12475.region001.gbk_region_1,C843209,None,0.51,Yes (No MIBiG connection)
HYD22_FC_221023_F_contig_1.region001.gbk_region_1,C843209,None,0.51,Yes (No MIBiG connection)
CHL22_LP_220401_F_contig_10352.region001.gbk_region_1,C843207,None,0.51,Yes (No MIBiG connection)
CR18_BW180407_F_contig_2862.region001.gbk_region_1,C843207,None,0.51,Yes (No MIBiG connection)
CR18_LE180416_S_contig_7213.region001.gbk_region_1,C843207,BGC0002706.gbk_region_1,0.41,No (Directly observed)
KJ_230721_F_NODE_11443_length_8915_cov_1.087961.region001.gbk_region_1,C843207,BGC0002706.gbk_region_1,0.46,No (Directly observed)
HYD22_CB_221018_F_contig_1761.region001.gbk_region_1,C843207,None,0.51,Yes (No MIBiG connection)
CR18_LE180416_F_contig_4756.region001.gbk_region_1,C843207,None,0.51,Yes (No MIBiG connection)
CR18_PX180416_S_contig_23391.region001.gbk_region_1,C843207,None,0.51,Yes (No MIBiG connection)
CHL22_LP_220401_F_contig_43891.region001.gbk_region_1,C843207,None,0.51,Yes (No MIBiG connection)
CHL22_PJ_220330_F_contig_52810.region001.gbk_region_1,C843207,BGC0002564.gbk_region_1,0.5,No (Directly observed)
CHL22_CC_220324_F_contig_45442.region001.gbk_region_1,C843207,None,0.51,Yes (No MIBiG connection)
CHL22_LA_220331_F_contig_16837.region001.gbk_region_1,C843207,None,0.51,Yes (No MIBiG connection)
CR17_EP170215_S_contig_32046.region001.gbk_region_1,C843208,None,0.51,Yes (No MIBiG connection)
ARG19_BJ_190227_S_contig_2718.region001.gbk_region_1,C843208,None,0.51,Yes (No MIBiG connection)
AEO22_OS_220830_F_contig_68352.region001.gbk_region_1,C843208,None,0.51,Yes (No MIBiG connection)
AEO22_OS_220830_F_contig_4288.region001.gbk_region_1,C843208,None,0.51,Yes (No MIBiG connection)
NR_230731_S_NODE_424_length_44496_cov_4.932543.region001.gbk_region_1,C843208,None,0.51,Yes (No MIBiG connection)
CR18_RC180404_F_contig_3674.region001.gbk_region_1,C843208,None,0.51,Yes (No MIBiG connection)
CR17_BR170218_1_S_contig_15963.region001.gbk_region_1,C843208,None,0.51,Yes (No MIBiG connection)
CHL22_CZ_220329_F_contig_48.region001.gbk_region_1,C843208,None,0.51,Yes (No MIBiG connection)
CHL22_CH_220319_F_contig_67839.region001.gbk_region_1,C843208,None,0.51,Yes (No MIBiG connection)
CR19_LR_190628_S_contig_12391.region001.gbk_region_1,C843208,None,0.51,Yes (No MIBiG connection)
CR17_RV170221_F_contig_5341.region001.gbk_region_1,C843208,None,0.51,Yes (No MIBiG connection)
CHL22_GB_220322_F_contig_18607.region001.gbk_region_1,C843208,None,0.51,Yes (No MIBiG connection)
AEO22_HO_220830_F_contig_12427.region001.gbk_region_1,C843208,None,0.51,Yes (No MIBiG connection)
CHL22_SR_220328_F_contig_10259.region001.gbk_region_1,C843208,None,0.51,Yes (No MIBiG connection)
CR17_CY170214_F_contig_6299.region001.gbk_region_1,C843208,None,0.51,Yes (No MIBiG connection)
CR17_EP170215_S_contig_19391.region001.gbk_region_1,C843208,None,0.51,Yes (No MIBiG connection)
CHL22_LN_220321_F_contig_2842.region001.gbk_region_1,C843208,None,0.51,Yes (No MIBiG connection)
CHL22_QN_220317_F_contig_56773.region001.gbk_region_1,C843207,None,0.51,Yes (No MIBiG connection)
AEO22_CF_220902_F_contig_514.region001.gbk_region_1,C843207,BGC0001758.gbk_region_1,0.46,No (Directly observed)
AEO22_HO_220830_F_contig_883.region001.gbk_region_1,C843207,BGC0001758.gbk_region_1,0.46,No (Directly observed)
CHL22_LC_220316_F_contig_9245.region001.gbk_region_1,C843207,BGC0002117.gbk_region_1,0.38,No (Directly observed)
FEN_LS_S_NODE_13_length_172318_cov_16.823584.region001.gbk_region_1,C843210,None,0.51,Yes (No MIBiG connection)
ARG19_PM_190223_S_contig_8188.region001.gbk_region_1,C843207,None,0.51,Yes (No MIBiG connection)
AEO22_BS_220902_F_contig_11387.region001.gbk_region_1,C843207,None,0.51,Yes (No MIBiG connection)
KJ_230721_F_NODE_82240_length_2129_cov_0.930569.region001.gbk_region_1,C843207,None,0.51,Yes (No MIBiG connection)
CR18_YR180404_F_contig_32845.region001.gbk_region_1,C843207,None,0.51,Yes (No MIBiG connection)
CR18_LP180406_F_contig_10877.region001.gbk_region_1,C843207,None,0.51,Yes (No MIBiG connection)
AEO22_TC_220902_F_contig_50479.region001.gbk_region_1,C843207,None,0.51,Yes (No MIBiG connection)
CHL22_IS_220328_F_contig_1402.region001.gbk_region_1,C843207,None,0.51,Yes (No MIBiG connection)
CHL22_CC_220324_F_contig_7739.region001.gbk_region_1,C843207,None,0.51,Yes (No MIBiG connection)
CR18_CZ180409_F_contig_13767.region001.gbk_region_1,C843207,None,0.51,Yes (No MIBiG connection)
FEN_FE_S_NODE_499_length_4085_cov_5.006700.region001.gbk_region_1,C843207,None,0.51,Yes (No MIBiG connection)
CR18_CV180410_S_contig_10537.region001.gbk_region_1,C843207,None,0.51,Yes (No MIBiG connection)
CR18_CH180410_F_contig_8871.region001.gbk_region_1,C843207,None,0.51,Yes (No MIBiG connection)
NR_230731_F_NODE_3229_length_10702_cov_2.233948.region001.gbk_region_1,C843208,None,0.51,Yes (No MIBiG connection)
CR17_CY170214_S_contig_21370.region001.gbk_region_1,C843208,None,0.51,Yes (No MIBiG connection)
FEN_LS_S_NODE_4323_length_8216_cov_5.412695.region001.gbk_region_1,C843208,None,0.51,Yes (No MIBiG connection)
CR17_RS170216_S_contig_774.region001.gbk_region_1,C843208,None,0.51,Yes (No MIBiG connection)
AEO22_HO_220830_F_contig_2178.region001.gbk_region_1,C843208,None,0.51,Yes (No MIBiG connection)
CHL22_CN_220327_F_contig_39135.region001.gbk_region_1,C843208,None,0.51,Yes (No MIBiG connection)
CHL22_OA_220325_F_contig_107625.region001.gbk_region_1,C843207,None,0.51,Yes (No MIBiG connection)
ISL21_GN1_210601_F_contig_1231.region001.gbk_region_1,C843207,None,0.51,Yes (No MIBiG connection)
EPR_riftia_k141_321498.region001.gbk_region_1,C843207,None,0.51,Yes (No MIBiG connection)
CHL22_CU_220402_F_contig_77397.region001.gbk_region_1,C843207,None,0.51,Yes (No MIBiG connection)
CHL22_PR_220403_F_contig_33223.region001.gbk_region_1,C843207,None,0.51,Yes (No MIBiG connection)
CHL22_LP_220401_F_contig_97575.region001.gbk_region_1,C843207,None,0.51,Yes (No MIBiG connection)
CR18_LE180416_F_contig_20860.region001.gbk_region_1,C843207,None,0.51,Yes (No MIBiG connection)
CHL22_EQ_220330_F_contig_21741.region001.gbk_region_1,C843207,None,0.51,Yes (No MIBiG connection)
CHL22_CC_220324_F_contig_40010.region001.gbk_region_1,C843207,None,0.51,Yes (No MIBiG connection)
CHL22_CC_220324_F_contig_49143.region001.gbk_region_1,C843207,None,0.51,Yes (No MIBiG connection)
CR18_LE180416_S_contig_30486.region001.gbk_region_1,C843207,None,0.51,Yes (No MIBiG connection)
CR18_LE180416_S_contig_31058.region001.gbk_region_1,C843207,None,0.51,Yes (No MIBiG connection)
CHL22_LP_220401_F_contig_46305.region001.gbk_region_1,C843207,None,0.51,Yes (No MIBiG connection)
NR_230731_F_NODE_15747_length_3863_cov_6.233672.region001.gbk_region_1,C843207,None,0.51,Yes (No MIBiG connection)
AEO22_TC_220902_F_contig_10991.region001.gbk_region_1,C843207,None,0.51,Yes (No MIBiG connection)
CHL22_LV_220331_F_contig_36372.region001.gbk_region_1,C843207,None,0.51,Yes (No MIBiG connection)
AEO22_BO_220829_F_contig_69208.region001.gbk_region_1,C843207,None,0.51,Yes (No MIBiG connection)
FEN_SI_1_NODE_7498_length_2858_cov_7.587228.region001.gbk_region_1,C843207,None,0.51,Yes (No MIBiG connection)
ARG19_PM_190223_S_contig_2008.region001.gbk_region_1,C843207,None,0.51,Yes (No MIBiG connection)
AEO22_BO_220829_F_contig_70954.region001.gbk_region_1,C843207,None,0.51,Yes (No MIBiG connection)
CHL22_PR_220403_F_contig_46868.region001.gbk_region_1,C843207,BGC0001509.gbk_region_1,0.49,No (Directly observed)
CHL22_QN_220317_F_contig_188456.region001.gbk_region_1,C843207,None,0.51,Yes (No MIBiG connection)
NR_230731_S_NODE_11770_length_3566_cov_0.950567.region001.gbk_region_1,C843207,None,0.51,Yes (No MIBiG connection)
CR17_CY170214_S_contig_46288.region001.gbk_region_1,C843207,None,0.51,Yes (No MIBiG connection)
GUY_SRR21545382_k141_567783.region001.gbk_region_1,C843207,None,0.51,Yes (No MIBiG connection)
CHL22_QN_220317_F_contig_187868.region001.gbk_region_1,C843207,None,0.51,Yes (No MIBiG connection)
CHL22_LR_220331_F_contig_5322.region001.gbk_region_1,C843207,None,0.51,Yes (No MIBiG connection)
CR17_PG172224_S_contig_39662.region001.gbk_region_1,C843207,None,0.51,Yes (No MIBiG connection)
CR17_ET170220_1_S_contig_1632.region001.gbk_region_1,C843207,None,0.51,Yes (No MIBiG connection)
AEO22_TC_220902_F_contig_56458.region001.gbk_region_1,C843207,None,0.51,Yes (No MIBiG connection)
CHL22_LC_220316_F_contig_9851.region001.gbk_region_1,C843207,None,0.51,Yes (No MIBiG connection)
ARG19_PM_190223_S_contig_2451.region001.gbk_region_1,C843207,None,0.51,Yes (No MIBiG connection)
TR_230731_S_NODE_17141_length_4454_cov_1.937601.region001.gbk_region_1,C843207,None,0.51,Yes (No MIBiG connection)
CR17_QN170220_S_contig_7106.region001.gbk_region_1,C843207,None,0.51,Yes (No MIBiG connection)
GUY_SRR21545382_k141_720183.region001.gbk_region_1,C843210,None,0.51,Yes (No MIBiG connection)
CHL22_QN_220317_F_contig_107349.region001.gbk_region_1,C843210,None,0.51,Yes (No MIBiG connection)
CR17_SI170217_S_contig_44485.region001.gbk_region_1,C843210,None,0.51,Yes (No MIBiG connection)
CR18_CH180410_S_contig_20781.region001.gbk_region_1,C843210,None,0.51,Yes (No MIBiG connection)
CR18_CH180410_F_contig_6156.region001.gbk_region_1,C843210,None,0.51,Yes (No MIBiG connection)
CHL22_CN_220327_F_contig_31244.region001.gbk_region_1,C843210,None,0.51,Yes (No MIBiG connection)
CHL22_OA_220325_F_contig_87843.region001.gbk_region_1,C843207,None,0.51,Yes (No MIBiG connection)
CR18_CL180409_F_contig_24635.region001.gbk_region_1,C843207,None,0.51,Yes (No MIBiG connection)
CHL22_OA_220325_F_contig_80496.region001.gbk_region_1,C843207,None,0.51,Yes (No MIBiG connection)
CHL22_SR_220328_F_contig_27373.region001.gbk_region_1,C843207,None,0.51,Yes (No MIBiG connection)
CHL22_OA_220325_F_contig_11866.region001.gbk_region_1,C843207,None,0.51,Yes (No MIBiG connection)
CR18_LE180416_S_contig_11300.region001.gbk_region_1,C843207,None,0.51,Yes (No MIBiG connection)
EPR_teddybear_k141_128420.region001.gbk_region_1,C843207,None,0.51,Yes (No MIBiG connection)
CHL22_LP_220401_F_contig_23693.region001.gbk_region_1,C843207,None,0.51,Yes (No MIBiG connection)
AEO22_BP2_220829_F_contig_25686.region001.gbk_region_1,C843207,None,0.51,Yes (No MIBiG connection)
CR18_MC180404_F_contig_9235.region001.gbk_region_1,C843207,None,0.51,Yes (No MIBiG connection)
CHL22_EQ_220330_F_contig_31728.region001.gbk_region_1,C843207,None,0.51,Yes (No MIBiG connection)
CHL22_CU_220402_F_contig_48792.region001.gbk_region_1,C843207,None,0.51,Yes (No MIBiG connection)
CHL22_CU_220402_F_contig_74702.region001.gbk_region_1,C843207,None,0.51,Yes (No MIBiG connection)
CHL22_LP_220401_F_contig_65593.region001.gbk_region_1,C843207,None,0.51,Yes (No MIBiG connection)
AEO22_TC_220902_F_contig_16228.region001.gbk_region_1,C843207,None,0.51,Yes (No MIBiG connection)
CHL22_CC_220324_F_contig_523.region001.gbk_region_1,C843207,BGC0000332.gbk_region_1,0.49,No (Directly observed)
CHL22_LC_220316_F_contig_74748.region001.gbk_region_1,C843207,None,0.51,Yes (No MIBiG connection)
CHL22_LN_220321_F_contig_38479.region001.gbk_region_1,C843207,None,0.51,Yes (No MIBiG connection)
CR17_CY170214_S_contig_8.region001.gbk_region_1,C843207,None,0.51,Yes (No MIBiG connection)
HYD22_CB_221018_F_contig_12164.region001.gbk_region_1,C843207,None,0.51,Yes (No MIBiG connection)
HYD22_SC_221020_F_contig_52095.region001.gbk_region_1,C843207,None,0.51,Yes (No MIBiG connection)
CR18_CV180410_S_contig_16111.region001.gbk_region_1,C843207,None,0.51,Yes (No MIBiG connection)
HYD22_SC_221020_F_contig_525.region001.gbk_region_1,C843207,None,0.51,Yes (No MIBiG connection)
CR18_LE180416_F_contig_36259.region001.gbk_region_1,C843207,None,0.51,Yes (No MIBiG connection)
CR17_EP170215_S_contig_1185.region001.gbk_region_1,C843207,None,0.51,Yes (No MIBiG connection)
ISL21_GN1_210601_F_contig_49.region001.gbk_region_1,C843207,None,0.51,Yes (No MIBiG connection)
CHL22_PR_220403_F_contig_5638.region001.gbk_region_1,C843207,None,0.51,Yes (No MIBiG connection)
GUY_SRR21545382_k141_342949.region001.gbk_region_1,C843207,None,0.51,Yes (No MIBiG connection)
EPR_teddybear_k141_407626.region001.gbk_region_1,C843207,None,0.51,Yes (No MIBiG connection)
KJ_230721_F_NODE_121_length_193172_cov_14.821156.region001.gbk_region_1,C843207,None,0.51,Yes (No MIBiG connection)
CR17_SI170217_S_contig_4046.region001.gbk_region_1,C843207,None,0.51,Yes (No MIBiG connection)
CHL22_CU_220402_F_contig_19299.region001.gbk_region_1,C843207,None,0.51,Yes (No MIBiG connection)
HYD22_FC_221023_F_contig_42583.region001.gbk_region_1,C843207,None,0.51,Yes (No MIBiG connection)
CHL22_EQ_220330_F_contig_36439.region001.gbk_region_1,C843207,None,0.51,Yes (No MIBiG connection)
CHL22_PJ_220330_F_contig_39505.region001.gbk_region_1,C843207,None,0.51,Yes (No MIBiG connection)
HYD22_CB_221018_F_contig_7751.region001.gbk_region_1,C843207,None,0.51,Yes (No MIBiG connection)
CHL22_QN_220317_F_contig_23206.region001.gbk_region_1,C843207,None,0.51,Yes (No MIBiG connection)
CHL22_LN_220321_F_contig_30780.region001.gbk_region_1,C843207,None,0.51,Yes (No MIBiG connection)
CHL22_LN_220321_F_contig_3858.region001.gbk_region_1,C843207,None,0.51,Yes (No MIBiG connection)
CR18_CH180410_S_contig_21763.region001.gbk_region_1,C843207,None,0.51,Yes (No MIBiG connection)
CR19_EP_190616_S_contig_150.region001.gbk_region_1,C843207,None,0.51,Yes (No MIBiG connection)
AEO22_TC_220902_F_contig_2251.region001.gbk_region_1,C843207,None,0.51,Yes (No MIBiG connection)
CR18_LP180406_F_contig_28036.region001.gbk_region_1,C843207,None,0.51,Yes (No MIBiG connection)
AEO22_BP2_220829_F_contig_19699.region001.gbk_region_1,C843207,None,0.51,Yes (No MIBiG connection)
CR18_BW180407_F_contig_11610.region001.gbk_region_1,C843207,None,0.51,Yes (No MIBiG connection)
CHL22_LR_220331_F_contig_58036.region001.gbk_region_1,C843207,None,0.51,Yes (No MIBiG connection)
CHL22_LR_220331_F_contig_26336.region001.gbk_region_1,C843207,None,0.51,Yes (No MIBiG connection)
CR18_BW180407_F_contig_25136.region001.gbk_region_1,C843209,None,0.51,Yes (No MIBiG connection)
CHL22_CA_220323_F_contig_111685.region001.gbk_region_1,C843209,None,0.51,Yes (No MIBiG connection)
CR17_CY170214_S_contig_550.region001.gbk_region_1,C843207,None,0.51,Yes (No MIBiG connection)
CR17_SI170217_S_contig_1343.region001.gbk_region_1,C843209,None,0.51,Yes (No MIBiG connection)
CHL22_LR_220331_F_contig_27231.region001.gbk_region_1,C843209,None,0.51,Yes (No MIBiG connection)
CHL22_LC_220316_F_contig_151143.region001.gbk_region_1,C843209,None,0.51,Yes (No MIBiG connection)
AEO22_LB_220827_F_contig_42638.region001.gbk_region_1,C843209,None,0.51,Yes (No MIBiG connection)
CR18_GE180403_S_contig_10438.region001.gbk_region_1,C843209,None,0.51,Yes (No MIBiG connection)
CHL22_CC_220324_F_contig_47465.region001.gbk_region_1,C843209,None,0.51,Yes (No MIBiG connection)
GUY_SRR21545382_k141_1706512.region001.gbk_region_1,C843207,None,0.51,Yes (No MIBiG connection)
CHL22_CU_220402_F_contig_45810.region001.gbk_region_1,C843207,None,0.51,Yes (No MIBiG connection)
CHL22_OA_220325_F_contig_32116.region001.gbk_region_1,C843207,None,0.51,Yes (No MIBiG connection)
CHL22_CA_220323_F_contig_160342.region001.gbk_region_1,C843207,None,0.51,Yes (No MIBiG connection)
CHL22_QN_220317_F_contig_113382.region001.gbk_region_1,C843207,None,0.51,Yes (No MIBiG connection)
CR18_LE180416_F_contig_55005.region001.gbk_region_1,C843207,None,0.51,Yes (No MIBiG connection)
CR18_GE180403_S_contig_23962.region001.gbk_region_1,C843207,None,0.51,Yes (No MIBiG connection)
CHL22_OA_220325_F_contig_22953.region001.gbk_region_1,C843207,None,0.51,Yes (No MIBiG connection)
CHL22_LC_220316_F_contig_55238.region001.gbk_region_1,C843207,None,0.51,Yes (No MIBiG connection)
AEO22_OS_220830_F_contig_49600.region001.gbk_region_1,C843207,None,0.51,Yes (No MIBiG connection)
CHL22_LP_220401_F_contig_36151.region001.gbk_region_1,C843207,None,0.51,Yes (No MIBiG connection)
CHL22_LC_220316_F_contig_68597.region001.gbk_region_1,C843207,None,0.51,Yes (No MIBiG connection)
CHL22_OA_220325_F_contig_104814.region001.gbk_region_1,C843207,None,0.51,Yes (No MIBiG connection)
ARG19_PM_190223_S_contig_4743.region001.gbk_region_1,C843207,None,0.51,Yes (No MIBiG connection)
CHL22_CA_220323_F_contig_55875.region001.gbk_region_1,C843207,None,0.51,Yes (No MIBiG connection)
CR18_YR180404_F_contig_5622.region001.gbk_region_1,C843207,None,0.51,Yes (No MIBiG connection)
CHL22_PR_220403_F_contig_33026.region001.gbk_region_1,C843207,None,0.51,Yes (No MIBiG connection)
CHL22_PR_220403_F_contig_44629.region001.gbk_region_1,C843207,None,0.51,Yes (No MIBiG connection)
CR18_GE180403_S_contig_23928.region001.gbk_region_1,C843207,None,0.51,Yes (No MIBiG connection)
CHL22_CU_220402_F_contig_106979.region001.gbk_region_1,C843207,None,0.51,Yes (No MIBiG connection)
EPR_teddybear_k141_572661.region001.gbk_region_1,C843207,None,0.51,Yes (No MIBiG connection)
CR17_ET170220_1_S_contig_16925.region001.gbk_region_1,C843207,None,0.51,Yes (No MIBiG connection)
CHL22_LP_220401_F_contig_37609.region001.gbk_region_1,C843207,None,0.51,Yes (No MIBiG connection)
CR18_LE180416_S_contig_15813.region001.gbk_region_1,C843207,None,0.51,Yes (No MIBiG connection)
CHL22_CH_220319_F_contig_66186.region001.gbk_region_1,C843207,None,0.51,Yes (No MIBiG connection)
CHL22_QN_220317_F_contig_113456.region001.gbk_region_1,C843207,None,0.51,Yes (No MIBiG connection)
CR18_LE180416_S_contig_15332.region001.gbk_region_1,C843207,BGC0001760.gbk_region_1,0.5,No (Directly observed)
AEO22_LB_220827_F_contig_80794.region001.gbk_region_1,C843207,None,0.51,Yes (No MIBiG connection)
CHL22_QN_220317_F_contig_145274.region001.gbk_region_1,C843207,None,0.51,Yes (No MIBiG connection)
CR17_TC170221_F_contig_3143.region001.gbk_region_1,C843207,None,0.51,Yes (No MIBiG connection)
CHL22_PJ_220330_F_contig_5582.region001.gbk_region_1,C843207,None,0.51,Yes (No MIBiG connection)
AEO22_TC_220902_F_contig_44701.region001.gbk_region_1,C843207,None,0.51,Yes (No MIBiG connection)
CHL22_LV_220331_F_contig_39879.region001.gbk_region_1,C843207,None,0.51,Yes (No MIBiG connection)
CHL22_CZ_220329_F_contig_56079.region001.gbk_region_1,C843207,None,0.51,Yes (No MIBiG connection)
CR17_PG172224_S_contig_50498.region001.gbk_region_1,C843207,None,0.51,Yes (No MIBiG connection)
CHL22_LP_220401_F_contig_56581.region001.gbk_region_1,C843207,None,0.51,Yes (No MIBiG connection)
CHL22_LP_220401_F_contig_69364.region001.gbk_region_1,C843207,None,0.51,Yes (No MIBiG connection)
CR18_CV180410_S_contig_11773.region001.gbk_region_1,C843207,None,0.51,Yes (No MIBiG connection)
CHL22_CZ_220329_F_contig_16424.region001.gbk_region_1,C843207,None,0.51,Yes (No MIBiG connection)
CHL22_PJ_220330_F_contig_9857.region001.gbk_region_1,C843207,None,0.51,Yes (No MIBiG connection)
CHL22_GB_220322_F_contig_5568.region001.gbk_region_1,C843207,None,0.51,Yes (No MIBiG connection)
CHL22_LR_220331_F_contig_17048.region001.gbk_region_1,C843207,None,0.51,Yes (No MIBiG connection)
CHL22_EQ_220330_F_contig_9630.region001.gbk_region_1,C843207,None,0.51,Yes (No MIBiG connection)
CHL22_CR_220324_F_contig_9525.region001.gbk_region_1,C843207,None,0.51,Yes (No MIBiG connection)
CHL22_OA_220325_F_contig_43861.region001.gbk_region_1,C843207,None,0.51,Yes (No MIBiG connection)
CR18_LH180406_S_contig_4567.region001.gbk_region_1,C843208,None,0.51,Yes (No MIBiG connection)
CR17_FA170219_1_S_contig_31142.region001.gbk_region_1,C843208,None,0.51,Yes (No MIBiG connection)
CHL22_PJ_220330_F_contig_39889.region001.gbk_region_1,C843207,None,0.51,Yes (No MIBiG connection)
CHL22_LP_220401_F_contig_19181.region001.gbk_region_1,C843207,None,0.51,Yes (No MIBiG connection)
CHL22_PJ_220330_F_contig_2851.region001.gbk_region_1,C843207,None,0.51,Yes (No MIBiG connection)
CHL22_CA_220323_F_contig_72606.region001.gbk_region_1,C843207,None,0.51,Yes (No MIBiG connection)
CHL22_QN_220317_F_contig_147005.region001.gbk_region_1,C843207,None,0.51,Yes (No MIBiG connection)
CHL22_OA_220325_F_contig_116184.region001.gbk_region_1,C843207,None,0.51,Yes (No MIBiG connection)
CHL22_CA_220323_F_contig_67065.region001.gbk_region_1,C843207,None,0.51,Yes (No MIBiG connection)
CHL22_CC_220324_F_contig_8151.region001.gbk_region_1,C843207,None,0.51,Yes (No MIBiG connection)
CHL22_LR_220331_F_contig_41685.region001.gbk_region_1,C843207,None,0.51,Yes (No MIBiG connection)
CHL22_EQ_220330_F_contig_10154.region001.gbk_region_1,C843207,None,0.51,Yes (No MIBiG connection)
CHL22_PR_220403_F_contig_45255.region001.gbk_region_1,C843207,None,0.51,Yes (No MIBiG connection)
CHL22_LC_220316_F_contig_99742.region001.gbk_region_1,C843207,None,0.51,Yes (No MIBiG connection)
AEO22_OS_220830_F_contig_63055.region001.gbk_region_1,C843207,None,0.51,Yes (No MIBiG connection)
CHL22_IS_220328_F_contig_10634.region001.gbk_region_1,C843207,None,0.51,Yes (No MIBiG connection)
CHL22_LC_220316_F_contig_30145.region001.gbk_region_1,C843207,None,0.51,Yes (No MIBiG connection)
CHL22_SR_220328_F_contig_18891.region001.gbk_region_1,C843207,None,0.51,Yes (No MIBiG connection)
CHL22_CH_220319_F_contig_60592.region001.gbk_region_1,C843207,None,0.51,Yes (No MIBiG connection)
AEO22_BP2_220829_F_contig_33144.region001.gbk_region_1,C843207,None,0.51,Yes (No MIBiG connection)
CHL22_OA_220325_F_contig_9878.region001.gbk_region_1,C843207,None,0.51,Yes (No MIBiG connection)
CHL22_PJ_220330_F_contig_12039.region001.gbk_region_1,C843207,None,0.51,Yes (No MIBiG connection)
CHL22_OA_220325_F_contig_94213.region001.gbk_region_1,C843207,None,0.51,Yes (No MIBiG connection)
CHL22_QN_220317_F_contig_186631.region001.gbk_region_1,C843207,None,0.51,Yes (No MIBiG connection)
HYD22_CB_221018_F_contig_52766.region001.gbk_region_1,C843207,None,0.51,Yes (No MIBiG connection)
CHL22_CU_220402_F_contig_92248.region001.gbk_region_1,C843207,None,0.51,Yes (No MIBiG connection)
ARG19_PM_190223_S_contig_868.region001.gbk_region_1,C843207,None,0.51,Yes (No MIBiG connection)
CR18_ER180415_S_contig_7712.region001.gbk_region_1,C843207,None,0.51,Yes (No MIBiG connection)
CHL22_CC_220324_F_contig_86263.region001.gbk_region_1,C843207,None,0.51,Yes (No MIBiG connection)
CHL22_EQ_220330_F_contig_10007.region001.gbk_region_1,C843207,None,0.51,Yes (No MIBiG connection)
CHL22_SR_220328_F_contig_22387.region001.gbk_region_1,C843207,None,0.51,Yes (No MIBiG connection)
CHL22_LC_220316_F_contig_80233.region001.gbk_region_1,C843207,None,0.51,Yes (No MIBiG connection)
CHL22_CU_220402_F_contig_19346.region001.gbk_region_1,C843207,BGC0002512.gbk_region_1,0.49,No (Directly observed)
ISL21_GN1_210601_F_contig_1089.region001.gbk_region_1,C843207,None,0.51,Yes (No MIBiG connection)
CHL22_LP_220401_F_contig_36814.region001.gbk_region_1,C843207,None,0.51,Yes (No MIBiG connection)
CHL22_GB_220322_F_contig_24047.region001.gbk_region_1,C843207,BGC0002408.gbk_region_1,0.46,No (Directly observed)
SJ_230730_F_NODE_3489_length_4676_cov_3.325288.region001.gbk_region_1,C843207,None,0.51,Yes (No MIBiG connection)
CR17_QN170220_F_contig_4658.region001.gbk_region_1,C843207,None,0.51,Yes (No MIBiG connection)
CHL22_PR_220403_F_contig_31277.region001.gbk_region_1,C843207,None,0.51,Yes (No MIBiG connection)
CHL22_LP_220401_F_contig_10353.region001.gbk_region_1,C843207,None,0.51,Yes (No MIBiG connection)
CHL22_EQ_220330_F_contig_43251.region001.gbk_region_1,C843207,BGC0000332.gbk_region_1,0.49,No (Directly observed)
CR19_RCB_190612_F_contig_5049.region001.gbk_region_1,C843209,None,0.51,Yes (No MIBiG connection)
CR18_LH180406_S_contig_12934.region001.gbk_region_1,C843209,None,0.51,Yes (No MIBiG connection)
CHL22_CC_220324_F_contig_48741.region001.gbk_region_1,C843209,None,0.51,Yes (No MIBiG connection)
CR18_CV180410_F_contig_17661.region001.gbk_region_1,C843209,None,0.51,Yes (No MIBiG connection)
CR18_LH180406_F_contig_9230.region001.gbk_region_1,C843209,None,0.51,Yes (No MIBiG connection)
CR18_HA180403_F_contig_1095.region001.gbk_region_1,C843211,None,0.51,Yes (No MIBiG connection)
CHL22_OA_220325_F_contig_59830.region001.gbk_region_1,C843211,None,0.51,Yes (No MIBiG connection)
CHL22_GB_220322_F_contig_36748.region001.gbk_region_1,C843211,None,0.51,Yes (No MIBiG connection)
AEO22_OS_220830_F_contig_26808.region001.gbk_region_1,C843211,None,0.51,Yes (No MIBiG connection)
AEO22_LB_220827_F_contig_23872.region001.gbk_region_1,C843211,None,0.51,Yes (No MIBiG connection)
TR_230731_S_NODE_392_length_55425_cov_9.857373.region001.gbk_region_1,C843211,None,0.51,Yes (No MIBiG connection)
CR17_QH170213_2_S_contig_51.region002.gbk_region_2,C843211,None,0.51,Yes (No MIBiG connection)
CHL22_LN_220321_F_contig_13054.region001.gbk_region_1,C843211,None,0.51,Yes (No MIBiG connection)
AEO22_GV_220827_F_contig_2345.region001.gbk_region_1,C843211,None,0.51,Yes (No MIBiG connection)
GUY_SRR21545388_k141_1392360.region001.gbk_region_1,C843211,BGC0002484.gbk_region_1,0.48,No (Directly observed)
TR_230731_F_NODE_2348_length_15969_cov_2.005176.region001.gbk_region_1,C843211,None,0.51,Yes (No MIBiG connection)
CHL22_PR_220403_F_contig_20523.region002.gbk_region_2,C843211,None,0.51,Yes (No MIBiG connection)
CR18_CW180415_S_contig_67.region001.gbk_region_1,C843211,None,0.51,Yes (No MIBiG connection)
NR_230731_S_NODE_560_length_36103_cov_4.320603.region001.gbk_region_1,C843211,None,0.51,Yes (No MIBiG connection)
HYD22_SC_221020_F_contig_5274.region001.gbk_region_1,C843211,None,0.51,Yes (No MIBiG connection)
NR_230731_F_NODE_2626_length_12072_cov_2.302219.region001.gbk_region_1,C843211,None,0.51,Yes (No MIBiG connection)
CR17_QH170213_1_F_contig_39.region001.gbk_region_1,C843211,None,0.51,Yes (No MIBiG connection)
HYD22_SC_221020_F_contig_72160.region001.gbk_region_1,C843207,None,0.51,Yes (No MIBiG connection)
CR18_LE180416_F_contig_51256.region001.gbk_region_1,C843207,None,0.51,Yes (No MIBiG connection)
CHL22_CU_220402_F_contig_97752.region001.gbk_region_1,C843207,None,0.51,Yes (No MIBiG connection)
NR_230731_F_NODE_42523_length_2045_cov_0.744526.region001.gbk_region_1,C843207,None,0.51,Yes (No MIBiG connection)
CR18_CV180410_S_contig_20517.region001.gbk_region_1,C843207,None,0.51,Yes (No MIBiG connection)
CHL22_CC_220324_F_contig_14600.region001.gbk_region_1,C843207,None,0.51,Yes (No MIBiG connection)
AEO22_BO_220829_F_contig_55216.region001.gbk_region_1,C843207,None,0.51,Yes (No MIBiG connection)
CHL22_CC_220324_F_contig_12746.region001.gbk_region_1,C843207,None,0.51,Yes (No MIBiG connection)
CHL22_CU_220402_F_contig_112343.region001.gbk_region_1,C843207,None,0.51,Yes (No MIBiG connection)
NR_230731_F_NODE_29341_length_2582_cov_0.759674.region001.gbk_region_1,C843207,None,0.51,Yes (No MIBiG connection)
CHL22_IS_220328_F_contig_9969.region001.gbk_region_1,C843207,None,0.51,Yes (No MIBiG connection)
CR18_GE180403_S_contig_22002.region001.gbk_region_1,C843207,None,0.51,Yes (No MIBiG connection)
CR18_ER180415_S_contig_12393.region001.gbk_region_1,C843207,None,0.51,Yes (No MIBiG connection)
CHL22_QN_220317_F_contig_169066.region001.gbk_region_1,C843207,None,0.51,Yes (No MIBiG connection)
CR18_LP180406_F_contig_34203.region001.gbk_region_1,C843207,None,0.51,Yes (No MIBiG connection)
CHL22_QN_220317_F_contig_103395.region001.gbk_region_1,C843207,None,0.51,Yes (No MIBiG connection)
CHL22_LC_220316_F_contig_31031.region001.gbk_region_1,C843207,None,0.51,Yes (No MIBiG connection)
CR18_LE180416_S_contig_34390.region001.gbk_region_1,C843207,None,0.51,Yes (No MIBiG connection)
CHL22_EQ_220330_F_contig_23274.region001.gbk_region_1,C843207,None,0.51,Yes (No MIBiG connection)
CR18_BW180407_F_contig_26207.region001.gbk_region_1,C843207,None,0.51,Yes (No MIBiG connection)
CR18_CW180415_S_contig_32287.region001.gbk_region_1,C843207,None,0.51,Yes (No MIBiG connection)
CR17_FA170219_1_S_contig_39577.region001.gbk_region_1,C843207,None,0.51,Yes (No MIBiG connection)
CHL22_LA_220331_F_contig_5458.region001.gbk_region_1,C843207,None,0.51,Yes (No MIBiG connection)
CHL22_SR_220328_F_contig_21096.region001.gbk_region_1,C843207,None,0.51,Yes (No MIBiG connection)
CHL22_EQ_220330_F_contig_26796.region001.gbk_region_1,C843207,None,0.51,Yes (No MIBiG connection)
FEN_BA_S_NODE_6576_length_3136_cov_4.003895.region001.gbk_region_1,C843207,None,0.51,Yes (No MIBiG connection)
CHL22_CA_220323_F_contig_42761.region001.gbk_region_1,C843207,None,0.51,Yes (No MIBiG connection)
CR18_MC180404_F_contig_4935.region001.gbk_region_1,C843208,None,0.51,Yes (No MIBiG connection)
CR18_LE180416_S_contig_1005.region001.gbk_region_1,C843208,None,0.51,Yes (No MIBiG connection)
CR17_CY170214_S_contig_1443.region001.gbk_region_1,C843208,None,0.51,Yes (No MIBiG connection)
HYD22_SP_221019_F_contig_9838.region001.gbk_region_1,C843208,None,0.51,Yes (No MIBiG connection)
CR17_RS170216_F_contig_1506.region001.gbk_region_1,C843208,None,0.51,Yes (No MIBiG connection)
CR17_FA170219_1_S_contig_18158.region001.gbk_region_1,C843208,None,0.51,Yes (No MIBiG connection)
CR17_CY170214_S_contig_15.region001.gbk_region_1,C843208,None,0.51,Yes (No MIBiG connection)
CR17_SL170214_S_contig_1803.region001.gbk_region_1,C843208,None,0.51,Yes (No MIBiG connection)
CR18_RC180404_S_contig_498.region001.gbk_region_1,C843208,None,0.51,Yes (No MIBiG connection)
CHL22_OA_220325_F_contig_110355.region001.gbk_region_1,C843208,None,0.51,Yes (No MIBiG connection)
CHL22_EQ_220330_F_contig_31522.region001.gbk_region_1,C843208,None,0.51,Yes (No MIBiG connection)
CHL22_EQ_220330_F_contig_10201.region001.gbk_region_1,C843208,None,0.51,Yes (No MIBiG connection)
CHL22_LC_220316_F_contig_106480.region001.gbk_region_1,C843208,None,0.51,Yes (No MIBiG connection)
CHL22_LC_220316_F_contig_133966.region001.gbk_region_1,C843208,None,0.51,Yes (No MIBiG connection)
CHL22_QN_220317_F_contig_171325.region001.gbk_region_1,C843207,None,0.51,Yes (No MIBiG connection)
CHL22_CC_220324_F_contig_9713.region001.gbk_region_1,C843210,None,0.51,Yes (No MIBiG connection)
CHL22_IS_220328_F_contig_16818.region001.gbk_region_1,C843212,BGC0002174.gbk_region_1,0.32,No (Directly observed)
CHL22_OA_220325_F_contig_95716.region001.gbk_region_1,C843212,BGC0002174.gbk_region_1,0.3,No (Directly observed)
CR18_CZ180409_F_contig_15303.region001.gbk_region_1,C843212,BGC0002174.gbk_region_1,0.3,No (Directly observed)
KJ_230721_F_NODE_14915_length_7285_cov_1.755518.region001.gbk_region_1,C843212,BGC0002174.gbk_region_1,0.33,No (Directly observed)
CHL22_CU_220402_F_contig_111845.region001.gbk_region_1,C843212,BGC0002174.gbk_region_1,0.33,No (Directly observed)
CHL22_LP_220401_F_contig_56696.region001.gbk_region_1,C843212,BGC0002174.gbk_region_1,0.34,No (Directly observed)
HYD22_CB_221018_F_contig_352.region001.gbk_region_1,C843212,BGC0002174.gbk_region_1,0.3,No (Directly observed)
CR18_XF180416_F_contig_13699.region001.gbk_region_1,C843212,BGC0002174.gbk_region_1,0.32,No (Directly observed)
CR18_XF180416_F_contig_277.region001.gbk_region_1,C843212,BGC0002174.gbk_region_1,0.35,No (Directly observed)
CR18_BS180407_F_contig_32029.region001.gbk_region_1,C843212,BGC0002174.gbk_region_1,0.32,No (Directly observed)
CHL22_SR_220328_F_contig_78.region001.gbk_region_1,C843212,BGC0002174.gbk_region_1,0.3,No (Directly observed)
CHL22_LP_220401_F_contig_36470.region001.gbk_region_1,C843212,BGC0002174.gbk_region_1,0.3,No (Directly observed)
CHL22_PJ_220330_F_contig_24102.region001.gbk_region_1,C843212,BGC0002174.gbk_region_1,0.32,No (Directly observed)
CHL22_LP_220401_F_contig_72611.region001.gbk_region_1,C843212,BGC0002174.gbk_region_1,0.36,No (Directly observed)
CR18_XF180416_F_contig_15.region002.gbk_region_2,C843212,BGC0002174.gbk_region_1,0.31,No (Directly observed)
CR18_XF180416_F_contig_671.region001.gbk_region_1,C843212,BGC0002174.gbk_region_1,0.34,No (Directly observed)
CHL22_LP_220401_F_contig_23571.region001.gbk_region_1,C843212,BGC0002174.gbk_region_1,0.35,No (Directly observed)
TR_230731_S_NODE_24122_length_3317_cov_0.423197.region001.gbk_region_1,C843212,BGC0002174.gbk_region_1,0.32,No (Directly observed)
HYD22_CB_221018_F_contig_20457.region001.gbk_region_1,C843212,BGC0002174.gbk_region_1,0.33,No (Directly observed)
CR18_CV180410_F_contig_12274.region001.gbk_region_1,C843212,BGC0002174.gbk_region_1,0.3,No (Directly observed)
CHL22_PJ_220330_F_contig_61614.region001.gbk_region_1,C843212,BGC0002174.gbk_region_1,0.3,No (Directly observed)
CHL22_CC_220324_F_contig_60973.region001.gbk_region_1,C843212,BGC0002174.gbk_region_1,0.3,No (Directly observed)
CHL22_LC_220316_F_contig_77788.region001.gbk_region_1,C843212,BGC0002174.gbk_region_1,0.32,No (Directly observed)
CHL22_GB_220322_F_contig_25151.region001.gbk_region_1,C843212,BGC0002174.gbk_region_1,0.3,No (Directly observed)
CHL22_IS_220328_F_contig_14389.region001.gbk_region_1,C843212,BGC0002174.gbk_region_1,0.3,No (Directly observed)
CR18_CW180415_F_contig_2083.region001.gbk_region_1,C843212,BGC0002174.gbk_region_1,0.31,No (Directly observed)
AEO22_OS_220830_F_contig_21.region001.gbk_region_1,C843212,BGC0002174.gbk_region_1,0.34,No (Directly observed)
CHL22_EQ_220330_F_contig_45549.region001.gbk_region_1,C843212,BGC0002174.gbk_region_1,0.3,No (Directly observed)
KJ_230721_F_NODE_205_length_147981_cov_14.633672.region001.gbk_region_1,C843207,None,0.51,Yes (No MIBiG connection)
AEO22_CF_220902_F_contig_390.region001.gbk_region_1,C843207,BGC0002693.gbk_region_1,0.39,No (Directly observed)
FEN_FE_S_NODE_825_length_3172_cov_5.063523.region001.gbk_region_1,C843207,None,0.51,Yes (No MIBiG connection)
GUY_SRR21545382_k141_167113.region001.gbk_region_1,C843207,None,0.51,Yes (No MIBiG connection)
AEO22_TC_220902_F_contig_8434.region001.gbk_region_1,C843207,BGC0002693.gbk_region_1,0.45,No (Directly observed)
ISL21_GN1_210601_F_contig_318.region001.gbk_region_1,C843207,BGC0002693.gbk_region_1,0.42,No (Directly observed)
GUY_SRR21545388_k141_2627714.region001.gbk_region_1,C843207,None,0.51,Yes (No MIBiG connection)
CHL22_CC_220324_F_contig_35113.region001.gbk_region_1,C843207,None,0.51,Yes (No MIBiG connection)
AEO22_HO_220830_F_contig_3878.region001.gbk_region_1,C843207,BGC0002465.gbk_region_1,0.33,No (Directly observed)
CHL22_IS_220328_F_contig_4219.region001.gbk_region_1,C843207,None,0.51,Yes (No MIBiG connection)
HYD22_SC_221020_F_contig_185.region002.gbk_region_2,C843207,None,0.51,Yes (No MIBiG connection)
AEO22_TC_220902_F_contig_10614.region001.gbk_region_1,C843207,None,0.51,Yes (No MIBiG connection)
ISL21_GN1_210601_F_contig_336.region001.gbk_region_1,C843207,BGC0000296.gbk_region_1,0.48,No (Directly observed)
CHL22_CU_220402_F_contig_30862.region001.gbk_region_1,C843207,BGC0002465.gbk_region_1,0.41,No (Directly observed)
NR_230731_S_NODE_215_length_71408_cov_9.823684.region001.gbk_region_1,C843207,BGC0000400.gbk_region_1,0.49,No (Directly observed)
EPR_riftia_k141_268811.region001.gbk_region_1,C843207,None,0.51,Yes (No MIBiG connection)
CHL22_CU_220402_F_contig_62616.region001.gbk_region_1,C843207,BGC0002512.gbk_region_1,0.5,No (Directly observed)
CR18_LE180416_S_contig_1513.region001.gbk_region_1,C843207,BGC0002135.gbk_region_1,0.47,No (Directly observed)
CHL22_CU_220402_F_contig_45692.region001.gbk_region_1,C843207,BGC0001608.gbk_region_1,0.48,No (Directly observed)
CHL22_CN_220327_F_contig_47196.region001.gbk_region_1,C843207,None,0.51,Yes (No MIBiG connection)
GUY_SRR21545384_k141_406433.region001.gbk_region_1,C843207,None,0.51,Yes (No MIBiG connection)
ISL21_GN1_210601_F_contig_10.region001.gbk_region_1,C843207,BGC0001758.gbk_region_1,0.48,No (Directly observed)
KJ_230721_F_NODE_2796_length_26656_cov_23.883637.region001.gbk_region_1,C843207,None,0.51,Yes (No MIBiG connection)
CHL22_PJ_220330_F_contig_16956.region001.gbk_region_1,C843207,None,0.51,Yes (No MIBiG connection)
CHL22_CU_220402_F_contig_103785.region001.gbk_region_1,C843207,BGC0002135.gbk_region_1,0.48,No (Directly observed)
CHL22_CU_220402_F_contig_62267.region001.gbk_region_1,C843207,None,0.51,Yes (No MIBiG connection)
CHL22_CU_220402_F_contig_88649.region001.gbk_region_1,C843207,None,0.51,Yes (No MIBiG connection)
ARG19_PM_190223_S_contig_270.region001.gbk_region_1,C843207,BGC0000315.gbk_region_1,0.48,No (Directly observed)
AEO22_TC_220902_F_contig_1223.region001.gbk_region_1,C843207,None,0.51,Yes (No MIBiG connection)
FEN_LS_F_NODE_7586_length_3939_cov_4.955458.region001.gbk_region_1,C843211,None,0.51,Yes (No MIBiG connection)
CHL22_PJ_220330_F_contig_63651.region001.gbk_region_1,C843211,None,0.51,Yes (No MIBiG connection)
AEO22_BO_220829_F_contig_22.region001.gbk_region_1,C843211,None,0.51,Yes (No MIBiG connection)
EPR_teddybear_k141_602746.region001.gbk_region_1,C843211,BGC0002484.gbk_region_1,0.47,No (Directly observed)
AEO22_OS_220830_F_contig_3326.region001.gbk_region_1,C843211,None,0.51,Yes (No MIBiG connection)
CR18_SC180411_S_contig_7487.region001.gbk_region_1,C843211,None,0.51,Yes (No MIBiG connection)
CHL22_PJ_220330_F_contig_1185.region001.gbk_region_1,C843211,BGC0002484.gbk_region_1,0.4,No (Directly observed)
CR18_GE180403_S_contig_11179.region001.gbk_region_1,C843211,None,0.51,Yes (No MIBiG connection)
TR_230731_S_NODE_10379_length_6800_cov_2.689345.region001.gbk_region_1,C843211,BGC0002484.gbk_region_1,0.48,No (Directly observed)
TR_230731_S_NODE_14235_length_5218_cov_1.773325.region001.gbk_region_1,C843211,BGC0002484.gbk_region_1,0.46,No (Directly observed)
CR18_RC180404_S_contig_9499.region001.gbk_region_1,C843211,BGC0002484.gbk_region_1,0.45,No (Directly observed)
CHL22_LN_220321_F_contig_17194.region001.gbk_region_1,C843211,BGC0002484.gbk_region_1,0.49,No (Directly observed)
CHL22_GB_220322_F_contig_6307.region001.gbk_region_1,C843211,BGC0002484.gbk_region_1,0.5,No (Directly observed)
CR18_CV180410_F_contig_7951.region001.gbk_region_1,C843211,None,0.51,Yes (No MIBiG connection)
GUY_SRR21545388_k141_1999257.region001.gbk_region_1,C843211,BGC0002484.gbk_region_1,0.47,No (Directly observed)
CR17_PL170224_S_contig_187.region001.gbk_region_1,C843210,None,0.51,Yes (No MIBiG connection)
CR17_TC170221_S_contig_163.region001.gbk_region_1,C843210,None,0.51,Yes (No MIBiG connection)
HYD22_CB_221018_F_contig_235.region001.gbk_region_1,C843210,None,0.51,Yes (No MIBiG connection)
FEN_LS_S_NODE_8974_length_4732_cov_3.479367.region001.gbk_region_1,C843210,None,0.51,Yes (No MIBiG connection)
CR17_BR170218_1_F_contig_1062.region001.gbk_region_1,C843210,None,0.51,Yes (No MIBiG connection)
CR17_BR170218_1_F_contig_334.region001.gbk_region_1,C843210,None,0.51,Yes (No MIBiG connection)
CR17_BR170218_2_S_contig_1.region001.gbk_region_1,C843210,None,0.51,Yes (No MIBiG connection)
CR17_BR170218_1_S_contig_2824.region001.gbk_region_1,C843210,None,0.51,Yes (No MIBiG connection)
CR19_BR1_190716_S_contig_40.region001.gbk_region_1,C843210,None,0.51,Yes (No MIBiG connection)
CR17_TC170221_F_contig_5153.region001.gbk_region_1,C843210,None,0.51,Yes (No MIBiG connection)
CR17_BR170218_2_S_contig_765.region001.gbk_region_1,C843210,None,0.51,Yes (No MIBiG connection)
AEO22_TC_220902_F_contig_3229.region001.gbk_region_1,C843210,None,0.51,Yes (No MIBiG connection)
CHL22_LA_220331_F_contig_21184.region001.gbk_region_1,C843210,None,0.51,Yes (No MIBiG connection)
CR17_BR170218_1_S_contig_4.region001.gbk_region_1,C843210,None,0.51,Yes (No MIBiG connection)
CHL22_OA_220325_F_contig_74551.region001.gbk_region_1,C843207,None,0.51,Yes (No MIBiG connection)
CHL22_OA_220325_F_contig_19808.region001.gbk_region_1,C843207,None,0.51,Yes (No MIBiG connection)
CHL22_LC_220316_F_contig_88715.region001.gbk_region_1,C843207,None,0.51,Yes (No MIBiG connection)
CHL22_LR_220331_F_contig_5711.region001.gbk_region_1,C843207,None,0.51,Yes (No MIBiG connection)
HYD22_CB_221018_F_contig_2489.region001.gbk_region_1,C843207,None,0.51,Yes (No MIBiG connection)
CR18_GE180403_S_contig_16322.region001.gbk_region_1,C843207,None,0.51,Yes (No MIBiG connection)
CHL22_LC_220316_F_contig_6733.region001.gbk_region_1,C843207,None,0.51,Yes (No MIBiG connection)
CHL22_LC_220316_F_contig_96440.region001.gbk_region_1,C843207,None,0.51,Yes (No MIBiG connection)
CHL22_LR_220331_F_contig_13433.region001.gbk_region_1,C843207,None,0.51,Yes (No MIBiG connection)
CHL22_SR_220328_F_contig_120.region001.gbk_region_1,C843207,None,0.51,Yes (No MIBiG connection)
CR17_EP170215_S_contig_598.region001.gbk_region_1,C843207,None,0.51,Yes (No MIBiG connection)
GUY_SRR21545388_k141_1840104.region001.gbk_region_1,C843207,None,0.51,Yes (No MIBiG connection)
CHL22_LR_220331_F_contig_59889.region001.gbk_region_1,C843207,None,0.51,Yes (No MIBiG connection)
CR17_SI170217_S_contig_4616.region001.gbk_region_1,C843207,None,0.51,Yes (No MIBiG connection)
CHL22_EQ_220330_F_contig_51837.region001.gbk_region_1,C843207,None,0.51,Yes (No MIBiG connection)
CR18_ER180415_S_contig_8748.region001.gbk_region_1,C843207,None,0.51,Yes (No MIBiG connection)
AEO22_LB_220827_F_contig_13109.region001.gbk_region_1,C843207,None,0.51,Yes (No MIBiG connection)
CHL22_LP_220401_F_contig_27516.region001.gbk_region_1,C843207,None,0.51,Yes (No MIBiG connection)
CR18_HA180403_F_contig_12592.region001.gbk_region_1,C843207,None,0.51,Yes (No MIBiG connection)
CR17_PG172224_S_contig_17178.region001.gbk_region_1,C843207,None,0.51,Yes (No MIBiG connection)
CHL22_PJ_220330_F_contig_14495.region001.gbk_region_1,C843207,None,0.51,Yes (No MIBiG connection)
CHL22_OA_220325_F_contig_25771.region001.gbk_region_1,C843207,None,0.51,Yes (No MIBiG connection)
KJ_230721_F_NODE_71529_length_2350_cov_0.846604.region001.gbk_region_1,C843207,None,0.51,Yes (No MIBiG connection)
CHL22_LP_220401_F_contig_30928.region001.gbk_region_1,C843207,None,0.51,Yes (No MIBiG connection)
CR18_LE180416_F_contig_35905.region001.gbk_region_1,C843207,None,0.51,Yes (No MIBiG connection)
CR18_CV180410_S_contig_22584.region001.gbk_region_1,C843207,None,0.51,Yes (No MIBiG connection)
CR18_ER180415_S_contig_17332.region001.gbk_region_1,C843207,None,0.51,Yes (No MIBiG connection)
CR18_LE180416_S_contig_27266.region001.gbk_region_1,C843207,None,0.51,Yes (No MIBiG connection)
CHL22_CA_220323_F_contig_156753.region001.gbk_region_1,C843207,None,0.51,Yes (No MIBiG connection)
CHL22_CU_220402_F_contig_47229.region001.gbk_region_1,C843207,None,0.51,Yes (No MIBiG connection)
CHL22_CU_220402_F_contig_107804.region001.gbk_region_1,C843207,None,0.51,Yes (No MIBiG connection)
CHL22_OA_220325_F_contig_28506.region001.gbk_region_1,C843207,None,0.51,Yes (No MIBiG connection)
CHL22_CH_220319_F_contig_94668.region001.gbk_region_1,C843207,None,0.51,Yes (No MIBiG connection)
CHL22_PJ_220330_F_contig_21575.region001.gbk_region_1,C843207,None,0.51,Yes (No MIBiG connection)
CHL22_OA_220325_F_contig_55395.region001.gbk_region_1,C843207,None,0.51,Yes (No MIBiG connection)
AEO22_LB_220827_F_contig_105016.region001.gbk_region_1,C843207,None,0.51,Yes (No MIBiG connection)
AEO22_HO_220830_F_contig_28176.region001.gbk_region_1,C843208,None,0.51,Yes (No MIBiG connection)
CHL22_EQ_220330_F_contig_30882.region001.gbk_region_1,C843208,None,0.51,Yes (No MIBiG connection)
CH20_TF_200303_S_contig_117.region001.gbk_region_1,C843208,None,0.51,Yes (No MIBiG connection)
CR17_CY170214_S_contig_176.region001.gbk_region_1,C843208,None,0.51,Yes (No MIBiG connection)
CHL22_CH_220319_F_contig_79055.region001.gbk_region_1,C843208,None,0.51,Yes (No MIBiG connection)
CHL22_CH_220319_F_contig_121432.region001.gbk_region_1,C843208,None,0.51,Yes (No MIBiG connection)
CR17_BR170218_1_S_contig_6717.region001.gbk_region_1,C843208,None,0.51,Yes (No MIBiG connection)
CR17_BR170218_1_F_contig_4632.region001.gbk_region_1,C843208,None,0.51,Yes (No MIBiG connection)
CR17_BR170218_2_S_contig_4022.region001.gbk_region_1,C843208,None,0.51,Yes (No MIBiG connection)
CR17_FA170219_1_S_contig_1863.region001.gbk_region_1,C843208,None,0.51,Yes (No MIBiG connection)
CR18_LE180416_F_contig_13951.region001.gbk_region_1,C843207,BGC0001018.gbk_region_1,0.49,No (Directly observed)
CR17_PG172224_F_contig_1201.region001.gbk_region_1,C843207,BGC0001818.gbk_region_1,0.49,No (Directly observed)
GUY_SRR21545388_k141_1809624.region001.gbk_region_1,C843209,None,0.51,Yes (No MIBiG connection)
CR17_FA170219_1_S_contig_49539.region001.gbk_region_1,C843207,None,0.51,Yes (No MIBiG connection)
CHL22_LC_220316_F_contig_65915.region001.gbk_region_1,C843209,None,0.51,Yes (No MIBiG connection)
HYD22_FC_221023_F_contig_28712.region001.gbk_region_1,C843209,None,0.51,Yes (No MIBiG connection)
CR17_RS170216_S_contig_28749.region001.gbk_region_1,C843207,None,0.51,Yes (No MIBiG connection)
CHL22_OA_220325_F_contig_18317.region001.gbk_region_1,C843209,None,0.51,Yes (No MIBiG connection)
CR18_MC180404_F_contig_14412.region001.gbk_region_1,C843209,None,0.51,Yes (No MIBiG connection)
CR17_PG172224_S_contig_71569.region001.gbk_region_1,C843209,None,0.51,Yes (No MIBiG connection)
CR17_CY170214_S_contig_48271.region001.gbk_region_1,C843209,BGC0000427.gbk_region_1,0.49,No (Directly observed)
CHL22_LA_220331_F_contig_13006.region001.gbk_region_1,C843209,None,0.51,Yes (No MIBiG connection)
CR18_CH180410_F_contig_7545.region001.gbk_region_1,C843209,None,0.51,Yes (No MIBiG connection)
CHL22_CC_220324_F_contig_38673.region001.gbk_region_1,C843209,None,0.51,Yes (No MIBiG connection)
AEO22_GV_220827_F_contig_40648.region001.gbk_region_1,C843209,None,0.51,Yes (No MIBiG connection)
ISL21_GN1_210601_F_contig_1768.region001.gbk_region_1,C843209,BGC0000427.gbk_region_1,0.49,No (Directly observed)
CHL22_LC_220316_F_contig_36732.region001.gbk_region_1,C843209,None,0.51,Yes (No MIBiG connection)
HYD22_CB_221018_F_contig_61060.region001.gbk_region_1,C843207,None,0.51,Yes (No MIBiG connection)
EPR_teddybear_k141_648628.region001.gbk_region_1,C843207,None,0.51,Yes (No MIBiG connection)
AEO22_BO_220829_F_contig_51593.region001.gbk_region_1,C843209,None,0.51,Yes (No MIBiG connection)
CR18_LE180416_S_contig_26955.region001.gbk_region_1,C843209,None,0.51,Yes (No MIBiG connection)
AEO22_TC_220902_F_contig_40537.region001.gbk_region_1,C843209,None,0.51,Yes (No MIBiG connection)
CHL22_LC_220316_F_contig_98607.region001.gbk_region_1,C843209,None,0.51,Yes (No MIBiG connection)
HYD22_FC_221023_F_contig_70268.region001.gbk_region_1,C843209,None,0.51,Yes (No MIBiG connection)
CHL22_LC_220316_F_contig_8470.region001.gbk_region_1,C843209,None,0.51,Yes (No MIBiG connection)
CR18_ER180415_F_contig_12368.region001.gbk_region_1,C843209,None,0.51,Yes (No MIBiG connection)
KJ_230721_F_NODE_65406_length_2507_cov_0.761345.region001.gbk_region_1,C843209,None,0.51,Yes (No MIBiG connection)
CR17_ET170220_1_S_contig_24302.region001.gbk_region_1,C843209,None,0.51,Yes (No MIBiG connection)
CHL22_LA_220331_F_contig_11497.region001.gbk_region_1,C843209,None,0.51,Yes (No MIBiG connection)
CHL22_LP_220401_F_contig_15270.region001.gbk_region_1,C843209,None,0.51,Yes (No MIBiG connection)
TR_230731_F_NODE_20240_length_3400_cov_1.034830.region001.gbk_region_1,C843208,None,0.51,Yes (No MIBiG connection)
CR18_GE180403_S_contig_15343.region001.gbk_region_1,C843208,None,0.51,Yes (No MIBiG connection)
CR17_EP170215_S_contig_10634.region001.gbk_region_1,C843208,None,0.51,Yes (No MIBiG connection)
CR17_TC170221_S_contig_9287.region001.gbk_region_1,C843208,None,0.51,Yes (No MIBiG connection)
HYD22_SC_221020_F_contig_347.region001.gbk_region_1,C843207,BGC0001135.gbk_region_1,0.48,No (Directly observed)
HYD22_SC_221020_F_contig_8033.region001.gbk_region_1,C843207,BGC0002358.gbk_region_1,0.48,No (Directly observed)
CHL22_GB_220322_F_contig_5599.region001.gbk_region_1,C843207,None,0.51,Yes (No MIBiG connection)
CHL22_CR_220324_F_contig_19315.region001.gbk_region_1,C843207,None,0.51,Yes (No MIBiG connection)
CR17_ET170220_1_S_contig_2596.region001.gbk_region_1,C843207,BGC0002358.gbk_region_1,0.5,No (Directly observed)
FEN_SI_1_NODE_746_length_10473_cov_6.330294.region001.gbk_region_1,C843207,None,0.51,Yes (No MIBiG connection)
HYD22_SC_221020_F_contig_7107.region001.gbk_region_1,C843207,None,0.51,Yes (No MIBiG connection)
EPR_teddybear_k141_256722.region001.gbk_region_1,C843207,None,0.51,Yes (No MIBiG connection)
CR18_RC180404_S_contig_33010.region001.gbk_region_1,C843207,None,0.51,Yes (No MIBiG connection)
ARG19_PM_190223_S_contig_9407.region001.gbk_region_1,C843207,None,0.51,Yes (No MIBiG connection)
CR18_XF180416_F_contig_25105.region001.gbk_region_1,C843207,None,0.51,Yes (No MIBiG connection)
CHL22_LC_220316_F_contig_41629.region001.gbk_region_1,C843207,None,0.51,Yes (No MIBiG connection)
HYD22_CB_221018_F_contig_1108.region001.gbk_region_1,C843207,None,0.51,Yes (No MIBiG connection)
AEO22_OS_220830_F_contig_90626.region001.gbk_region_1,C843207,None,0.51,Yes (No MIBiG connection)
HYD22_SC_221020_F_contig_60596.region001.gbk_region_1,C843207,None,0.51,Yes (No MIBiG connection)
CHL22_CC_220324_F_contig_17716.region001.gbk_region_1,C843207,None,0.51,Yes (No MIBiG connection)
CHL22_PJ_220330_F_contig_37322.region001.gbk_region_1,C843207,None,0.51,Yes (No MIBiG connection)
CR17_TC170221_F_contig_17319.region001.gbk_region_1,C843207,None,0.51,Yes (No MIBiG connection)
CR19_RCA_190612_F_contig_3444.region001.gbk_region_1,C843207,None,0.51,Yes (No MIBiG connection)
CHL22_IS_220328_F_contig_15655.region001.gbk_region_1,C843207,None,0.51,Yes (No MIBiG connection)
CHL22_OA_220325_F_contig_2167.region001.gbk_region_1,C843207,None,0.51,Yes (No MIBiG connection)
CHL22_QN_220317_F_contig_23573.region001.gbk_region_1,C843207,None,0.51,Yes (No MIBiG connection)
SJ_230730_F_NODE_4540_length_3916_cov_3.842928.region001.gbk_region_1,C843207,BGC0002421.gbk_region_1,0.24,No (Directly observed)
FEN_SI_1_NODE_7023_length_2983_cov_6.432377.region001.gbk_region_1,C843207,None,0.51,Yes (No MIBiG connection)
CR18_CV180410_S_contig_2448.region001.gbk_region_1,C843207,None,0.51,Yes (No MIBiG connection)
CHL22_CU_220402_F_contig_88239.region001.gbk_region_1,C843207,None,0.51,Yes (No MIBiG connection)
CHL22_LP_220401_F_contig_9514.region001.gbk_region_1,C843207,None,0.51,Yes (No MIBiG connection)
CHL22_CU_220402_F_contig_20006.region001.gbk_region_1,C843207,BGC0002693.gbk_region_1,0.47,No (Directly observed)
EPR_teddybear_k141_241878.region001.gbk_region_1,C843207,None,0.51,Yes (No MIBiG connection)
CHL22_PJ_220330_F_contig_18668.region001.gbk_region_1,C843207,None,0.51,Yes (No MIBiG connection)
CHL22_LP_220401_F_contig_39780.region001.gbk_region_1,C843207,None,0.51,Yes (No MIBiG connection)
CR18_LE180416_F_contig_18777.region001.gbk_region_1,C843207,None,0.51,Yes (No MIBiG connection)
CHL22_QN_220317_F_contig_48803.region001.gbk_region_1,C843207,None,0.51,Yes (No MIBiG connection)
CHL22_QN_220317_F_contig_54768.region001.gbk_region_1,C843207,None,0.51,Yes (No MIBiG connection)
CHL22_QN_220317_F_contig_23566.region001.gbk_region_1,C843207,None,0.51,Yes (No MIBiG connection)
CHL22_PJ_220330_F_contig_32596.region001.gbk_region_1,C843207,None,0.51,Yes (No MIBiG connection)
CHL22_CU_220402_F_contig_34525.region001.gbk_region_1,C843207,None,0.51,Yes (No MIBiG connection)
CHL22_EQ_220330_F_contig_49188.region001.gbk_region_1,C843207,BGC0000332.gbk_region_1,0.47,No (Directly observed)
CHL22_QN_220317_F_contig_6339.region001.gbk_region_1,C843207,None,0.51,Yes (No MIBiG connection)
CHL22_CU_220402_F_contig_64849.region001.gbk_region_1,C843207,None,0.51,Yes (No MIBiG connection)
GUY_SRR21545382_k141_151489.region001.gbk_region_1,C843207,None,0.51,Yes (No MIBiG connection)
CHL22_CZ_220329_F_contig_70581.region001.gbk_region_1,C843207,None,0.51,Yes (No MIBiG connection)
CHL22_QN_220317_F_contig_160792.region001.gbk_region_1,C843207,None,0.51,Yes (No MIBiG connection)
GUY_SRR21545382_k141_176057.region001.gbk_region_1,C843207,None,0.51,Yes (No MIBiG connection)
CR18_RC180404_S_contig_18245.region001.gbk_region_1,C843207,None,0.51,Yes (No MIBiG connection)
EPR_teddybear_k141_717003.region001.gbk_region_1,C843207,None,0.51,Yes (No MIBiG connection)
HYD22_CB_221018_F_contig_22873.region001.gbk_region_1,C843207,None,0.51,Yes (No MIBiG connection)
CR17_FA170219_1_S_contig_15957.region001.gbk_region_1,C843207,None,0.51,Yes (No MIBiG connection)
AEO22_BP2_220829_F_contig_12965.region001.gbk_region_1,C843207,None,0.51,Yes (No MIBiG connection)
CR18_CH180410_S_contig_8321.region001.gbk_region_1,C843207,None,0.51,Yes (No MIBiG connection)
CR17_PG172224_S_contig_18930.region001.gbk_region_1,C843207,None,0.51,Yes (No MIBiG connection)
GUY_SRR21545382_k141_1710008.region001.gbk_region_1,C843207,BGC0002564.gbk_region_1,0.46,No (Directly observed)
AEO22_LB_220827_F_contig_92740.region001.gbk_region_1,C843207,None,0.51,Yes (No MIBiG connection)
CR18_CV180410_S_contig_4652.region001.gbk_region_1,C843207,None,0.51,Yes (No MIBiG connection)
AEO22_AC_220827_F_contig_21076.region001.gbk_region_1,C843207,None,0.51,Yes (No MIBiG connection)
CR18_RC180404_S_contig_4351.region001.gbk_region_1,C843207,None,0.51,Yes (No MIBiG connection)
GUY_SRR21545382_k141_1802103.region001.gbk_region_1,C843207,None,0.51,Yes (No MIBiG connection)
ARG19_IN_190223_S_contig_9977.region001.gbk_region_1,C843207,None,0.51,Yes (No MIBiG connection)
CR19_EP_190616_S_contig_1972.region001.gbk_region_1,C843207,None,0.51,Yes (No MIBiG connection)
HYD22_CB_221018_F_contig_37763.region001.gbk_region_1,C843207,None,0.51,Yes (No MIBiG connection)
HYD22_SC_221020_F_contig_22632.region001.gbk_region_1,C843207,None,0.51,Yes (No MIBiG connection)
AEO22_BO_220829_F_contig_43709.region001.gbk_region_1,C843207,None,0.51,Yes (No MIBiG connection)
CHL22_CU_220402_F_contig_11996.region001.gbk_region_1,C843207,None,0.51,Yes (No MIBiG connection)
GUY_SRR21545382_k141_1709905.region001.gbk_region_1,C843207,None,0.51,Yes (No MIBiG connection)
CHL22_OA_220325_F_contig_106054.region001.gbk_region_1,C843207,None,0.51,Yes (No MIBiG connection)
CR18_ER180415_S_contig_10169.region001.gbk_region_1,C843207,None,0.51,Yes (No MIBiG connection)
CR17_FA170219_1_S_contig_18857.region001.gbk_region_1,C843207,None,0.51,Yes (No MIBiG connection)
EPR_teddybear_k141_72265.region001.gbk_region_1,C843207,None,0.51,Yes (No MIBiG connection)
CHL22_CC_220324_F_contig_53355.region001.gbk_region_1,C843207,None,0.51,Yes (No MIBiG connection)
CR19_SG_190719_S_contig_431.region001.gbk_region_1,C843207,None,0.51,Yes (No MIBiG connection)
CHL22_CC_220324_F_contig_1624.region001.gbk_region_1,C843207,BGC0002512.gbk_region_1,0.49,No (Directly observed)
CHL22_CC_220324_F_contig_65193.region001.gbk_region_1,C843207,None,0.51,Yes (No MIBiG connection)
CHL22_CU_220402_F_contig_113738.region001.gbk_region_1,C843207,None,0.51,Yes (No MIBiG connection)
CHL22_CR_220324_F_contig_36620.region001.gbk_region_1,C843207,None,0.51,Yes (No MIBiG connection)
HYD22_SC_221020_F_contig_20959.region001.gbk_region_1,C843207,None,0.51,Yes (No MIBiG connection)
CHL22_QN_220317_F_contig_9516.region001.gbk_region_1,C843207,None,0.51,Yes (No MIBiG connection)
CR17_CY170214_S_contig_3676.region001.gbk_region_1,C843207,BGC0000369.gbk_region_1,0.47,No (Directly observed)
CHL22_CU_220402_F_contig_85929.region001.gbk_region_1,C843207,BGC0003051.gbk_region_1,0.48,No (Directly observed)
CHL22_LC_220316_F_contig_58663.region001.gbk_region_1,C843207,None,0.51,Yes (No MIBiG connection)
AEO22_LB_220827_F_contig_63803.region001.gbk_region_1,C843207,None,0.51,Yes (No MIBiG connection)
CHL22_CC_220324_F_contig_3927.region001.gbk_region_1,C843207,None,0.51,Yes (No MIBiG connection)
CHL22_SR_220328_F_contig_17884.region001.gbk_region_1,C843207,BGC0000332.gbk_region_1,0.46,No (Directly observed)
CHL22_PR_220403_F_contig_18209.region001.gbk_region_1,C843207,None,0.51,Yes (No MIBiG connection)
CHL22_LC_220316_F_contig_32025.region001.gbk_region_1,C843207,BGC0000327.gbk_region_1,0.5,No (Directly observed)
GUY_SRR21545382_k141_1839219.region001.gbk_region_1,C843207,None,0.51,Yes (No MIBiG connection)
CHL22_CU_220402_F_contig_108749.region001.gbk_region_1,C843207,None,0.51,Yes (No MIBiG connection)
CHL22_QN_220317_F_contig_139702.region001.gbk_region_1,C843207,None,0.51,Yes (No MIBiG connection)
AEO22_LB_220827_F_contig_96594.region001.gbk_region_1,C843207,None,0.51,Yes (No MIBiG connection)
CHL22_CC_220324_F_contig_62165.region001.gbk_region_1,C843207,None,0.51,Yes (No MIBiG connection)
ARG19_IN_190223_S_contig_16371.region001.gbk_region_1,C843207,None,0.51,Yes (No MIBiG connection)
HYD22_SB_221021_F_contig_29324.region001.gbk_region_1,C843207,None,0.51,Yes (No MIBiG connection)
CHL22_CU_220402_F_contig_112004.region001.gbk_region_1,C843207,BGC0003051.gbk_region_1,0.48,No (Directly observed)
CHL22_LR_220331_F_contig_96.region001.gbk_region_1,C843207,None,0.51,Yes (No MIBiG connection)
CHL22_PR_220403_F_contig_47052.region001.gbk_region_1,C843207,None,0.51,Yes (No MIBiG connection)
CHL22_CC_220324_F_contig_8264.region001.gbk_region_1,C843207,None,0.51,Yes (No MIBiG connection)
GUY_SRR21545382_k141_151504.region001.gbk_region_1,C843207,None,0.51,Yes (No MIBiG connection)
ISL21_GN1_210601_F_contig_1354.region001.gbk_region_1,C843207,BGC0003051.gbk_region_1,0.5,No (Directly observed)
CHL22_CU_220402_F_contig_72603.region001.gbk_region_1,C843207,None,0.51,Yes (No MIBiG connection)
CR17_CY170214_S_contig_3074.region001.gbk_region_1,C843207,None,0.51,Yes (No MIBiG connection)
CR18_YR180404_F_contig_20503.region001.gbk_region_1,C843207,None,0.51,Yes (No MIBiG connection)
CHL22_CU_220402_F_contig_41407.region001.gbk_region_1,C843207,BGC0003051.gbk_region_1,0.48,No (Directly observed)
CHL22_OA_220325_F_contig_95271.region001.gbk_region_1,C843207,None,0.51,Yes (No MIBiG connection)
EPR_riftia_k141_296398.region001.gbk_region_1,C843207,BGC0001147.gbk_region_1,0.49,No (Directly observed)
CHL22_QN_220317_F_contig_105209.region001.gbk_region_1,C843207,BGC0000414.gbk_region_1,0.48,No (Directly observed)
CHL22_PJ_220330_F_contig_36348.region001.gbk_region_1,C843207,None,0.51,Yes (No MIBiG connection)
CHL22_LC_220316_F_contig_74213.region001.gbk_region_1,C843207,None,0.51,Yes (No MIBiG connection)
CHL22_PJ_220330_F_contig_33664.region001.gbk_region_1,C843207,None,0.51,Yes (No MIBiG connection)
HYD22_CB_221018_F_contig_4093.region001.gbk_region_1,C843207,None,0.51,Yes (No MIBiG connection)
CR18_CI180408_F_contig_7706.region001.gbk_region_1,C843207,BGC0000327.gbk_region_1,0.5,No (Directly observed)
CHL22_GB_220322_F_contig_8268.region003.gbk_region_3,C843208,None,0.51,Yes (No MIBiG connection)
CR17_RS170216_S_contig_500.region001.gbk_region_1,C843208,None,0.51,Yes (No MIBiG connection)
CHL22_EQ_220330_F_contig_52353.region001.gbk_region_1,C843208,None,0.51,Yes (No MIBiG connection)
CR17_ET170220_1_S_contig_330.region001.gbk_region_1,C843208,None,0.51,Yes (No MIBiG connection)
CR17_BR170218_2_S_contig_637.region001.gbk_region_1,C843208,None,0.51,Yes (No MIBiG connection)
CHL22_QN_220317_F_contig_87268.region001.gbk_region_1,C843208,None,0.51,Yes (No MIBiG connection)
CR17_PG172224_S_contig_20.region001.gbk_region_1,C843208,None,0.51,Yes (No MIBiG connection)
TR_230731_S_NODE_4497_length_13202_cov_1.205889.region001.gbk_region_1,C843208,None,0.51,Yes (No MIBiG connection)
CHL22_CC_220324_F_contig_32726.region001.gbk_region_1,C843208,None,0.51,Yes (No MIBiG connection)
CHL22_LN_220321_F_contig_20015.region003.gbk_region_3,C843208,None,0.51,Yes (No MIBiG connection)
CR17_EP170215_S_contig_46783.region001.gbk_region_1,C843208,None,0.51,Yes (No MIBiG connection)
CHL22_SR_220328_F_contig_23720.region001.gbk_region_1,C843208,None,0.51,Yes (No MIBiG connection)
FEN_LS_S_NODE_2409_length_12628_cov_5.958642.region001.gbk_region_1,C843208,None,0.51,Yes (No MIBiG connection)
FEN_LS_S_NODE_1293_length_19670_cov_4.912567.region001.gbk_region_1,C843208,None,0.51,Yes (No MIBiG connection)
CR17_S14_S_contig_100.region001.gbk_region_1,C843208,None,0.51,Yes (No MIBiG connection)
CHL22_QN_220317_F_contig_75959.region001.gbk_region_1,C843208,None,0.51,Yes (No MIBiG connection)
ARG19_PM_190223_S_contig_3757.region001.gbk_region_1,C843208,None,0.51,Yes (No MIBiG connection)
CHL22_QN_220317_F_contig_16332.region001.gbk_region_1,C843208,None,0.51,Yes (No MIBiG connection)
FEN_LS_F_NODE_488_length_27192_cov_4.341821.region001.gbk_region_1,C843208,None,0.51,Yes (No MIBiG connection)
CR18_LH180406_S_contig_6272.region001.gbk_region_1,C843208,None,0.51,Yes (No MIBiG connection)
CHL22_LA_220331_F_contig_19395.region001.gbk_region_1,C843208,None,0.51,Yes (No MIBiG connection)
CR17_CY170214_S_contig_22678.region001.gbk_region_1,C843208,None,0.51,Yes (No MIBiG connection)
CR17_SI170217_S_contig_53605.region001.gbk_region_1,C843208,None,0.51,Yes (No MIBiG connection)
CHL22_LA_220331_F_contig_13452.region001.gbk_region_1,C843212,None,0.51,Yes (No MIBiG connection)
CHL22_CC_220324_F_contig_12900.region001.gbk_region_1,C843212,None,0.51,Yes (No MIBiG connection)
CHL22_PJ_220330_F_contig_4488.region001.gbk_region_1,C843212,None,0.51,Yes (No MIBiG connection)
CHL22_OA_220325_F_contig_66608.region001.gbk_region_1,C843212,None,0.51,Yes (No MIBiG connection)
CHL22_EQ_220330_F_contig_51925.region001.gbk_region_1,C843212,None,0.51,Yes (No MIBiG connection)
CHL22_LC_220316_F_contig_63415.region001.gbk_region_1,C843212,None,0.51,Yes (No MIBiG connection)
CHL22_IS_220328_F_contig_4226.region001.gbk_region_1,C843212,None,0.51,Yes (No MIBiG connection)
CHL22_LP_220401_F_contig_8663.region001.gbk_region_1,C843212,None,0.51,Yes (No MIBiG connection)
HYD22_CB_221018_F_contig_349.region001.gbk_region_1,C843212,None,0.51,Yes (No MIBiG connection)
CHL22_GB_220322_F_contig_10746.region001.gbk_region_1,C843212,None,0.51,Yes (No MIBiG connection)
CHL22_OA_220325_F_contig_85851.region001.gbk_region_1,C843207,None,0.51,Yes (No MIBiG connection)
AEO22_TC_220902_F_contig_51983.region001.gbk_region_1,C843207,None,0.51,Yes (No MIBiG connection)
CHL22_CC_220324_F_contig_57605.region001.gbk_region_1,C843207,None,0.51,Yes (No MIBiG connection)
CHL22_SR_220328_F_contig_17125.region001.gbk_region_1,C843207,None,0.51,Yes (No MIBiG connection)
CR17_CY170214_S_contig_26983.region001.gbk_region_1,C843207,None,0.51,Yes (No MIBiG connection)
CHL22_OA_220325_F_contig_52105.region001.gbk_region_1,C843207,None,0.51,Yes (No MIBiG connection)
CHL22_PR_220403_F_contig_9152.region001.gbk_region_1,C843207,BGC0003051.gbk_region_1,0.5,No (Directly observed)
AEO22_TC_220902_F_contig_45636.region001.gbk_region_1,C843207,None,0.51,Yes (No MIBiG connection)
CR18_LH180406_F_contig_24889.region001.gbk_region_1,C843207,BGC0003051.gbk_region_1,0.5,No (Directly observed)
CHL22_CH_220319_F_contig_45541.region001.gbk_region_1,C843207,None,0.51,Yes (No MIBiG connection)
GUY_SRR21545388_k141_954175.region001.gbk_region_1,C843207,None,0.51,Yes (No MIBiG connection)
CHL22_CU_220402_F_contig_82464.region001.gbk_region_1,C843207,BGC0003051.gbk_region_1,0.49,No (Directly observed)
EPR_teddybear_k141_269450.region001.gbk_region_1,C843207,None,0.51,Yes (No MIBiG connection)
CHL22_OA_220325_F_contig_106501.region001.gbk_region_1,C843207,None,0.51,Yes (No MIBiG connection)
HYD22_FC_221023_F_contig_37545.region001.gbk_region_1,C843207,BGC0001147.gbk_region_1,0.46,No (Directly observed)
CHL22_OA_220325_F_contig_23181.region001.gbk_region_1,C843207,None,0.51,Yes (No MIBiG connection)
CHL22_PR_220403_F_contig_46984.region001.gbk_region_1,C843207,None,0.51,Yes (No MIBiG connection)
CHL22_CU_220402_F_contig_55879.region001.gbk_region_1,C843207,None,0.51,Yes (No MIBiG connection)
AEO22_TC_220902_F_contig_28145.region001.gbk_region_1,C843207,None,0.51,Yes (No MIBiG connection)
GUY_SRR21545382_k141_91376.region001.gbk_region_1,C843207,None,0.51,Yes (No MIBiG connection)
CHL22_LP_220401_F_contig_84622.region001.gbk_region_1,C843207,BGC0000330.gbk_region_1,0.5,No (Directly observed)
CHL22_CU_220402_F_contig_103645.region001.gbk_region_1,C843207,None,0.51,Yes (No MIBiG connection)
CHL22_IS_220328_F_contig_10133.region001.gbk_region_1,C843207,None,0.51,Yes (No MIBiG connection)
CHL22_CA_220323_F_contig_113496.region001.gbk_region_1,C843207,None,0.51,Yes (No MIBiG connection)
GUY_SRR21545382_k141_1624253.region001.gbk_region_1,C843207,None,0.51,Yes (No MIBiG connection)
CHL22_CU_220402_F_contig_81952.region001.gbk_region_1,C843207,None,0.51,Yes (No MIBiG connection)
CR17_EP170215_F_contig_5065.region001.gbk_region_1,C843207,None,0.51,Yes (No MIBiG connection)
CHL22_EQ_220330_F_contig_5322.region001.gbk_region_1,C843207,None,0.51,Yes (No MIBiG connection)
CR18_MC180404_S_contig_489.region001.gbk_region_1,C843209,None,0.51,Yes (No MIBiG connection)
CR19_GU_190718_F_contig_9368.region001.gbk_region_1,C843209,None,0.51,Yes (No MIBiG connection)
HYD22_CB_221018_F_contig_18134.region001.gbk_region_1,C843209,None,0.51,Yes (No MIBiG connection)
CR18_CL180409_F_contig_5180.region001.gbk_region_1,C843209,None,0.51,Yes (No MIBiG connection)
CR18_BS180407_F_contig_1782.region001.gbk_region_1,C843209,None,0.51,Yes (No MIBiG connection)
KJ_230721_F_NODE_37013_length_3756_cov_0.914577.region001.gbk_region_1,C843209,None,0.51,Yes (No MIBiG connection)
CR17_BR170218_2_F_contig_669.region001.gbk_region_1,C843209,None,0.51,Yes (No MIBiG connection)
CR18_CL180409_F_contig_17483.region001.gbk_region_1,C843209,None,0.51,Yes (No MIBiG connection)
CR19_GU_190718_F_contig_202.region001.gbk_region_1,C843209,None,0.51,Yes (No MIBiG connection)
CR18_CZ180409_F_contig_2288.region001.gbk_region_1,C843209,None,0.51,Yes (No MIBiG connection)
CR18_SC180411_F_contig_3380.region001.gbk_region_1,C843209,None,0.51,Yes (No MIBiG connection)
CR18_CV180410_F_contig_8226.region001.gbk_region_1,C843209,None,0.51,Yes (No MIBiG connection)
CR18_CZ180409_F_contig_13332.region001.gbk_region_1,C843209,None,0.51,Yes (No MIBiG connection)
CHL22_OA_220325_F_contig_98231.region001.gbk_region_1,C843207,None,0.51,Yes (No MIBiG connection)
CR18_CZ180409_F_contig_4097.region001.gbk_region_1,C843209,None,0.51,Yes (No MIBiG connection)
KJ_230721_F_NODE_6682_length_13367_cov_2.324094.region001.gbk_region_1,C843209,None,0.51,Yes (No MIBiG connection)
CR18_CW180415_F_contig_8555.region001.gbk_region_1,C843209,None,0.51,Yes (No MIBiG connection)
CR18_CZ180409_F_contig_12728.region001.gbk_region_1,C843209,None,0.51,Yes (No MIBiG connection)
CHL22_LP_220401_F_contig_40942.region001.gbk_region_1,C843207,None,0.51,Yes (No MIBiG connection)
CHL22_SR_220328_F_contig_15926.region001.gbk_region_1,C843207,None,0.51,Yes (No MIBiG connection)
HYD22_FC_221023_F_contig_32771.region001.gbk_region_1,C843207,None,0.51,Yes (No MIBiG connection)
ARG19_PM_190223_S_contig_3683.region001.gbk_region_1,C843207,None,0.51,Yes (No MIBiG connection)
CR17_QH170213_1_S_contig_11433.region001.gbk_region_1,C843210,None,0.51,Yes (No MIBiG connection)
CR17_BR170218_2_S_contig_9732.region001.gbk_region_1,C843210,None,0.51,Yes (No MIBiG connection)
CHL22_QN_220317_F_contig_138586.region001.gbk_region_1,C843210,None,0.51,Yes (No MIBiG connection)
CR17_CY170214_S_contig_213.region001.gbk_region_1,C843210,None,0.51,Yes (No MIBiG connection)
TR_230731_S_NODE_13250_length_5548_cov_1.984136.region001.gbk_region_1,C843210,None,0.51,Yes (No MIBiG connection)
NR_230731_S_NODE_14892_length_2973_cov_0.641602.region001.gbk_region_1,C843210,None,0.51,Yes (No MIBiG connection)
CR17_SI170217_S_contig_7752.region001.gbk_region_1,C843210,None,0.51,Yes (No MIBiG connection)
CR17_FA170219_1_S_contig_9047.region001.gbk_region_1,C843210,None,0.51,Yes (No MIBiG connection)
CR17_RS170216_S_contig_22336.region001.gbk_region_1,C843210,None,0.51,Yes (No MIBiG connection)
GUY_SRR21545388_k141_371472.region001.gbk_region_1,C843209,None,0.51,Yes (No MIBiG connection)
CR18_LH180406_F_contig_17229.region001.gbk_region_1,C843209,None,0.51,Yes (No MIBiG connection)
GUY_SRR21545382_k141_1320917.region001.gbk_region_1,C843209,None,0.51,Yes (No MIBiG connection)
GUY_SRR21545382_k141_655950.region001.gbk_region_1,C843209,None,0.51,Yes (No MIBiG connection)
CHL22_CN_220327_F_contig_3206.region001.gbk_region_1,C843207,None,0.51,Yes (No MIBiG connection)
CHL22_QN_220317_F_contig_115816.region001.gbk_region_1,C843207,None,0.51,Yes (No MIBiG connection)
CR18_BW180407_F_contig_24839.region001.gbk_region_1,C843207,None,0.51,Yes (No MIBiG connection)
AEO22_LB_220827_F_contig_89661.region001.gbk_region_1,C843207,None,0.51,Yes (No MIBiG connection)
CR18_BW180407_F_contig_25763.region001.gbk_region_1,C843207,None,0.51,Yes (No MIBiG connection)
CHL22_LV_220331_F_contig_3704.region001.gbk_region_1,C843207,None,0.51,Yes (No MIBiG connection)
CHL22_CA_220323_F_contig_74839.region001.gbk_region_1,C843207,None,0.51,Yes (No MIBiG connection)
CHL22_LC_220316_F_contig_44166.region001.gbk_region_1,C843209,None,0.51,Yes (No MIBiG connection)
CHL22_CA_220323_F_contig_29540.region001.gbk_region_1,C843209,None,0.51,Yes (No MIBiG connection)
AEO22_TC_220902_F_contig_41302.region001.gbk_region_1,C843209,None,0.51,Yes (No MIBiG connection)
SJ_230730_F_NODE_6577_length_3031_cov_3.360528.region001.gbk_region_1,C843209,None,0.51,Yes (No MIBiG connection)
CR18_LP180406_F_contig_30868.region001.gbk_region_1,C843209,None,0.51,Yes (No MIBiG connection)
CR17_FA170219_1_S_contig_28072.region001.gbk_region_1,C843208,None,0.51,Yes (No MIBiG connection)
CHL22_TT_220331_F_contig_1402.region003.gbk_region_3,C843208,None,0.51,Yes (No MIBiG connection)
CR17_QH170213_1_S_contig_9172.region001.gbk_region_1,C843208,None,0.51,Yes (No MIBiG connection)
CHL22_ET_220322_F_contig_9003.region001.gbk_region_1,C843208,None,0.51,Yes (No MIBiG connection)
NR_230731_F_NODE_36356_length_2248_cov_1.256954.region001.gbk_region_1,C843208,None,0.51,Yes (No MIBiG connection)
AEO22_HO_220830_F_contig_1100.region001.gbk_region_1,C843208,None,0.51,Yes (No MIBiG connection)
ARG19_AG17_S_contig_245.region001.gbk_region_1,C843208,None,0.51,Yes (No MIBiG connection)
CR17_CY170214_S_contig_2.region001.gbk_region_1,C843208,None,0.51,Yes (No MIBiG connection)
CHL22_CC_220324_F_contig_4430.region001.gbk_region_1,C843207,None,0.51,Yes (No MIBiG connection)
CHL22_CA_220323_F_contig_56592.region001.gbk_region_1,C843207,None,0.51,Yes (No MIBiG connection)
CHL22_CA_220323_F_contig_7777.region001.gbk_region_1,C843207,None,0.51,Yes (No MIBiG connection)
CR17_CY170214_S_contig_44258.region001.gbk_region_1,C843207,None,0.51,Yes (No MIBiG connection)
CR18_LP180406_F_contig_38299.region001.gbk_region_1,C843207,None,0.51,Yes (No MIBiG connection)
CHL22_LP_220401_F_contig_69907.region001.gbk_region_1,C843207,None,0.51,Yes (No MIBiG connection)
CHL22_CC_220324_F_contig_53468.region001.gbk_region_1,C843207,None,0.51,Yes (No MIBiG connection)
CHL22_CA_220323_F_contig_144401.region001.gbk_region_1,C843207,None,0.51,Yes (No MIBiG connection)
HYD22_CB_221018_F_contig_61224.region001.gbk_region_1,C843207,None,0.51,Yes (No MIBiG connection)
CHL22_GB_220322_F_contig_18654.region001.gbk_region_1,C843207,None,0.51,Yes (No MIBiG connection)
KJ_230721_F_NODE_13146_length_8003_cov_1.510411.region001.gbk_region_1,C843207,None,0.51,Yes (No MIBiG connection)
KJ_230721_F_NODE_29762_length_4393_cov_1.167604.region001.gbk_region_1,C843207,None,0.51,Yes (No MIBiG connection)
CHL22_CZ_220329_F_contig_43974.region001.gbk_region_1,C843207,None,0.51,Yes (No MIBiG connection)
CR18_GE180403_S_contig_8057.region001.gbk_region_1,C843207,None,0.51,Yes (No MIBiG connection)
CHL22_IS_220328_F_contig_12692.region001.gbk_region_1,C843207,None,0.51,Yes (No MIBiG connection)
CHL22_LP_220401_F_contig_14857.region001.gbk_region_1,C843207,None,0.51,Yes (No MIBiG connection)
CR19_GU_190718_F_contig_7847.region001.gbk_region_1,C843207,None,0.51,Yes (No MIBiG connection)
CHL22_GB_220322_F_contig_33188.region001.gbk_region_1,C843207,None,0.51,Yes (No MIBiG connection)
CHL22_EQ_220330_F_contig_15426.region001.gbk_region_1,C843207,None,0.51,Yes (No MIBiG connection)
CHL22_CC_220324_F_contig_74822.region001.gbk_region_1,C843207,None,0.51,Yes (No MIBiG connection)
HYD22_CB_221018_F_contig_13.region001.gbk_region_1,C843207,None,0.51,Yes (No MIBiG connection)
CHL22_PJ_220330_F_contig_12053.region001.gbk_region_1,C843207,None,0.51,Yes (No MIBiG connection)
AEO22_OS_220830_F_contig_40720.region001.gbk_region_1,C843207,None,0.51,Yes (No MIBiG connection)
CR18_MC180404_F_contig_13934.region001.gbk_region_1,C843207,None,0.51,Yes (No MIBiG connection)
HYD22_CB_221018_F_contig_16465.region001.gbk_region_1,C843207,None,0.51,Yes (No MIBiG connection)
CHL22_LP_220401_F_contig_71067.region001.gbk_region_1,C843207,None,0.51,Yes (No MIBiG connection)
CHL22_LC_220316_F_contig_75728.region001.gbk_region_1,C843207,None,0.51,Yes (No MIBiG connection)
AEO22_LB_220827_F_contig_98702.region001.gbk_region_1,C843207,None,0.51,Yes (No MIBiG connection)
CHL22_IS_220328_F_contig_13029.region001.gbk_region_1,C843207,None,0.51,Yes (No MIBiG connection)
CHL22_CN_220327_F_contig_44924.region001.gbk_region_1,C843207,None,0.51,Yes (No MIBiG connection)
KJ_230721_F_NODE_49098_length_3075_cov_1.425712.region001.gbk_region_1,C843207,BGC0000332.gbk_region_1,0.48,No (Directly observed)
CHL22_CH_220319_F_contig_22492.region001.gbk_region_1,C843207,None,0.51,Yes (No MIBiG connection)
CR18_CZ180409_F_contig_17159.region001.gbk_region_1,C843207,None,0.51,Yes (No MIBiG connection)
KJ_230721_F_NODE_43006_length_3382_cov_1.689708.region001.gbk_region_1,C843207,None,0.51,Yes (No MIBiG connection)
CHL22_SR_220328_F_contig_23375.region001.gbk_region_1,C843207,None,0.51,Yes (No MIBiG connection)
CR18_CI180408_F_contig_7941.region001.gbk_region_1,C843207,None,0.51,Yes (No MIBiG connection)
CHL22_CU_220402_F_contig_15831.region001.gbk_region_1,C843207,None,0.51,Yes (No MIBiG connection)
CHL22_IS_220328_F_contig_10692.region001.gbk_region_1,C843207,None,0.51,Yes (No MIBiG connection)
GUY_SRR21545382_k141_311211.region001.gbk_region_1,C843207,None,0.51,Yes (No MIBiG connection)
CHL22_CH_220319_F_contig_130974.region001.gbk_region_1,C843207,None,0.51,Yes (No MIBiG connection)
CHL22_CC_220324_F_contig_85066.region001.gbk_region_1,C843207,BGC0002326.gbk_region_1,0.44,No (Directly observed)
CR17_QN170220_F_contig_1174.region001.gbk_region_1,C843207,BGC0002135.gbk_region_1,0.44,No (Directly observed)
CR18_LE180416_F_contig_217.region001.gbk_region_1,C843207,None,0.51,Yes (No MIBiG connection)
ISL21_GN1_210601_F_contig_2006.region001.gbk_region_1,C843207,None,0.51,Yes (No MIBiG connection)
ARG19_AO_190224_F_contig_2057.region001.gbk_region_1,C843207,None,0.51,Yes (No MIBiG connection)
CHL22_PJ_220330_F_contig_14208.region001.gbk_region_1,C843207,None,0.51,Yes (No MIBiG connection)
CHL22_EQ_220330_F_contig_20614.region001.gbk_region_1,C843207,None,0.51,Yes (No MIBiG connection)
CR18_CH180410_S_contig_13719.region001.gbk_region_1,C843207,None,0.51,Yes (No MIBiG connection)
CHL22_LC_220316_F_contig_126838.region001.gbk_region_1,C843207,None,0.51,Yes (No MIBiG connection)
CHL22_OA_220325_F_contig_38891.region001.gbk_region_1,C843207,None,0.51,Yes (No MIBiG connection)
CR17_ET170220_1_S_contig_14620.region001.gbk_region_1,C843207,None,0.51,Yes (No MIBiG connection)
CR18_LP180406_F_contig_38038.region001.gbk_region_1,C843207,None,0.51,Yes (No MIBiG connection)
FEN_GA_F_NODE_8687_length_3073_cov_2.893970.region001.gbk_region_1,C843207,None,0.51,Yes (No MIBiG connection)
CHL22_PJ_220330_F_contig_68368.region001.gbk_region_1,C843207,None,0.51,Yes (No MIBiG connection)
HYD22_SP_221019_F_contig_31575.region001.gbk_region_1,C843207,None,0.51,Yes (No MIBiG connection)
CR17_CY170214_S_contig_33183.region001.gbk_region_1,C843207,None,0.51,Yes (No MIBiG connection)
CHL22_CC_220324_F_contig_58438.region001.gbk_region_1,C843208,None,0.51,Yes (No MIBiG connection)
CHL22_EQ_220330_F_contig_7820.region001.gbk_region_1,C843208,None,0.51,Yes (No MIBiG connection)
CHL22_EQ_220330_F_contig_41122.region001.gbk_region_1,C843208,None,0.51,Yes (No MIBiG connection)
HYD22_SC_221020_F_contig_18118.region001.gbk_region_1,C843208,None,0.51,Yes (No MIBiG connection)
CHL22_SR_220328_F_contig_18497.region001.gbk_region_1,C843208,None,0.51,Yes (No MIBiG connection)
CHL22_EQ_220330_F_contig_36239.region001.gbk_region_1,C843208,None,0.51,Yes (No MIBiG connection)
CR18_CV180410_F_contig_1655.region001.gbk_region_1,C843208,None,0.51,Yes (No MIBiG connection)
FEN_GA_F_NODE_5570_length_4384_cov_4.324324.region001.gbk_region_1,C843207,BGC0001018.gbk_region_1,0.48,No (Directly observed)
FEN_LS_F_NODE_1499_length_12454_cov_8.657311.region001.gbk_region_1,C843207,None,0.51,Yes (No MIBiG connection)
CR18_RR180407_F_contig_26102.region001.gbk_region_1,C843207,None,0.51,Yes (No MIBiG connection)
CHL22_EQ_220330_F_contig_15258.region001.gbk_region_1,C843207,None,0.51,Yes (No MIBiG connection)
CHL22_CA_220323_F_contig_62319.region001.gbk_region_1,C843207,None,0.51,Yes (No MIBiG connection)
CR18_LE180416_F_contig_46912.region001.gbk_region_1,C843207,None,0.51,Yes (No MIBiG connection)
CHL22_CU_220402_F_contig_104777.region001.gbk_region_1,C843207,None,0.51,Yes (No MIBiG connection)
CHL22_LC_220316_F_contig_19575.region001.gbk_region_1,C843207,None,0.51,Yes (No MIBiG connection)
CR18_CZ180409_F_contig_19422.region001.gbk_region_1,C843207,None,0.51,Yes (No MIBiG connection)
CR18_LP180406_F_contig_35982.region001.gbk_region_1,C843207,None,0.51,Yes (No MIBiG connection)
AEO22_BS_220902_F_contig_5728.region001.gbk_region_1,C843207,None,0.51,Yes (No MIBiG connection)
CHL22_PJ_220330_F_contig_54491.region001.gbk_region_1,C843207,None,0.51,Yes (No MIBiG connection)
CHL22_OA_220325_F_contig_4281.region001.gbk_region_1,C843207,None,0.51,Yes (No MIBiG connection)
CHL22_IS_220328_F_contig_15200.region001.gbk_region_1,C843207,None,0.51,Yes (No MIBiG connection)
CHL22_OA_220325_F_contig_76745.region001.gbk_region_1,C843207,None,0.51,Yes (No MIBiG connection)
KJ_230721_F_NODE_60901_length_2638_cov_2.346077.region001.gbk_region_1,C843207,None,0.51,Yes (No MIBiG connection)
HYD22_CB_221018_F_contig_59503.region001.gbk_region_1,C843207,None,0.51,Yes (No MIBiG connection)
CHL22_QN_220317_F_contig_103691.region001.gbk_region_1,C843207,None,0.51,Yes (No MIBiG connection)
CHL22_CZ_220329_F_contig_39447.region001.gbk_region_1,C843207,None,0.51,Yes (No MIBiG connection)
CHL22_CU_220402_F_contig_86992.region001.gbk_region_1,C843207,None,0.51,Yes (No MIBiG connection)
CHL22_OA_220325_F_contig_7702.region001.gbk_region_1,C843207,None,0.51,Yes (No MIBiG connection)
KJ_230721_F_NODE_54381_length_2861_cov_1.277249.region001.gbk_region_1,C843207,None,0.51,Yes (No MIBiG connection)
CR18_YR180404_F_contig_29597.region001.gbk_region_1,C843207,None,0.51,Yes (No MIBiG connection)
CHL22_CZ_220329_F_contig_83155.region001.gbk_region_1,C843207,None,0.51,Yes (No MIBiG connection)
FEN_FE_S_NODE_1471_length_2343_cov_6.004808.region001.gbk_region_1,C843207,None,0.51,Yes (No MIBiG connection)
CR18_LE180416_F_contig_10549.region001.gbk_region_1,C843207,None,0.51,Yes (No MIBiG connection)
CR18_LE180416_S_contig_6119.region001.gbk_region_1,C843207,None,0.51,Yes (No MIBiG connection)
CHL22_LC_220316_F_contig_9921.region001.gbk_region_1,C843207,None,0.51,Yes (No MIBiG connection)
CHL22_GB_220322_F_contig_28783.region001.gbk_region_1,C843211,None,0.51,Yes (No MIBiG connection)
EPR_teddybear_k141_283794.region001.gbk_region_1,C843211,None,0.51,Yes (No MIBiG connection)
CR18_BW180407_F_contig_35958.region001.gbk_region_1,C843211,None,0.51,Yes (No MIBiG connection)
HYD22_CB_221018_F_contig_8155.region001.gbk_region_1,C843211,None,0.51,Yes (No MIBiG connection)
CHL22_EQ_220330_F_contig_7930.region001.gbk_region_1,C843211,None,0.51,Yes (No MIBiG connection)
CHL22_LP_220401_F_contig_20008.region001.gbk_region_1,C843211,None,0.51,Yes (No MIBiG connection)
FEN_LS_S_NODE_21435_length_2532_cov_4.245055.region001.gbk_region_1,C843211,None,0.51,Yes (No MIBiG connection)
CHL22_CC_220324_F_contig_18944.region001.gbk_region_1,C843211,None,0.51,Yes (No MIBiG connection)
CHL22_PJ_220330_F_contig_58151.region001.gbk_region_1,C843211,None,0.51,Yes (No MIBiG connection)
CR18_LE180416_S_contig_3635.region001.gbk_region_1,C843211,None,0.51,Yes (No MIBiG connection)
FEN_LS_F_NODE_15461_length_2436_cov_4.949601.region001.gbk_region_1,C843211,None,0.51,Yes (No MIBiG connection)
CHL22_IS_220328_F_contig_814.region001.gbk_region_1,C843211,None,0.51,Yes (No MIBiG connection)
AEO22_LB_220827_F_contig_74658.region001.gbk_region_1,C843211,None,0.51,Yes (No MIBiG connection)
CR19_GU_190718_F_contig_163.region001.gbk_region_1,C843209,BGC0000294.gbk_region_1,0.09,No (Directly observed)
CR19_RCD_190801_F_contig_8.region001.gbk_region_1,C843209,BGC0000294.gbk_region_1,0.04,No (Directly observed)
CR18_LH180406_F_contig_33934.region001.gbk_region_1,C843209,BGC0000294.gbk_region_1,0.24,No (Directly observed)
CR17_BR170218_2_F_contig_1068.region001.gbk_region_1,C843209,BGC0000294.gbk_region_1,0.14,No (Directly observed)
CR17_RV170221_F_contig_3.region001.gbk_region_1,C843209,BGC0000294.gbk_region_1,0.06,No (Directly observed)
CHL22_CU_220402_F_contig_104392.region001.gbk_region_1,C843209,BGC0000294.gbk_region_1,0.18,No (Directly observed)
CR18_BS180407_F_contig_4823.region001.gbk_region_1,C843209,BGC0000294.gbk_region_1,0.19,No (Directly observed)
CR18_CW180415_F_contig_2216.region001.gbk_region_1,C843209,BGC0000294.gbk_region_1,0.14,No (Directly observed)
CR18_CV180410_F_contig_4786.region001.gbk_region_1,C843209,BGC0000294.gbk_region_1,0.23,No (Directly observed)
HYD22_CB_221018_F_contig_20816.region001.gbk_region_1,C843209,BGC0000294.gbk_region_1,0.23,No (Directly observed)
CR18_CI180408_F_contig_9526.region001.gbk_region_1,C843209,BGC0000294.gbk_region_1,0.08,No (Directly observed)
CR18_SC180411_F_contig_3379.region001.gbk_region_1,C843209,BGC0000294.gbk_region_1,0.23,No (Directly observed)
CR18_BS180407_F_contig_4714.region001.gbk_region_1,C843209,BGC0000294.gbk_region_1,0.23,No (Directly observed)
CR18_CI180408_F_contig_9513.region001.gbk_region_1,C843209,BGC0000294.gbk_region_1,0.09,No (Directly observed)
CR18_BS180407_F_contig_12237.region001.gbk_region_1,C843209,BGC0000294.gbk_region_1,0.08,No (Directly observed)
CR18_LH180406_F_contig_2556.region001.gbk_region_1,C843209,BGC0000294.gbk_region_1,0.17,No (Directly observed)
CR19_SG_190719_F_contig_56.region001.gbk_region_1,C843209,BGC0000294.gbk_region_1,0.05,No (Directly observed)
CR18_CZ180409_F_contig_1065.region001.gbk_region_1,C843209,BGC0000294.gbk_region_1,0.1,No (Directly observed)
CHL22_PJ_220330_F_contig_19402.region001.gbk_region_1,C843207,None,0.51,Yes (No MIBiG connection)
CHL22_PJ_220330_F_contig_53541.region001.gbk_region_1,C843207,None,0.51,Yes (No MIBiG connection)
CHL22_CC_220324_F_contig_30686.region001.gbk_region_1,C843207,BGC0002755.gbk_region_1,0.49,No (Directly observed)
CHL22_LC_220316_F_contig_135644.region001.gbk_region_1,C843207,None,0.51,Yes (No MIBiG connection)
CHL22_LP_220401_F_contig_45725.region001.gbk_region_1,C843207,BGC0002755.gbk_region_1,0.49,No (Directly observed)
CR17_PG172224_S_contig_60310.region001.gbk_region_1,C843207,None,0.51,Yes (No MIBiG connection)
CHL22_CU_220402_F_contig_63872.region001.gbk_region_1,C843207,None,0.51,Yes (No MIBiG connection)
AEO22_LB_220827_F_contig_39031.region001.gbk_region_1,C843207,None,0.51,Yes (No MIBiG connection)
CHL22_CR_220324_F_contig_15595.region001.gbk_region_1,C843207,None,0.51,Yes (No MIBiG connection)
CHL22_CZ_220329_F_contig_41516.region001.gbk_region_1,C843207,None,0.51,Yes (No MIBiG connection)
CHL22_QN_220317_F_contig_150756.region001.gbk_region_1,C843207,None,0.51,Yes (No MIBiG connection)
CR19_EP_190616_S_contig_1150.region001.gbk_region_1,C843207,None,0.51,Yes (No MIBiG connection)
CHL22_LN_220321_F_contig_22296.region001.gbk_region_1,C843207,None,0.51,Yes (No MIBiG connection)
AEO22_LB_220827_F_contig_112035.region001.gbk_region_1,C843207,None,0.51,Yes (No MIBiG connection)
AEO22_BO_220829_F_contig_24639.region001.gbk_region_1,C843207,None,0.51,Yes (No MIBiG connection)
CHL22_LP_220401_F_contig_43369.region001.gbk_region_1,C843207,None,0.51,Yes (No MIBiG connection)
CR17_BR170218_2_S_contig_17723.region001.gbk_region_1,C843207,None,0.51,Yes (No MIBiG connection)
CHL22_EQ_220330_F_contig_8822.region001.gbk_region_1,C843207,None,0.51,Yes (No MIBiG connection)
CHL22_CC_220324_F_contig_62041.region001.gbk_region_1,C843207,None,0.51,Yes (No MIBiG connection)
EPR_teddybear_k141_760220.region001.gbk_region_1,C843207,None,0.51,Yes (No MIBiG connection)
AEO22_BO_220829_F_contig_16073.region001.gbk_region_1,C843207,None,0.51,Yes (No MIBiG connection)
CHL22_CZ_220329_F_contig_17050.region001.gbk_region_1,C843207,None,0.51,Yes (No MIBiG connection)
CHL22_GB_220322_F_contig_36663.region001.gbk_region_1,C843207,BGC0002126.gbk_region_1,0.49,No (Directly observed)
CHL22_CU_220402_F_contig_87925.region001.gbk_region_1,C843207,None,0.51,Yes (No MIBiG connection)
CHL22_EQ_220330_F_contig_410.region001.gbk_region_1,C843207,BGC0002755.gbk_region_1,0.49,No (Directly observed)
CHL22_OA_220325_F_contig_24337.region001.gbk_region_1,C843207,None,0.51,Yes (No MIBiG connection)
CHL22_CZ_220329_F_contig_69487.region001.gbk_region_1,C843207,BGC0000332.gbk_region_1,0.5,No (Directly observed)
CHL22_GB_220322_F_contig_12928.region001.gbk_region_1,C843207,None,0.51,Yes (No MIBiG connection)
HYD22_CB_221018_F_contig_53798.region001.gbk_region_1,C843207,None,0.51,Yes (No MIBiG connection)
FEN_FE_S_NODE_1103_length_2704_cov_6.186108.region001.gbk_region_1,C843207,None,0.51,Yes (No MIBiG connection)
CHL22_PJ_220330_F_contig_16301.region001.gbk_region_1,C843207,None,0.51,Yes (No MIBiG connection)
CHL22_QN_220317_F_contig_176003.region001.gbk_region_1,C843207,None,0.51,Yes (No MIBiG connection)
HYD22_SC_221020_F_contig_63297.region001.gbk_region_1,C843207,None,0.51,Yes (No MIBiG connection)
CHL22_PJ_220330_F_contig_47262.region001.gbk_region_1,C843207,None,0.51,Yes (No MIBiG connection)
EPR_teddybear_k141_837434.region001.gbk_region_1,C843207,None,0.51,Yes (No MIBiG connection)
HYD22_CB_221018_F_contig_54499.region001.gbk_region_1,C843207,None,0.51,Yes (No MIBiG connection)
CHL22_LP_220401_F_contig_97417.region001.gbk_region_1,C843207,None,0.51,Yes (No MIBiG connection)
CR18_BW180407_F_contig_37003.region001.gbk_region_1,C843207,BGC0000332.gbk_region_1,0.49,No (Directly observed)
CHL22_LC_220316_F_contig_70798.region001.gbk_region_1,C843207,None,0.51,Yes (No MIBiG connection)
CHL22_CC_220324_F_contig_58502.region001.gbk_region_1,C843207,None,0.51,Yes (No MIBiG connection)
CHL22_LP_220401_F_contig_61785.region001.gbk_region_1,C843207,None,0.51,Yes (No MIBiG connection)
CHL22_LA_220331_F_contig_3096.region001.gbk_region_1,C843207,None,0.51,Yes (No MIBiG connection)
CHL22_PJ_220330_F_contig_29019.region001.gbk_region_1,C843207,None,0.51,Yes (No MIBiG connection)
CHL22_LP_220401_F_contig_47949.region001.gbk_region_1,C843207,None,0.51,Yes (No MIBiG connection)
CHL22_IS_220328_F_contig_2936.region001.gbk_region_1,C843207,None,0.51,Yes (No MIBiG connection)
CHL22_OA_220325_F_contig_68142.region001.gbk_region_1,C843207,None,0.51,Yes (No MIBiG connection)
CHL22_PR_220403_F_contig_1055.region001.gbk_region_1,C843207,BGC0000305.gbk_region_1,0.48,No (Directly observed)
HYD22_CB_221018_F_contig_53459.region001.gbk_region_1,C843207,None,0.51,Yes (No MIBiG connection)
CHL22_GB_220322_F_contig_33658.region001.gbk_region_1,C843207,None,0.51,Yes (No MIBiG connection)
CHL22_EQ_220330_F_contig_18516.region001.gbk_region_1,C843207,None,0.51,Yes (No MIBiG connection)
CHL22_GB_220322_F_contig_22369.region001.gbk_region_1,C843207,None,0.51,Yes (No MIBiG connection)
CHL22_LC_220316_F_contig_116952.region001.gbk_region_1,C843207,None,0.51,Yes (No MIBiG connection)
CHL22_CZ_220329_F_contig_18795.region001.gbk_region_1,C843207,None,0.51,Yes (No MIBiG connection)
CHL22_LA_220331_F_contig_729.region001.gbk_region_1,C843207,None,0.51,Yes (No MIBiG connection)
CHL22_CC_220324_F_contig_12616.region001.gbk_region_1,C843207,None,0.51,Yes (No MIBiG connection)
CHL22_PJ_220330_F_contig_40112.region001.gbk_region_1,C843207,None,0.51,Yes (No MIBiG connection)
CHL22_CC_220324_F_contig_20642.region001.gbk_region_1,C843207,None,0.51,Yes (No MIBiG connection)
CHL22_EQ_220330_F_contig_41326.region001.gbk_region_1,C843207,None,0.51,Yes (No MIBiG connection)
CHL22_EQ_220330_F_contig_3131.region001.gbk_region_1,C843207,None,0.51,Yes (No MIBiG connection)
CHL22_CC_220324_F_contig_20611.region001.gbk_region_1,C843207,None,0.51,Yes (No MIBiG connection)
HYD22_CB_221018_F_contig_25920.region001.gbk_region_1,C843207,None,0.51,Yes (No MIBiG connection)
CHL22_CU_220402_F_contig_56447.region001.gbk_region_1,C843207,BGC0002768.gbk_region_1,0.5,No (Directly observed)
CHL22_LP_220401_F_contig_79248.region001.gbk_region_1,C843207,None,0.51,Yes (No MIBiG connection)
AEO22_TC_220902_F_contig_17137.region001.gbk_region_1,C843207,None,0.51,Yes (No MIBiG connection)
CHL22_GB_220322_F_contig_9389.region001.gbk_region_1,C843207,None,0.51,Yes (No MIBiG connection)
CHL22_IS_220328_F_contig_3744.region001.gbk_region_1,C843207,None,0.51,Yes (No MIBiG connection)
CHL22_CC_220324_F_contig_60861.region001.gbk_region_1,C843207,None,0.51,Yes (No MIBiG connection)
KJ_230721_F_NODE_1574_length_41022_cov_1.465998.region001.gbk_region_1,C843211,None,0.51,Yes (No MIBiG connection)
CR18_ER180415_F_contig_166.region001.gbk_region_1,C843211,None,0.51,Yes (No MIBiG connection)
CHL22_CZ_220329_F_contig_48082.region001.gbk_region_1,C843211,None,0.51,Yes (No MIBiG connection)
TR_230731_S_NODE_1701_length_25487_cov_2.816838.region001.gbk_region_1,C843211,None,0.51,Yes (No MIBiG connection)
CHL22_CU_220402_F_contig_50084.region001.gbk_region_1,C843207,None,0.51,Yes (No MIBiG connection)
CHL22_QN_220317_F_contig_29529.region001.gbk_region_1,C843207,None,0.51,Yes (No MIBiG connection)
FEN_SI_1_NODE_42_length_42900_cov_7.929513.region001.gbk_region_1,C843207,None,0.51,Yes (No MIBiG connection)
HYD22_CB_221018_F_contig_32276.region001.gbk_region_1,C843207,None,0.51,Yes (No MIBiG connection)
CR18_ER180415_F_contig_862.region001.gbk_region_1,C843207,None,0.51,Yes (No MIBiG connection)
GUY_SRR21545382_k141_1574414.region001.gbk_region_1,C843207,None,0.51,Yes (No MIBiG connection)
CHL22_RS_220319_F_contig_563.region001.gbk_region_1,C843208,None,0.51,Yes (No MIBiG connection)
CHL22_PJ_220330_F_contig_62289.region001.gbk_region_1,C843207,None,0.51,Yes (No MIBiG connection)
HYD22_CB_221018_F_contig_111.region001.gbk_region_1,C843211,None,0.51,Yes (No MIBiG connection)
CHL22_CZ_220329_F_contig_38951.region001.gbk_region_1,C843207,None,0.51,Yes (No MIBiG connection)
CHL22_IS_220328_F_contig_6389.region001.gbk_region_1,C843207,None,0.51,Yes (No MIBiG connection)
HYD22_FC_221023_F_contig_55263.region001.gbk_region_1,C843207,None,0.51,Yes (No MIBiG connection)
AEO22_GV_220827_F_contig_49866.region001.gbk_region_1,C843207,None,0.51,Yes (No MIBiG connection)
GUY_SRR21545388_k141_151841.region001.gbk_region_1,C843207,None,0.51,Yes (No MIBiG connection)
CHL22_PJ_220330_F_contig_51866.region001.gbk_region_1,C843207,None,0.51,Yes (No MIBiG connection)
CHL22_CC_220324_F_contig_63167.region001.gbk_region_1,C843207,None,0.51,Yes (No MIBiG connection)
CHL22_LN_220321_F_contig_19792.region001.gbk_region_1,C843207,None,0.51,Yes (No MIBiG connection)
CHL22_OA_220325_F_contig_121094.region001.gbk_region_1,C843207,None,0.51,Yes (No MIBiG connection)
CHL22_OA_220325_F_contig_78568.region001.gbk_region_1,C843207,None,0.51,Yes (No MIBiG connection)
CHL22_EQ_220330_F_contig_52478.region001.gbk_region_1,C843207,None,0.51,Yes (No MIBiG connection)
CHL22_LP_220401_F_contig_11850.region001.gbk_region_1,C843207,None,0.51,Yes (No MIBiG connection)
CHL22_QN_220317_F_contig_120959.region001.gbk_region_1,C843207,None,0.51,Yes (No MIBiG connection)
CHL22_LC_220316_F_contig_109126.region001.gbk_region_1,C843207,None,0.51,Yes (No MIBiG connection)
CHL22_CU_220402_F_contig_93191.region001.gbk_region_1,C843207,None,0.51,Yes (No MIBiG connection)
CR18_CV180410_S_contig_10104.region001.gbk_region_1,C843207,None,0.51,Yes (No MIBiG connection)
CHL22_CC_220324_F_contig_15661.region001.gbk_region_1,C843207,None,0.51,Yes (No MIBiG connection)
CR19_SG_190719_F_contig_5280.region001.gbk_region_1,C843207,None,0.51,Yes (No MIBiG connection)
CR17_CY170214_S_contig_35134.region001.gbk_region_1,C843207,None,0.51,Yes (No MIBiG connection)
CHL22_LP_220401_F_contig_76455.region001.gbk_region_1,C843207,None,0.51,Yes (No MIBiG connection)
CHL22_CU_220402_F_contig_93472.region001.gbk_region_1,C843207,None,0.51,Yes (No MIBiG connection)
CHL22_CA_220323_F_contig_137748.region001.gbk_region_1,C843207,BGC0000360.gbk_region_1,0.5,No (Directly observed)
CHL22_CU_220402_F_contig_39802.region001.gbk_region_1,C843207,None,0.51,Yes (No MIBiG connection)
CHL22_PJ_220330_F_contig_62411.region001.gbk_region_1,C843207,None,0.51,Yes (No MIBiG connection)
CHL22_CZ_220329_F_contig_31932.region001.gbk_region_1,C843207,None,0.51,Yes (No MIBiG connection)
CR17_S14_S_contig_2290.region001.gbk_region_1,C843207,BGC0001147.gbk_region_1,0.49,No (Directly observed)
CR18_RC180404_S_contig_17877.region001.gbk_region_1,C843207,BGC0001147.gbk_region_1,0.49,No (Directly observed)
CR18_LB180410_F_contig_11310.region001.gbk_region_1,C843207,None,0.51,Yes (No MIBiG connection)
CHL22_QN_220317_F_contig_13541.region001.gbk_region_1,C843209,None,0.51,Yes (No MIBiG connection)
AEO22_BO_220829_F_contig_1297.region001.gbk_region_1,C843209,None,0.51,Yes (No MIBiG connection)
FEN_LS_S_NODE_26777_length_2164_cov_3.634424.region001.gbk_region_1,C843211,BGC0002484.gbk_region_1,0.49,No (Directly observed)
NR_230731_S_NODE_12578_length_3383_cov_0.756143.region001.gbk_region_1,C843211,None,0.51,Yes (No MIBiG connection)
TR_230731_S_NODE_17569_length_4358_cov_1.882061.region001.gbk_region_1,C843211,BGC0002484.gbk_region_1,0.39,No (Directly observed)
CHL22_RS_220319_F_contig_76492.region001.gbk_region_1,C843211,BGC0002484.gbk_region_1,0.49,No (Directly observed)
CR17_SI170217_F_contig_4103.region001.gbk_region_1,C843211,BGC0002484.gbk_region_1,0.45,No (Directly observed)
CHL22_LC_220316_F_contig_136407.region001.gbk_region_1,C843211,BGC0002484.gbk_region_1,0.49,No (Directly observed)
FEN_LS_S_NODE_2624_length_11840_cov_4.360967.region001.gbk_region_1,C843211,None,0.51,Yes (No MIBiG connection)
CHL22_LC_220316_F_contig_119726.region001.gbk_region_1,C843211,None,0.51,Yes (No MIBiG connection)
GUY_SRR21545382_k141_118405.region001.gbk_region_1,C843211,None,0.51,Yes (No MIBiG connection)
CR17_QH170213_1_S_contig_10741.region001.gbk_region_1,C843211,BGC0002484.gbk_region_1,0.45,No (Directly observed)
CHL22_CN_220327_F_contig_40248.region001.gbk_region_1,C843211,None,0.51,Yes (No MIBiG connection)
CHL22_RS_220319_F_contig_65685.region001.gbk_region_1,C843211,None,0.51,Yes (No MIBiG connection)
GUY_SRR21545382_k141_1114865.region001.gbk_region_1,C843211,None,0.51,Yes (No MIBiG connection)
AEO22_LB_220827_F_contig_79885.region001.gbk_region_1,C843211,BGC0002484.gbk_region_1,0.48,No (Directly observed)
TR_230731_F_NODE_21005_length_3301_cov_0.768746.region001.gbk_region_1,C843211,None,0.51,Yes (No MIBiG connection)
CHL22_LN_220321_F_contig_28480.region001.gbk_region_1,C843211,BGC0002484.gbk_region_1,0.44,No (Directly observed)
CHL22_PJ_220330_F_contig_7866.region001.gbk_region_1,C843207,None,0.51,Yes (No MIBiG connection)
CHL22_GB_220322_F_contig_24113.region001.gbk_region_1,C843207,BGC0002535.gbk_region_1,0.46,No (Directly observed)
CHL22_CZ_220329_F_contig_50687.region001.gbk_region_1,C843207,BGC0000445.gbk_region_1,0.45,No (Directly observed)
CR17_QN170220_S_contig_19488.region001.gbk_region_1,C843207,None,0.51,Yes (No MIBiG connection)
CR18_XF180416_F_contig_16936.region001.gbk_region_1,C843207,BGC0002535.gbk_region_1,0.45,No (Directly observed)
KJ_230721_F_NODE_52785_length_2922_cov_6.162433.region001.gbk_region_1,C843207,BGC0002535.gbk_region_1,0.48,No (Directly observed)
CR17_CY170214_S_contig_14858.region001.gbk_region_1,C843207,BGC0002535.gbk_region_1,0.48,No (Directly observed)
CR18_LW180405_S_contig_3626.region001.gbk_region_1,C843207,BGC0002535.gbk_region_1,0.48,No (Directly observed)
CHL22_GB_220322_F_contig_1738.region001.gbk_region_1,C843207,None,0.51,Yes (No MIBiG connection)
CR17_PG172224_S_contig_5151.region001.gbk_region_1,C843207,None,0.51,Yes (No MIBiG connection)
CHL22_LA_220331_F_contig_5817.region001.gbk_region_1,C843207,None,0.51,Yes (No MIBiG connection)
CHL22_OA_220325_F_contig_25619.region001.gbk_region_1,C843207,None,0.51,Yes (No MIBiG connection)
CHL22_EQ_220330_F_contig_337.region001.gbk_region_1,C843207,None,0.51,Yes (No MIBiG connection)
CR17_PG172224_S_contig_24344.region001.gbk_region_1,C843207,None,0.51,Yes (No MIBiG connection)
CR18_SC180411_F_contig_16650.region001.gbk_region_1,C843207,BGC0000332.gbk_region_1,0.5,No (Directly observed)
CR18_CZ180409_F_contig_16763.region001.gbk_region_1,C843207,None,0.51,Yes (No MIBiG connection)
CHL22_PR_220403_F_contig_41732.region001.gbk_region_1,C843207,None,0.51,Yes (No MIBiG connection)
HYD22_CB_221018_F_contig_37280.region001.gbk_region_1,C843207,None,0.51,Yes (No MIBiG connection)
CHL22_LA_220331_F_contig_15899.region001.gbk_region_1,C843207,None,0.51,Yes (No MIBiG connection)
CHL22_PJ_220330_F_contig_11461.region001.gbk_region_1,C843207,None,0.51,Yes (No MIBiG connection)
CHL22_CC_220324_F_contig_14839.region001.gbk_region_1,C843207,None,0.51,Yes (No MIBiG connection)
HYD22_CB_221018_F_contig_12758.region001.gbk_region_1,C843207,None,0.51,Yes (No MIBiG connection)
CHL22_EQ_220330_F_contig_1796.region001.gbk_region_1,C843207,None,0.51,Yes (No MIBiG connection)
AEO22_BO_220829_F_contig_51647.region001.gbk_region_1,C843207,None,0.51,Yes (No MIBiG connection)
CHL22_CU_220402_F_contig_94961.region001.gbk_region_1,C843207,BGC0001018.gbk_region_1,0.5,No (Directly observed)
CHL22_PJ_220330_F_contig_6783.region001.gbk_region_1,C843207,None,0.51,Yes (No MIBiG connection)
CHL22_CC_220324_F_contig_8360.region001.gbk_region_1,C843207,None,0.51,Yes (No MIBiG connection)
AEO22_LB_220827_F_contig_80767.region001.gbk_region_1,C843207,None,0.51,Yes (No MIBiG connection)
CHL22_CC_220324_F_contig_11728.region001.gbk_region_1,C843207,None,0.51,Yes (No MIBiG connection)
FEN_LS_F_NODE_13157_length_2728_cov_5.087542.region001.gbk_region_1,C843207,BGC0000332.gbk_region_1,0.5,No (Directly observed)
CHL22_QN_220317_F_contig_35336.region001.gbk_region_1,C843207,None,0.51,Yes (No MIBiG connection)
CHL22_GB_220322_F_contig_10867.region001.gbk_region_1,C843207,None,0.51,Yes (No MIBiG connection)
HYD22_CB_221018_F_contig_61812.region001.gbk_region_1,C843207,None,0.51,Yes (No MIBiG connection)
CR17_QN170220_F_contig_6738.region001.gbk_region_1,C843207,None,0.51,Yes (No MIBiG connection)
HYD22_CB_221018_F_contig_43682.region001.gbk_region_1,C843207,None,0.51,Yes (No MIBiG connection)
CHL22_CZ_220329_F_contig_69527.region001.gbk_region_1,C843207,None,0.51,Yes (No MIBiG connection)
CHL22_OA_220325_F_contig_53476.region001.gbk_region_1,C843207,None,0.51,Yes (No MIBiG connection)
CR18_CH180410_S_contig_15557.region001.gbk_region_1,C843207,BGC0000332.gbk_region_1,0.49,No (Directly observed)
CHL22_CC_220324_F_contig_6634.region001.gbk_region_1,C843207,BGC0002095.gbk_region_1,0.48,No (Directly observed)
GUY_SRR21545388_k141_492241.region001.gbk_region_1,C843207,BGC0000332.gbk_region_1,0.45,No (Directly observed)
CHL22_PJ_220330_F_contig_13975.region001.gbk_region_1,C843207,None,0.51,Yes (No MIBiG connection)
CHL22_CH_220319_F_contig_5806.region001.gbk_region_1,C843207,None,0.51,Yes (No MIBiG connection)
CR18_CH180410_S_contig_16805.region001.gbk_region_1,C843207,None,0.51,Yes (No MIBiG connection)
TR_230731_F_NODE_25867_length_2797_cov_0.845318.region001.gbk_region_1,C843207,None,0.51,Yes (No MIBiG connection)
KJ_230721_F_NODE_45214_length_3261_cov_0.712189.region001.gbk_region_1,C843207,None,0.51,Yes (No MIBiG connection)
CHL22_LP_220401_F_contig_6402.region001.gbk_region_1,C843207,None,0.51,Yes (No MIBiG connection)
CHL22_QN_220317_F_contig_132013.region001.gbk_region_1,C843207,None,0.51,Yes (No MIBiG connection)
CHL22_LP_220401_F_contig_17020.region001.gbk_region_1,C843207,BGC0002379.gbk_region_1,0.48,No (Directly observed)
GUY_SRR21545382_k141_649285.region001.gbk_region_1,C843207,BGC0001018.gbk_region_1,0.45,No (Directly observed)
CHL22_OA_220325_F_contig_19487.region001.gbk_region_1,C843207,None,0.51,Yes (No MIBiG connection)
CHL22_GB_220322_F_contig_1959.region001.gbk_region_1,C843207,None,0.51,Yes (No MIBiG connection)
CR19_RCB_190612_F_contig_147.region001.gbk_region_1,C843207,BGC0002706.gbk_region_1,0.44,No (Directly observed)
CHL22_LN_220321_F_contig_14798.region001.gbk_region_1,C843207,None,0.51,Yes (No MIBiG connection)
AEO22_LB_220827_F_contig_35459.region001.gbk_region_1,C843207,None,0.51,Yes (No MIBiG connection)
CR18_MC180404_F_contig_4905.region001.gbk_region_1,C843207,BGC0000360.gbk_region_1,0.49,No (Directly observed)
CHL22_LC_220316_F_contig_42244.region001.gbk_region_1,C843207,None,0.51,Yes (No MIBiG connection)
CHL22_CC_220324_F_contig_38290.region001.gbk_region_1,C843207,None,0.51,Yes (No MIBiG connection)
CR18_LE180416_S_contig_4429.region001.gbk_region_1,C843207,None,0.51,Yes (No MIBiG connection)
CHL22_QN_220317_F_contig_81089.region001.gbk_region_1,C843207,BGC0000360.gbk_region_1,0.5,No (Directly observed)
ARG19_PM_190223_S_contig_1886.region001.gbk_region_1,C843207,BGC0002962.gbk_region_1,0.49,No (Directly observed)
CR18_CW180415_F_contig_7539.region001.gbk_region_1,C843207,None,0.51,Yes (No MIBiG connection)
CHL22_IS_220328_F_contig_11148.region001.gbk_region_1,C843207,None,0.51,Yes (No MIBiG connection)
HYD22_SC_221020_F_contig_31093.region001.gbk_region_1,C843207,BGC0002962.gbk_region_1,0.47,No (Directly observed)
EPR_riftia_k141_363492.region001.gbk_region_1,C843207,None,0.51,Yes (No MIBiG connection)
CR17_EP170215_S_contig_28848.region001.gbk_region_1,C843207,BGC0001147.gbk_region_1,0.49,No (Directly observed)
CR18_ER180415_S_contig_7419.region001.gbk_region_1,C843207,None,0.51,Yes (No MIBiG connection)
CHL22_CH_220319_F_contig_58792.region001.gbk_region_1,C843207,None,0.51,Yes (No MIBiG connection)
CHL22_PJ_220330_F_contig_36073.region001.gbk_region_1,C843207,BGC0002565.gbk_region_1,0.45,No (Directly observed)
CHL22_EQ_220330_F_contig_345.region001.gbk_region_1,C843207,None,0.51,Yes (No MIBiG connection)
CHL22_OA_220325_F_contig_54857.region001.gbk_region_1,C843207,None,0.51,Yes (No MIBiG connection)
CR18_YR180404_F_contig_15180.region001.gbk_region_1,C843207,None,0.51,Yes (No MIBiG connection)
AEO22_LB_220827_F_contig_102014.region001.gbk_region_1,C843207,None,0.51,Yes (No MIBiG connection)
CHL22_GB_220322_F_contig_12290.region001.gbk_region_1,C843207,None,0.51,Yes (No MIBiG connection)
CHL22_QN_220317_F_contig_57529.region001.gbk_region_1,C843207,BGC0002962.gbk_region_1,0.48,No (Directly observed)
GUY_SRR21545388_k141_3142694.region001.gbk_region_1,C843207,BGC0000360.gbk_region_1,0.49,No (Directly observed)
CHL22_QN_220317_F_contig_75620.region001.gbk_region_1,C843207,None,0.51,Yes (No MIBiG connection)
CHL22_CC_220324_F_contig_9066.region001.gbk_region_1,C843207,None,0.51,Yes (No MIBiG connection)
CR18_BS180407_F_contig_9021.region001.gbk_region_1,C843207,None,0.51,Yes (No MIBiG connection)
CR19_SG_190719_F_contig_2123.region001.gbk_region_1,C843207,None,0.51,Yes (No MIBiG connection)
CHL22_EQ_220330_F_contig_18164.region001.gbk_region_1,C843207,None,0.51,Yes (No MIBiG connection)
CR18_CL180409_F_contig_14921.region001.gbk_region_1,C843207,BGC0001147.gbk_region_1,0.47,No (Directly observed)
AEO22_LB_220827_F_contig_42396.region001.gbk_region_1,C843207,BGC0002962.gbk_region_1,0.49,No (Directly observed)
CHL22_LP_220401_F_contig_72937.region001.gbk_region_1,C843207,None,0.51,Yes (No MIBiG connection)
CHL22_PJ_220330_F_contig_49681.region001.gbk_region_1,C843207,None,0.51,Yes (No MIBiG connection)
CHL22_EQ_220330_F_contig_25636.region001.gbk_region_1,C843207,None,0.51,Yes (No MIBiG connection)
GUY_SRR21545382_k141_855967.region001.gbk_region_1,C843207,None,0.51,Yes (No MIBiG connection)
GUY_SRR21545388_k141_2980590.region001.gbk_region_1,C843207,None,0.51,Yes (No MIBiG connection)
CHL22_SR_220328_F_contig_11794.region001.gbk_region_1,C843207,None,0.51,Yes (No MIBiG connection)
CHL22_LP_220401_F_contig_61108.region001.gbk_region_1,C843207,None,0.51,Yes (No MIBiG connection)
ARG19_PM_190223_S_contig_1388.region001.gbk_region_1,C843207,None,0.51,Yes (No MIBiG connection)
CHL22_OA_220325_F_contig_83375.region001.gbk_region_1,C843207,None,0.51,Yes (No MIBiG connection)
CHL22_PJ_220330_F_contig_39653.region001.gbk_region_1,C843207,None,0.51,Yes (No MIBiG connection)
CHL22_PJ_220330_F_contig_67531.region001.gbk_region_1,C843207,None,0.51,Yes (No MIBiG connection)
CHL22_LR_220331_F_contig_9837.region001.gbk_region_1,C843207,None,0.51,Yes (No MIBiG connection)
AEO22_OS_220830_F_contig_53754.region001.gbk_region_1,C843207,None,0.51,Yes (No MIBiG connection)
CR18_LE180416_S_contig_1591.region001.gbk_region_1,C843207,None,0.51,Yes (No MIBiG connection)
CHL22_OA_220325_F_contig_16174.region001.gbk_region_1,C843207,BGC0000360.gbk_region_1,0.5,No (Directly observed)
CR18_RC180404_S_contig_18885.region001.gbk_region_1,C843207,None,0.51,Yes (No MIBiG connection)
CHL22_QN_220317_F_contig_72473.region001.gbk_region_1,C843207,None,0.51,Yes (No MIBiG connection)
AEO22_LB_220827_F_contig_33524.region001.gbk_region_1,C843207,BGC0002962.gbk_region_1,0.46,No (Directly observed)
FEN_GA_F_NODE_7157_length_3570_cov_5.521479.region001.gbk_region_1,C843207,BGC0000360.gbk_region_1,0.5,No (Directly observed)
CHL22_CC_220324_F_contig_6720.region001.gbk_region_1,C843207,BGC0000360.gbk_region_1,0.5,No (Directly observed)
CHL22_CA_220323_F_contig_67138.region001.gbk_region_1,C843207,None,0.51,Yes (No MIBiG connection)
KJ_230721_F_NODE_28262_length_4556_cov_0.898397.region001.gbk_region_1,C843207,BGC0002962.gbk_region_1,0.5,No (Directly observed)
CHL22_GB_220322_F_contig_31673.region001.gbk_region_1,C843207,BGC0003044.gbk_region_1,0.49,No (Directly observed)
GUY_SRR21545388_k141_2229741.region001.gbk_region_1,C843207,None,0.51,Yes (No MIBiG connection)
CR18_BW180407_F_contig_17160.region001.gbk_region_1,C843207,None,0.51,Yes (No MIBiG connection)
CR18_SC180411_F_contig_13176.region001.gbk_region_1,C843207,None,0.51,Yes (No MIBiG connection)
FEN_GA_F_NODE_6320_length_3955_cov_3.156154.region001.gbk_region_1,C843207,None,0.51,Yes (No MIBiG connection)
CHL22_EQ_220330_F_contig_38852.region001.gbk_region_1,C843207,None,0.51,Yes (No MIBiG connection)
CR18_ER180415_S_contig_2086.region001.gbk_region_1,C843207,None,0.51,Yes (No MIBiG connection)
CR17_ET170220_1_S_contig_2089.region001.gbk_region_1,C843207,None,0.51,Yes (No MIBiG connection)
CHL22_LC_220316_F_contig_4028.region001.gbk_region_1,C843207,None,0.51,Yes (No MIBiG connection)
GUY_SRR21545382_k141_311214.region001.gbk_region_1,C843207,None,0.51,Yes (No MIBiG connection)
CR18_CH180410_F_contig_3898.region001.gbk_region_1,C843207,None,0.51,Yes (No MIBiG connection)
CR17_CY170214_S_contig_12129.region001.gbk_region_1,C843207,None,0.51,Yes (No MIBiG connection)
CHL22_CC_220324_F_contig_78836.region001.gbk_region_1,C843207,None,0.51,Yes (No MIBiG connection)
CR18_LE180416_F_contig_32867.region001.gbk_region_1,C843207,None,0.51,Yes (No MIBiG connection)
AEO22_TC_220902_F_contig_52939.region001.gbk_region_1,C843207,None,0.51,Yes (No MIBiG connection)
CR18_YR180404_F_contig_9817.region001.gbk_region_1,C843207,None,0.51,Yes (No MIBiG connection)
CHL22_CC_220324_F_contig_83694.region001.gbk_region_1,C843207,None,0.51,Yes (No MIBiG connection)
CHL22_CN_220327_F_contig_22999.region001.gbk_region_1,C843207,None,0.51,Yes (No MIBiG connection)
HYD22_SC_221020_F_contig_45996.region001.gbk_region_1,C843207,None,0.51,Yes (No MIBiG connection)
CR18_CH180410_S_contig_12320.region001.gbk_region_1,C843207,None,0.51,Yes (No MIBiG connection)
CR18_LE180416_F_contig_50324.region001.gbk_region_1,C843207,None,0.51,Yes (No MIBiG connection)
CHL22_LP_220401_F_contig_37364.region001.gbk_region_1,C843207,BGC0000360.gbk_region_1,0.49,No (Directly observed)
CHL22_QN_220317_F_contig_128678.region001.gbk_region_1,C843207,None,0.51,Yes (No MIBiG connection)
KJ_230721_F_NODE_40291_length_3541_cov_1.040422.region001.gbk_region_1,C843207,None,0.51,Yes (No MIBiG connection)
AEO22_OS_220830_F_contig_17668.region001.gbk_region_1,C843207,None,0.51,Yes (No MIBiG connection)
AEO22_OS_220830_F_contig_63489.region001.gbk_region_1,C843207,None,0.51,Yes (No MIBiG connection)
CHL22_CU_220402_F_contig_45864.region001.gbk_region_1,C843207,None,0.51,Yes (No MIBiG connection)
CHL22_IS_220328_F_contig_16370.region001.gbk_region_1,C843207,None,0.51,Yes (No MIBiG connection)
CHL22_CA_220323_F_contig_44340.region001.gbk_region_1,C843207,None,0.51,Yes (No MIBiG connection)
CHL22_LP_220401_F_contig_29849.region001.gbk_region_1,C843207,None,0.51,Yes (No MIBiG connection)
CHL22_CA_220323_F_contig_90851.region001.gbk_region_1,C843207,None,0.51,Yes (No MIBiG connection)
CHL22_GB_220322_F_contig_25401.region001.gbk_region_1,C843207,None,0.51,Yes (No MIBiG connection)
CR17_BR170218_2_F_contig_279.region001.gbk_region_1,C843207,None,0.51,Yes (No MIBiG connection)
CHL22_PR_220403_F_contig_40314.region001.gbk_region_1,C843207,None,0.51,Yes (No MIBiG connection)
CR18_CH180410_S_contig_6574.region001.gbk_region_1,C843207,None,0.51,Yes (No MIBiG connection)
CR17_ET170220_1_S_contig_17273.region001.gbk_region_1,C843207,None,0.51,Yes (No MIBiG connection)
KJ_230721_F_NODE_9607_length_10173_cov_3.525284.region001.gbk_region_1,C843207,None,0.51,Yes (No MIBiG connection)
CR18_LE180416_S_contig_14521.region001.gbk_region_1,C843207,BGC0000360.gbk_region_1,0.48,No (Directly observed)
NR_230731_S_NODE_7893_length_4894_cov_1.295154.region001.gbk_region_1,C843207,None,0.51,Yes (No MIBiG connection)
TR_230731_F_NODE_5668_length_8996_cov_1.531176.region001.gbk_region_1,C843207,None,0.51,Yes (No MIBiG connection)
HYD22_SB_221021_F_contig_19863.region001.gbk_region_1,C843207,BGC0000360.gbk_region_1,0.5,No (Directly observed)
CR18_CV180410_F_contig_4063.region001.gbk_region_1,C843207,None,0.51,Yes (No MIBiG connection)
CR18_LP180406_F_contig_16677.region001.gbk_region_1,C843207,None,0.51,Yes (No MIBiG connection)
CR18_RC180404_S_contig_16759.region001.gbk_region_1,C843207,None,0.51,Yes (No MIBiG connection)
CHL22_LP_220401_F_contig_70392.region001.gbk_region_1,C843207,None,0.51,Yes (No MIBiG connection)
GUY_SRR21545388_k141_1820077.region001.gbk_region_1,C843207,None,0.51,Yes (No MIBiG connection)
CHL22_LN_220321_F_contig_1937.region001.gbk_region_1,C843207,None,0.51,Yes (No MIBiG connection)
CHL22_IS_220328_F_contig_5561.region001.gbk_region_1,C843207,None,0.51,Yes (No MIBiG connection)
CHL22_QN_220317_F_contig_78193.region001.gbk_region_1,C843207,None,0.51,Yes (No MIBiG connection)
CHL22_EQ_220330_F_contig_40910.region001.gbk_region_1,C843207,BGC0003051.gbk_region_1,0.49,No (Directly observed)
CR18_HA180403_F_contig_19045.region001.gbk_region_1,C843207,None,0.51,Yes (No MIBiG connection)
CR17_QH170213_2_S_contig_10890.region001.gbk_region_1,C843207,None,0.51,Yes (No MIBiG connection)
CR18_YR180404_F_contig_31900.region001.gbk_region_1,C843207,None,0.51,Yes (No MIBiG connection)
HYD22_SB_221021_F_contig_45610.region001.gbk_region_1,C843207,None,0.51,Yes (No MIBiG connection)
CR17_EP170215_S_contig_43180.region001.gbk_region_1,C843207,BGC0001117.gbk_region_1,0.46,No (Directly observed)
AEO22_BO_220829_F_contig_69205.region001.gbk_region_1,C843207,BGC0001532.gbk_region_1,0.48,No (Directly observed)
CR18_LB180410_F_contig_17267.region001.gbk_region_1,C843207,None,0.51,Yes (No MIBiG connection)
EPR_alvinella_k141_319420.region001.gbk_region_1,C843207,None,0.51,Yes (No MIBiG connection)
GUY_SRR21545388_k141_2539050.region001.gbk_region_1,C843207,None,0.51,Yes (No MIBiG connection)
CR18_MC180404_S_contig_17483.region001.gbk_region_1,C843207,None,0.51,Yes (No MIBiG connection)
CHL22_LC_220316_F_contig_20244.region001.gbk_region_1,C843207,None,0.51,Yes (No MIBiG connection)
CR18_SC180411_F_contig_12087.region001.gbk_region_1,C843207,None,0.51,Yes (No MIBiG connection)
EPR_riftia_k141_180644.region001.gbk_region_1,C843207,None,0.51,Yes (No MIBiG connection)
AEO22_BP2_220829_F_contig_35634.region001.gbk_region_1,C843207,BGC0000450.gbk_region_1,0.49,No (Directly observed)
CR18_LH180406_S_contig_26571.region001.gbk_region_1,C843207,None,0.51,Yes (No MIBiG connection)
AEO22_BP2_220829_F_contig_34932.region001.gbk_region_1,C843207,None,0.51,Yes (No MIBiG connection)
CHL22_CU_220402_F_contig_16009.region001.gbk_region_1,C843207,None,0.51,Yes (No MIBiG connection)
CR18_CL180409_F_contig_2980.region001.gbk_region_1,C843207,None,0.51,Yes (No MIBiG connection)
CR17_QH170213_1_S_contig_12943.region001.gbk_region_1,C843207,BGC0002370.gbk_region_1,0.49,No (Directly observed)
CHL22_EQ_220330_F_contig_29678.region001.gbk_region_1,C843207,None,0.51,Yes (No MIBiG connection)
CR18_CV180410_F_contig_13895.region001.gbk_region_1,C843207,BGC0001532.gbk_region_1,0.48,No (Directly observed)
CR18_LH180406_F_contig_30001.region001.gbk_region_1,C843207,None,0.51,Yes (No MIBiG connection)
CHL22_QN_220317_F_contig_116379.region001.gbk_region_1,C843207,None,0.51,Yes (No MIBiG connection)
CHL22_CU_220402_F_contig_28977.region001.gbk_region_1,C843207,None,0.51,Yes (No MIBiG connection)
CHL22_LP_220401_F_contig_34450.region001.gbk_region_1,C843207,None,0.51,Yes (No MIBiG connection)
CR18_GE180403_S_contig_3559.region001.gbk_region_1,C843207,None,0.51,Yes (No MIBiG connection)
AEO22_TC_220902_F_contig_55203.region001.gbk_region_1,C843207,BGC0000950.gbk_region_1,0.48,No (Directly observed)
FEN_LS_S_NODE_6565_length_5976_cov_4.985475.region001.gbk_region_1,C843207,None,0.51,Yes (No MIBiG connection)
CHL22_IS_220328_F_contig_8492.region001.gbk_region_1,C843207,BGC0000950.gbk_region_1,0.48,No (Directly observed)
AEO22_GV_220827_F_contig_61024.region001.gbk_region_1,C843207,None,0.51,Yes (No MIBiG connection)
CHL22_LC_220316_F_contig_58277.region001.gbk_region_1,C843207,BGC0000950.gbk_region_1,0.46,No (Directly observed)
CHL22_CA_220323_F_contig_6401.region001.gbk_region_1,C843207,None,0.51,Yes (No MIBiG connection)
CHL22_RS_220319_F_contig_74141.region001.gbk_region_1,C843207,BGC0002367.gbk_region_1,0.47,No (Directly observed)
CR18_PX180416_S_contig_13304.region001.gbk_region_1,C843207,None,0.51,Yes (No MIBiG connection)
CHL22_LP_220401_F_contig_75687.region001.gbk_region_1,C843207,None,0.51,Yes (No MIBiG connection)
CHL22_CC_220324_F_contig_53123.region001.gbk_region_1,C843207,None,0.51,Yes (No MIBiG connection)
CHL22_CU_220402_F_contig_23608.region001.gbk_region_1,C843207,None,0.51,Yes (No MIBiG connection)
CHL22_GB_220322_F_contig_37023.region001.gbk_region_1,C843207,None,0.51,Yes (No MIBiG connection)
CHL22_LC_220316_F_contig_39222.region001.gbk_region_1,C843207,None,0.51,Yes (No MIBiG connection)
CHL22_IS_220328_F_contig_7341.region001.gbk_region_1,C843207,None,0.51,Yes (No MIBiG connection)
AEO22_TC_220902_F_contig_1796.region001.gbk_region_1,C843209,None,0.51,Yes (No MIBiG connection)
CR18_LH180406_S_contig_11436.region001.gbk_region_1,C843207,None,0.51,Yes (No MIBiG connection)
CHL22_LC_220316_F_contig_139735.region001.gbk_region_1,C843207,BGC0000950.gbk_region_1,0.49,No (Directly observed)
EPR_teddybear_k141_422050.region001.gbk_region_1,C843207,None,0.51,Yes (No MIBiG connection)
CHL22_PJ_220330_F_contig_59740.region001.gbk_region_1,C843207,None,0.51,Yes (No MIBiG connection)
CHL22_OA_220325_F_contig_32802.region001.gbk_region_1,C843207,None,0.51,Yes (No MIBiG connection)
CHL22_LP_220401_F_contig_83867.region001.gbk_region_1,C843207,None,0.51,Yes (No MIBiG connection)
CHL22_CU_220402_F_contig_89514.region001.gbk_region_1,C843207,BGC0000950.gbk_region_1,0.49,No (Directly observed)
CR17_FA170219_1_S_contig_39459.region001.gbk_region_1,C843208,None,0.51,Yes (No MIBiG connection)
CR18_CL180409_F_contig_17225.region001.gbk_region_1,C843208,None,0.51,Yes (No MIBiG connection)
CR18_MC180404_S_contig_2304.region001.gbk_region_1,C843208,None,0.51,Yes (No MIBiG connection)
CR17_BR170218_2_S_contig_15144.region001.gbk_region_1,C843208,None,0.51,Yes (No MIBiG connection)
ARG19_PG_190225_F_contig_4059.region001.gbk_region_1,C843208,None,0.51,Yes (No MIBiG connection)
CHL22_CZ_220329_F_contig_44259.region001.gbk_region_1,C843208,None,0.51,Yes (No MIBiG connection)
EPR_riftia_k141_169811.region001.gbk_region_1,C843208,None,0.51,Yes (No MIBiG connection)
CR17_EP170215_F_contig_8759.region001.gbk_region_1,C843208,None,0.51,Yes (No MIBiG connection)
CR19_BR1_190716_S_contig_639.region001.gbk_region_1,C843208,None,0.51,Yes (No MIBiG connection)
CR17_FA170219_1_S_contig_19243.region001.gbk_region_1,C843208,None,0.51,Yes (No MIBiG connection)
CR18_CI180408_F_contig_8734.region001.gbk_region_1,C843208,None,0.51,Yes (No MIBiG connection)
CR17_BR170218_2_S_contig_43393.region001.gbk_region_1,C843208,None,0.51,Yes (No MIBiG connection)
CHL22_CN_220327_F_contig_33446.region001.gbk_region_1,C843208,None,0.51,Yes (No MIBiG connection)
CR18_SC180411_F_contig_10877.region001.gbk_region_1,C843207,None,0.51,Yes (No MIBiG connection)
CHL22_CU_220402_F_contig_47538.region001.gbk_region_1,C843207,None,0.51,Yes (No MIBiG connection)
AEO22_BP2_220829_F_contig_5091.region001.gbk_region_1,C843207,None,0.51,Yes (No MIBiG connection)
AEO22_BP2_220829_F_contig_2682.region001.gbk_region_1,C843207,None,0.51,Yes (No MIBiG connection)
AEO22_LB_220827_F_contig_1817.region001.gbk_region_1,C843207,None,0.51,Yes (No MIBiG connection)
CHL22_CC_220324_F_contig_39012.region001.gbk_region_1,C843209,BGC0000427.gbk_region_1,0.46,No (Directly observed)
CR18_CI180408_S_contig_1390.region001.gbk_region_1,C843209,None,0.51,Yes (No MIBiG connection)
CHL22_LP_220401_F_contig_53364.region001.gbk_region_1,C843209,BGC0000354.gbk_region_1,0.49,No (Directly observed)
CR18_RC180404_S_contig_4741.region001.gbk_region_1,C843209,BGC0000427.gbk_region_1,0.41,No (Directly observed)
CHL22_CC_220324_F_contig_75942.region001.gbk_region_1,C843209,BGC0000427.gbk_region_1,0.46,No (Directly observed)
CHL22_CC_220324_F_contig_63832.region001.gbk_region_1,C843209,None,0.51,Yes (No MIBiG connection)
HYD22_CB_221018_F_contig_375.region001.gbk_region_1,C843209,None,0.51,Yes (No MIBiG connection)
CHL22_GB_220322_F_contig_24452.region001.gbk_region_1,C843209,BGC0000427.gbk_region_1,0.47,No (Directly observed)
CR17_PL170224_S_contig_15.region001.gbk_region_1,C843209,None,0.51,Yes (No MIBiG connection)
HYD22_CB_221018_F_contig_28812.region001.gbk_region_1,C843209,None,0.51,Yes (No MIBiG connection)
CHL22_CU_220402_F_contig_69710.region001.gbk_region_1,C843209,BGC0000427.gbk_region_1,0.49,No (Directly observed)
CR17_QN170220_F_contig_21.region001.gbk_region_1,C843209,None,0.51,Yes (No MIBiG connection)
CR17_BR170218_1_F_contig_14502.region001.gbk_region_1,C843209,BGC0000427.gbk_region_1,0.48,No (Directly observed)
CR18_CL180409_F_contig_1330.region001.gbk_region_1,C843209,None,0.51,Yes (No MIBiG connection)
CR17_QN170220_S_contig_7.region001.gbk_region_1,C843209,None,0.51,Yes (No MIBiG connection)
CR18_LH180406_F_contig_8859.region001.gbk_region_1,C843209,BGC0002689.gbk_region_1,0.46,No (Directly observed)
CR18_CL180409_F_contig_10255.region001.gbk_region_1,C843209,None,0.51,Yes (No MIBiG connection)
CHL22_PR_220403_F_contig_34383.region001.gbk_region_1,C843209,None,0.51,Yes (No MIBiG connection)
CHL22_CZ_220329_F_contig_61078.region001.gbk_region_1,C843209,None,0.51,Yes (No MIBiG connection)
CR17_ET170220_1_S_contig_3650.region001.gbk_region_1,C843209,BGC0000427.gbk_region_1,0.44,No (Directly observed)
CR18_LH180406_S_contig_1298.region001.gbk_region_1,C843209,BGC0000427.gbk_region_1,0.49,No (Directly observed)
CHL22_CA_220323_F_contig_183322.region001.gbk_region_1,C843209,BGC0000427.gbk_region_1,0.46,No (Directly observed)
CR17_QH170213_1_S_contig_238.region001.gbk_region_1,C843209,None,0.51,Yes (No MIBiG connection)
HYD22_CB_221018_F_contig_14719.region001.gbk_region_1,C843209,BGC0000427.gbk_region_1,0.47,No (Directly observed)
CHL22_CC_220324_F_contig_14097.region001.gbk_region_1,C843209,BGC0000427.gbk_region_1,0.45,No (Directly observed)
CHL22_CA_220323_F_contig_88824.region001.gbk_region_1,C843209,None,0.51,Yes (No MIBiG connection)
CR17_QH170213_2_S_contig_8767.region001.gbk_region_1,C843209,None,0.51,Yes (No MIBiG connection)
CHL22_CA_220323_F_contig_140461.region001.gbk_region_1,C843209,None,0.51,Yes (No MIBiG connection)
CR18_YR180404_F_contig_30447.region001.gbk_region_1,C843207,None,0.51,Yes (No MIBiG connection)
KJ_230721_F_NODE_71756_length_2345_cov_0.714157.region001.gbk_region_1,C843207,None,0.51,Yes (No MIBiG connection)
HYD22_CB_221018_F_contig_61914.region001.gbk_region_1,C843207,None,0.51,Yes (No MIBiG connection)
AEO22_TC_220902_F_contig_45083.region001.gbk_region_1,C843207,None,0.51,Yes (No MIBiG connection)
CHL22_CU_220402_F_contig_1290.region001.gbk_region_1,C843207,None,0.51,Yes (No MIBiG connection)
CHL22_CC_220324_F_contig_83412.region001.gbk_region_1,C843207,None,0.51,Yes (No MIBiG connection)
HYD22_SC_221020_F_contig_70846.region001.gbk_region_1,C843207,None,0.51,Yes (No MIBiG connection)
CHL22_CU_220402_F_contig_98037.region001.gbk_region_1,C843207,None,0.51,Yes (No MIBiG connection)
CHL22_OA_220325_F_contig_35761.region001.gbk_region_1,C843207,None,0.51,Yes (No MIBiG connection)
CHL22_CU_220402_F_contig_66203.region001.gbk_region_1,C843207,None,0.51,Yes (No MIBiG connection)
CHL22_CH_220319_F_contig_1607.region001.gbk_region_1,C843207,None,0.51,Yes (No MIBiG connection)
CHL22_CU_220402_F_contig_99550.region001.gbk_region_1,C843207,None,0.51,Yes (No MIBiG connection)
CR18_YR180404_F_contig_26798.region001.gbk_region_1,C843207,None,0.51,Yes (No MIBiG connection)
CHL22_QN_220317_F_contig_191183.region001.gbk_region_1,C843207,None,0.51,Yes (No MIBiG connection)
CHL22_LP_220401_F_contig_52220.region001.gbk_region_1,C843207,None,0.51,Yes (No MIBiG connection)
ISL21_GN1_210601_F_contig_2317.region001.gbk_region_1,C843207,None,0.51,Yes (No MIBiG connection)
CHL22_RS_220319_F_contig_89849.region001.gbk_region_1,C843208,None,0.51,Yes (No MIBiG connection)
CHL22_LA_220331_F_contig_15099.region001.gbk_region_1,C843208,None,0.51,Yes (No MIBiG connection)
FEN_SI_1_NODE_7935_length_2752_cov_4.468298.region001.gbk_region_1,C843208,None,0.51,Yes (No MIBiG connection)
CR18_ER180415_F_contig_2955.region001.gbk_region_1,C843208,None,0.51,Yes (No MIBiG connection)
CHL22_CH_220319_F_contig_108699.region001.gbk_region_1,C843207,None,0.51,Yes (No MIBiG connection)
HYD22_SP_221019_F_contig_35940.region001.gbk_region_1,C843207,None,0.51,Yes (No MIBiG connection)
CR17_ET170220_1_S_contig_5777.region001.gbk_region_1,C843207,None,0.51,Yes (No MIBiG connection)
HYD22_SC_221020_F_contig_44545.region001.gbk_region_1,C843207,None,0.51,Yes (No MIBiG connection)
AEO22_LB_220827_F_contig_33934.region001.gbk_region_1,C843207,None,0.51,Yes (No MIBiG connection)
FEN_SI_1_NODE_6827_length_3031_cov_6.503360.region001.gbk_region_1,C843207,None,0.51,Yes (No MIBiG connection)
FEN_FE_S_NODE_1347_length_2436_cov_4.653087.region001.gbk_region_1,C843207,None,0.51,Yes (No MIBiG connection)
CR19_SG_190719_F_contig_3500.region001.gbk_region_1,C843207,None,0.51,Yes (No MIBiG connection)
CR19_RCA_190612_F_contig_1508.region001.gbk_region_1,C843207,None,0.51,Yes (No MIBiG connection)
CR18_ER180415_S_contig_5431.region001.gbk_region_1,C843207,None,0.51,Yes (No MIBiG connection)
CR17_RS170216_S_contig_15775.region001.gbk_region_1,C843207,None,0.51,Yes (No MIBiG connection)
CHL22_EQ_220330_F_contig_31973.region001.gbk_region_1,C843207,None,0.51,Yes (No MIBiG connection)
AEO22_LB_220827_F_contig_31777.region001.gbk_region_1,C843207,None,0.51,Yes (No MIBiG connection)
AEO22_BO_220829_F_contig_41474.region001.gbk_region_1,C843207,None,0.51,Yes (No MIBiG connection)
CR17_FA170219_1_S_contig_20876.region001.gbk_region_1,C843207,None,0.51,Yes (No MIBiG connection)
CHL22_PJ_220330_F_contig_63040.region001.gbk_region_1,C843207,None,0.51,Yes (No MIBiG connection)
CR19_RCB_190612_F_contig_4222.region001.gbk_region_1,C843207,None,0.51,Yes (No MIBiG connection)
ARG19_IN_190223_S_contig_19982.region001.gbk_region_1,C843207,None,0.51,Yes (No MIBiG connection)
CHL22_LC_220316_F_contig_18035.region001.gbk_region_1,C843207,None,0.51,Yes (No MIBiG connection)
CHL22_LC_220316_F_contig_14484.region001.gbk_region_1,C843207,None,0.51,Yes (No MIBiG connection)
CHL22_EQ_220330_F_contig_32071.region001.gbk_region_1,C843207,None,0.51,Yes (No MIBiG connection)
CR18_CV180410_S_contig_16042.region001.gbk_region_1,C843207,None,0.51,Yes (No MIBiG connection)
CR18_LE180416_S_contig_14142.region001.gbk_region_1,C843207,None,0.51,Yes (No MIBiG connection)
CHL22_LN_220321_F_contig_39216.region001.gbk_region_1,C843207,None,0.51,Yes (No MIBiG connection)
CHL22_OA_220325_F_contig_108493.region001.gbk_region_1,C843207,None,0.51,Yes (No MIBiG connection)
EPR_riftia_k141_354823.region001.gbk_region_1,C843207,BGC0000396.gbk_region_1,0.49,No (Directly observed)
CHL22_CC_220324_F_contig_64857.region001.gbk_region_1,C843208,None,0.51,Yes (No MIBiG connection)
CHL22_QN_220317_F_contig_1329.region001.gbk_region_1,C843208,None,0.51,Yes (No MIBiG connection)
CR17_CY170214_S_contig_19056.region001.gbk_region_1,C843208,None,0.51,Yes (No MIBiG connection)
CHL22_QN_220317_F_contig_28668.region001.gbk_region_1,C843208,None,0.51,Yes (No MIBiG connection)
CHL22_LP_220401_F_contig_23308.region001.gbk_region_1,C843207,None,0.51,Yes (No MIBiG connection)
CHL22_RS_220319_F_contig_67056.region001.gbk_region_1,C843207,None,0.51,Yes (No MIBiG connection)
HYD22_CB_221018_F_contig_32184.region001.gbk_region_1,C843207,None,0.51,Yes (No MIBiG connection)
CHL22_EQ_220330_F_contig_44690.region001.gbk_region_1,C843207,None,0.51,Yes (No MIBiG connection)
CR18_GE180403_S_contig_21327.region001.gbk_region_1,C843207,None,0.51,Yes (No MIBiG connection)
CHL22_EQ_220330_F_contig_33875.region001.gbk_region_1,C843207,None,0.51,Yes (No MIBiG connection)
CHL22_CH_220319_F_contig_36086.region001.gbk_region_1,C843207,None,0.51,Yes (No MIBiG connection)
CHL22_LC_220316_F_contig_41810.region001.gbk_region_1,C843207,None,0.51,Yes (No MIBiG connection)
CHL22_PJ_220330_F_contig_13167.region001.gbk_region_1,C843207,None,0.51,Yes (No MIBiG connection)
CHL22_OA_220325_F_contig_15105.region001.gbk_region_1,C843207,None,0.51,Yes (No MIBiG connection)
CHL22_GB_220322_F_contig_36796.region001.gbk_region_1,C843207,None,0.51,Yes (No MIBiG connection)
CHL22_LN_220321_F_contig_32893.region001.gbk_region_1,C843207,None,0.51,Yes (No MIBiG connection)
CHL22_GB_220322_F_contig_3321.region001.gbk_region_1,C843207,None,0.51,Yes (No MIBiG connection)
FEN_SI_1_NODE_620_length_11507_cov_5.834003.region001.gbk_region_1,C843207,BGC0001945.gbk_region_1,0.48,No (Directly observed)
CHL22_CU_220402_F_contig_70648.region001.gbk_region_1,C843207,None,0.51,Yes (No MIBiG connection)
GUY_SRR21545382_k141_354970.region001.gbk_region_1,C843207,None,0.51,Yes (No MIBiG connection)
CR18_YR180404_F_contig_758.region001.gbk_region_1,C843207,BGC0002048.gbk_region_1,0.46,No (Directly observed)
CR17_FA170219_1_S_contig_4779.region001.gbk_region_1,C843207,BGC0002122.gbk_region_1,0.49,No (Directly observed)
CR17_ET170220_1_S_contig_1514.region001.gbk_region_1,C843207,None,0.51,Yes (No MIBiG connection)
CHL22_RS_220319_F_contig_7011.region001.gbk_region_1,C843207,None,0.51,Yes (No MIBiG connection)
CR17_TC170221_F_contig_22510.region001.gbk_region_1,C843208,None,0.51,Yes (No MIBiG connection)
CR18_PX180416_S_contig_5735.region001.gbk_region_1,C843208,None,0.51,Yes (No MIBiG connection)
CR17_BR170218_2_S_contig_8827.region001.gbk_region_1,C843208,None,0.51,Yes (No MIBiG connection)
CR17_QH170213_1_S_contig_304.region001.gbk_region_1,C843208,None,0.51,Yes (No MIBiG connection)
CHL22_CU_220402_F_contig_5415.region001.gbk_region_1,C843208,None,0.51,Yes (No MIBiG connection)
CR17_CY170214_S_contig_41018.region001.gbk_region_1,C843208,None,0.51,Yes (No MIBiG connection)
CR18_MC180404_S_contig_1686.region001.gbk_region_1,C843208,None,0.51,Yes (No MIBiG connection)
CR18_YR180404_F_contig_33272.region001.gbk_region_1,C843210,None,0.51,Yes (No MIBiG connection)
CR17_PG172224_S_contig_59975.region001.gbk_region_1,C843210,None,0.51,Yes (No MIBiG connection)
CR18_PS180405_S_contig_481.region001.gbk_region_1,C843210,None,0.51,Yes (No MIBiG connection)
CR17_BR170218_1_S_contig_21515.region001.gbk_region_1,C843210,None,0.51,Yes (No MIBiG connection)
CHL22_LR_220331_F_contig_17842.region001.gbk_region_1,C843210,None,0.51,Yes (No MIBiG connection)
CR17_SI170217_S_contig_40487.region001.gbk_region_1,C843210,None,0.51,Yes (No MIBiG connection)
CR18_PS180405_S_contig_280.region001.gbk_region_1,C843210,None,0.51,Yes (No MIBiG connection)
CHL22_EQ_220330_F_contig_19794.region001.gbk_region_1,C843210,None,0.51,Yes (No MIBiG connection)
CHL22_LA_220331_F_contig_3899.region001.gbk_region_1,C843210,None,0.51,Yes (No MIBiG connection)
CR17_EP170215_S_contig_55607.region001.gbk_region_1,C843210,None,0.51,Yes (No MIBiG connection)
CR18_CH180410_F_contig_24769.region001.gbk_region_1,C843210,None,0.51,Yes (No MIBiG connection)
AEO22_OS_220830_F_contig_41476.region001.gbk_region_1,C843210,None,0.51,Yes (No MIBiG connection)
CR17_ET170220_1_S_contig_22759.region001.gbk_region_1,C843210,None,0.51,Yes (No MIBiG connection)
AEO22_BO_220829_F_contig_1017.region001.gbk_region_1,C843210,None,0.51,Yes (No MIBiG connection)
CR18_ER180415_S_contig_6428.region001.gbk_region_1,C843210,None,0.51,Yes (No MIBiG connection)
CR18_MC180404_S_contig_25333.region001.gbk_region_1,C843210,None,0.51,Yes (No MIBiG connection)
CR19_SG_190719_F_contig_6084.region001.gbk_region_1,C843210,None,0.51,Yes (No MIBiG connection)
CR18_PS180405_S_contig_918.region001.gbk_region_1,C843210,None,0.51,Yes (No MIBiG connection)
CHL22_OA_220325_F_contig_61352.region001.gbk_region_1,C843207,None,0.51,Yes (No MIBiG connection)
AEO22_TC_220902_F_contig_17571.region001.gbk_region_1,C843207,None,0.51,Yes (No MIBiG connection)
CHL22_LC_220316_F_contig_137329.region001.gbk_region_1,C843207,BGC0002117.gbk_region_1,0.39,No (Directly observed)
CHL22_LA_220331_F_contig_3302.region001.gbk_region_1,C843207,None,0.51,Yes (No MIBiG connection)
CHL22_PJ_220330_F_contig_37998.region001.gbk_region_1,C843207,None,0.51,Yes (No MIBiG connection)
ISL21_GN1_210601_F_contig_1723.region001.gbk_region_1,C843207,None,0.51,Yes (No MIBiG connection)
CHL22_CC_220324_F_contig_36606.region001.gbk_region_1,C843207,None,0.51,Yes (No MIBiG connection)
CHL22_CC_220324_F_contig_33839.region001.gbk_region_1,C843207,BGC0002512.gbk_region_1,0.48,No (Directly observed)
CHL22_IS_220328_F_contig_6602.region001.gbk_region_1,C843207,None,0.51,Yes (No MIBiG connection)
KJ_230721_F_NODE_48206_length_3116_cov_0.867180.region001.gbk_region_1,C843207,None,0.51,Yes (No MIBiG connection)
CHL22_LC_220316_F_contig_137350.region001.gbk_region_1,C843207,None,0.51,Yes (No MIBiG connection)
CHL22_PJ_220330_F_contig_2646.region001.gbk_region_1,C843207,None,0.51,Yes (No MIBiG connection)
CHL22_PR_220403_F_contig_29984.region001.gbk_region_1,C843207,None,0.51,Yes (No MIBiG connection)
CHL22_GB_220322_F_contig_3552.region001.gbk_region_1,C843207,None,0.51,Yes (No MIBiG connection)
CHL22_GB_220322_F_contig_25579.region001.gbk_region_1,C843207,None,0.51,Yes (No MIBiG connection)
CHL22_PJ_220330_F_contig_39707.region001.gbk_region_1,C843207,None,0.51,Yes (No MIBiG connection)
CHL22_CU_220402_F_contig_83550.region001.gbk_region_1,C843207,None,0.51,Yes (No MIBiG connection)
CHL22_CC_220324_F_contig_26466.region001.gbk_region_1,C843207,None,0.51,Yes (No MIBiG connection)
ISL21_GN1_210601_F_contig_962.region001.gbk_region_1,C843207,None,0.51,Yes (No MIBiG connection)
CHL22_IS_220328_F_contig_10391.region001.gbk_region_1,C843207,None,0.51,Yes (No MIBiG connection)
CHL22_EQ_220330_F_contig_41125.region001.gbk_region_1,C843207,None,0.51,Yes (No MIBiG connection)
CHL22_LA_220331_F_contig_2783.region001.gbk_region_1,C843207,None,0.51,Yes (No MIBiG connection)
ISL21_GN1_210601_F_contig_1910.region001.gbk_region_1,C843207,None,0.51,Yes (No MIBiG connection)
CHL22_OA_220325_F_contig_89376.region001.gbk_region_1,C843207,BGC0001615.gbk_region_1,0.49,No (Directly observed)
CHL22_CC_220324_F_contig_13183.region001.gbk_region_1,C843209,None,0.51,Yes (No MIBiG connection)
CHL22_OA_220325_F_contig_110078.region001.gbk_region_1,C843207,None,0.51,Yes (No MIBiG connection)
GUY_SRR21545382_k141_336232.region001.gbk_region_1,C843207,BGC0001615.gbk_region_1,0.49,No (Directly observed)
CHL22_QN_220317_F_contig_7134.region001.gbk_region_1,C843207,None,0.51,Yes (No MIBiG connection)
CR18_CZ180409_F_contig_6287.region001.gbk_region_1,C843209,None,0.51,Yes (No MIBiG connection)
KJ_230721_F_NODE_15908_length_6942_cov_2.191489.region001.gbk_region_1,C843209,None,0.51,Yes (No MIBiG connection)
CR18_BS180407_F_contig_925.region001.gbk_region_1,C843209,BGC0001502.gbk_region_1,0.43,No (Directly observed)
KJ_230721_F_NODE_22278_length_5412_cov_0.942479.region001.gbk_region_1,C843209,None,0.51,Yes (No MIBiG connection)
KJ_230721_F_NODE_531_length_86137_cov_2.576491.region001.gbk_region_1,C843209,None,0.51,Yes (No MIBiG connection)
CHL22_EQ_220330_F_contig_32281.region001.gbk_region_1,C843209,None,0.51,Yes (No MIBiG connection)
CR17_PG172224_S_contig_20886.region001.gbk_region_1,C843209,None,0.51,Yes (No MIBiG connection)
CHL22_LC_220316_F_contig_108951.region001.gbk_region_1,C843209,None,0.51,Yes (No MIBiG connection)
CHL22_CH_220319_F_contig_56371.region001.gbk_region_1,C843209,None,0.51,Yes (No MIBiG connection)
AEO22_OS_220830_F_contig_51049.region001.gbk_region_1,C843209,None,0.51,Yes (No MIBiG connection)
CHL22_CA_220323_F_contig_65463.region001.gbk_region_1,C843209,None,0.51,Yes (No MIBiG connection)
CR17_EP170215_S_contig_16617.region001.gbk_region_1,C843207,None,0.51,Yes (No MIBiG connection)
CR19_BR2_190717_contig_7097.region001.gbk_region_1,C843207,BGC0000339.gbk_region_1,0.47,No (Directly observed)
KJ_230721_F_NODE_89315_length_2007_cov_1.648936.region001.gbk_region_1,C843207,BGC0000950.gbk_region_1,0.46,No (Directly observed)
HYD22_SC_221020_F_contig_71726.region001.gbk_region_1,C843207,None,0.51,Yes (No MIBiG connection)
GUY_SRR21545388_k141_2002319.region001.gbk_region_1,C843207,None,0.51,Yes (No MIBiG connection)
CHL22_GB_220322_F_contig_21459.region001.gbk_region_1,C843207,None,0.51,Yes (No MIBiG connection)
CHL22_CU_220402_F_contig_107699.region001.gbk_region_1,C843207,None,0.51,Yes (No MIBiG connection)
AEO22_LB_220827_F_contig_131638.region001.gbk_region_1,C843207,None,0.51,Yes (No MIBiG connection)
CHL22_LP_220401_F_contig_96581.region001.gbk_region_1,C843207,BGC0003051.gbk_region_1,0.49,No (Directly observed)
CHL22_LC_220316_F_contig_69418.region001.gbk_region_1,C843207,None,0.51,Yes (No MIBiG connection)
CHL22_PJ_220330_F_contig_6034.region001.gbk_region_1,C843207,None,0.51,Yes (No MIBiG connection)
CHL22_LP_220401_F_contig_79639.region001.gbk_region_1,C843207,None,0.51,Yes (No MIBiG connection)
CR17_FA170219_1_S_contig_58138.region001.gbk_region_1,C843207,None,0.51,Yes (No MIBiG connection)
CHL22_PJ_220330_F_contig_65239.region001.gbk_region_1,C843207,None,0.51,Yes (No MIBiG connection)
CHL22_CZ_220329_F_contig_44948.region001.gbk_region_1,C843207,None,0.51,Yes (No MIBiG connection)
CR18_GE180403_S_contig_14629.region001.gbk_region_1,C843207,None,0.51,Yes (No MIBiG connection)
AEO22_BS_220902_F_contig_9859.region001.gbk_region_1,C843207,None,0.51,Yes (No MIBiG connection)
CHL22_OA_220325_F_contig_94868.region001.gbk_region_1,C843207,None,0.51,Yes (No MIBiG connection)
CHL22_CC_220324_F_contig_4671.region001.gbk_region_1,C843207,None,0.51,Yes (No MIBiG connection)
AEO22_TC_220902_F_contig_53600.region001.gbk_region_1,C843207,None,0.51,Yes (No MIBiG connection)
CHL22_OA_220325_F_contig_87760.region001.gbk_region_1,C843207,None,0.51,Yes (No MIBiG connection)
CR18_LE180416_F_contig_45966.region001.gbk_region_1,C843207,None,0.51,Yes (No MIBiG connection)
CHL22_CZ_220329_F_contig_22239.region001.gbk_region_1,C843207,None,0.51,Yes (No MIBiG connection)
HYD22_CB_221018_F_contig_68930.region001.gbk_region_1,C843207,None,0.51,Yes (No MIBiG connection)
CHL22_CZ_220329_F_contig_12226.region001.gbk_region_1,C843207,None,0.51,Yes (No MIBiG connection)
CHL22_OA_220325_F_contig_19560.region001.gbk_region_1,C843207,None,0.51,Yes (No MIBiG connection)
CHL22_LP_220401_F_contig_52059.region001.gbk_region_1,C843207,None,0.51,Yes (No MIBiG connection)
CHL22_GB_220322_F_contig_15387.region001.gbk_region_1,C843207,None,0.51,Yes (No MIBiG connection)
CR17_PF170222_F_contig_17464.region001.gbk_region_1,C843207,None,0.51,Yes (No MIBiG connection)
CHL22_EQ_220330_F_contig_33259.region001.gbk_region_1,C843207,None,0.51,Yes (No MIBiG connection)
HYD22_FC_221023_F_contig_78279.region001.gbk_region_1,C843207,None,0.51,Yes (No MIBiG connection)
CHL22_CA_220323_F_contig_29837.region001.gbk_region_1,C843207,None,0.51,Yes (No MIBiG connection)
CR17_QH170213_1_S_contig_792.region001.gbk_region_1,C843207,None,0.51,Yes (No MIBiG connection)
CR18_GE180403_S_contig_14442.region001.gbk_region_1,C843207,BGC0001615.gbk_region_1,0.48,No (Directly observed)
CR17_PG172224_S_contig_19452.region001.gbk_region_1,C843207,None,0.51,Yes (No MIBiG connection)
NR_230731_F_NODE_2585_length_12176_cov_4.892190.region001.gbk_region_1,C843207,BGC0000401.gbk_region_1,0.49,No (Directly observed)
CHL22_CH_220319_F_contig_30176.region001.gbk_region_1,C843207,None,0.51,Yes (No MIBiG connection)
CHL22_CR_220324_F_contig_31770.region001.gbk_region_1,C843207,None,0.51,Yes (No MIBiG connection)
CR17_FA170219_1_S_contig_17596.region001.gbk_region_1,C843207,BGC0001615.gbk_region_1,0.46,No (Directly observed)
ARG19_AO_190224_F_contig_2074.region001.gbk_region_1,C843207,BGC0001818.gbk_region_1,0.49,No (Directly observed)
CHL22_CZ_220329_F_contig_48795.region001.gbk_region_1,C843207,BGC0001018.gbk_region_1,0.48,No (Directly observed)
CR18_LE180416_S_contig_9.region002.gbk_region_2,C843207,None,0.51,Yes (No MIBiG connection)
FEN_LS_F_NODE_5209_length_5090_cov_5.009930.region001.gbk_region_1,C843207,None,0.51,Yes (No MIBiG connection)
CR18_LW180405_S_contig_33.region001.gbk_region_1,C843207,None,0.51,Yes (No MIBiG connection)
GUY_SRR21545382_k141_142715.region001.gbk_region_1,C843207,BGC0000396.gbk_region_1,0.46,No (Directly observed)
CR18_CL180409_F_contig_5811.region001.gbk_region_1,C843207,None,0.51,Yes (No MIBiG connection)
CHL22_CZ_220329_F_contig_73044.region001.gbk_region_1,C843207,BGC0001018.gbk_region_1,0.46,No (Directly observed)
HYD22_CB_221018_F_contig_20582.region001.gbk_region_1,C843207,BGC0000396.gbk_region_1,0.5,No (Directly observed)
CHL22_EQ_220330_F_contig_33829.region001.gbk_region_1,C843207,None,0.51,Yes (No MIBiG connection)
CHL22_CH_220319_F_contig_103542.region001.gbk_region_1,C843207,BGC0000396.gbk_region_1,0.49,No (Directly observed)
CR17_ET170220_1_S_contig_4699.region001.gbk_region_1,C843207,None,0.51,Yes (No MIBiG connection)
CR18_CI180408_S_contig_2794.region001.gbk_region_1,C843207,None,0.51,Yes (No MIBiG connection)
CHL22_QN_220317_F_contig_5742.region001.gbk_region_1,C843207,None,0.51,Yes (No MIBiG connection)
CR18_RC180404_S_contig_6022.region001.gbk_region_1,C843207,None,0.51,Yes (No MIBiG connection)
CHL22_CU_220402_F_contig_64546.region001.gbk_region_1,C843207,None,0.51,Yes (No MIBiG connection)
CHL22_RS_220319_F_contig_856.region001.gbk_region_1,C843207,None,0.51,Yes (No MIBiG connection)
CR18_CW180415_S_contig_28.region001.gbk_region_1,C843207,BGC0001758.gbk_region_1,0.5,No (Directly observed)
CHL22_QN_220317_F_contig_19625.region001.gbk_region_1,C843207,None,0.51,Yes (No MIBiG connection)
CHL22_CA_220323_F_contig_133038.region001.gbk_region_1,C843207,None,0.51,Yes (No MIBiG connection)
CR17_BR170218_2_S_contig_10577.region001.gbk_region_1,C843207,None,0.51,Yes (No MIBiG connection)
CHL22_EQ_220330_F_contig_1011.region001.gbk_region_1,C843207,None,0.51,Yes (No MIBiG connection)
CR18_GE180403_S_contig_2966.region001.gbk_region_1,C843207,None,0.51,Yes (No MIBiG connection)
CR17_CY170214_S_contig_17532.region001.gbk_region_1,C843207,BGC0000396.gbk_region_1,0.46,No (Directly observed)
CHL22_LP_220401_F_contig_79550.region001.gbk_region_1,C843207,None,0.51,Yes (No MIBiG connection)
GUY_SRR21545382_k141_881507.region001.gbk_region_1,C843207,BGC0001018.gbk_region_1,0.43,No (Directly observed)
CHL22_OA_220325_F_contig_92253.region001.gbk_region_1,C843207,BGC0001018.gbk_region_1,0.48,No (Directly observed)
CHL22_QN_220317_F_contig_7308.region001.gbk_region_1,C843207,None,0.51,Yes (No MIBiG connection)
HYD22_CB_221018_F_contig_13654.region001.gbk_region_1,C843207,BGC0001878.gbk_region_1,0.49,No (Directly observed)
AEO22_BO_220829_F_contig_293.region001.gbk_region_1,C843207,None,0.51,Yes (No MIBiG connection)
CR18_LE180416_S_contig_1726.region001.gbk_region_1,C843207,None,0.51,Yes (No MIBiG connection)
CHL22_EQ_220330_F_contig_26378.region001.gbk_region_1,C843207,None,0.51,Yes (No MIBiG connection)
CR17_ET170220_1_S_contig_11.region002.gbk_region_2,C843207,None,0.51,Yes (No MIBiG connection)
HYD22_CB_221018_F_contig_1056.region001.gbk_region_1,C843207,None,0.51,Yes (No MIBiG connection)
CHL22_QN_220317_F_contig_6369.region001.gbk_region_1,C843207,None,0.51,Yes (No MIBiG connection)
HYD22_SC_221020_F_contig_28699.region001.gbk_region_1,C843207,BGC0001018.gbk_region_1,0.5,No (Directly observed)
CR18_HA180403_F_contig_7123.region001.gbk_region_1,C843207,BGC0000396.gbk_region_1,0.5,No (Directly observed)
CH20_GS_200305_F_contig_307.region001.gbk_region_1,C843207,BGC0000396.gbk_region_1,0.49,No (Directly observed)
HYD22_CB_221018_F_contig_15538.region001.gbk_region_1,C843207,None,0.51,Yes (No MIBiG connection)
CR17_QH170213_1_S_contig_82.region001.gbk_region_1,C843207,None,0.51,Yes (No MIBiG connection)
HYD22_SC_221020_F_contig_33416.region001.gbk_region_1,C843207,BGC0001018.gbk_region_1,0.44,No (Directly observed)
GUY_SRR21545382_k141_1619483.region001.gbk_region_1,C843207,BGC0001018.gbk_region_1,0.44,No (Directly observed)
CHL22_PJ_220330_F_contig_68779.region001.gbk_region_1,C843207,BGC0001615.gbk_region_1,0.01,No (Directly observed)
AEO22_LB_220827_F_contig_58524.region001.gbk_region_1,C843207,BGC0001018.gbk_region_1,0.48,No (Directly observed)
CHL22_CU_220402_F_contig_105785.region001.gbk_region_1,C843207,BGC0001147.gbk_region_1,0.47,No (Directly observed)
CR18_BW180407_F_contig_43220.region001.gbk_region_1,C843207,None,0.51,Yes (No MIBiG connection)
CHL22_CN_220327_F_contig_53488.region001.gbk_region_1,C843207,None,0.51,Yes (No MIBiG connection)
CHL22_OA_220325_F_contig_98510.region001.gbk_region_1,C843207,None,0.51,Yes (No MIBiG connection)
CHL22_CZ_220329_F_contig_47286.region001.gbk_region_1,C843207,None,0.51,Yes (No MIBiG connection)
CR18_BW180407_F_contig_23019.region001.gbk_region_1,C843207,None,0.51,Yes (No MIBiG connection)
CR17_SL170214_F_contig_10192.region001.gbk_region_1,C843207,None,0.51,Yes (No MIBiG connection)
CR18_CL180409_F_contig_19225.region001.gbk_region_1,C843207,None,0.51,Yes (No MIBiG connection)
EPR_teddybear_k141_129064.region001.gbk_region_1,C843207,None,0.51,Yes (No MIBiG connection)
AEO22_TC_220902_F_contig_50312.region001.gbk_region_1,C843207,None,0.51,Yes (No MIBiG connection)
CHL22_OA_220325_F_contig_73071.region001.gbk_region_1,C843207,None,0.51,Yes (No MIBiG connection)
CHL22_OA_220325_F_contig_78382.region001.gbk_region_1,C843207,None,0.51,Yes (No MIBiG connection)
CHL22_CZ_220329_F_contig_51770.region001.gbk_region_1,C843212,BGC0002174.gbk_region_1,0.3,No (Directly observed)
TR_230731_S_NODE_29530_length_2788_cov_1.104472.region001.gbk_region_1,C843212,BGC0002174.gbk_region_1,0.32,No (Directly observed)
CR18_XF180416_F_contig_13601.region001.gbk_region_1,C843212,BGC0002174.gbk_region_1,0.31,No (Directly observed)
CHL22_LA_220331_F_contig_8236.region001.gbk_region_1,C843212,BGC0002174.gbk_region_1,0.44,No (Directly observed)
TR_230731_S_NODE_39622_length_2174_cov_0.623840.region001.gbk_region_1,C843212,BGC0002174.gbk_region_1,0.45,No (Directly observed)
CHL22_CZ_220329_F_contig_65240.region001.gbk_region_1,C843212,BGC0002174.gbk_region_1,0.36,No (Directly observed)
CHL22_LR_220331_F_contig_27813.region001.gbk_region_1,C843211,None,0.51,Yes (No MIBiG connection)
NR_230731_F_NODE_22797_length_3039_cov_1.122596.region001.gbk_region_1,C843211,None,0.51,Yes (No MIBiG connection)
KJ_230721_F_NODE_63011_length_2576_cov_0.423030.region001.gbk_region_1,C843211,None,0.51,Yes (No MIBiG connection)
NR_230731_S_NODE_16067_length_2812_cov_0.672253.region001.gbk_region_1,C843211,None,0.51,Yes (No MIBiG connection)
FEN_LS_S_NODE_6038_length_6370_cov_4.062866.region001.gbk_region_1,C843211,None,0.51,Yes (No MIBiG connection)
TR_230731_S_NODE_34477_length_2447_cov_2.212500.region001.gbk_region_1,C843211,None,0.51,Yes (No MIBiG connection)
CHL22_QN_220317_F_contig_71553.region001.gbk_region_1,C843211,None,0.51,Yes (No MIBiG connection)
TR_230731_S_NODE_21971_length_3594_cov_4.563023.region001.gbk_region_1,C843211,None,0.51,Yes (No MIBiG connection)
ARG19_IN_190223_S_contig_6567.region001.gbk_region_1,C843211,None,0.51,Yes (No MIBiG connection)
FEN_SI_1_NODE_9177_length_2513_cov_2.931245.region001.gbk_region_1,C843211,None,0.51,Yes (No MIBiG connection)
CR17_BR170218_2_S_contig_29639.region001.gbk_region_1,C843211,None,0.51,Yes (No MIBiG connection)
CHL22_CN_220327_F_contig_25076.region001.gbk_region_1,C843211,None,0.51,Yes (No MIBiG connection)
CR19_AC_190614_S_contig_681.region001.gbk_region_1,C843211,None,0.51,Yes (No MIBiG connection)
KJ_230721_F_NODE_50270_length_3025_cov_0.875431.region001.gbk_region_1,C843211,None,0.51,Yes (No MIBiG connection)
NR_230731_F_NODE_7272_length_6372_cov_2.199359.region001.gbk_region_1,C843211,None,0.51,Yes (No MIBiG connection)
CHL22_JR_220403_F_contig_124.region001.gbk_region_1,C843211,None,0.51,Yes (No MIBiG connection)
NR_230731_S_NODE_3353_length_9442_cov_4.403328.region001.gbk_region_1,C843211,None,0.51,Yes (No MIBiG connection)
CR17_CY170214_S_contig_34029.region001.gbk_region_1,C843211,None,0.51,Yes (No MIBiG connection)
CR19_BR2_190717_contig_955.region001.gbk_region_1,C843211,None,0.51,Yes (No MIBiG connection)
TR_230731_F_NODE_24614_length_2910_cov_0.972691.region001.gbk_region_1,C843211,None,0.51,Yes (No MIBiG connection)
NR_230731_F_NODE_37510_length_2205_cov_0.773340.region001.gbk_region_1,C843211,BGC0002484.gbk_region_1,0.46,No (Directly observed)
CR19_AC_190614_S_contig_4391.region001.gbk_region_1,C843211,None,0.51,Yes (No MIBiG connection)
CR17_BR170218_1_S_contig_3687.region001.gbk_region_1,C843211,None,0.51,Yes (No MIBiG connection)
CR18_ER180415_F_contig_2316.region001.gbk_region_1,C843211,None,0.51,Yes (No MIBiG connection)
CHL22_CA_220323_F_contig_161914.region001.gbk_region_1,C843211,None,0.51,Yes (No MIBiG connection)
CR18_CI180408_S_contig_9469.region001.gbk_region_1,C843207,None,0.51,Yes (No MIBiG connection)
CR17_ET170220_1_S_contig_7979.region001.gbk_region_1,C843207,None,0.51,Yes (No MIBiG connection)
CR19_RCA_190612_F_contig_3565.region001.gbk_region_1,C843207,None,0.51,Yes (No MIBiG connection)
CHL22_LR_220331_F_contig_55796.region001.gbk_region_1,C843207,None,0.51,Yes (No MIBiG connection)
CHL22_SR_220328_F_contig_26861.region001.gbk_region_1,C843207,None,0.51,Yes (No MIBiG connection)
CHL22_CU_220402_F_contig_103150.region001.gbk_region_1,C843207,None,0.51,Yes (No MIBiG connection)
CR18_GE180403_S_contig_24600.region001.gbk_region_1,C843207,None,0.51,Yes (No MIBiG connection)
CR18_CL180409_F_contig_22929.region001.gbk_region_1,C843207,None,0.51,Yes (No MIBiG connection)
CR17_CY170214_S_contig_31223.region001.gbk_region_1,C843207,None,0.51,Yes (No MIBiG connection)
CR18_CH180410_F_contig_24542.region001.gbk_region_1,C843207,None,0.51,Yes (No MIBiG connection)
CHL22_PJ_220330_F_contig_33609.region001.gbk_region_1,C843207,None,0.51,Yes (No MIBiG connection)
CHL22_QN_220317_F_contig_143286.region001.gbk_region_1,C843207,None,0.51,Yes (No MIBiG connection)
KJ_230721_F_NODE_78432_length_2201_cov_2.040984.region001.gbk_region_1,C843207,None,0.51,Yes (No MIBiG connection)
CR18_RC180404_S_contig_31332.region001.gbk_region_1,C843207,None,0.51,Yes (No MIBiG connection)
HYD22_CB_221018_F_contig_57974.region001.gbk_region_1,C843207,None,0.51,Yes (No MIBiG connection)
AEO22_CF_220902_F_contig_33682.region001.gbk_region_1,C843207,None,0.51,Yes (No MIBiG connection)
CHL22_GB_220322_F_contig_15332.region001.gbk_region_1,C843207,None,0.51,Yes (No MIBiG connection)
CHL22_LC_220316_F_contig_83463.region001.gbk_region_1,C843207,None,0.51,Yes (No MIBiG connection)
EPR_teddybear_k141_81841.region001.gbk_region_1,C843207,None,0.51,Yes (No MIBiG connection)
CHL22_CU_220402_F_contig_27320.region001.gbk_region_1,C843207,None,0.51,Yes (No MIBiG connection)
CHL22_LP_220401_F_contig_30197.region001.gbk_region_1,C843207,BGC0000323.gbk_region_1,0.49,No (Directly observed)
CHL22_CC_220324_F_contig_10651.region001.gbk_region_1,C843207,BGC0000341.gbk_region_1,0.48,No (Directly observed)
CHL22_CC_220324_F_contig_41501.region001.gbk_region_1,C843207,None,0.51,Yes (No MIBiG connection)
CHL22_PR_220403_F_contig_2310.region001.gbk_region_1,C843207,BGC0001980.gbk_region_1,0.14,No (Directly observed)
CHL22_LP_220401_F_contig_81784.region001.gbk_region_1,C843207,None,0.51,Yes (No MIBiG connection)
ISL21_GN1_210601_F_contig_435.region001.gbk_region_1,C843207,BGC0002522.gbk_region_1,0.43,No (Directly observed)
CHL22_PR_220403_F_contig_39549.region001.gbk_region_1,C843207,BGC0000447.gbk_region_1,0.45,No (Directly observed)
AEO22_TC_220902_F_contig_19794.region001.gbk_region_1,C843207,BGC0000447.gbk_region_1,0.47,No (Directly observed)
AEO22_TC_220902_F_contig_4991.region001.gbk_region_1,C843207,BGC0002522.gbk_region_1,0.31,No (Directly observed)
CHL22_LP_220401_F_contig_16563.region001.gbk_region_1,C843209,None,0.51,Yes (No MIBiG connection)
CHL22_LC_220316_F_contig_47450.region001.gbk_region_1,C843209,None,0.51,Yes (No MIBiG connection)
HYD22_SB_221021_F_contig_15479.region001.gbk_region_1,C843207,None,0.51,Yes (No MIBiG connection)
HYD22_SB_221021_F_contig_28492.region001.gbk_region_1,C843207,None,0.51,Yes (No MIBiG connection)
HYD22_SB_221021_F_contig_3854.region001.gbk_region_1,C843207,None,0.51,Yes (No MIBiG connection)
HYD22_SB_221021_F_contig_27498.region001.gbk_region_1,C843207,None,0.51,Yes (No MIBiG connection)
KJ_230721_F_NODE_51753_length_2961_cov_22.475653.region001.gbk_region_1,C843207,None,0.51,Yes (No MIBiG connection)
CHL22_PJ_220330_F_contig_56020.region001.gbk_region_1,C843207,None,0.51,Yes (No MIBiG connection)
GUY_SRR21545388_k141_2616479.region001.gbk_region_1,C843207,None,0.51,Yes (No MIBiG connection)
GUY_SRR21545388_k141_90267.region001.gbk_region_1,C843207,None,0.51,Yes (No MIBiG connection)
CHL22_IS_220328_F_contig_689.region001.gbk_region_1,C843207,None,0.51,Yes (No MIBiG connection)
CR18_CH180410_F_contig_11858.region001.gbk_region_1,C843207,None,0.51,Yes (No MIBiG connection)
EPR_teddybear_k141_733687.region001.gbk_region_1,C843207,None,0.51,Yes (No MIBiG connection)
CHL22_EQ_220330_F_contig_46418.region001.gbk_region_1,C843207,None,0.51,Yes (No MIBiG connection)
GUY_SRR21545388_k141_1969920.region001.gbk_region_1,C843207,None,0.51,Yes (No MIBiG connection)
GUY_SRR21545388_k141_1862449.region001.gbk_region_1,C843207,None,0.51,Yes (No MIBiG connection)
CR18_SC180411_S_contig_19772.region001.gbk_region_1,C843207,None,0.51,Yes (No MIBiG connection)
FEN_GA_F_NODE_7443_length_3462_cov_3.366598.region001.gbk_region_1,C843207,None,0.51,Yes (No MIBiG connection)
CR18_LP180406_F_contig_19996.region001.gbk_region_1,C843207,None,0.51,Yes (No MIBiG connection)
CR17_S14_S_contig_3268.region001.gbk_region_1,C843207,None,0.51,Yes (No MIBiG connection)
CHL22_LC_220316_F_contig_104805.region001.gbk_region_1,C843207,None,0.51,Yes (No MIBiG connection)
CR17_RV170221_F_contig_4440.region001.gbk_region_1,C843207,None,0.51,Yes (No MIBiG connection)
CHL22_CU_220402_F_contig_48130.region001.gbk_region_1,C843207,None,0.51,Yes (No MIBiG connection)
EPR_teddybear_k141_729085.region001.gbk_region_1,C843207,None,0.51,Yes (No MIBiG connection)
GUY_SRR21545382_k141_420266.region001.gbk_region_1,C843207,None,0.51,Yes (No MIBiG connection)
ISL21_GN1_210601_F_contig_761.region001.gbk_region_1,C843207,None,0.51,Yes (No MIBiG connection)
GUY_SRR21545382_k141_420199.region001.gbk_region_1,C843207,None,0.51,Yes (No MIBiG connection)
GUY_SRR21545382_k141_435803.region001.gbk_region_1,C843207,None,0.51,Yes (No MIBiG connection)
GUY_SRR21545388_k141_447555.region001.gbk_region_1,C843207,None,0.51,Yes (No MIBiG connection)
HYD22_CB_221018_F_contig_6890.region001.gbk_region_1,C843207,None,0.51,Yes (No MIBiG connection)
CHL22_IS_220328_F_contig_10314.region001.gbk_region_1,C843207,None,0.51,Yes (No MIBiG connection)
GUY_SRR21545382_k141_117429.region001.gbk_region_1,C843207,None,0.51,Yes (No MIBiG connection)
CHL22_GB_220322_F_contig_7965.region001.gbk_region_1,C843207,None,0.51,Yes (No MIBiG connection)
CHL22_LP_220401_F_contig_43506.region001.gbk_region_1,C843207,None,0.51,Yes (No MIBiG connection)
CHL22_CC_220324_F_contig_55235.region001.gbk_region_1,C843207,None,0.51,Yes (No MIBiG connection)
CHL22_PJ_220330_F_contig_33354.region001.gbk_region_1,C843207,None,0.51,Yes (No MIBiG connection)
CHL22_LA_220331_F_contig_13291.region001.gbk_region_1,C843207,None,0.51,Yes (No MIBiG connection)
EPR_teddybear_k141_168589.region001.gbk_region_1,C843207,None,0.51,Yes (No MIBiG connection)
CHL22_EQ_220330_F_contig_16351.region001.gbk_region_1,C843207,None,0.51,Yes (No MIBiG connection)
HYD22_CB_221018_F_contig_18020.region001.gbk_region_1,C843207,None,0.51,Yes (No MIBiG connection)
HYD22_SC_221020_F_contig_11380.region001.gbk_region_1,C843207,BGC0000450.gbk_region_1,0.49,No (Directly observed)
GUY_SRR21545382_k141_1006133.region001.gbk_region_1,C843207,BGC0002512.gbk_region_1,0.48,No (Directly observed)
HYD22_CB_221018_F_contig_8720.region001.gbk_region_1,C843207,None,0.51,Yes (No MIBiG connection)
HYD22_CB_221018_F_contig_21738.region001.gbk_region_1,C843207,BGC0002512.gbk_region_1,0.49,No (Directly observed)
CR17_EP170215_S_contig_999.region001.gbk_region_1,C843207,None,0.51,Yes (No MIBiG connection)
GUY_SRR21545388_k141_2161812.region001.gbk_region_1,C843207,BGC0002512.gbk_region_1,0.48,No (Directly observed)
HYD22_SC_221020_F_contig_12760.region001.gbk_region_1,C843207,None,0.51,Yes (No MIBiG connection)
CHL22_CA_220323_F_contig_149175.region001.gbk_region_1,C843207,None,0.51,Yes (No MIBiG connection)
CHL22_QN_220317_F_contig_69772.region001.gbk_region_1,C843207,None,0.51,Yes (No MIBiG connection)
CR17_QN170220_F_contig_3029.region001.gbk_region_1,C843207,BGC0002048.gbk_region_1,0.49,No (Directly observed)
EPR_teddybear_k141_316280.region001.gbk_region_1,C843207,None,0.51,Yes (No MIBiG connection)
CHL22_PJ_220330_F_contig_68618.region001.gbk_region_1,C843207,None,0.51,Yes (No MIBiG connection)
CHL22_LC_220316_F_contig_144408.region001.gbk_region_1,C843207,BGC0002095.gbk_region_1,0.48,No (Directly observed)
AEO22_AC_220827_F_contig_2227.region001.gbk_region_1,C843207,None,0.51,Yes (No MIBiG connection)
FEN_FE_S_NODE_1543_length_2296_cov_3.202588.region001.gbk_region_1,C843207,None,0.51,Yes (No MIBiG connection)
CR17_CY170214_S_contig_44203.region001.gbk_region_1,C843207,BGC0000445.gbk_region_1,0.48,No (Directly observed)
CHL22_CU_220402_F_contig_83547.region001.gbk_region_1,C843207,None,0.51,Yes (No MIBiG connection)
CHL22_IS_220328_F_contig_4088.region001.gbk_region_1,C843207,BGC0002379.gbk_region_1,0.44,No (Directly observed)
CHL22_PJ_220330_F_contig_23022.region001.gbk_region_1,C843207,None,0.51,Yes (No MIBiG connection)
CHL22_IS_220328_F_contig_3274.region001.gbk_region_1,C843207,None,0.51,Yes (No MIBiG connection)
CHL22_IS_220328_F_contig_4084.region001.gbk_region_1,C843207,BGC0002379.gbk_region_1,0.44,No (Directly observed)
CHL22_CU_220402_F_contig_60941.region001.gbk_region_1,C843207,BGC0001058.gbk_region_1,0.49,No (Directly observed)
ARG19_PM_190223_S_contig_2004.region001.gbk_region_1,C843207,BGC0002962.gbk_region_1,0.46,No (Directly observed)
CHL22_LC_220316_F_contig_150718.region001.gbk_region_1,C843207,None,0.51,Yes (No MIBiG connection)
CR18_LE180416_S_contig_9015.region001.gbk_region_1,C843207,BGC0000362.gbk_region_1,0.48,No (Directly observed)
CHL22_OA_220325_F_contig_114348.region001.gbk_region_1,C843207,None,0.51,Yes (No MIBiG connection)
AEO22_BS_220902_F_contig_2718.region001.gbk_region_1,C843207,None,0.51,Yes (No MIBiG connection)
CHL22_LC_220316_F_contig_126621.region001.gbk_region_1,C843207,None,0.51,Yes (No MIBiG connection)
ARG19_PM_190223_S_contig_2238.region001.gbk_region_1,C843207,None,0.51,Yes (No MIBiG connection)
CHL22_GB_220322_F_contig_8059.region001.gbk_region_1,C843207,BGC0002512.gbk_region_1,0.47,No (Directly observed)
CR18_CH180410_S_contig_2658.region001.gbk_region_1,C843207,None,0.51,Yes (No MIBiG connection)
CHL22_PJ_220330_F_contig_25214.region001.gbk_region_1,C843207,BGC0002421.gbk_region_1,0.49,No (Directly observed)
CR17_CY170214_S_contig_7455.region001.gbk_region_1,C843207,None,0.51,Yes (No MIBiG connection)
CHL22_CA_220323_F_contig_30205.region001.gbk_region_1,C843207,None,0.51,Yes (No MIBiG connection)
CHL22_GB_220322_F_contig_12765.region001.gbk_region_1,C843207,BGC0002962.gbk_region_1,0.47,No (Directly observed)
CHL22_IS_220328_F_contig_14945.region001.gbk_region_1,C843207,None,0.51,Yes (No MIBiG connection)
CHL22_IS_220328_F_contig_7022.region001.gbk_region_1,C843207,BGC0002512.gbk_region_1,0.49,No (Directly observed)
CR19_RCB_190612_F_contig_1837.region001.gbk_region_1,C843207,BGC0000362.gbk_region_1,0.49,No (Directly observed)
CHL22_CU_220402_F_contig_11138.region001.gbk_region_1,C843207,None,0.51,Yes (No MIBiG connection)
CR17_PG172224_S_contig_27179.region001.gbk_region_1,C843207,None,0.51,Yes (No MIBiG connection)
CHL22_CC_220324_F_contig_17821.region001.gbk_region_1,C843207,BGC0002564.gbk_region_1,0.47,No (Directly observed)
CHL22_GB_220322_F_contig_15526.region001.gbk_region_1,C843207,BGC0002512.gbk_region_1,0.49,No (Directly observed)
CHL22_CC_220324_F_contig_45499.region001.gbk_region_1,C843207,None,0.51,Yes (No MIBiG connection)
CHL22_CC_220324_F_contig_21222.region001.gbk_region_1,C843207,BGC0000362.gbk_region_1,0.49,No (Directly observed)
CR17_ET170220_1_S_contig_6396.region001.gbk_region_1,C843207,BGC0002962.gbk_region_1,0.46,No (Directly observed)
CR17_QN170220_F_contig_4950.region001.gbk_region_1,C843207,BGC0000362.gbk_region_1,0.49,No (Directly observed)
CHL22_PJ_220330_F_contig_28989.region001.gbk_region_1,C843207,None,0.51,Yes (No MIBiG connection)
CHL22_CC_220324_F_contig_10648.region001.gbk_region_1,C843207,None,0.51,Yes (No MIBiG connection)
CR17_ET170220_1_S_contig_10136.region001.gbk_region_1,C843207,None,0.51,Yes (No MIBiG connection)
CHL22_EQ_220330_F_contig_10948.region001.gbk_region_1,C843207,BGC0002512.gbk_region_1,0.49,No (Directly observed)
KJ_230721_F_NODE_32642_length_4110_cov_2.521466.region001.gbk_region_1,C843207,BGC0002421.gbk_region_1,0.5,No (Directly observed)
CHL22_LP_220401_F_contig_40222.region001.gbk_region_1,C843207,BGC0002512.gbk_region_1,0.49,No (Directly observed)
CHL22_PJ_220330_F_contig_41464.region001.gbk_region_1,C843207,BGC0002512.gbk_region_1,0.48,No (Directly observed)
CHL22_LA_220331_F_contig_17524.region001.gbk_region_1,C843207,None,0.51,Yes (No MIBiG connection)
AEO22_OS_220830_F_contig_20168.region001.gbk_region_1,C843207,BGC0003044.gbk_region_1,0.49,No (Directly observed)
CR19_SG_190719_S_contig_949.region001.gbk_region_1,C843207,None,0.51,Yes (No MIBiG connection)
CHL22_OA_220325_F_contig_50316.region001.gbk_region_1,C843207,None,0.51,Yes (No MIBiG connection)
EPR_teddybear_k141_452360.region001.gbk_region_1,C843207,None,0.51,Yes (No MIBiG connection)
CR18_CH180410_S_contig_5678.region001.gbk_region_1,C843208,None,0.51,Yes (No MIBiG connection)
KJ_230721_F_NODE_2207_length_32344_cov_2.148369.region001.gbk_region_1,C843208,None,0.51,Yes (No MIBiG connection)
CHL22_QN_220317_F_contig_383.region001.gbk_region_1,C843208,None,0.51,Yes (No MIBiG connection)
CHL22_QN_220317_F_contig_54489.region001.gbk_region_1,C843208,None,0.51,Yes (No MIBiG connection)
CHL22_CA_220323_F_contig_67661.region001.gbk_region_1,C843208,None,0.51,Yes (No MIBiG connection)
EPR_teddybear_k141_13722.region001.gbk_region_1,C843208,None,0.51,Yes (No MIBiG connection)
CR18_CH180410_S_contig_132.region001.gbk_region_1,C843208,None,0.51,Yes (No MIBiG connection)
FEN_GA_F_NODE_10_length_402395_cov_29.553800.region002.gbk_region_2,C843208,None,0.51,Yes (No MIBiG connection)
KJ_230721_F_NODE_83144_length_2112_cov_0.995466.region001.gbk_region_1,C843208,None,0.51,Yes (No MIBiG connection)
CR18_HA180403_F_contig_1636.region001.gbk_region_1,C843208,None,0.51,Yes (No MIBiG connection)
CHL22_ET_220322_F_contig_7109.region001.gbk_region_1,C843208,None,0.51,Yes (No MIBiG connection)
CHL22_CR_220324_F_contig_36522.region001.gbk_region_1,C843208,None,0.51,Yes (No MIBiG connection)
CHL22_SR_220328_F_contig_164.region001.gbk_region_1,C843208,None,0.51,Yes (No MIBiG connection)
CR18_CL180409_F_contig_2701.region001.gbk_region_1,C843208,None,0.51,Yes (No MIBiG connection)
CR17_QN170220_S_contig_7287.region001.gbk_region_1,C843208,None,0.51,Yes (No MIBiG connection)
EPR_riftia_k141_589852.region001.gbk_region_1,C843208,None,0.51,Yes (No MIBiG connection)
CR17_QH170213_1_F_contig_3705.region001.gbk_region_1,C843208,None,0.51,Yes (No MIBiG connection)
CHL22_CH_220319_F_contig_89541.region001.gbk_region_1,C843208,None,0.51,Yes (No MIBiG connection)
CHL22_CN_220327_F_contig_6257.region001.gbk_region_1,C843208,None,0.51,Yes (No MIBiG connection)
CHL22_CR_220324_F_contig_11315.region002.gbk_region_2,C843208,None,0.51,Yes (No MIBiG connection)
CHL22_EQ_220330_F_contig_43008.region001.gbk_region_1,C843208,None,0.51,Yes (No MIBiG connection)
CR18_HA180403_F_contig_2144.region001.gbk_region_1,C843208,None,0.51,Yes (No MIBiG connection)
CHL22_LV_220331_F_contig_25089.region001.gbk_region_1,C843208,None,0.51,Yes (No MIBiG connection)
CR17_QH170213_1_F_contig_368.region001.gbk_region_1,C843208,None,0.51,Yes (No MIBiG connection)
GUY_SRR21545388_k141_2236455.region001.gbk_region_1,C843208,None,0.51,Yes (No MIBiG connection)
FEN_BA_S_NODE_438_length_34953_cov_63.457705.region001.gbk_region_1,C843208,None,0.51,Yes (No MIBiG connection)
FEN_SP_S_NODE_226_length_39734_cov_5.875022.region001.gbk_region_1,C843208,None,0.51,Yes (No MIBiG connection)
CR17_EP170215_S_contig_21831.region001.gbk_region_1,C843208,None,0.51,Yes (No MIBiG connection)
CR18_BC180410_contig_3046.region001.gbk_region_1,C843208,None,0.51,Yes (No MIBiG connection)
CHL22_CR_220324_F_contig_42711.region001.gbk_region_1,C843208,None,0.51,Yes (No MIBiG connection)
CR17_QN170220_S_contig_4415.region001.gbk_region_1,C843208,None,0.51,Yes (No MIBiG connection)
CHL22_PR_220403_F_contig_6444.region001.gbk_region_1,C843208,None,0.51,Yes (No MIBiG connection)
CR17_QH170213_2_S_contig_4283.region001.gbk_region_1,C843208,None,0.51,Yes (No MIBiG connection)
CHL22_RS_220319_F_contig_51451.region001.gbk_region_1,C843208,None,0.51,Yes (No MIBiG connection)
EPR_riftia_k141_157068.region001.gbk_region_1,C843208,None,0.51,Yes (No MIBiG connection)
HYD22_SP_221019_F_contig_2708.region001.gbk_region_1,C843208,None,0.51,Yes (No MIBiG connection)
CHL22_EQ_220330_F_contig_34408.region001.gbk_region_1,C843208,None,0.51,Yes (No MIBiG connection)
CHL22_GB_220322_F_contig_7297.region001.gbk_region_1,C843208,None,0.51,Yes (No MIBiG connection)
SJ_230730_S_NODE_161_length_36514_cov_19.370722.region001.gbk_region_1,C843208,None,0.51,Yes (No MIBiG connection)
CHL22_PR_220403_F_contig_24890.region001.gbk_region_1,C843208,None,0.51,Yes (No MIBiG connection)
SJ_230730_F_NODE_567_length_17563_cov_27.404609.region001.gbk_region_1,C843208,None,0.51,Yes (No MIBiG connection)
CR18_SC180411_S_contig_843.region001.gbk_region_1,C843208,None,0.51,Yes (No MIBiG connection)
CR17_MT170219_F_contig_705.region001.gbk_region_1,C843208,None,0.51,Yes (No MIBiG connection)
ARG19_RF_190301_S_contig_67.region001.gbk_region_1,C843208,None,0.51,Yes (No MIBiG connection)
CHL22_AV_220320_F_contig_356.region001.gbk_region_1,C843208,None,0.51,Yes (No MIBiG connection)
FEN_BA_S_NODE_418_length_36046_cov_36.151177.region001.gbk_region_1,C843208,None,0.51,Yes (No MIBiG connection)
SJ_230730_F_NODE_70_length_89853_cov_15.208385.region001.gbk_region_1,C843208,None,0.51,Yes (No MIBiG connection)
CHL22_AV_220320_F_contig_200.region001.gbk_region_1,C843208,None,0.51,Yes (No MIBiG connection)
HYD22_SC_221020_F_contig_4184.region001.gbk_region_1,C843208,None,0.51,Yes (No MIBiG connection)
HYD22_SP_221019_F_contig_10783.region001.gbk_region_1,C843208,None,0.51,Yes (No MIBiG connection)
FEN_ML_F_NODE_334_length_6891_cov_5.506290.region001.gbk_region_1,C843208,None,0.51,Yes (No MIBiG connection)
SJ_230730_F_NODE_1116_length_10831_cov_2747.223080.region001.gbk_region_1,C843208,None,0.51,Yes (No MIBiG connection)
CR17_MT170219_F_contig_9.region001.gbk_region_1,C843208,None,0.51,Yes (No MIBiG connection)
CR18_BW180407_F_contig_6892.region001.gbk_region_1,C843208,None,0.51,Yes (No MIBiG connection)
CHL22_CR_220324_F_contig_19779.region001.gbk_region_1,C843208,None,0.51,Yes (No MIBiG connection)
CR17_QN170220_F_contig_1851.region001.gbk_region_1,C843208,None,0.51,Yes (No MIBiG connection)
CR18_SC180411_F_contig_684.region001.gbk_region_1,C843208,None,0.51,Yes (No MIBiG connection)
CHL22_CR_220324_F_contig_13336.region001.gbk_region_1,C843208,None,0.51,Yes (No MIBiG connection)
CR18_LH180406_S_contig_801.region001.gbk_region_1,C843208,None,0.51,Yes (No MIBiG connection)
FEN_CF_F_NODE_21_length_73076_cov_36.247874.region001.gbk_region_1,C843208,None,0.51,Yes (No MIBiG connection)
CHL22_CH_220319_F_contig_68497.region001.gbk_region_1,C843208,None,0.51,Yes (No MIBiG connection)
CR17_RS170216_S_contig_1293.region001.gbk_region_1,C843208,None,0.51,Yes (No MIBiG connection)
FEN_SI_2_NODE_3513_length_3435_cov_3.736982.region001.gbk_region_1,C843208,None,0.51,Yes (No MIBiG connection)
CR17_PL170224_S_contig_5561.region001.gbk_region_1,C843208,None,0.51,Yes (No MIBiG connection)
CHL22_PR_220403_F_contig_16726.region001.gbk_region_1,C843208,None,0.51,Yes (No MIBiG connection)
CHL22_PR_220403_F_contig_19184.region001.gbk_region_1,C843208,None,0.51,Yes (No MIBiG connection)
HYD22_SP_221019_F_contig_645.region001.gbk_region_1,C843208,None,0.51,Yes (No MIBiG connection)
CHL22_CR_220324_F_contig_29541.region001.gbk_region_1,C843208,None,0.51,Yes (No MIBiG connection)
CHL22_PJ_220330_F_contig_999.region001.gbk_region_1,C843208,None,0.51,Yes (No MIBiG connection)
CR17_SL170214_F_contig_7885.region001.gbk_region_1,C843208,None,0.51,Yes (No MIBiG connection)
CR17_TC170221_S_contig_8214.region001.gbk_region_1,C843208,None,0.51,Yes (No MIBiG connection)
CHL22_CH_220319_F_contig_6536.region001.gbk_region_1,C843208,None,0.51,Yes (No MIBiG connection)
SJ_230730_S_NODE_350_length_22136_cov_1182.488961.region001.gbk_region_1,C843208,None,0.51,Yes (No MIBiG connection)
CR17_MT170219_F_contig_1127.region001.gbk_region_1,C843208,None,0.51,Yes (No MIBiG connection)
CR17_QH170213_2_S_contig_105.region001.gbk_region_1,C843208,None,0.51,Yes (No MIBiG connection)
FEN_BA_S_NODE_76_length_97324_cov_9.130319.region001.gbk_region_1,C843208,None,0.51,Yes (No MIBiG connection)
ARG19_PP_190301_S_contig_1482.region001.gbk_region_1,C843208,None,0.51,Yes (No MIBiG connection)
CR17_TC170221_F_contig_5796.region001.gbk_region_1,C843208,None,0.51,Yes (No MIBiG connection)
FEN_VR_S_NODE_6218_length_2548_cov_5.388287.region001.gbk_region_1,C843208,None,0.51,Yes (No MIBiG connection)
CR18_ER180415_S_contig_10.region001.gbk_region_1,C843208,None,0.51,Yes (No MIBiG connection)
CHL22_SR_220328_F_contig_3311.region001.gbk_region_1,C843208,None,0.51,Yes (No MIBiG connection)
CR17_FA170219_1_S_contig_10244.region001.gbk_region_1,C843208,None,0.51,Yes (No MIBiG connection)
CR18_LH180406_F_contig_2450.region001.gbk_region_1,C843208,None,0.51,Yes (No MIBiG connection)
CR18_ER180415_S_contig_974.region001.gbk_region_1,C843208,None,0.51,Yes (No MIBiG connection)
CR17_PF170222_S_contig_7888.region001.gbk_region_1,C843208,None,0.51,Yes (No MIBiG connection)
CHL22_CU_220402_F_contig_79680.region001.gbk_region_1,C843209,BGC0001502.gbk_region_1,0.34,No (Directly observed)
CHL22_CU_220402_F_contig_3926.region001.gbk_region_1,C843209,BGC0001502.gbk_region_1,0.32,No (Directly observed)
CR18_LH180406_S_contig_52.region001.gbk_region_1,C843209,BGC0000343.gbk_region_1,0.33,No (Directly observed)
CHL22_PR_220403_F_contig_18627.region001.gbk_region_1,C843209,BGC0001502.gbk_region_1,0.16,No (Directly observed)
CHL22_CU_220402_F_contig_45180.region001.gbk_region_1,C843209,BGC0001502.gbk_region_1,0.32,No (Directly observed)
KJ_230721_F_NODE_206_length_147041_cov_3.648461.region001.gbk_region_1,C843209,BGC0001502.gbk_region_1,0.11,No (Directly observed)
CHL22_CU_220402_F_contig_82647.region001.gbk_region_1,C843209,BGC0001502.gbk_region_1,0.44,No (Directly observed)
CHL22_IS_220328_F_contig_13818.region001.gbk_region_1,C843209,BGC0001502.gbk_region_1,0.13,No (Directly observed)
CR17_ES170215_1_F_contig_6131.region001.gbk_region_1,C843207,None,0.51,Yes (No MIBiG connection)
CR17_CY170214_S_contig_6822.region001.gbk_region_1,C843207,None,0.51,Yes (No MIBiG connection)
CR18_RC180404_S_contig_11727.region001.gbk_region_1,C843207,None,0.51,Yes (No MIBiG connection)
CR18_CI180408_F_contig_8580.region001.gbk_region_1,C843207,None,0.51,Yes (No MIBiG connection)
CH20_TP_200304_F_contig_211.region001.gbk_region_1,C843207,None,0.51,Yes (No MIBiG connection)
CHL22_QN_220317_F_contig_7095.region001.gbk_region_1,C843207,None,0.51,Yes (No MIBiG connection)
ISL21_GN1_210601_F_contig_565.region001.gbk_region_1,C843207,BGC0001346.gbk_region_1,0.45,No (Directly observed)
CHL22_LR_220331_F_contig_56777.region001.gbk_region_1,C843207,None,0.51,Yes (No MIBiG connection)
CHL22_CC_220324_F_contig_35435.region001.gbk_region_1,C843207,None,0.51,Yes (No MIBiG connection)
EPR_teddybear_k141_925323.region001.gbk_region_1,C843207,None,0.51,Yes (No MIBiG connection)
AEO22_LB_220827_F_contig_10835.region001.gbk_region_1,C843207,None,0.51,Yes (No MIBiG connection)
ARG19_PM_190223_S_contig_2406.region001.gbk_region_1,C843207,BGC0001561.gbk_region_1,0.45,No (Directly observed)
CHL22_EQ_220330_F_contig_5702.region001.gbk_region_1,C843207,None,0.51,Yes (No MIBiG connection)
CHL22_OA_220325_F_contig_56298.region001.gbk_region_1,C843207,None,0.51,Yes (No MIBiG connection)
CHL22_QN_220317_F_contig_20194.region001.gbk_region_1,C843207,None,0.51,Yes (No MIBiG connection)
HYD22_FC_221023_F_contig_22887.region001.gbk_region_1,C843207,None,0.51,Yes (No MIBiG connection)
CHL22_LN_220321_F_contig_33082.region001.gbk_region_1,C843207,None,0.51,Yes (No MIBiG connection)
CR18_CI180408_F_contig_12072.region001.gbk_region_1,C843207,None,0.51,Yes (No MIBiG connection)
ARG19_IN_190223_S_contig_11677.region001.gbk_region_1,C843207,None,0.51,Yes (No MIBiG connection)
CHL22_CC_220324_F_contig_50554.region001.gbk_region_1,C843207,None,0.51,Yes (No MIBiG connection)
CHL22_LP_220401_F_contig_1432.region001.gbk_region_1,C843207,None,0.51,Yes (No MIBiG connection)
ARG19_PM_190223_S_contig_6735.region001.gbk_region_1,C843207,None,0.51,Yes (No MIBiG connection)
CR17_ET170220_1_S_contig_4245.region001.gbk_region_1,C843207,None,0.51,Yes (No MIBiG connection)
CR18_ER180415_S_contig_9617.region001.gbk_region_1,C843207,None,0.51,Yes (No MIBiG connection)
CHL22_CA_220323_F_contig_186067.region001.gbk_region_1,C843207,None,0.51,Yes (No MIBiG connection)
CHL22_OA_220325_F_contig_98551.region001.gbk_region_1,C843207,None,0.51,Yes (No MIBiG connection)
CHL22_LC_220316_F_contig_52685.region001.gbk_region_1,C843207,None,0.51,Yes (No MIBiG connection)
CHL22_CZ_220329_F_contig_68647.region001.gbk_region_1,C843207,None,0.51,Yes (No MIBiG connection)
CHL22_PJ_220330_F_contig_12059.region001.gbk_region_1,C843207,None,0.51,Yes (No MIBiG connection)
CHL22_EQ_220330_F_contig_20431.region001.gbk_region_1,C843207,None,0.51,Yes (No MIBiG connection)
GUY_SRR21545382_k141_185709.region001.gbk_region_1,C843207,BGC0001561.gbk_region_1,0.49,No (Directly observed)
CR17_FA170219_1_S_contig_8481.region001.gbk_region_1,C843207,None,0.51,Yes (No MIBiG connection)
CR18_LE180416_S_contig_15854.region001.gbk_region_1,C843207,BGC0001018.gbk_region_1,0.48,No (Directly observed)
CHL22_OA_220325_F_contig_120896.region001.gbk_region_1,C843207,BGC0001561.gbk_region_1,0.49,No (Directly observed)
AEO22_BO_220829_F_contig_10471.region001.gbk_region_1,C843207,None,0.51,Yes (No MIBiG connection)
AEO22_LB_220827_F_contig_61525.region001.gbk_region_1,C843207,None,0.51,Yes (No MIBiG connection)
GUY_SRR21545382_k141_103708.region001.gbk_region_1,C843207,None,0.51,Yes (No MIBiG connection)
KJ_230721_F_NODE_35260_length_3887_cov_0.663564.region001.gbk_region_1,C843207,None,0.51,Yes (No MIBiG connection)
CHL22_PR_220403_F_contig_1943.region001.gbk_region_1,C843207,None,0.51,Yes (No MIBiG connection)
CHL22_OA_220325_F_contig_20809.region001.gbk_region_1,C843207,None,0.51,Yes (No MIBiG connection)
CHL22_SR_220328_F_contig_11958.region001.gbk_region_1,C843207,None,0.51,Yes (No MIBiG connection)
CHL22_CN_220327_F_contig_32956.region001.gbk_region_1,C843207,None,0.51,Yes (No MIBiG connection)
GUY_SRR21545388_k141_2994638.region001.gbk_region_1,C843207,BGC0000332.gbk_region_1,0.47,No (Directly observed)
AEO22_OS_220830_F_contig_41083.region001.gbk_region_1,C843207,None,0.51,Yes (No MIBiG connection)
HYD22_SC_221020_F_contig_38827.region001.gbk_region_1,C843207,None,0.51,Yes (No MIBiG connection)
CHL22_CC_220324_F_contig_58548.region001.gbk_region_1,C843207,None,0.51,Yes (No MIBiG connection)
CHL22_CC_220324_F_contig_148.region001.gbk_region_1,C843207,BGC0001561.gbk_region_1,0.49,No (Directly observed)
CR17_ET170220_1_S_contig_1952.region001.gbk_region_1,C843207,None,0.51,Yes (No MIBiG connection)
CHL22_OA_220325_F_contig_34854.region001.gbk_region_1,C843207,None,0.51,Yes (No MIBiG connection)
CR19_SG_190719_S_contig_658.region001.gbk_region_1,C843207,None,0.51,Yes (No MIBiG connection)
CHL22_LA_220331_F_contig_14644.region001.gbk_region_1,C843207,None,0.51,Yes (No MIBiG connection)
CHL22_EQ_220330_F_contig_24461.region001.gbk_region_1,C843207,BGC0001561.gbk_region_1,0.5,No (Directly observed)
CR17_FA170219_1_S_contig_5723.region001.gbk_region_1,C843207,None,0.51,Yes (No MIBiG connection)
AEO22_LB_220827_F_contig_76069.region001.gbk_region_1,C843207,None,0.51,Yes (No MIBiG connection)
CR17_PG172224_S_contig_16408.region001.gbk_region_1,C843207,None,0.51,Yes (No MIBiG connection)
AEO22_LB_220827_F_contig_71602.region001.gbk_region_1,C843207,None,0.51,Yes (No MIBiG connection)
CR18_CL180409_F_contig_11691.region001.gbk_region_1,C843207,BGC0001561.gbk_region_1,0.47,No (Directly observed)
CR19_SG_190719_S_contig_1690.region001.gbk_region_1,C843207,None,0.51,Yes (No MIBiG connection)
CR18_BW180407_F_contig_28611.region001.gbk_region_1,C843207,None,0.51,Yes (No MIBiG connection)
AEO22_LB_220827_F_contig_89587.region001.gbk_region_1,C843207,None,0.51,Yes (No MIBiG connection)
HYD22_SC_221020_F_contig_11304.region001.gbk_region_1,C843207,None,0.51,Yes (No MIBiG connection)
CR17_S14_S_contig_4253.region001.gbk_region_1,C843207,None,0.51,Yes (No MIBiG connection)
CHL22_QN_220317_F_contig_27890.region001.gbk_region_1,C843209,None,0.51,Yes (No MIBiG connection)
CR18_CV180410_S_contig_10820.region001.gbk_region_1,C843207,BGC0000332.gbk_region_1,0.4,No (Directly observed)
CHL22_CC_220324_F_contig_37460.region001.gbk_region_1,C843207,None,0.51,Yes (No MIBiG connection)
CHL22_LP_220401_F_contig_46323.region001.gbk_region_1,C843207,None,0.51,Yes (No MIBiG connection)
CHL22_CU_220402_F_contig_19016.region001.gbk_region_1,C843207,None,0.51,Yes (No MIBiG connection)
HYD22_CB_221018_F_contig_37969.region001.gbk_region_1,C843207,None,0.51,Yes (No MIBiG connection)
CHL22_QN_220317_F_contig_17254.region001.gbk_region_1,C843210,None,0.51,Yes (No MIBiG connection)
CHL22_CZ_220329_F_contig_70414.region001.gbk_region_1,C843210,None,0.51,Yes (No MIBiG connection)
CHL22_CH_220319_F_contig_76655.region001.gbk_region_1,C843207,None,0.51,Yes (No MIBiG connection)
CHL22_QN_220317_F_contig_185542.region001.gbk_region_1,C843207,None,0.51,Yes (No MIBiG connection)
CHL22_LP_220401_F_contig_28723.region001.gbk_region_1,C843207,None,0.51,Yes (No MIBiG connection)
CHL22_PJ_220330_F_contig_65544.region001.gbk_region_1,C843207,None,0.51,Yes (No MIBiG connection)
CHL22_CU_220402_F_contig_84499.region001.gbk_region_1,C843207,None,0.51,Yes (No MIBiG connection)
CHL22_IS_220328_F_contig_14815.region001.gbk_region_1,C843207,None,0.51,Yes (No MIBiG connection)
GUY_SRR21545382_k141_407850.region001.gbk_region_1,C843207,None,0.51,Yes (No MIBiG connection)
CR18_CV180410_S_contig_20309.region001.gbk_region_1,C843207,None,0.51,Yes (No MIBiG connection)
CHL22_CA_220323_F_contig_184454.region001.gbk_region_1,C843207,None,0.51,Yes (No MIBiG connection)
HYD22_SC_221020_F_contig_62089.region001.gbk_region_1,C843207,None,0.51,Yes (No MIBiG connection)
CHL22_QN_220317_F_contig_178178.region001.gbk_region_1,C843207,None,0.51,Yes (No MIBiG connection)
CR17_FA170219_1_S_contig_27476.region001.gbk_region_1,C843207,None,0.51,Yes (No MIBiG connection)
CHL22_CU_220402_F_contig_37577.region001.gbk_region_1,C843207,None,0.51,Yes (No MIBiG connection)
CHL22_CZ_220329_F_contig_13323.region001.gbk_region_1,C843207,None,0.51,Yes (No MIBiG connection)
CR17_CY170214_S_contig_13936.region001.gbk_region_1,C843207,None,0.51,Yes (No MIBiG connection)
CHL22_LC_220316_F_contig_81456.region001.gbk_region_1,C843207,None,0.51,Yes (No MIBiG connection)
CR18_CH180410_F_contig_4468.region001.gbk_region_1,C843207,None,0.51,Yes (No MIBiG connection)
CHL22_OA_220325_F_contig_43742.region001.gbk_region_1,C843207,None,0.51,Yes (No MIBiG connection)
CHL22_SR_220328_F_contig_26022.region001.gbk_region_1,C843207,None,0.51,Yes (No MIBiG connection)
CR17_FA170219_1_S_contig_35649.region001.gbk_region_1,C843207,None,0.51,Yes (No MIBiG connection)
ISL21_GN1_210601_F_contig_2112.region001.gbk_region_1,C843207,None,0.51,Yes (No MIBiG connection)
CHL22_CC_220324_F_contig_65609.region001.gbk_region_1,C843207,None,0.51,Yes (No MIBiG connection)
CHL22_LP_220401_F_contig_66807.region001.gbk_region_1,C843207,None,0.51,Yes (No MIBiG connection)
CHL22_LC_220316_F_contig_151090.region001.gbk_region_1,C843207,None,0.51,Yes (No MIBiG connection)
CHL22_CA_220323_F_contig_156548.region001.gbk_region_1,C843207,None,0.51,Yes (No MIBiG connection)
CR17_CY170214_S_contig_32288.region001.gbk_region_1,C843207,None,0.51,Yes (No MIBiG connection)
CHL22_CU_220402_F_contig_101838.region001.gbk_region_1,C843207,None,0.51,Yes (No MIBiG connection)
CHL22_EQ_220330_F_contig_48177.region001.gbk_region_1,C843207,None,0.51,Yes (No MIBiG connection)
CHL22_LP_220401_F_contig_69397.region001.gbk_region_1,C843207,None,0.51,Yes (No MIBiG connection)
AEO22_BS_220902_F_contig_11735.region001.gbk_region_1,C843207,None,0.51,Yes (No MIBiG connection)
CHL22_LC_220316_F_contig_13432.region001.gbk_region_1,C843207,None,0.51,Yes (No MIBiG connection)
ARG19_PG_190225_F_contig_5514.region001.gbk_region_1,C843207,None,0.51,Yes (No MIBiG connection)
ARG19_IN_190223_S_contig_5957.region001.gbk_region_1,C843207,None,0.51,Yes (No MIBiG connection)
CR18_CI180408_F_contig_9373.region001.gbk_region_1,C843207,None,0.51,Yes (No MIBiG connection)
CHL22_QN_220317_F_contig_173623.region001.gbk_region_1,C843207,None,0.51,Yes (No MIBiG connection)
AEO22_OS_220830_F_contig_44082.region001.gbk_region_1,C843207,None,0.51,Yes (No MIBiG connection)
CHL22_OA_220325_F_contig_120279.region001.gbk_region_1,C843207,BGC0001147.gbk_region_1,0.5,No (Directly observed)
ARG19_PM_190223_S_contig_4431.region001.gbk_region_1,C843207,None,0.51,Yes (No MIBiG connection)
CR18_LE180416_S_contig_17083.region001.gbk_region_1,C843207,None,0.51,Yes (No MIBiG connection)
CR18_SC180411_F_contig_32704.region001.gbk_region_1,C843207,None,0.51,Yes (No MIBiG connection)
AEO22_LB_220827_F_contig_140481.region001.gbk_region_1,C843207,None,0.51,Yes (No MIBiG connection)
CR18_LE180416_S_contig_30093.region001.gbk_region_1,C843207,None,0.51,Yes (No MIBiG connection)
CR17_QN170220_F_contig_11281.region001.gbk_region_1,C843207,None,0.51,Yes (No MIBiG connection)
AEO22_LB_220827_F_contig_153950.region001.gbk_region_1,C843207,None,0.51,Yes (No MIBiG connection)
HYD22_SC_221020_F_contig_51574.region001.gbk_region_1,C843207,None,0.51,Yes (No MIBiG connection)
CR17_ET170220_1_S_contig_17068.region001.gbk_region_1,C843207,None,0.51,Yes (No MIBiG connection)
CHL22_SR_220328_F_contig_4567.region001.gbk_region_1,C843207,None,0.51,Yes (No MIBiG connection)
CHL22_CH_220319_F_contig_129499.region001.gbk_region_1,C843207,None,0.51,Yes (No MIBiG connection)
EPR_riftia_k141_485588.region001.gbk_region_1,C843207,None,0.51,Yes (No MIBiG connection)
CHL22_LP_220401_F_contig_70968.region001.gbk_region_1,C843207,None,0.51,Yes (No MIBiG connection)
CHL22_LP_220401_F_contig_40988.region001.gbk_region_1,C843207,None,0.51,Yes (No MIBiG connection)
CHL22_QN_220317_F_contig_117279.region001.gbk_region_1,C843207,None,0.51,Yes (No MIBiG connection)
GUY_SRR21545388_k141_3209119.region001.gbk_region_1,C843207,None,0.51,Yes (No MIBiG connection)
CHL22_QN_220317_F_contig_143624.region001.gbk_region_1,C843207,None,0.51,Yes (No MIBiG connection)
CHL22_CC_220324_F_contig_38001.region001.gbk_region_1,C843207,None,0.51,Yes (No MIBiG connection)
CHL22_PR_220403_F_contig_15527.region001.gbk_region_1,C843207,None,0.51,Yes (No MIBiG connection)
HYD22_CB_221018_F_contig_24167.region001.gbk_region_1,C843207,None,0.51,Yes (No MIBiG connection)
ARG19_IN_190223_S_contig_21105.region001.gbk_region_1,C843207,None,0.51,Yes (No MIBiG connection)
CHL22_RS_220319_F_contig_81000.region001.gbk_region_1,C843207,None,0.51,Yes (No MIBiG connection)
AEO22_TC_220902_F_contig_30192.region001.gbk_region_1,C843207,None,0.51,Yes (No MIBiG connection)
HYD22_SP_221019_F_contig_40760.region001.gbk_region_1,C843207,None,0.51,Yes (No MIBiG connection)
CR17_S14_S_contig_4894.region001.gbk_region_1,C843207,None,0.51,Yes (No MIBiG connection)
HYD22_SP_221019_F_contig_39838.region001.gbk_region_1,C843207,None,0.51,Yes (No MIBiG connection)
CHL22_LC_220316_F_contig_86377.region001.gbk_region_1,C843207,None,0.51,Yes (No MIBiG connection)
CHL22_LR_220331_F_contig_26100.region001.gbk_region_1,C843207,None,0.51,Yes (No MIBiG connection)
CR18_BW180407_F_contig_30884.region001.gbk_region_1,C843207,None,0.51,Yes (No MIBiG connection)
CR17_ET170220_1_S_contig_14167.region001.gbk_region_1,C843207,None,0.51,Yes (No MIBiG connection)
AEO22_OS_220830_F_contig_80210.region001.gbk_region_1,C843207,None,0.51,Yes (No MIBiG connection)
FEN_LS_S_NODE_24034_length_2337_cov_3.424189.region001.gbk_region_1,C843207,None,0.51,Yes (No MIBiG connection)
ARG19_PM_190223_S_contig_8483.region001.gbk_region_1,C843207,None,0.51,Yes (No MIBiG connection)
CHL22_GB_220322_F_contig_20064.region001.gbk_region_1,C843207,None,0.51,Yes (No MIBiG connection)
CHL22_PR_220403_F_contig_32532.region001.gbk_region_1,C843207,None,0.51,Yes (No MIBiG connection)
AEO22_TC_220902_F_contig_3177.region001.gbk_region_1,C843207,None,0.51,Yes (No MIBiG connection)
CR18_CV180410_S_contig_20308.region001.gbk_region_1,C843207,None,0.51,Yes (No MIBiG connection)
CR19_RCB_190612_F_contig_3125.region001.gbk_region_1,C843207,None,0.51,Yes (No MIBiG connection)
CR18_CH180410_F_contig_22805.region001.gbk_region_1,C843207,None,0.51,Yes (No MIBiG connection)
ARG19_PM_190223_S_contig_7800.region001.gbk_region_1,C843207,None,0.51,Yes (No MIBiG connection)
AEO22_LB_220827_F_contig_77384.region001.gbk_region_1,C843207,None,0.51,Yes (No MIBiG connection)
CHL22_CC_220324_F_contig_52813.region001.gbk_region_1,C843207,None,0.51,Yes (No MIBiG connection)
CHL22_CC_220324_F_contig_18109.region001.gbk_region_1,C843207,BGC0000950.gbk_region_1,0.48,No (Directly observed)
CR17_CY170214_S_contig_26616.region001.gbk_region_1,C843207,None,0.51,Yes (No MIBiG connection)
CHL22_EQ_220330_F_contig_20754.region001.gbk_region_1,C843207,None,0.51,Yes (No MIBiG connection)
CR18_LE180416_S_contig_16203.region001.gbk_region_1,C843207,None,0.51,Yes (No MIBiG connection)
CHL22_IS_220328_F_contig_2364.region001.gbk_region_1,C843207,None,0.51,Yes (No MIBiG connection)
CR17_CY170214_S_contig_21401.region001.gbk_region_1,C843207,None,0.51,Yes (No MIBiG connection)
GUY_SRR21545382_k141_1424579.region001.gbk_region_1,C843207,BGC0002367.gbk_region_1,0.47,No (Directly observed)
CHL22_PJ_220330_F_contig_61785.region001.gbk_region_1,C843207,None,0.51,Yes (No MIBiG connection)
CR17_EP170215_S_contig_52534.region001.gbk_region_1,C843207,None,0.51,Yes (No MIBiG connection)
FEN_FE_S_NODE_377_length_4536_cov_9.309529.region001.gbk_region_1,C843207,None,0.51,Yes (No MIBiG connection)
CR18_LP180406_F_contig_34304.region001.gbk_region_1,C843207,BGC0000445.gbk_region_1,0.47,No (Directly observed)
KJ_230721_F_NODE_84668_length_2085_cov_2.504086.region001.gbk_region_1,C843207,BGC0002379.gbk_region_1,0.49,No (Directly observed)
CHL22_LC_220316_F_contig_27697.region001.gbk_region_1,C843207,None,0.51,Yes (No MIBiG connection)
ARG19_PM_190223_F_contig_5964.region001.gbk_region_1,C843207,None,0.51,Yes (No MIBiG connection)
GUY_SRR21545382_k141_776085.region001.gbk_region_1,C843207,None,0.51,Yes (No MIBiG connection)
CHL22_EQ_220330_F_contig_42020.region001.gbk_region_1,C843207,None,0.51,Yes (No MIBiG connection)
FEN_GA_F_NODE_4878_length_4892_cov_4.170560.region001.gbk_region_1,C843207,None,0.51,Yes (No MIBiG connection)
CHL22_CA_220323_F_contig_73565.region001.gbk_region_1,C843207,None,0.51,Yes (No MIBiG connection)
CHL22_CU_220402_F_contig_85711.region001.gbk_region_1,C843207,None,0.51,Yes (No MIBiG connection)
CR19_EP_190616_S_contig_470.region001.gbk_region_1,C843207,None,0.51,Yes (No MIBiG connection)
ARG19_AO_190224_F_contig_1934.region001.gbk_region_1,C843207,None,0.51,Yes (No MIBiG connection)
CR18_ER180415_S_contig_10675.region001.gbk_region_1,C843207,None,0.51,Yes (No MIBiG connection)
CHL22_OA_220325_F_contig_42611.region001.gbk_region_1,C843207,None,0.51,Yes (No MIBiG connection)
CHL22_QN_220317_F_contig_191134.region001.gbk_region_1,C843207,None,0.51,Yes (No MIBiG connection)
CR18_LE180416_S_contig_9091.region001.gbk_region_1,C843207,None,0.51,Yes (No MIBiG connection)
CR18_CL180409_F_contig_28683.region001.gbk_region_1,C843207,BGC0000950.gbk_region_1,0.43,No (Directly observed)
CHL22_LP_220401_F_contig_105959.region001.gbk_region_1,C843207,None,0.51,Yes (No MIBiG connection)
CHL22_PR_220403_F_contig_45313.region001.gbk_region_1,C843207,None,0.51,Yes (No MIBiG connection)
HYD22_CB_221018_F_contig_32549.region001.gbk_region_1,C843207,None,0.51,Yes (No MIBiG connection)
CR17_ET170220_1_S_contig_5865.region001.gbk_region_1,C843207,None,0.51,Yes (No MIBiG connection)
CR18_GE180403_S_contig_14867.region001.gbk_region_1,C843207,BGC0003051.gbk_region_1,0.47,No (Directly observed)
CHL22_CZ_220329_F_contig_40216.region001.gbk_region_1,C843207,BGC0002367.gbk_region_1,0.48,No (Directly observed)
NR_230731_F_NODE_21232_length_3182_cov_1.970867.region001.gbk_region_1,C843207,None,0.51,Yes (No MIBiG connection)
CHL22_GB_220322_F_contig_12302.region001.gbk_region_1,C843207,BGC0001058.gbk_region_1,0.48,No (Directly observed)
TR_230731_S_NODE_39583_length_2176_cov_0.452904.region001.gbk_region_1,C843207,BGC0000950.gbk_region_1,0.46,No (Directly observed)
CHL22_LR_220331_F_contig_8118.region001.gbk_region_1,C843207,None,0.51,Yes (No MIBiG connection)
CHL22_LA_220331_F_contig_6788.region001.gbk_region_1,C843207,None,0.51,Yes (No MIBiG connection)
EPR_teddybear_k141_535110.region001.gbk_region_1,C843207,None,0.51,Yes (No MIBiG connection)
CHL22_QN_220317_F_contig_104693.region001.gbk_region_1,C843207,None,0.51,Yes (No MIBiG connection)
CHL22_EQ_220330_F_contig_13960.region001.gbk_region_1,C843207,None,0.51,Yes (No MIBiG connection)
CR18_CZ180409_F_contig_21488.region001.gbk_region_1,C843207,None,0.51,Yes (No MIBiG connection)
HYD22_CB_221018_F_contig_39019.region001.gbk_region_1,C843207,None,0.51,Yes (No MIBiG connection)
HYD22_SC_221020_F_contig_38154.region001.gbk_region_1,C843207,None,0.51,Yes (No MIBiG connection)
CHL22_LC_220316_F_contig_67444.region001.gbk_region_1,C843207,None,0.51,Yes (No MIBiG connection)
KJ_230721_F_NODE_43766_length_3338_cov_2.404858.region001.gbk_region_1,C843207,BGC0003051.gbk_region_1,0.5,No (Directly observed)
CHL22_QN_220317_F_contig_194318.region001.gbk_region_1,C843207,BGC0002367.gbk_region_1,0.48,No (Directly observed)
CHL22_CA_220323_F_contig_199235.region001.gbk_region_1,C843207,None,0.51,Yes (No MIBiG connection)
GUY_SRR21545382_k141_524299.region001.gbk_region_1,C843207,None,0.51,Yes (No MIBiG connection)
AEO22_LB_220827_F_contig_148741.region001.gbk_region_1,C843207,None,0.51,Yes (No MIBiG connection)
CHL22_RS_220319_F_contig_43452.region001.gbk_region_1,C843207,None,0.51,Yes (No MIBiG connection)
AEO22_LB_220827_F_contig_143928.region001.gbk_region_1,C843207,None,0.51,Yes (No MIBiG connection)
AEO22_BP2_220829_F_contig_17100.region001.gbk_region_1,C843207,BGC0003051.gbk_region_1,0.5,No (Directly observed)
CR18_ER180415_S_contig_10445.region001.gbk_region_1,C843207,BGC0003051.gbk_region_1,0.49,No (Directly observed)
CR18_CV180410_S_contig_12173.region001.gbk_region_1,C843207,None,0.51,Yes (No MIBiG connection)
CHL22_CC_220324_F_contig_82497.region001.gbk_region_1,C843207,None,0.51,Yes (No MIBiG connection)
AEO22_LB_220827_F_contig_145896.region001.gbk_region_1,C843207,None,0.51,Yes (No MIBiG connection)
CHL22_QN_220317_F_contig_115610.region001.gbk_region_1,C843207,None,0.51,Yes (No MIBiG connection)
CR18_PX180416_S_contig_36750.region001.gbk_region_1,C843207,BGC0002379.gbk_region_1,0.48,No (Directly observed)
HYD22_FC_221023_F_contig_49977.region001.gbk_region_1,C843207,None,0.51,Yes (No MIBiG connection)
CR18_BW180407_F_contig_6122.region001.gbk_region_1,C843207,None,0.51,Yes (No MIBiG connection)
CR17_ET170220_1_S_contig_13919.region001.gbk_region_1,C843207,BGC0001147.gbk_region_1,0.47,No (Directly observed)
GUY_SRR21545388_k141_3069817.region001.gbk_region_1,C843207,None,0.51,Yes (No MIBiG connection)
CR17_PG172224_S_contig_50917.region001.gbk_region_1,C843207,None,0.51,Yes (No MIBiG connection)
CHL22_PR_220403_F_contig_33479.region001.gbk_region_1,C843207,None,0.51,Yes (No MIBiG connection)
AEO22_OS_220830_F_contig_74027.region001.gbk_region_1,C843207,None,0.51,Yes (No MIBiG connection)
GUY_SRR21545388_k141_1385477.region001.gbk_region_1,C843207,None,0.51,Yes (No MIBiG connection)
CHL22_EQ_220330_F_contig_2934.region001.gbk_region_1,C843207,None,0.51,Yes (No MIBiG connection)
CR18_PX180416_S_contig_28279.region001.gbk_region_1,C843207,None,0.51,Yes (No MIBiG connection)
CHL22_EQ_220330_F_contig_22136.region001.gbk_region_1,C843207,None,0.51,Yes (No MIBiG connection)
GUY_SRR21545388_k141_1437016.region001.gbk_region_1,C843207,BGC0002379.gbk_region_1,0.48,No (Directly observed)
CR18_LP180406_F_contig_11063.region001.gbk_region_1,C843207,None,0.51,Yes (No MIBiG connection)
CHL22_CR_220324_F_contig_21907.region001.gbk_region_1,C843207,None,0.51,Yes (No MIBiG connection)
CHL22_CC_220324_F_contig_4855.region001.gbk_region_1,C843207,BGC0001942.gbk_region_1,0.49,No (Directly observed)
CHL22_CC_220324_F_contig_84996.region001.gbk_region_1,C843207,None,0.51,Yes (No MIBiG connection)
CHL22_QN_220317_F_contig_64521.region001.gbk_region_1,C843207,BGC0001818.gbk_region_1,0.47,No (Directly observed)
CR17_CY170214_S_contig_6261.region001.gbk_region_1,C843207,None,0.51,Yes (No MIBiG connection)
HYD22_CB_221018_F_contig_45415.region001.gbk_region_1,C843207,None,0.51,Yes (No MIBiG connection)
CHL22_QN_220317_F_contig_82966.region001.gbk_region_1,C843207,None,0.51,Yes (No MIBiG connection)
CHL22_CU_220402_F_contig_92669.region001.gbk_region_1,C843207,None,0.51,Yes (No MIBiG connection)
CR18_BW180407_F_contig_34880.region001.gbk_region_1,C843207,BGC0000445.gbk_region_1,0.47,No (Directly observed)
CHL22_CA_220323_F_contig_43619.region001.gbk_region_1,C843207,BGC0000445.gbk_region_1,0.47,No (Directly observed)
CHL22_PJ_220330_F_contig_14352.region001.gbk_region_1,C843207,None,0.51,Yes (No MIBiG connection)
CR18_LE180416_S_contig_480.region001.gbk_region_1,C843207,None,0.51,Yes (No MIBiG connection)
EPR_teddybear_k141_552951.region001.gbk_region_1,C843207,None,0.51,Yes (No MIBiG connection)
EPR_teddybear_k141_431939.region001.gbk_region_1,C843207,None,0.51,Yes (No MIBiG connection)
CHL22_LP_220401_F_contig_4514.region001.gbk_region_1,C843207,BGC0002051.gbk_region_1,0.48,No (Directly observed)
CR18_LE180416_S_contig_14096.region001.gbk_region_1,C843207,None,0.51,Yes (No MIBiG connection)
CHL22_CC_220324_F_contig_54855.region001.gbk_region_1,C843207,None,0.51,Yes (No MIBiG connection)
CR17_EP170215_S_contig_4450.region001.gbk_region_1,C843207,None,0.51,Yes (No MIBiG connection)
CR17_SI170217_S_contig_7007.region001.gbk_region_1,C843207,None,0.51,Yes (No MIBiG connection)
CR18_CV180410_S_contig_6814.region001.gbk_region_1,C843207,None,0.51,Yes (No MIBiG connection)
CHL22_QN_220317_F_contig_72877.region001.gbk_region_1,C843207,None,0.51,Yes (No MIBiG connection)
CHL22_LP_220401_F_contig_21220.region001.gbk_region_1,C843207,None,0.51,Yes (No MIBiG connection)
HYD22_CB_221018_F_contig_54726.region001.gbk_region_1,C843207,None,0.51,Yes (No MIBiG connection)
CHL22_LC_220316_F_contig_34210.region001.gbk_region_1,C843207,None,0.51,Yes (No MIBiG connection)
CHL22_LC_220316_F_contig_59909.region001.gbk_region_1,C843207,None,0.51,Yes (No MIBiG connection)
HYD22_CB_221018_F_contig_30780.region001.gbk_region_1,C843207,None,0.51,Yes (No MIBiG connection)
GUY_SRR21545388_k141_78673.region001.gbk_region_1,C843207,None,0.51,Yes (No MIBiG connection)
ARG19_PM_190223_S_contig_7534.region001.gbk_region_1,C843207,BGC0002367.gbk_region_1,0.5,No (Directly observed)
CHL22_CZ_220329_F_contig_13151.region001.gbk_region_1,C843207,None,0.51,Yes (No MIBiG connection)
CHL22_PJ_220330_F_contig_64083.region001.gbk_region_1,C843207,None,0.51,Yes (No MIBiG connection)
CR18_CW180415_S_contig_11739.region001.gbk_region_1,C843207,None,0.51,Yes (No MIBiG connection)
HYD22_CB_221018_F_contig_71954.region001.gbk_region_1,C843207,None,0.51,Yes (No MIBiG connection)
CR17_FA170219_1_S_contig_26318.region001.gbk_region_1,C843207,BGC0000415.gbk_region_1,0.5,No (Directly observed)
EPR_teddybear_k141_588017.region001.gbk_region_1,C843207,None,0.51,Yes (No MIBiG connection)
HYD22_CB_221018_F_contig_33305.region001.gbk_region_1,C843207,None,0.51,Yes (No MIBiG connection)
CR18_SC180411_F_contig_13730.region001.gbk_region_1,C843207,None,0.51,Yes (No MIBiG connection)
FEN_SI_1_NODE_5975_length_3288_cov_6.183421.region001.gbk_region_1,C843207,BGC0000332.gbk_region_1,0.47,No (Directly observed)
CHL22_PJ_220330_F_contig_10856.region001.gbk_region_1,C843207,BGC0000332.gbk_region_1,0.43,No (Directly observed)
CR18_GE180403_S_contig_17380.region001.gbk_region_1,C843207,None,0.51,Yes (No MIBiG connection)
CHL22_CA_220323_F_contig_178006.region001.gbk_region_1,C843207,None,0.51,Yes (No MIBiG connection)
CHL22_OA_220325_F_contig_66626.region001.gbk_region_1,C843207,None,0.51,Yes (No MIBiG connection)
CHL22_CA_220323_F_contig_130371.region001.gbk_region_1,C843207,BGC0002095.gbk_region_1,0.48,No (Directly observed)
AEO22_TC_220902_F_contig_32041.region001.gbk_region_1,C843207,BGC0002095.gbk_region_1,0.47,No (Directly observed)
CHL22_OA_220325_F_contig_28155.region001.gbk_region_1,C843207,BGC0002095.gbk_region_1,0.49,No (Directly observed)
HYD22_SB_221021_F_contig_26147.region001.gbk_region_1,C843207,None,0.51,Yes (No MIBiG connection)
CHL22_QN_220317_F_contig_90663.region001.gbk_region_1,C843207,BGC0000332.gbk_region_1,0.41,No (Directly observed)
CHL22_CR_220324_F_contig_246.region001.gbk_region_1,C843207,None,0.51,Yes (No MIBiG connection)
CR17_EP170215_S_contig_72.region001.gbk_region_1,C843210,None,0.51,Yes (No MIBiG connection)
AEO22_OS_220830_F_contig_22386.region001.gbk_region_1,C843210,None,0.51,Yes (No MIBiG connection)
CHL22_EQ_220330_F_contig_428.region001.gbk_region_1,C843210,None,0.51,Yes (No MIBiG connection)
CHL22_CZ_220329_F_contig_70133.region001.gbk_region_1,C843210,None,0.51,Yes (No MIBiG connection)
HYD22_SC_221020_F_contig_7319.region001.gbk_region_1,C843210,None,0.51,Yes (No MIBiG connection)
FEN_LS_S_NODE_8654_length_4863_cov_3.454867.region001.gbk_region_1,C843210,None,0.51,Yes (No MIBiG connection)
HYD22_CB_221018_F_contig_8137.region001.gbk_region_1,C843210,None,0.51,Yes (No MIBiG connection)
CR18_CH180410_F_contig_2460.region001.gbk_region_1,C843210,None,0.51,Yes (No MIBiG connection)
CHL22_OA_220325_F_contig_61893.region001.gbk_region_1,C843210,None,0.51,Yes (No MIBiG connection)
CR17_SL170214_F_contig_10337.region001.gbk_region_1,C843210,None,0.51,Yes (No MIBiG connection)
CR18_YR180404_F_contig_2635.region001.gbk_region_1,C843210,None,0.51,Yes (No MIBiG connection)
HYD22_CB_221018_F_contig_35810.region001.gbk_region_1,C843210,None,0.51,Yes (No MIBiG connection)
EPR_teddybear_k141_638402.region001.gbk_region_1,C843210,None,0.51,Yes (No MIBiG connection)
CR17_CY170214_S_contig_2285.region001.gbk_region_1,C843210,None,0.51,Yes (No MIBiG connection)
CR18_ER180415_S_contig_7943.region001.gbk_region_1,C843210,None,0.51,Yes (No MIBiG connection)
CHL22_QN_220317_F_contig_52047.region001.gbk_region_1,C843210,None,0.51,Yes (No MIBiG connection)
CR17_EP170215_F_contig_609.region001.gbk_region_1,C843210,None,0.51,Yes (No MIBiG connection)
CR18_LE180416_F_contig_4797.region001.gbk_region_1,C843210,None,0.51,Yes (No MIBiG connection)
CR17_BR170218_2_S_contig_25848.region001.gbk_region_1,C843210,None,0.51,Yes (No MIBiG connection)
CHL22_OA_220325_F_contig_33858.region001.gbk_region_1,C843210,None,0.51,Yes (No MIBiG connection)
CR17_PF170222_F_contig_953.region001.gbk_region_1,C843210,None,0.51,Yes (No MIBiG connection)
CR17_EP170215_F_contig_905.region001.gbk_region_1,C843210,None,0.51,Yes (No MIBiG connection)
CHL22_OA_220325_F_contig_71300.region001.gbk_region_1,C843210,None,0.51,Yes (No MIBiG connection)
CHL22_OA_220325_F_contig_11623.region001.gbk_region_1,C843210,None,0.51,Yes (No MIBiG connection)
AEO22_LB_220827_F_contig_19.region001.gbk_region_1,C843210,None,0.51,Yes (No MIBiG connection)
CHL22_CZ_220329_F_contig_2805.region001.gbk_region_1,C843210,None,0.51,Yes (No MIBiG connection)
CHL22_PJ_220330_F_contig_41940.region001.gbk_region_1,C843210,None,0.51,Yes (No MIBiG connection)
CR17_ET170220_1_S_contig_9217.region001.gbk_region_1,C843210,None,0.51,Yes (No MIBiG connection)
CHL22_CC_220324_F_contig_19249.region001.gbk_region_1,C843210,None,0.51,Yes (No MIBiG connection)
CR17_PG172224_S_contig_6785.region001.gbk_region_1,C843210,None,0.51,Yes (No MIBiG connection)
CHL22_CU_220402_F_contig_51266.region001.gbk_region_1,C843210,None,0.51,Yes (No MIBiG connection)
GUY_SRR21545382_k141_1546105.region001.gbk_region_1,C843210,None,0.51,Yes (No MIBiG connection)
CHL22_CH_220319_F_contig_67658.region001.gbk_region_1,C843210,None,0.51,Yes (No MIBiG connection)
CHL22_CR_220324_F_contig_38035.region001.gbk_region_1,C843210,None,0.51,Yes (No MIBiG connection)
CR17_QH170213_1_S_contig_2191.region001.gbk_region_1,C843210,None,0.51,Yes (No MIBiG connection)
CR18_HA180403_F_contig_7185.region001.gbk_region_1,C843210,None,0.51,Yes (No MIBiG connection)
CHL22_OA_220325_F_contig_89954.region001.gbk_region_1,C843210,None,0.51,Yes (No MIBiG connection)
CR18_LB180410_S_contig_4182.region001.gbk_region_1,C843210,None,0.51,Yes (No MIBiG connection)
GUY_SRR21545382_k141_736769.region001.gbk_region_1,C843210,None,0.51,Yes (No MIBiG connection)
CHL22_RS_220319_F_contig_1780.region001.gbk_region_1,C843210,None,0.51,Yes (No MIBiG connection)
CHL22_CZ_220329_F_contig_87728.region001.gbk_region_1,C843210,None,0.51,Yes (No MIBiG connection)
CR18_XF180416_F_contig_1309.region001.gbk_region_1,C843210,None,0.51,Yes (No MIBiG connection)
GUY_SRR21545388_k141_702186.region001.gbk_region_1,C843210,None,0.51,Yes (No MIBiG connection)
CHL22_QN_220317_F_contig_14649.region001.gbk_region_1,C843210,None,0.51,Yes (No MIBiG connection)
CR17_SI170217_S_contig_8014.region001.gbk_region_1,C843210,None,0.51,Yes (No MIBiG connection)
EPR_teddybear_k141_833668.region001.gbk_region_1,C843210,None,0.51,Yes (No MIBiG connection)
CR18_CI180408_S_contig_8081.region001.gbk_region_1,C843210,None,0.51,Yes (No MIBiG connection)
CHL22_IS_220328_F_contig_17378.region001.gbk_region_1,C843210,None,0.51,Yes (No MIBiG connection)
AEO22_BO_220829_F_contig_925.region001.gbk_region_1,C843210,None,0.51,Yes (No MIBiG connection)
CHL22_QN_220317_F_contig_7414.region001.gbk_region_1,C843210,None,0.51,Yes (No MIBiG connection)
CR18_SC180411_F_contig_24.region001.gbk_region_1,C843210,None,0.51,Yes (No MIBiG connection)
CH20_CT_200308_F_contig_94.region001.gbk_region_1,C843210,None,0.51,Yes (No MIBiG connection)
CHL22_EQ_220330_F_contig_30709.region001.gbk_region_1,C843210,None,0.51,Yes (No MIBiG connection)
CHL22_LR_220331_F_contig_32374.region001.gbk_region_1,C843210,None,0.51,Yes (No MIBiG connection)
CHL22_LA_220331_F_contig_3212.region001.gbk_region_1,C843210,None,0.51,Yes (No MIBiG connection)
CHL22_QN_220317_F_contig_22712.region001.gbk_region_1,C843210,None,0.51,Yes (No MIBiG connection)
CHL22_QN_220317_F_contig_144417.region001.gbk_region_1,C843210,None,0.51,Yes (No MIBiG connection)
ISL21_HV2_210602_S_contig_99.region001.gbk_region_1,C843210,None,0.51,Yes (No MIBiG connection)
CHL22_RS_220319_F_contig_221.region001.gbk_region_1,C843210,None,0.51,Yes (No MIBiG connection)
CR18_LE180416_S_contig_1048.region001.gbk_region_1,C843210,None,0.51,Yes (No MIBiG connection)
CHL22_CH_220319_F_contig_99447.region001.gbk_region_1,C843210,None,0.51,Yes (No MIBiG connection)
ISL21_HV2_210602_S_contig_4115.region001.gbk_region_1,C843210,None,0.51,Yes (No MIBiG connection)
CR18_MC180404_S_contig_9198.region001.gbk_region_1,C843210,None,0.51,Yes (No MIBiG connection)
CR17_ET170220_1_S_contig_242.region001.gbk_region_1,C843210,None,0.51,Yes (No MIBiG connection)
AEO22_OS_220830_F_contig_7870.region001.gbk_region_1,C843210,None,0.51,Yes (No MIBiG connection)
CR19_BR2_190717_contig_125.region001.gbk_region_1,C843210,None,0.51,Yes (No MIBiG connection)
CHL22_CN_220327_F_contig_42039.region001.gbk_region_1,C843210,None,0.51,Yes (No MIBiG connection)
CHL22_SR_220328_F_contig_3284.region001.gbk_region_1,C843210,None,0.51,Yes (No MIBiG connection)
CR17_PF170222_F_contig_231.region001.gbk_region_1,C843210,None,0.51,Yes (No MIBiG connection)
AEO22_LB_220827_F_contig_2615.region001.gbk_region_1,C843210,None,0.51,Yes (No MIBiG connection)
CHL22_OA_220325_F_contig_83534.region001.gbk_region_1,C843210,None,0.51,Yes (No MIBiG connection)
CHL22_EQ_220330_F_contig_17251.region001.gbk_region_1,C843210,None,0.51,Yes (No MIBiG connection)
HYD22_SB_221021_F_contig_2666.region001.gbk_region_1,C843210,None,0.51,Yes (No MIBiG connection)
CH20_GS_200305_F_contig_29.region001.gbk_region_1,C843210,None,0.51,Yes (No MIBiG connection)
HYD22_CB_221018_F_contig_12348.region001.gbk_region_1,C843210,None,0.51,Yes (No MIBiG connection)
CR18_LE180416_S_contig_12637.region001.gbk_region_1,C843210,None,0.51,Yes (No MIBiG connection)
GUY_SRR21545382_k141_1362116.region001.gbk_region_1,C843207,BGC0002512.gbk_region_1,0.47,No (Directly observed)
CHL22_QN_220317_F_contig_42165.region001.gbk_region_1,C843207,None,0.51,Yes (No MIBiG connection)
CR18_BW180407_F_contig_10591.region001.gbk_region_1,C843207,None,0.51,Yes (No MIBiG connection)
CR17_QH170213_2_S_contig_1757.region001.gbk_region_1,C843207,BGC0003069.gbk_region_1,0.49,No (Directly observed)
CR17_CY170214_S_contig_2232.region001.gbk_region_1,C843207,None,0.51,Yes (No MIBiG connection)
CHL22_LN_220321_F_contig_29429.region001.gbk_region_1,C843207,BGC0002512.gbk_region_1,0.45,No (Directly observed)
ARG19_IN_190223_S_contig_1538.region001.gbk_region_1,C843207,BGC0002503.gbk_region_1,0.48,No (Directly observed)
AEO22_LB_220827_F_contig_33090.region001.gbk_region_1,C843207,BGC0001672.gbk_region_1,0.48,No (Directly observed)
FEN_GA_F_NODE_4426_length_5301_cov_4.458826.region001.gbk_region_1,C843207,BGC0002379.gbk_region_1,0.48,No (Directly observed)
CHL22_IS_220328_F_contig_3798.region001.gbk_region_1,C843207,None,0.51,Yes (No MIBiG connection)
CHL22_CU_220402_F_contig_80950.region001.gbk_region_1,C843207,None,0.51,Yes (No MIBiG connection)
GUY_SRR21545382_k141_672352.region001.gbk_region_1,C843207,BGC0002512.gbk_region_1,0.45,No (Directly observed)
HYD22_SC_221020_F_contig_20191.region001.gbk_region_1,C843207,None,0.51,Yes (No MIBiG connection)
AEO22_LB_220827_F_contig_38733.region001.gbk_region_1,C843207,None,0.51,Yes (No MIBiG connection)
CHL22_QN_220317_F_contig_91000.region001.gbk_region_1,C843207,BGC0001018.gbk_region_1,0.45,No (Directly observed)
FEN_GA_F_NODE_6277_length_3971_cov_6.441267.region001.gbk_region_1,C843207,None,0.51,Yes (No MIBiG connection)
CR17_RS170216_S_contig_7646.region001.gbk_region_1,C843207,BGC0002512.gbk_region_1,0.5,No (Directly observed)
CHL22_GB_220322_F_contig_36690.region001.gbk_region_1,C843207,None,0.51,Yes (No MIBiG connection)
CR18_BW180407_F_contig_6948.region001.gbk_region_1,C843207,BGC0000341.gbk_region_1,0.49,No (Directly observed)
GUY_SRR21545382_k141_1316033.region001.gbk_region_1,C843207,BGC0000332.gbk_region_1,0.41,No (Directly observed)
AEO22_LB_220827_F_contig_43202.region001.gbk_region_1,C843207,None,0.51,Yes (No MIBiG connection)
CR17_SI170217_S_contig_6113.region001.gbk_region_1,C843207,BGC0001672.gbk_region_1,0.49,No (Directly observed)
CHL22_QN_220317_F_contig_74602.region001.gbk_region_1,C843207,BGC0001434.gbk_region_1,0.49,No (Directly observed)
CHL22_QN_220317_F_contig_18481.region001.gbk_region_1,C843207,None,0.51,Yes (No MIBiG connection)
CR18_ER180415_S_contig_2721.region001.gbk_region_1,C843207,None,0.51,Yes (No MIBiG connection)
CR17_QN170220_S_contig_16570.region001.gbk_region_1,C843207,None,0.51,Yes (No MIBiG connection)
CR18_BW180407_F_contig_32877.region001.gbk_region_1,C843207,None,0.51,Yes (No MIBiG connection)
CR18_LE180416_S_contig_25538.region001.gbk_region_1,C843207,None,0.51,Yes (No MIBiG connection)
CHL22_LR_220331_F_contig_19094.region001.gbk_region_1,C843207,None,0.51,Yes (No MIBiG connection)
CR19_EP_190616_S_contig_6679.region001.gbk_region_1,C843209,None,0.51,Yes (No MIBiG connection)
CR17_CY170214_S_contig_5029.region001.gbk_region_1,C843209,None,0.51,Yes (No MIBiG connection)
CHL22_QN_220317_F_contig_34116.region001.gbk_region_1,C843209,None,0.51,Yes (No MIBiG connection)
CHL22_QN_220317_F_contig_180687.region001.gbk_region_1,C843209,None,0.51,Yes (No MIBiG connection)
CR17_CY170214_S_contig_10833.region001.gbk_region_1,C843209,None,0.51,Yes (No MIBiG connection)
CHL22_LP_220401_F_contig_83174.region001.gbk_region_1,C843207,None,0.51,Yes (No MIBiG connection)
CR18_BW180407_F_contig_23396.region001.gbk_region_1,C843207,None,0.51,Yes (No MIBiG connection)
CHL22_LP_220401_F_contig_61806.region001.gbk_region_1,C843207,None,0.51,Yes (No MIBiG connection)
CHL22_CU_220402_F_contig_104651.region001.gbk_region_1,C843207,BGC0000332.gbk_region_1,0.47,No (Directly observed)
CHL22_CC_220324_F_contig_36733.region001.gbk_region_1,C843207,None,0.51,Yes (No MIBiG connection)
FEN_GA_F_NODE_12187_length_2398_cov_4.085361.region001.gbk_region_1,C843207,None,0.51,Yes (No MIBiG connection)
AEO22_TC_220902_F_contig_41608.region001.gbk_region_1,C843207,None,0.51,Yes (No MIBiG connection)
CR18_RC180404_S_contig_34782.region001.gbk_region_1,C843207,None,0.51,Yes (No MIBiG connection)
ARG19_PM_190223_S_contig_2913.region001.gbk_region_1,C843207,BGC0001147.gbk_region_1,0.49,No (Directly observed)
CR19_SG_190719_F_contig_4883.region001.gbk_region_1,C843207,None,0.51,Yes (No MIBiG connection)
CHL22_CZ_220329_F_contig_61891.region001.gbk_region_1,C843207,None,0.51,Yes (No MIBiG connection)
HYD22_CB_221018_F_contig_54758.region001.gbk_region_1,C843207,None,0.51,Yes (No MIBiG connection)
ISL21_GN1_210601_F_contig_1769.region001.gbk_region_1,C843207,None,0.51,Yes (No MIBiG connection)
CR18_LE180416_S_contig_18415.region001.gbk_region_1,C843207,None,0.51,Yes (No MIBiG connection)
CR17_FA170219_1_S_contig_52182.region001.gbk_region_1,C843207,None,0.51,Yes (No MIBiG connection)
CR17_QN170220_F_contig_11244.region001.gbk_region_1,C843207,None,0.51,Yes (No MIBiG connection)
CR17_S14_S_contig_4669.region001.gbk_region_1,C843207,None,0.51,Yes (No MIBiG connection)
AEO22_TC_220902_F_contig_51333.region001.gbk_region_1,C843207,None,0.51,Yes (No MIBiG connection)
SJ_230730_F_NODE_11970_length_2041_cov_3.903259.region001.gbk_region_1,C843207,None,0.51,Yes (No MIBiG connection)
CHL22_PR_220403_F_contig_46710.region001.gbk_region_1,C843207,BGC0000360.gbk_region_1,0.49,No (Directly observed)
CHL22_CU_220402_F_contig_8906.region001.gbk_region_1,C843207,None,0.51,Yes (No MIBiG connection)
CR17_ET170220_1_S_contig_19695.region001.gbk_region_1,C843207,None,0.51,Yes (No MIBiG connection)
AEO22_TC_220902_F_contig_51463.region001.gbk_region_1,C843207,None,0.51,Yes (No MIBiG connection)
CHL22_CA_220323_F_contig_126551.region001.gbk_region_1,C843207,None,0.51,Yes (No MIBiG connection)
CHL22_CU_220402_F_contig_56197.region001.gbk_region_1,C843207,None,0.51,Yes (No MIBiG connection)
FEN_FE_S_NODE_1292_length_2491_cov_3.427750.region001.gbk_region_1,C843207,None,0.51,Yes (No MIBiG connection)
CHL22_LP_220401_F_contig_99214.region001.gbk_region_1,C843207,None,0.51,Yes (No MIBiG connection)
HYD22_SC_221020_F_contig_58144.region001.gbk_region_1,C843207,None,0.51,Yes (No MIBiG connection)
CR18_ER180415_S_contig_12394.region001.gbk_region_1,C843207,None,0.51,Yes (No MIBiG connection)
CHL22_CC_220324_F_contig_21540.region001.gbk_region_1,C843207,None,0.51,Yes (No MIBiG connection)
CHL22_CZ_220329_F_contig_1749.region001.gbk_region_1,C843207,None,0.51,Yes (No MIBiG connection)
CHL22_IS_220328_F_contig_14932.region001.gbk_region_1,C843207,None,0.51,Yes (No MIBiG connection)
CR18_ER180415_F_contig_6061.region001.gbk_region_1,C843207,BGC0001147.gbk_region_1,0.49,No (Directly observed)
SJ_230730_F_NODE_9020_length_2469_cov_2.571906.region001.gbk_region_1,C843207,None,0.51,Yes (No MIBiG connection)
CHL22_PJ_220330_F_contig_25984.region001.gbk_region_1,C843207,None,0.51,Yes (No MIBiG connection)
AEO22_TC_220902_F_contig_30719.region001.gbk_region_1,C843207,None,0.51,Yes (No MIBiG connection)
GUY_SRR21545388_k141_1736913.region001.gbk_region_1,C843207,None,0.51,Yes (No MIBiG connection)
CHL22_LA_220331_F_contig_736.region001.gbk_region_1,C843207,None,0.51,Yes (No MIBiG connection)
CHL22_EQ_220330_F_contig_9003.region001.gbk_region_1,C843207,None,0.51,Yes (No MIBiG connection)
EPR_teddybear_k141_863761.region001.gbk_region_1,C843207,None,0.51,Yes (No MIBiG connection)
CR18_CH180410_F_contig_16404.region001.gbk_region_1,C843207,None,0.51,Yes (No MIBiG connection)
HYD22_CB_221018_F_contig_61042.region001.gbk_region_1,C843207,None,0.51,Yes (No MIBiG connection)
CHL22_CC_220324_F_contig_15567.region001.gbk_region_1,C843207,None,0.51,Yes (No MIBiG connection)
CHL22_CC_220324_F_contig_34740.region001.gbk_region_1,C843207,None,0.51,Yes (No MIBiG connection)
CHL22_LP_220401_F_contig_90083.region001.gbk_region_1,C843207,None,0.51,Yes (No MIBiG connection)
AEO22_LB_220827_F_contig_129082.region001.gbk_region_1,C843207,None,0.51,Yes (No MIBiG connection)
AEO22_OS_220830_F_contig_56414.region001.gbk_region_1,C843207,None,0.51,Yes (No MIBiG connection)
HYD22_CB_221018_F_contig_53256.region001.gbk_region_1,C843207,None,0.51,Yes (No MIBiG connection)
CHL22_LC_220316_F_contig_98558.region001.gbk_region_1,C843207,None,0.51,Yes (No MIBiG connection)
CR17_FA170219_1_S_contig_42817.region001.gbk_region_1,C843207,None,0.51,Yes (No MIBiG connection)
FEN_LS_F_NODE_14906_length_2499_cov_2.977905.region001.gbk_region_1,C843207,None,0.51,Yes (No MIBiG connection)
ISL21_GN1_210601_F_contig_1822.region001.gbk_region_1,C843207,None,0.51,Yes (No MIBiG connection)
AEO22_TC_220902_F_contig_48193.region001.gbk_region_1,C843207,None,0.51,Yes (No MIBiG connection)
HYD22_SC_221020_F_contig_51594.region001.gbk_region_1,C843207,None,0.51,Yes (No MIBiG connection)
ISL21_GN1_210601_F_contig_1297.region001.gbk_region_1,C843207,BGC0000327.gbk_region_1,0.5,No (Directly observed)
CR18_CV180410_S_contig_17077.region001.gbk_region_1,C843207,None,0.51,Yes (No MIBiG connection)
CHL22_LP_220401_F_contig_99500.region001.gbk_region_1,C843207,None,0.51,Yes (No MIBiG connection)
CHL22_CU_220402_F_contig_64829.region001.gbk_region_1,C843207,None,0.51,Yes (No MIBiG connection)
CHL22_CU_220402_F_contig_63687.region001.gbk_region_1,C843207,None,0.51,Yes (No MIBiG connection)
CHL22_CU_220402_F_contig_76530.region001.gbk_region_1,C843207,None,0.51,Yes (No MIBiG connection)
CHL22_CN_220327_F_contig_32820.region001.gbk_region_1,C843207,None,0.51,Yes (No MIBiG connection)
CR18_BW180407_F_contig_26090.region001.gbk_region_1,C843207,None,0.51,Yes (No MIBiG connection)
KJ_230721_F_NODE_51585_length_2969_cov_0.864532.region001.gbk_region_1,C843207,None,0.51,Yes (No MIBiG connection)
CHL22_LP_220401_F_contig_38225.region001.gbk_region_1,C843207,None,0.51,Yes (No MIBiG connection)
AEO22_TC_220902_F_contig_8189.region001.gbk_region_1,C843207,None,0.51,Yes (No MIBiG connection)
HYD22_CB_221018_F_contig_25104.region001.gbk_region_1,C843207,None,0.51,Yes (No MIBiG connection)
FEN_FE_S_NODE_349_length_4655_cov_6.179565.region001.gbk_region_1,C843207,None,0.51,Yes (No MIBiG connection)
CHL22_IS_220328_F_contig_19128.region001.gbk_region_1,C843207,BGC0000330.gbk_region_1,0.49,No (Directly observed)
ISL21_GN1_210601_F_contig_531.region001.gbk_region_1,C843207,BGC0000330.gbk_region_1,0.49,No (Directly observed)
AEO22_BS_220902_F_contig_4826.region001.gbk_region_1,C843207,None,0.51,Yes (No MIBiG connection)
ISL21_GN1_210601_F_contig_454.region001.gbk_region_1,C843207,BGC0000330.gbk_region_1,0.47,No (Directly observed)
ISL21_GN1_210601_F_contig_795.region001.gbk_region_1,C843207,None,0.51,Yes (No MIBiG connection)
ISL21_GN1_210601_F_contig_408.region001.gbk_region_1,C843207,BGC0000330.gbk_region_1,0.45,No (Directly observed)
CHL22_CU_220402_F_contig_39661.region001.gbk_region_1,C843207,None,0.51,Yes (No MIBiG connection)
CHL22_CU_220402_F_contig_87581.region001.gbk_region_1,C843207,BGC0000330.gbk_region_1,0.42,No (Directly observed)
AEO22_OS_220830_F_contig_33668.region001.gbk_region_1,C843207,None,0.51,Yes (No MIBiG connection)
AEO22_TC_220902_F_contig_19964.region001.gbk_region_1,C843207,BGC0002421.gbk_region_1,0.47,No (Directly observed)
CHL22_LP_220401_F_contig_51198.region001.gbk_region_1,C843207,None,0.51,Yes (No MIBiG connection)
AEO22_TC_220902_F_contig_28242.region001.gbk_region_1,C843207,None,0.51,Yes (No MIBiG connection)
CHL22_IS_220328_F_contig_8112.region001.gbk_region_1,C843207,BGC0000330.gbk_region_1,0.49,No (Directly observed)
CHL22_PJ_220330_F_contig_65575.region001.gbk_region_1,C843207,None,0.51,Yes (No MIBiG connection)
KJ_230721_F_NODE_32501_length_4124_cov_2.721541.region001.gbk_region_1,C843207,None,0.51,Yes (No MIBiG connection)
CR17_PG172224_S_contig_16098.region001.gbk_region_1,C843207,BGC0000330.gbk_region_1,0.47,No (Directly observed)
HYD22_CB_221018_F_contig_23883.region001.gbk_region_1,C843207,BGC0000330.gbk_region_1,0.47,No (Directly observed)
ISL21_GN1_210601_F_contig_826.region001.gbk_region_1,C843207,None,0.51,Yes (No MIBiG connection)
CHL22_LC_220316_F_contig_88109.region001.gbk_region_1,C843207,None,0.51,Yes (No MIBiG connection)
AEO22_CF_220902_F_contig_3368.region001.gbk_region_1,C843207,None,0.51,Yes (No MIBiG connection)
HYD22_CB_221018_F_contig_44478.region001.gbk_region_1,C843207,None,0.51,Yes (No MIBiG connection)
CHL22_CC_220324_F_contig_62420.region001.gbk_region_1,C843207,None,0.51,Yes (No MIBiG connection)
CHL22_EQ_220330_F_contig_47070.region001.gbk_region_1,C843207,None,0.51,Yes (No MIBiG connection)
CHL22_PJ_220330_F_contig_15316.region001.gbk_region_1,C843207,None,0.51,Yes (No MIBiG connection)
HYD22_CB_221018_F_contig_4449.region001.gbk_region_1,C843207,None,0.51,Yes (No MIBiG connection)
CHL22_LP_220401_F_contig_20113.region001.gbk_region_1,C843207,None,0.51,Yes (No MIBiG connection)
CHL22_CC_220324_F_contig_54523.region001.gbk_region_1,C843207,None,0.51,Yes (No MIBiG connection)
HYD22_CB_221018_F_contig_40140.region001.gbk_region_1,C843208,None,0.51,Yes (No MIBiG connection)
CHL22_LN_220321_F_contig_16450.region002.gbk_region_2,C843208,None,0.51,Yes (No MIBiG connection)
CHL22_GB_220322_F_contig_12900.region002.gbk_region_2,C843208,None,0.51,Yes (No MIBiG connection)
AEO22_TC_220902_F_contig_3341.region001.gbk_region_1,C843207,None,0.51,Yes (No MIBiG connection)
CHL22_PJ_220330_F_contig_17875.region001.gbk_region_1,C843207,None,0.51,Yes (No MIBiG connection)
AEO22_OS_220830_F_contig_13058.region001.gbk_region_1,C843207,None,0.51,Yes (No MIBiG connection)
HYD22_CB_221018_F_contig_3599.region001.gbk_region_1,C843207,None,0.51,Yes (No MIBiG connection)
AEO22_BS_220902_F_contig_2388.region001.gbk_region_1,C843207,None,0.51,Yes (No MIBiG connection)
CHL22_PR_220403_F_contig_47634.region001.gbk_region_1,C843207,None,0.51,Yes (No MIBiG connection)
HYD22_CB_221018_F_contig_7643.region001.gbk_region_1,C843207,None,0.51,Yes (No MIBiG connection)
KJ_230721_F_NODE_34_length_368298_cov_23.183146.region001.gbk_region_1,C843207,None,0.51,Yes (No MIBiG connection)
ISL21_GN1_210601_F_contig_82.region001.gbk_region_1,C843207,None,0.51,Yes (No MIBiG connection)
AEO22_OS_220830_F_contig_11013.region001.gbk_region_1,C843207,None,0.51,Yes (No MIBiG connection)
CHL22_IS_220328_F_contig_12806.region001.gbk_region_1,C843207,None,0.51,Yes (No MIBiG connection)
CHL22_SR_220328_F_contig_189.region001.gbk_region_1,C843207,None,0.51,Yes (No MIBiG connection)
ISL21_GN1_210601_F_contig_27.region001.gbk_region_1,C843207,None,0.51,Yes (No MIBiG connection)
AEO22_TC_220902_F_contig_2377.region001.gbk_region_1,C843207,None,0.51,Yes (No MIBiG connection)
AEO22_OS_220830_F_contig_14723.region001.gbk_region_1,C843207,None,0.51,Yes (No MIBiG connection)
CHL22_CU_220402_F_contig_105445.region001.gbk_region_1,C843207,None,0.51,Yes (No MIBiG connection)
AEO22_TC_220902_F_contig_497.region001.gbk_region_1,C843207,None,0.51,Yes (No MIBiG connection)
CHL22_CU_220402_F_contig_4257.region001.gbk_region_1,C843207,None,0.51,Yes (No MIBiG connection)
CHL22_CC_220324_F_contig_64441.region001.gbk_region_1,C843207,None,0.51,Yes (No MIBiG connection)
CHL22_PR_220403_F_contig_47797.region001.gbk_region_1,C843207,None,0.51,Yes (No MIBiG connection)
CHL22_EQ_220330_F_contig_18961.region001.gbk_region_1,C843207,None,0.51,Yes (No MIBiG connection)
AEO22_CF_220902_F_contig_987.region001.gbk_region_1,C843207,None,0.51,Yes (No MIBiG connection)
AEO22_BO_220829_F_contig_58564.region001.gbk_region_1,C843209,BGC0000427.gbk_region_1,0.45,No (Directly observed)
CHL22_OA_220325_F_contig_60680.region001.gbk_region_1,C843209,BGC0000427.gbk_region_1,0.49,No (Directly observed)
CR17_ET170220_1_S_contig_17908.region001.gbk_region_1,C843209,BGC0000427.gbk_region_1,0.48,No (Directly observed)
AEO22_OS_220830_F_contig_68719.region001.gbk_region_1,C843209,BGC0000427.gbk_region_1,0.48,No (Directly observed)
NR_230731_S_NODE_15221_length_2928_cov_0.720100.region001.gbk_region_1,C843209,BGC0000427.gbk_region_1,0.48,No (Directly observed)
CR17_PG172224_S_contig_37992.region001.gbk_region_1,C843209,BGC0000427.gbk_region_1,0.44,No (Directly observed)
CR18_MC180404_S_contig_26740.region001.gbk_region_1,C843209,BGC0000427.gbk_region_1,0.49,No (Directly observed)
CR18_CV180410_S_contig_15607.region001.gbk_region_1,C843209,BGC0000427.gbk_region_1,0.45,No (Directly observed)
CR17_CY170214_S_contig_20397.region001.gbk_region_1,C843209,BGC0000427.gbk_region_1,0.4,No (Directly observed)
CHL22_CN_220327_F_contig_57384.region001.gbk_region_1,C843209,BGC0000427.gbk_region_1,0.48,No (Directly observed)
AEO22_LB_220827_F_contig_132082.region001.gbk_region_1,C843209,BGC0000427.gbk_region_1,0.45,No (Directly observed)
CHL22_PJ_220330_F_contig_32138.region001.gbk_region_1,C843209,None,0.51,Yes (No MIBiG connection)
AEO22_TC_220902_F_contig_7859.region001.gbk_region_1,C843207,BGC0002117.gbk_region_1,0.5,No (Directly observed)
CHL22_CU_220402_F_contig_48580.region001.gbk_region_1,C843207,BGC0002693.gbk_region_1,0.45,No (Directly observed)
CHL22_IS_220328_F_contig_13706.region001.gbk_region_1,C843207,BGC0002693.gbk_region_1,0.49,No (Directly observed)
CHL22_SR_220328_F_contig_274.region001.gbk_region_1,C843207,BGC0002693.gbk_region_1,0.49,No (Directly observed)
CHL22_EQ_220330_F_contig_24357.region001.gbk_region_1,C843207,BGC0002693.gbk_region_1,0.49,No (Directly observed)
AEO22_TC_220902_F_contig_6423.region001.gbk_region_1,C843207,None,0.51,Yes (No MIBiG connection)
CHL22_PJ_220330_F_contig_3413.region001.gbk_region_1,C843207,BGC0002693.gbk_region_1,0.49,No (Directly observed)
AEO22_CF_220902_F_contig_2488.region001.gbk_region_1,C843207,BGC0002421.gbk_region_1,0.48,No (Directly observed)
CHL22_PR_220403_F_contig_47045.region001.gbk_region_1,C843207,BGC0002693.gbk_region_1,0.49,No (Directly observed)
KJ_230721_F_NODE_8808_length_10885_cov_23.581707.region001.gbk_region_1,C843207,BGC0002433.gbk_region_1,0.44,No (Directly observed)
AEO22_TC_220902_F_contig_8677.region001.gbk_region_1,C843207,None,0.51,Yes (No MIBiG connection)
AEO22_TC_220902_F_contig_2588.region001.gbk_region_1,C843207,BGC0002693.gbk_region_1,0.4,No (Directly observed)
CHL22_CC_220324_F_contig_25086.region001.gbk_region_1,C843207,BGC0002693.gbk_region_1,0.49,No (Directly observed)
CHL22_IS_220328_F_contig_1883.region001.gbk_region_1,C843207,BGC0002693.gbk_region_1,0.38,No (Directly observed)
CHL22_PR_220403_F_contig_40551.region001.gbk_region_1,C843207,BGC0002693.gbk_region_1,0.39,No (Directly observed)
AEO22_CF_220902_F_contig_2736.region001.gbk_region_1,C843207,BGC0002565.gbk_region_1,0.47,No (Directly observed)
CHL22_PR_220403_F_contig_32768.region001.gbk_region_1,C843207,None,0.51,Yes (No MIBiG connection)
CHL22_QN_220317_F_contig_42619.region001.gbk_region_1,C843207,None,0.51,Yes (No MIBiG connection)
CR19_RCA_190612_F_contig_4116.region001.gbk_region_1,C843207,None,0.51,Yes (No MIBiG connection)
CHL22_CH_220319_F_contig_14989.region001.gbk_region_1,C843207,None,0.51,Yes (No MIBiG connection)
CHL22_PJ_220330_F_contig_3446.region001.gbk_region_1,C843207,None,0.51,Yes (No MIBiG connection)
CHL22_CU_220402_F_contig_101370.region001.gbk_region_1,C843207,None,0.51,Yes (No MIBiG connection)
CR18_LE180416_F_contig_25059.region001.gbk_region_1,C843207,None,0.51,Yes (No MIBiG connection)
CHL22_OA_220325_F_contig_121051.region001.gbk_region_1,C843207,None,0.51,Yes (No MIBiG connection)
CHL22_PR_220403_F_contig_14761.region001.gbk_region_1,C843207,None,0.51,Yes (No MIBiG connection)
CHL22_QN_220317_F_contig_22334.region001.gbk_region_1,C843207,None,0.51,Yes (No MIBiG connection)
CHL22_CU_220402_F_contig_78345.region001.gbk_region_1,C843207,None,0.51,Yes (No MIBiG connection)
